stopwords_removed,bigrams_hok
"['keren', 'banget']","[('keren', 'banget')]"
"['buruk', 'baik', 'hubung', 'ulang', 'tunggu', 'beberapa']","[('buruk', 'baik'), ('baik', 'hubung'), ('hubung', 'ulang'), ('ulang', 'tunggu'), ('tunggu', 'beberapa')]"
['layak'],[]
"['seru', 'banyak', 'jago', 'biasa', 'buruk', 'musuh', 'hebat', 'tantang']","[('seru', 'banyak'), ('banyak', 'jago'), ('jago', 'biasa'), ('biasa', 'buruk'), ('buruk', 'musuh'), ('musuh', 'hebat'), ('hebat', 'tantang')]"
"['terimakasih', 'bagus', 'jujur', 'ikan', 'kepada', 'bagus']","[('terimakasih', 'bagus'), ('bagus', 'jujur'), ('jujur', 'ikan'), ('ikan', 'kepada'), ('kepada', 'bagus')]"
"['mending', 'legeng']","[('mending', 'legeng')]"
"['seru', 'asik', 'gabut', 'laik']","[('seru', 'asik'), ('asik', 'gabut'), ('gabut', 'laik')]"
"['gelap', 'very', 'crazy', 'jika', 'kalah', 'lebih', 'banyak', 'lebih', 'baik', 'bonus', 'bintang', 'menang']","[('gelap', 'very'), ('very', 'crazy'), ('crazy', 'jika'), ('jika', 'kalah'), ('kalah', 'lebih'), ('lebih', 'banyak'), ('banyak', 'lebih'), ('lebih', 'baik'), ('baik', 'bonus'), ('bonus', 'bintang'), ('bintang', 'menang')]"
['lelett'],[]
['diamond'],[]
"['animasi', 'delay', 'skill', 'gera', 'cepat', 'beberapa', 'licin', 'talu', 'banyak', 'stun', 'item', 'kurang', 'cc', 'selain', 'sepatu', 'kelas', 'sangguan', 'ulti', 'reset', 'bila', 'kill', 'musuh', 'gantung', 'ulti', 'beberapa', 'terlalu', 'butuh', 'ulti', 'balance', 'biar', 'agak', 'sedikit', 'sustand', 'fight', 'arcana', 'tambahin', 'spellvamp', 'physical', 'masuk', 'terimakasih']","[('animasi', 'delay'), ('delay', 'skill'), ('skill', 'gera'), ('gera', 'cepat'), ('cepat', 'beberapa'), ('beberapa', 'licin'), ('licin', 'talu'), ('talu', 'banyak'), ('banyak', 'stun'), ('stun', 'item'), ('item', 'kurang'), ('kurang', 'cc'), ('cc', 'selain'), ('selain', 'sepatu'), ('sepatu', 'kelas'), ('kelas', 'sangguan'), ('sangguan', 'ulti'), ('ulti', 'reset'), ('reset', 'bila'), ('bila', 'kill'), ('kill', 'musuh'), ('musuh', 'gantung'), ('gantung', 'ulti'), ('ulti', 'beberapa'), ('beberapa', 'terlalu'), ('terlalu', 'butuh'), ('butuh', 'ulti'), ('ulti', 'balance'), ('balance', 'biar'), ('biar', 'agak'), ('agak', 'sedikit'), ('sedikit', 'sustand'), ('sustand', 'fight'), ('fight', 'arcana'), ('arcana', 'tambahin'), ('tambahin', 'spellvamp'), ('spellvamp', 'physical'), ('physical', 'masuk'), ('masuk', 'terimakasih')]"
"['tolong', 'baik', 'masalh', 'menggangu']","[('tolong', 'baik'), ('baik', 'masalh'), ('masalh', 'menggangu')]"
"['bagus', 'samsung', 'samsung', 'apakah', 'kuat']","[('bagus', 'samsung'), ('samsung', 'samsung'), ('samsung', 'apakah'), ('apakah', 'kuat')]"
"['banyak', 'bug', 'rusak']","[('banyak', 'bug'), ('bug', 'rusak')]"
"['bagus', 'banget', 'hewan', 'lucu', 'pula']","[('bagus', 'banget'), ('banget', 'hewan'), ('hewan', 'lucu'), ('lucu', 'pula')]"
['seru'],[]
"['cocok', 'bagi', 'ls']","[('cocok', 'bagi'), ('bagi', 'ls')]"
['suka'],[]
"['cheater', 'kena', 'report', 'payah']","[('cheater', 'kena'), ('kena', 'report'), ('report', 'payah')]"
"['bagus', 'tarik', 'banget']","[('bagus', 'tarik'), ('tarik', 'banget')]"
"['buruk', 'bintangc']","[('buruk', 'bintangc')]"
"['sekarang', 'wifi', 'lancar']","[('sekarang', 'wifi'), ('wifi', 'lancar')]"
"['bug', 'masalah', 'hukum', 'malam', 'adil', 'auh', 'gelap']","[('bug', 'masalah'), ('masalah', 'hukum'), ('hukum', 'malam'), ('malam', 'adil'), ('adil', 'auh'), ('auh', 'gelap')]"
['next'],[]
"['nanti', 'comeback', 'lgi']","[('nanti', 'comeback'), ('comeback', 'lgi')]"
['bagus'],[]
"['uninstall', 'lag', 'v']","[('uninstall', 'lag'), ('lag', 'v')]"
['tolol'],[]
"['bagus', 'grafik', 'bagus', 'tolong', 'boros', 'mana', 'mana', 'tolong', 'lam', 'tolong']","[('bagus', 'grafik'), ('grafik', 'bagus'), ('bagus', 'tolong'), ('tolong', 'boros'), ('boros', 'mana'), ('mana', 'mana'), ('mana', 'tolong'), ('tolong', 'lam'), ('lam', 'tolong')]"
"['tolong', 'ringan', 'dihp', 'kentang']","[('tolong', 'ringan'), ('ringan', 'dihp'), ('dihp', 'kentang')]"
"['wah', 'gratis', 'sedikit', 'banget', 'untung', 'rotasi', 'minggu', 'sempat', 'minggu']","[('wah', 'gratis'), ('gratis', 'sedikit'), ('sedikit', 'banget'), ('banget', 'untung'), ('untung', 'rotasi'), ('rotasi', 'minggu'), ('minggu', 'sempat'), ('sempat', 'minggu')]"
"['lawan', 'bot', 'bosen', 'musuh', 'kabur', 'darah', 'sekarat', 'tengah', 'teman', 'banyak', 'males', 'buriq']","[('lawan', 'bot'), ('bot', 'bosen'), ('bosen', 'musuh'), ('musuh', 'kabur'), ('kabur', 'darah'), ('darah', 'sekarat'), ('sekarat', 'tengah'), ('tengah', 'teman'), ('teman', 'banyak'), ('banyak', 'males'), ('males', 'buriq')]"
"['ta', 'event', 'epik', 'drbian', 'sudah', 'gaca', 'kga', 'event', 'jgn', 'sosial', 'mending', 'sudah']","[('ta', 'event'), ('event', 'epik'), ('epik', 'drbian'), ('drbian', 'sudah'), ('sudah', 'gaca'), ('gaca', 'kga'), ('kga', 'event'), ('event', 'jgn'), ('jgn', 'sosial'), ('sosial', 'mending'), ('mending', 'sudah')]"
"['butuh', 'gambar', 'lore', 'lebih', 'jelas', 'susah', 'paham', 'lore', 'lebih', 'fokus', 'bahkan', 'gambar', 'primeara', 'tak', 'tulis', 'jelas', 'banyak', 'mi', 'cukup', 'susah', 'paham', 'lore', 'harap', 'gambar', 'lore', 'lebih', 'jelas', 'lain']","[('butuh', 'gambar'), ('gambar', 'lore'), ('lore', 'lebih'), ('lebih', 'jelas'), ('jelas', 'susah'), ('susah', 'paham'), ('paham', 'lore'), ('lore', 'lebih'), ('lebih', 'fokus'), ('fokus', 'bahkan'), ('bahkan', 'gambar'), ('gambar', 'primeara'), ('primeara', 'tak'), ('tak', 'tulis'), ('tulis', 'jelas'), ('jelas', 'banyak'), ('banyak', 'mi'), ('mi', 'cukup'), ('cukup', 'susah'), ('susah', 'paham'), ('paham', 'lore'), ('lore', 'harap'), ('harap', 'gambar'), ('gambar', 'lore'), ('lore', 'lebih'), ('lebih', 'jelas'), ('jelas', 'lain')]"
"['force', 'close', 'update', 'begini']","[('force', 'close'), ('close', 'update'), ('update', 'begini')]"
"['t', 'l', 'l', 'mending', 'legends']","[('t', 'l'), ('l', 'l'), ('l', 'mending'), ('mending', 'legends')]"
"['fiturnya', 'tolong', 'baik']","[('fiturnya', 'tolong'), ('tolong', 'baik')]"
"['good', 'application']","[('good', 'application')]"
"['rusak', 'saranin', 'jangan']","[('rusak', 'saranin'), ('saranin', 'jangan')]"
"['minimal', 'itel', 'p', 'problem', 'ngebug', 'random', 'force', 'close', 'melulu', 'tolong', 'baik']","[('minimal', 'itel'), ('itel', 'p'), ('p', 'problem'), ('problem', 'ngebug'), ('ngebug', 'random'), ('random', 'force'), ('force', 'close'), ('close', 'melulu'), ('melulu', 'tolong'), ('tolong', 'baik')]"
['seru'],[]
"['free', 'skin']","[('free', 'skin')]"
['seru'],[]
"['gila', 'mana', 'kena', 'penalti', 'makin', 'aneh']","[('gila', 'mana'), ('mana', 'kena'), ('kena', 'penalti'), ('penalti', 'makin'), ('makin', 'aneh')]"
"['up', 'harga', 'roamer', 'hitung', 'adil', 'bahkan', 'dg', 'samasama', 'dg', 'statistik', 'jauh', 'atas', 'lain', 'roamer', 'tdk', 'dominan', 'mvp', 'its', 'not', 'fair', 'for', 'programmer', 'hitung', 'mu', 'kurang', 'akurat', 'kda', 'selisih', 'jauh', 'unggul', 'kuasa', 'unggul', 'damage', 'terimakasih', 'unggul', 'dominan', 'non', 'roamer', 'mvp']","[('up', 'harga'), ('harga', 'roamer'), ('roamer', 'hitung'), ('hitung', 'adil'), ('adil', 'bahkan'), ('bahkan', 'dg'), ('dg', 'samasama'), ('samasama', 'dg'), ('dg', 'statistik'), ('statistik', 'jauh'), ('jauh', 'atas'), ('atas', 'lain'), ('lain', 'roamer'), ('roamer', 'tdk'), ('tdk', 'dominan'), ('dominan', 'mvp'), ('mvp', 'its'), ('its', 'not'), ('not', 'fair'), ('fair', 'for'), ('for', 'programmer'), ('programmer', 'hitung'), ('hitung', 'mu'), ('mu', 'kurang'), ('kurang', 'akurat'), ('akurat', 'kda'), ('kda', 'selisih'), ('selisih', 'jauh'), ('jauh', 'unggul'), ('unggul', 'kuasa'), ('kuasa', 'unggul'), ('unggul', 'damage'), ('damage', 'terimakasih'), ('terimakasih', 'unggul'), ('unggul', 'dominan'), ('dominan', 'non'), ('non', 'roamer'), ('roamer', 'mvp')]"
"['tolong', 'matching', 'rusak', 'masa', 'ketemu', 'philipina', 'mesti', 'kalah']","[('tolong', 'matching'), ('matching', 'rusak'), ('rusak', 'masa'), ('masa', 'ketemu'), ('ketemu', 'philipina'), ('philipina', 'mesti'), ('mesti', 'kalah')]"
"['baik', 'walau', 'lawan', 'susah']","[('baik', 'walau'), ('walau', 'lawan'), ('lawan', 'susah')]"
['adil'],[]
"['akun', 'kena', 'hack']","[('akun', 'kena'), ('kena', 'hack')]"
['seru'],[]
"['kenapa', 'mental', 'keluar', 'sendiri', 'masuk', 'lama', 'masuk', 'afk', 'segaja']","[('kenapa', 'mental'), ('mental', 'keluar'), ('keluar', 'sendiri'), ('sendiri', 'masuk'), ('masuk', 'lama'), ('lama', 'masuk'), ('masuk', 'afk'), ('afk', 'segaja')]"
"['cacat', 'lawan', 'bot', 'teman', 'bot', 'rusak', 'uninstal']","[('cacat', 'lawan'), ('lawan', 'bot'), ('bot', 'teman'), ('teman', 'bot'), ('bot', 'rusak'), ('rusak', 'uninstal')]"
"['bagus', 'kurang', 'adil', 'bagi', 'akhir', 'kda', 'kurang', 'arti']","[('bagus', 'kurang'), ('kurang', 'adil'), ('adil', 'bagi'), ('bagi', 'akhir'), ('akhir', 'kda'), ('kda', 'kurang'), ('kurang', 'arti')]"
"['mirip', 'mobil']","[('mirip', 'mobil')]"
"['kasa', 'lancar', 'sengaya', 'keluar', 'lowding', 'lama', 'banget']","[('kasa', 'lancar'), ('lancar', 'sengaya'), ('sengaya', 'keluar'), ('keluar', 'lowding'), ('lowding', 'lama'), ('lama', 'banget')]"
"['tetap', 'diamon', 'gelap', 'pusing', 'ah']","[('tetap', 'diamon'), ('diamon', 'gelap'), ('gelap', 'pusing'), ('pusing', 'ah')]"
"['jarigan', 'stabil', 'banyak', 'bug', 'soryy', 'rerting', 'bintang', 'satu', 'iya']","[('jarigan', 'stabil'), ('stabil', 'banyak'), ('banyak', 'bug'), ('bug', 'soryy'), ('soryy', 'rerting'), ('rerting', 'bintang'), ('bintang', 'satu'), ('satu', 'iya')]"
"['pernah', 'coba', 'bagus', 'nyoba']","[('pernah', 'coba'), ('coba', 'bagus'), ('bagus', 'nyoba')]"
"['gg', 'seru', 'bagus', 'gratis']","[('gg', 'seru'), ('seru', 'bagus'), ('bagus', 'gratis')]"
"['moga', 'ngecewain', 'jangan', 'mole']","[('moga', 'ngecewain'), ('ngecewain', 'jangan'), ('jangan', 'mole')]"
"['bagus', 'trash', 'makin', 'update', 'makin', 'jelek']","[('bagus', 'trash'), ('trash', 'makin'), ('makin', 'update'), ('update', 'makin'), ('makin', 'jelek')]"
"['semua', 'coba', 'cuma', 'jaringanya', 'pasti', 'arti', 'lag', 'wifi', 'lancar', 'sinyal', 'full', 'oke', 'lag', 'seakanakan', 'belum', 'server', 'global', 'sekian', 'terimakasih', 'hal', 'lain', 'puas', 'nyaman', 'paling', 'utama', 'mohon', 'kerja', 'rusak', 'sinyal', 'jika', 'tolong', 'periksa', 'otomatis', 'bagi', 'mungkin', 'mengunakan', 'plungin', 'dll']","[('semua', 'coba'), ('coba', 'cuma'), ('cuma', 'jaringanya'), ('jaringanya', 'pasti'), ('pasti', 'arti'), ('arti', 'lag'), ('lag', 'wifi'), ('wifi', 'lancar'), ('lancar', 'sinyal'), ('sinyal', 'full'), ('full', 'oke'), ('oke', 'lag'), ('lag', 'seakanakan'), ('seakanakan', 'belum'), ('belum', 'server'), ('server', 'global'), ('global', 'sekian'), ('sekian', 'terimakasih'), ('terimakasih', 'hal'), ('hal', 'lain'), ('lain', 'puas'), ('puas', 'nyaman'), ('nyaman', 'paling'), ('paling', 'utama'), ('utama', 'mohon'), ('mohon', 'kerja'), ('kerja', 'rusak'), ('rusak', 'sinyal'), ('sinyal', 'jika'), ('jika', 'tolong'), ('tolong', 'periksa'), ('periksa', 'otomatis'), ('otomatis', 'bagi'), ('bagi', 'mungkin'), ('mungkin', 'mengunakan'), ('mengunakan', 'plungin'), ('plungin', 'dll')]"
"['lebih', 'keren']","[('lebih', 'keren')]"
"['jelas', 'sudah', 'dua', 'tetap', 'taik', 'buang', 'babi', 'baru', 'paket', 'gb', 'tadi', 'sore', 'satu', 'hbs', 'tinggal', 'paket', 'yutop', 'gilak', 'parah', 'makan']","[('jelas', 'sudah'), ('sudah', 'dua'), ('dua', 'tetap'), ('tetap', 'taik'), ('taik', 'buang'), ('buang', 'babi'), ('babi', 'baru'), ('baru', 'paket'), ('paket', 'gb'), ('gb', 'tadi'), ('tadi', 'sore'), ('sore', 'satu'), ('satu', 'hbs'), ('hbs', 'tinggal'), ('tinggal', 'paket'), ('paket', 'yutop'), ('yutop', 'gilak'), ('gilak', 'parah'), ('parah', 'makan')]"
[],[]
"['season', 'sekarang', 'kenapa', 'lag', 'minimal', 'lain', 'aman', 'ingame', 'lag', 'males', 'banget', 'server', 'brazil', 'baru', 'lag', 'bukan', 'sendiri']","[('season', 'sekarang'), ('sekarang', 'kenapa'), ('kenapa', 'lag'), ('lag', 'minimal'), ('minimal', 'lain'), ('lain', 'aman'), ('aman', 'ingame'), ('ingame', 'lag'), ('lag', 'males'), ('males', 'banget'), ('banget', 'server'), ('server', 'brazil'), ('brazil', 'baru'), ('baru', 'lag'), ('lag', 'bukan'), ('bukan', 'sendiri')]"
['oke'],[]
"['animasi', 'kurah', 'hidup', 'bagus']","[('animasi', 'kurah'), ('kurah', 'hidup'), ('hidup', 'bagus')]"
"['sinyal', 'kenapa', 'jelek']","[('sinyal', 'kenapa'), ('kenapa', 'jelek')]"
"['bagus', 'seru']","[('bagus', 'seru')]"
['keren'],[]
"['update', 'belum', 'normal', 'normal', 'gede', 'banget', 'sekitar', 'gban']","[('update', 'belum'), ('belum', 'normal'), ('normal', 'normal'), ('normal', 'gede'), ('gede', 'banget'), ('banget', 'sekitar'), ('sekitar', 'gban')]"
['jelek'],[]
"['jadul', 'banget', 'buruk']","[('jadul', 'banget'), ('banget', 'buruk')]"
['baik'],[]
[],[]
"['android', 'baik']","[('android', 'baik')]"
"['tier', 'paling', 'niat']","[('tier', 'paling'), ('paling', 'niat')]"
"['my', 'little', 'soda', 'pop']","[('my', 'little'), ('little', 'soda'), ('soda', 'pop')]"
['keren'],[]
"['anggita', 'nurhassanah']","[('anggita', 'nurhassanah')]"
"['lumayan', 'seru', 'cuma', 'ngerti', 'item', 'maka', 'bintang']","[('lumayan', 'seru'), ('seru', 'cuma'), ('cuma', 'ngerti'), ('ngerti', 'item'), ('item', 'maka'), ('maka', 'bintang')]"
"['baik', 'tier', 'atas', 'bnyak', 'gelap', 'systemnya', 'ketemu', 'asing', 'anehh', 'gameplaynya']","[('baik', 'tier'), ('tier', 'atas'), ('atas', 'bnyak'), ('bnyak', 'gelap'), ('gelap', 'systemnya'), ('systemnya', 'ketemu'), ('ketemu', 'asing'), ('asing', 'anehh'), ('anehh', 'gameplaynya')]"
"['candu', 'banget', 'satu', 'walaupun', 'colong', 'samsung', 'j', 'biarin', 'penting', 'kompatibel']","[('candu', 'banget'), ('banget', 'satu'), ('satu', 'walaupun'), ('walaupun', 'colong'), ('colong', 'samsung'), ('samsung', 'j'), ('j', 'biarin'), ('biarin', 'penting'), ('penting', 'kompatibel')]"
['bagus'],[]
"['report', 'makin', 'jelek', 'semenjak', 'gimmick', 'ai', 'ngetroll', 'nyuri', 'kena']","[('report', 'makin'), ('makin', 'jelek'), ('jelek', 'semenjak'), ('semenjak', 'gimmick'), ('gimmick', 'ai'), ('ai', 'ngetroll'), ('ngetroll', 'nyuri'), ('nyuri', 'kena')]"
"['timya', 'bloon']","[('timya', 'bloon')]"
['inimudah'],[]
"['apresiasi', 'banyak', 'skin', 'gratis', 'bukan', 'skin', 'basic', 'elif', 'bahkan', 'epic', 'njir', 'laa', 'mana', 'paling', 'beri', 'skin', 'basic', 'awok']","[('apresiasi', 'banyak'), ('banyak', 'skin'), ('skin', 'gratis'), ('gratis', 'bukan'), ('bukan', 'skin'), ('skin', 'basic'), ('basic', 'elif'), ('elif', 'bahkan'), ('bahkan', 'epic'), ('epic', 'njir'), ('njir', 'laa'), ('laa', 'mana'), ('mana', 'paling'), ('paling', 'beri'), ('beri', 'skin'), ('skin', 'basic'), ('basic', 'awok')]"
"['hallo', 'dev', 'edit', 'ulas', 'sedikit', 'keluh', 'agak', 'bingung', 'imbang', 'push', 'musuh', 'lebih', 'tinggi', 'tiernya', 'ketimbang', 'alhasil', 'defeat', 'ketimbang', 'win', 'moga', 'cari', 'imbang', 'tier', 'masing', 'sukses']","[('hallo', 'dev'), ('dev', 'edit'), ('edit', 'ulas'), ('ulas', 'sedikit'), ('sedikit', 'keluh'), ('keluh', 'agak'), ('agak', 'bingung'), ('bingung', 'imbang'), ('imbang', 'push'), ('push', 'musuh'), ('musuh', 'lebih'), ('lebih', 'tinggi'), ('tinggi', 'tiernya'), ('tiernya', 'ketimbang'), ('ketimbang', 'alhasil'), ('alhasil', 'defeat'), ('defeat', 'ketimbang'), ('ketimbang', 'win'), ('win', 'moga'), ('moga', 'cari'), ('cari', 'imbang'), ('imbang', 'tier'), ('tier', 'masing'), ('masing', 'sukses')]"
"['selalu', 'jelek', 'jarang', 'banget', 'bagus']","[('selalu', 'jelek'), ('jelek', 'jarang'), ('jarang', 'banget'), ('banget', 'bagus')]"
['niruin'],[]
['good'],[]
"['tolong', 'update', 'versi', 'lag', 'banget', 'semenjak', 'spriteling', 'tambah', 'lag']","[('tolong', 'update'), ('update', 'versi'), ('versi', 'lag'), ('lag', 'banget'), ('banget', 'semenjak'), ('semenjak', 'spriteling'), ('spriteling', 'tambah'), ('tambah', 'lag')]"
"['bagus', 'jugaa', 'sukaa']","[('bagus', 'jugaa'), ('jugaa', 'sukaa')]"
"['berharihari', 'kalah', 'ngestack', 'sampah', 'mending', 'balik', 'adil']","[('berharihari', 'kalah'), ('kalah', 'ngestack'), ('ngestack', 'sampah'), ('sampah', 'mending'), ('mending', 'balik'), ('balik', 'adil')]"
"['tarik', 'luar', 'biasa']","[('tarik', 'luar'), ('luar', 'biasa')]"
"['bag', 'wifi', 'bagus', 'bagus', 'nyaman', 'tolong', 'rusak']","[('bag', 'wifi'), ('wifi', 'bagus'), ('bagus', 'bagus'), ('bagus', 'nyaman'), ('nyaman', 'tolong'), ('tolong', 'rusak')]"
"['seru', 'lag']","[('seru', 'lag')]"
"['bang', 'tepat', 'janji', 'mu', 'banyak', 'skin', 'gratis', 'cuma', 'kasi', 'skin', 'banyak', 'jarak', 'jauh', 'iklan', 'banyak', 'skin', 'gratis', 'bajingngan']","[('bang', 'tepat'), ('tepat', 'janji'), ('janji', 'mu'), ('mu', 'banyak'), ('banyak', 'skin'), ('skin', 'gratis'), ('gratis', 'cuma'), ('cuma', 'kasi'), ('kasi', 'skin'), ('skin', 'banyak'), ('banyak', 'jarak'), ('jarak', 'jauh'), ('jauh', 'iklan'), ('iklan', 'banyak'), ('banyak', 'skin'), ('skin', 'gratis'), ('gratis', 'bajingngan')]"
['mantap'],[]
"['feel', 'dalam', 'kurang', 'asa', 'sehingga', 'enjoyble', 'dalam']","[('feel', 'dalam'), ('dalam', 'kurang'), ('kurang', 'asa'), ('asa', 'sehingga'), ('sehingga', 'enjoyble'), ('enjoyble', 'dalam')]"
"['kurang', 'bagus', 'baru', 'sudah', 'patah', 'patah', 'bagus', 'lo', 'bagus', 'lag', 'patah', 'patah', 'kocak']","[('kurang', 'bagus'), ('bagus', 'baru'), ('baru', 'sudah'), ('sudah', 'patah'), ('patah', 'patah'), ('patah', 'bagus'), ('bagus', 'lo'), ('lo', 'bagus'), ('bagus', 'lag'), ('lag', 'patah'), ('patah', 'patah'), ('patah', 'kocak')]"
"['boot', 'menang', 'pernah', 'payah', 'imbang']","[('boot', 'menang'), ('menang', 'pernah'), ('pernah', 'payah'), ('payah', 'imbang')]"
"['bagus', 'seru']","[('bagus', 'seru')]"
"['please', 'make', 'fairer']","[('please', 'make'), ('make', 'fairer')]"
"['bagus', 'banget', 'mana', 'offline']","[('bagus', 'banget'), ('banget', 'mana'), ('mana', 'offline')]"
"['nilai', 'hukum', 'masuk', 'akal', 'force', 'close', 'signal', 'towing']","[('nilai', 'hukum'), ('hukum', 'masuk'), ('masuk', 'akal'), ('akal', 'force'), ('force', 'close'), ('close', 'signal'), ('signal', 'towing')]"
"['bintang', 'lama', 'ken', 'akun', 'hilang', 'akun', 'google', 'ingat', 'nyambungin', 'mana', 'agak', 'kesal', 'akun', 'kerenlevel', 'infinity', 'jaga', 'signature', 'nyabuat', 'pensi', 'haru', 'pensi', 'habis', 'kapan', 'hapus', 'akun', 'agak', 'nyesel', 'pernah', 'sumpah', 'muak', 'gimana']","[('bintang', 'lama'), ('lama', 'ken'), ('ken', 'akun'), ('akun', 'hilang'), ('hilang', 'akun'), ('akun', 'google'), ('google', 'ingat'), ('ingat', 'nyambungin'), ('nyambungin', 'mana'), ('mana', 'agak'), ('agak', 'kesal'), ('kesal', 'akun'), ('akun', 'kerenlevel'), ('kerenlevel', 'infinity'), ('infinity', 'jaga'), ('jaga', 'signature'), ('signature', 'nyabuat'), ('nyabuat', 'pensi'), ('pensi', 'haru'), ('haru', 'pensi'), ('pensi', 'habis'), ('habis', 'kapan'), ('kapan', 'hapus'), ('hapus', 'akun'), ('akun', 'agak'), ('agak', 'nyesel'), ('nyesel', 'pernah'), ('pernah', 'sumpah'), ('sumpah', 'muak'), ('muak', 'gimana')]"
"['heran', 'lawan', 'terlalu', 'kuat', 'dage', 'lawan', 'terlalu', 'tinggi', 'satu', 'serang', 'langsung', 'mati']","[('heran', 'lawan'), ('lawan', 'terlalu'), ('terlalu', 'kuat'), ('kuat', 'dage'), ('dage', 'lawan'), ('lawan', 'terlalu'), ('terlalu', 'tinggi'), ('tinggi', 'satu'), ('satu', 'serang'), ('serang', 'langsung'), ('langsung', 'mati')]"
"['berat', 'banget', 'ui', 'fc', 'belum', 'optimal']","[('berat', 'banget'), ('banget', 'ui'), ('ui', 'fc'), ('fc', 'belum'), ('belum', 'optimal')]"
"['oke', 'matsmeking', 'sudah', 'bagus', 'tanks', 'respon', 'cepet', 'lajutkan', 'mets', 'meking', 'adil', 'vs', 'jan', 'skin', 'bayakin', 'metsmeking', 'ancur', 'bintang', 'metsmeking']","[('oke', 'matsmeking'), ('matsmeking', 'sudah'), ('sudah', 'bagus'), ('bagus', 'tanks'), ('tanks', 'respon'), ('respon', 'cepet'), ('cepet', 'lajutkan'), ('lajutkan', 'mets'), ('mets', 'meking'), ('meking', 'adil'), ('adil', 'vs'), ('vs', 'jan'), ('jan', 'skin'), ('skin', 'bayakin'), ('bayakin', 'metsmeking'), ('metsmeking', 'ancur'), ('ancur', 'bintang'), ('bintang', 'metsmeking')]"
"['masalah', 'yahh', 'lag', 'sendiri', 'ping', 'hijau', 'truss', 'crash', 'sudah', 'gtu', 'langsung', 'kluar', 'dri', 'sendiri', 'sudah', 'turunin', 'grafik', 'ttep', 'gda', 'masalah', 'dri']","[('masalah', 'yahh'), ('yahh', 'lag'), ('lag', 'sendiri'), ('sendiri', 'ping'), ('ping', 'hijau'), ('hijau', 'truss'), ('truss', 'crash'), ('crash', 'sudah'), ('sudah', 'gtu'), ('gtu', 'langsung'), ('langsung', 'kluar'), ('kluar', 'dri'), ('dri', 'sendiri'), ('sendiri', 'sudah'), ('sudah', 'turunin'), ('turunin', 'grafik'), ('grafik', 'ttep'), ('ttep', 'gda'), ('gda', 'masalah'), ('masalah', 'dri')]"
['kacau'],[]
"['makin', 'jelas', 'report', 'sengaja', 'laku', 'feeding', 'nilai', 'sapa', 'laku', 'feeding']","[('makin', 'jelas'), ('jelas', 'report'), ('report', 'sengaja'), ('sengaja', 'laku'), ('laku', 'feeding'), ('feeding', 'nilai'), ('nilai', 'sapa'), ('sapa', 'laku'), ('laku', 'feeding')]"
"['suka', 'walaupun', 'suka', 'bug', 'tetapi', 'keren', 'banget', 'mohon', 'maaf', 'bugnge', 'lag', 'tolong', 'baik', 'biar', 'semua', 'senang', 'hati', 'terimakasih', 'sudah']","[('suka', 'walaupun'), ('walaupun', 'suka'), ('suka', 'bug'), ('bug', 'tetapi'), ('tetapi', 'keren'), ('keren', 'banget'), ('banget', 'mohon'), ('mohon', 'maaf'), ('maaf', 'bugnge'), ('bugnge', 'lag'), ('lag', 'tolong'), ('tolong', 'baik'), ('baik', 'biar'), ('biar', 'semua'), ('semua', 'senang'), ('senang', 'hati'), ('hati', 'terimakasih'), ('terimakasih', 'sudah')]"
"['kurang', 'update', 'jika']","[('kurang', 'update'), ('update', 'jika')]"
"['baik', 'buruk', 'anomali', 'butuh', 'saran', 'butuh', 'sedikit', 'ubah']","[('baik', 'buruk'), ('buruk', 'anomali'), ('anomali', 'butuh'), ('butuh', 'saran'), ('saran', 'butuh'), ('butuh', 'sedikit'), ('sedikit', 'ubah')]"
"['makin', 'sinyal', 'makin', 'buruk', 'masa', 'sinyal', 'hijau', 'lag', 'patah', 'bukan', 'patah', 'masalah', 'masalah']","[('makin', 'sinyal'), ('sinyal', 'makin'), ('makin', 'buruk'), ('buruk', 'masa'), ('masa', 'sinyal'), ('sinyal', 'hijau'), ('hijau', 'lag'), ('lag', 'patah'), ('patah', 'bukan'), ('bukan', 'patah'), ('patah', 'masalah'), ('masalah', 'masalah')]"
"['musuh', 'benar', 'jangan', 'buruk', 'musuh', 'ngotak', 'skill', 'satu', 'khusus', 'gold', 'gold', 'jangan', 'campur', 'burikk', 'sudah', 'rekomen']","[('musuh', 'benar'), ('benar', 'jangan'), ('jangan', 'buruk'), ('buruk', 'musuh'), ('musuh', 'ngotak'), ('ngotak', 'skill'), ('skill', 'satu'), ('satu', 'khusus'), ('khusus', 'gold'), ('gold', 'gold'), ('gold', 'jangan'), ('jangan', 'campur'), ('campur', 'burikk'), ('burikk', 'sudah'), ('sudah', 'rekomen')]"
"['draft', 'mu', 'nyatuin', 'bot', 'trs', 'nob', 'stres', 'mantan', 'gm', 'kecewa', 'pngen']","[('draft', 'mu'), ('mu', 'nyatuin'), ('nyatuin', 'bot'), ('bot', 'trs'), ('trs', 'nob'), ('nob', 'stres'), ('stres', 'mantan'), ('mantan', 'gm'), ('gm', 'kecewa'), ('kecewa', 'pngen')]"
"['bagus', 'sampai', 'papa', 'adik', 'pokok', 'bagus', 'bintang']","[('bagus', 'sampai'), ('sampai', 'papa'), ('papa', 'adik'), ('adik', 'pokok'), ('pokok', 'bagus'), ('bagus', 'bintang')]"
"['pisahin', 'ph', 'server', 'lain', 'isi', 'troll', 'egois', 'semua', 'separty', 'cari', 'untung', 'sendiri', 'gapeduli', 'sudah', 'gaada', 'uba', 'nyoba', 'maksa', 'rebut', 'sesuai', 'afk', 'dll', 'konyol', 'ngetroll', 'egois', 'mvp', 'sementara', 'pontang', 'panting', 'deffend', 'tower', 'sana', 'kena', 'penalty', 'kurang', 'brengsek', 'ha']","[('pisahin', 'ph'), ('ph', 'server'), ('server', 'lain'), ('lain', 'isi'), ('isi', 'troll'), ('troll', 'egois'), ('egois', 'semua'), ('semua', 'separty'), ('separty', 'cari'), ('cari', 'untung'), ('untung', 'sendiri'), ('sendiri', 'gapeduli'), ('gapeduli', 'sudah'), ('sudah', 'gaada'), ('gaada', 'uba'), ('uba', 'nyoba'), ('nyoba', 'maksa'), ('maksa', 'rebut'), ('rebut', 'sesuai'), ('sesuai', 'afk'), ('afk', 'dll'), ('dll', 'konyol'), ('konyol', 'ngetroll'), ('ngetroll', 'egois'), ('egois', 'mvp'), ('mvp', 'sementara'), ('sementara', 'pontang'), ('pontang', 'panting'), ('panting', 'deffend'), ('deffend', 'tower'), ('tower', 'sana'), ('sana', 'kena'), ('kena', 'penalty'), ('penalty', 'kurang'), ('kurang', 'brengsek'), ('brengsek', 'ha')]"
"['keren', 'banget', 'cok']","[('keren', 'banget'), ('banget', 'cok')]"
['keren'],[]
"['naik', 'turun', 'duit', 'tolong', 'ndak', 'paham', 'tolong', 'jangan', 'hapus', 'dua', 'lipat', 'no', 'oking', 'dua', 'lipat', 'kisah', 'juang']","[('naik', 'turun'), ('turun', 'duit'), ('duit', 'tolong'), ('tolong', 'ndak'), ('ndak', 'paham'), ('paham', 'tolong'), ('tolong', 'jangan'), ('jangan', 'hapus'), ('hapus', 'dua'), ('dua', 'lipat'), ('lipat', 'no'), ('no', 'oking'), ('oking', 'dua'), ('dua', 'lipat'), ('lipat', 'kisah'), ('kisah', 'juang')]"
"['cacat', 'curi', 'sekarang', 'legal']","[('cacat', 'curi'), ('curi', 'sekarang'), ('sekarang', 'legal')]"
"['bagus', 'banget']","[('bagus', 'banget')]"
"['bagus', 'banget']","[('bagus', 'banget')]"
"['frame', 'parah', 'sekarang', 'tambah', 'sinyal', 'jumping']","[('frame', 'parah'), ('parah', 'sekarang'), ('sekarang', 'tambah'), ('tambah', 'sinyal'), ('sinyal', 'jumping')]"
"['pensi', 'musuh', 'bot']","[('pensi', 'musuh'), ('musuh', 'bot')]"
"['asik', 'baru', 'donlowad', 'langsung', 'ulas', 'moga', 'hemat', 'kuota', 'beri', 'musuh', 'adil']","[('asik', 'baru'), ('baru', 'donlowad'), ('donlowad', 'langsung'), ('langsung', 'ulas'), ('ulas', 'moga'), ('moga', 'hemat'), ('hemat', 'kuota'), ('kuota', 'beri'), ('beri', 'musuh'), ('musuh', 'adil')]"
"['tolol', 'make', 'bukan', 'line', 'ngak', 'anggap', 'pelanggaan', 'report', 'stuck', 'blank']","[('tolol', 'make'), ('make', 'bukan'), ('bukan', 'line'), ('line', 'ngak'), ('ngak', 'anggap'), ('anggap', 'pelanggaan'), ('pelanggaan', 'report'), ('report', 'stuck'), ('stuck', 'blank')]"
"['overall', 'good', 'but', 'camera', 'too', 'close']","[('overall', 'good'), ('good', 'but'), ('but', 'camera'), ('camera', 'too'), ('too', 'close')]"
"['aneh', 'nulis', 'pocong', 'hunter', 'ketemu', 'buruk', 'bahkan', 'lebih', 'buruk', 'ff']","[('aneh', 'nulis'), ('nulis', 'pocong'), ('pocong', 'hunter'), ('hunter', 'ketemu'), ('ketemu', 'buruk'), ('buruk', 'bahkan'), ('bahkan', 'lebih'), ('lebih', 'buruk'), ('buruk', 'ff')]"
"['suka', 'banget', 'seru', 'asyik', 'banyak', 'suka']","[('suka', 'banget'), ('banget', 'seru'), ('seru', 'asyik'), ('asyik', 'banyak'), ('banyak', 'suka')]"
"['fps', 'naik', 'tibatiba', 'momen', 'krusial', 'lain', 'bagus', 'device', 'dukung']","[('fps', 'naik'), ('naik', 'tibatiba'), ('tibatiba', 'momen'), ('momen', 'krusial'), ('krusial', 'lain'), ('lain', 'bagus'), ('bagus', 'device'), ('device', 'dukung')]"
['bagus'],[]
"['gameku', 'bintang', 'skin', 'gratis', 'coy', 'mungkin', 'ngonten', 'nanti', 'besar', 'meski', 'ngikutan', 'bagus', 'lebih', 'kualitas', 'neng', 'kadang', 'serlok', 'takparani', 'striker', 'sendiri', 'kelas', 'banget', 'by']","[('gameku', 'bintang'), ('bintang', 'skin'), ('skin', 'gratis'), ('gratis', 'coy'), ('coy', 'mungkin'), ('mungkin', 'ngonten'), ('ngonten', 'nanti'), ('nanti', 'besar'), ('besar', 'meski'), ('meski', 'ngikutan'), ('ngikutan', 'bagus'), ('bagus', 'lebih'), ('lebih', 'kualitas'), ('kualitas', 'neng'), ('neng', 'kadang'), ('kadang', 'serlok'), ('serlok', 'takparani'), ('takparani', 'striker'), ('striker', 'sendiri'), ('sendiri', 'kelas'), ('kelas', 'banget'), ('banget', 'by')]"
"['boros', 'korban', 'king', 'cuma', 'modal', 'unduh', 'cuma', 'satu', 'habis', 'baru', 'gb', 'sumber', 'daya', 'play', 'emblem', 'semua', 'susa', 'mudah', 'offline', 'masukin', 'paksa', 'update', 'update', 'tunda', 'offline', 'langsung', 'mainin', 'loading', 'unduh', 'lama', 'skill', 'tebel', 'kentang', 'efek', 'kunci', 'skill', 'musuh', 'nyesel', 'unduh']","[('boros', 'korban'), ('korban', 'king'), ('king', 'cuma'), ('cuma', 'modal'), ('modal', 'unduh'), ('unduh', 'cuma'), ('cuma', 'satu'), ('satu', 'habis'), ('habis', 'baru'), ('baru', 'gb'), ('gb', 'sumber'), ('sumber', 'daya'), ('daya', 'play'), ('play', 'emblem'), ('emblem', 'semua'), ('semua', 'susa'), ('susa', 'mudah'), ('mudah', 'offline'), ('offline', 'masukin'), ('masukin', 'paksa'), ('paksa', 'update'), ('update', 'update'), ('update', 'tunda'), ('tunda', 'offline'), ('offline', 'langsung'), ('langsung', 'mainin'), ('mainin', 'loading'), ('loading', 'unduh'), ('unduh', 'lama'), ('lama', 'skill'), ('skill', 'tebel'), ('tebel', 'kentang'), ('kentang', 'efek'), ('efek', 'kunci'), ('kunci', 'skill'), ('skill', 'musuh'), ('musuh', 'nyesel'), ('nyesel', 'unduh')]"
"['ketemu', 'musuh', 'bahkan', 'bilang', 'lebih', 'banyak', 'kalah', 'menang', 'gimana', 'win', 'and', 'lost', 'banyak', 'lostkalah', 'baru', 'menang', 'kalah', 'menang', 'kalah', 'asa', 'dimoba', 'lain', 'terlalu', 'begini', 'jujur', 'tolong', 'harga']","[('ketemu', 'musuh'), ('musuh', 'bahkan'), ('bahkan', 'bilang'), ('bilang', 'lebih'), ('lebih', 'banyak'), ('banyak', 'kalah'), ('kalah', 'menang'), ('menang', 'gimana'), ('gimana', 'win'), ('win', 'and'), ('and', 'lost'), ('lost', 'banyak'), ('banyak', 'lostkalah'), ('lostkalah', 'baru'), ('baru', 'menang'), ('menang', 'kalah'), ('kalah', 'menang'), ('menang', 'kalah'), ('kalah', 'asa'), ('asa', 'dimoba'), ('dimoba', 'lain'), ('lain', 'terlalu'), ('terlalu', 'begini'), ('begini', 'jujur'), ('jujur', 'tolong'), ('tolong', 'harga')]"
"['bodoh', 'akun', 'ban', 'permanent', 'banyak', 'jasa', 'joki', 'akun', 'kalah', 'feeder', 'sengaja', 'pura', 'pura', 'serang', 'demi', 'musuh', 'menang', 'dapatin', 'top', 'tup', 'skin', 'mahal', 'mending', 'uninstall', 'nanti', 'bulan']","[('bodoh', 'akun'), ('akun', 'ban'), ('ban', 'permanent'), ('permanent', 'banyak'), ('banyak', 'jasa'), ('jasa', 'joki'), ('joki', 'akun'), ('akun', 'kalah'), ('kalah', 'feeder'), ('feeder', 'sengaja'), ('sengaja', 'pura'), ('pura', 'pura'), ('pura', 'serang'), ('serang', 'demi'), ('demi', 'musuh'), ('musuh', 'menang'), ('menang', 'dapatin'), ('dapatin', 'top'), ('top', 'tup'), ('tup', 'skin'), ('skin', 'mahal'), ('mahal', 'mending'), ('mending', 'uninstall'), ('uninstall', 'nanti'), ('nanti', 'bulan')]"
"['tolong', 'buatin', 'versi', 'litenya', 'indonesia', 'pliss', 'hpku', 'halang', 'ram']","[('tolong', 'buatin'), ('buatin', 'versi'), ('versi', 'litenya'), ('litenya', 'indonesia'), ('indonesia', 'pliss'), ('pliss', 'hpku'), ('hpku', 'halang'), ('halang', 'ram')]"
"['buruk', 'pernah', 'sesal', 'donwload', 'serasa', 'komputer', 'mending', 'stun', 'ngotak', 'lama', 'benar', 'diem', 'sampai', 'habis', 'nyawa', 'baru', 'gerak', 'anjur', 'dragsistem']","[('buruk', 'pernah'), ('pernah', 'sesal'), ('sesal', 'donwload'), ('donwload', 'serasa'), ('serasa', 'komputer'), ('komputer', 'mending'), ('mending', 'stun'), ('stun', 'ngotak'), ('ngotak', 'lama'), ('lama', 'benar'), ('benar', 'diem'), ('diem', 'sampai'), ('sampai', 'habis'), ('habis', 'nyawa'), ('nyawa', 'baru'), ('baru', 'gerak'), ('gerak', 'anjur'), ('anjur', 'dragsistem')]"
"['aneh', 'lain', 'minta', 'tuker', 'kena', 'report', 'ambil']","[('aneh', 'lain'), ('lain', 'minta'), ('minta', 'tuker'), ('tuker', 'kena'), ('kena', 'report'), ('report', 'ambil')]"
['suka'],[]
"['busuk', 'sinyal', 'bagus', 'gerak']","[('busuk', 'sinyal'), ('sinyal', 'bagus'), ('bagus', 'gerak')]"
"['bug', 'mlu', 'kyak']","[('bug', 'mlu'), ('mlu', 'kyak')]"
"['damage', 'turet', 'kurang', 'kurang', 'kurang', 'kurang', 'sakit', 'base']","[('damage', 'turet'), ('turet', 'kurang'), ('kurang', 'kurang'), ('kurang', 'kurang'), ('kurang', 'kurang'), ('kurang', 'sakit'), ('sakit', 'base')]"
"['jangan', 'banyak', 'tolol', 'utama', 'philipne', 'ngabisin', 'kuota', 'kesel', 'lose', 'nanti', 'alas', 'usai', 'gacha', 'random', 'alas', 'adminya', 'keluh', 'cuekin', 'negri', 'konoha', 'percaya', 'cek', 'sendiri', 'uda', 'tier', 'atas', 'banting']","[('jangan', 'banyak'), ('banyak', 'tolol'), ('tolol', 'utama'), ('utama', 'philipne'), ('philipne', 'ngabisin'), ('ngabisin', 'kuota'), ('kuota', 'kesel'), ('kesel', 'lose'), ('lose', 'nanti'), ('nanti', 'alas'), ('alas', 'usai'), ('usai', 'gacha'), ('gacha', 'random'), ('random', 'alas'), ('alas', 'adminya'), ('adminya', 'keluh'), ('keluh', 'cuekin'), ('cuekin', 'negri'), ('negri', 'konoha'), ('konoha', 'percaya'), ('percaya', 'cek'), ('cek', 'sendiri'), ('sendiri', 'uda'), ('uda', 'tier'), ('tier', 'atas'), ('atas', 'banting')]"
"['seluruh', 'spektakuler', 'sendiri', 'tenchent', 'games', 'beri', 'pasti', 'nguras', 'banyak', 'baget', 'cuy', 'tapiya', 'dia', 'beri', 'grafis', 'manja', 'mata', 'semua', 'tanks', 'developer', 'utama', 'tenchen', 'salut', 'lo', 'gagal', 'saran', 'ngehidupin', 'chess', 'rush', 'tolong', 'developer', 'terimakasih']","[('seluruh', 'spektakuler'), ('spektakuler', 'sendiri'), ('sendiri', 'tenchent'), ('tenchent', 'games'), ('games', 'beri'), ('beri', 'pasti'), ('pasti', 'nguras'), ('nguras', 'banyak'), ('banyak', 'baget'), ('baget', 'cuy'), ('cuy', 'tapiya'), ('tapiya', 'dia'), ('dia', 'beri'), ('beri', 'grafis'), ('grafis', 'manja'), ('manja', 'mata'), ('mata', 'semua'), ('semua', 'tanks'), ('tanks', 'developer'), ('developer', 'utama'), ('utama', 'tenchen'), ('tenchen', 'salut'), ('salut', 'lo'), ('lo', 'gagal'), ('gagal', 'saran'), ('saran', 'ngehidupin'), ('ngehidupin', 'chess'), ('chess', 'rush'), ('rush', 'tolong'), ('tolong', 'developer'), ('developer', 'terimakasih')]"
"['saran', 'diupdate', 'sesuai', 'tinggi', 'sebut', 'ketemu', 'mana', 'tinggi', 'mid', 'dia', 'jungle', 'sedang', 'mid', 'tinggi', 'support', 'imbang', 'ujung', 'ajang', 'coba', 'coba']","[('saran', 'diupdate'), ('diupdate', 'sesuai'), ('sesuai', 'tinggi'), ('tinggi', 'sebut'), ('sebut', 'ketemu'), ('ketemu', 'mana'), ('mana', 'tinggi'), ('tinggi', 'mid'), ('mid', 'dia'), ('dia', 'jungle'), ('jungle', 'sedang'), ('sedang', 'mid'), ('mid', 'tinggi'), ('tinggi', 'support'), ('support', 'imbang'), ('imbang', 'ujung'), ('ujung', 'ajang'), ('ajang', 'coba'), ('coba', 'coba')]"
"['oke', 'pokok']","[('oke', 'pokok')]"
"['rusak', 'kalah']","[('rusak', 'kalah')]"
"['coba', 'oke', 'banget', 'normal', 'sudah', 'sampai', 'gold', 'masuk', 'ranked', 'selalu', 'putus', 'normal', 'lancar', 'ranked', 'selalu', 'putus', 'tolong', 'baik', 'hapus', 'mending', 'laen']","[('coba', 'oke'), ('oke', 'banget'), ('banget', 'normal'), ('normal', 'sudah'), ('sudah', 'sampai'), ('sampai', 'gold'), ('gold', 'masuk'), ('masuk', 'ranked'), ('ranked', 'selalu'), ('selalu', 'putus'), ('putus', 'normal'), ('normal', 'lancar'), ('lancar', 'ranked'), ('ranked', 'selalu'), ('selalu', 'putus'), ('putus', 'tolong'), ('tolong', 'baik'), ('baik', 'hapus'), ('hapus', 'mending'), ('mending', 'laen')]"
"['gajelas', 'masa', 'duo', 'teman', 'ketemu', 'master', 'sedang', 'tmn', 'sudah', 'gm', 'musuh', 'gm', 'smua', 'sampai', 'mitik', 'mana', 'biasa', 'ngetrol', 'ampe', 'lose', 'gaada', 'naik', 'naik', 'minimal', 'kalah', 'kasi', 'musuh', 'gampang', 'gm', 'bintang', 'turun', 'ampe', 'master', 'bintang', 'biasa', 'new', 'baru']","[('gajelas', 'masa'), ('masa', 'duo'), ('duo', 'teman'), ('teman', 'ketemu'), ('ketemu', 'master'), ('master', 'sedang'), ('sedang', 'tmn'), ('tmn', 'sudah'), ('sudah', 'gm'), ('gm', 'musuh'), ('musuh', 'gm'), ('gm', 'smua'), ('smua', 'sampai'), ('sampai', 'mitik'), ('mitik', 'mana'), ('mana', 'biasa'), ('biasa', 'ngetrol'), ('ngetrol', 'ampe'), ('ampe', 'lose'), ('lose', 'gaada'), ('gaada', 'naik'), ('naik', 'naik'), ('naik', 'minimal'), ('minimal', 'kalah'), ('kalah', 'kasi'), ('kasi', 'musuh'), ('musuh', 'gampang'), ('gampang', 'gm'), ('gm', 'bintang'), ('bintang', 'turun'), ('turun', 'ampe'), ('ampe', 'master'), ('master', 'bintang'), ('bintang', 'biasa'), ('biasa', 'new'), ('new', 'baru')]"
"['terlalu', 'buruk', 'terlalu', 'barufeeding', 'bahkan', 'jika', 'mabar', 'dua', 'tiga', 'diamond', 'master', 'report', 'otomatis', 'buruk', 'dasar', 'nilai', 'akhir', 'bukan', 'kerja', 'bahkan', 'jika', 'laku', 'report', 'dua', 'gagal', 'hukum', 'berat', 'skill', 'delay', 'keluar', 'entah', 'bug', 'sengaja', 'tetapi', 'kaku', 'grafik', 'bagus']","[('terlalu', 'buruk'), ('buruk', 'terlalu'), ('terlalu', 'barufeeding'), ('barufeeding', 'bahkan'), ('bahkan', 'jika'), ('jika', 'mabar'), ('mabar', 'dua'), ('dua', 'tiga'), ('tiga', 'diamond'), ('diamond', 'master'), ('master', 'report'), ('report', 'otomatis'), ('otomatis', 'buruk'), ('buruk', 'dasar'), ('dasar', 'nilai'), ('nilai', 'akhir'), ('akhir', 'bukan'), ('bukan', 'kerja'), ('kerja', 'bahkan'), ('bahkan', 'jika'), ('jika', 'laku'), ('laku', 'report'), ('report', 'dua'), ('dua', 'gagal'), ('gagal', 'hukum'), ('hukum', 'berat'), ('berat', 'skill'), ('skill', 'delay'), ('delay', 'keluar'), ('keluar', 'entah'), ('entah', 'bug'), ('bug', 'sengaja'), ('sengaja', 'tetapi'), ('tetapi', 'kaku'), ('kaku', 'grafik'), ('grafik', 'bagus')]"
"['ping', 'buruk', 'ah', 'sudah']","[('ping', 'buruk'), ('buruk', 'ah'), ('ah', 'sudah')]"
"['seruh', 'banget']","[('seruh', 'banget')]"
"['bagus', 'grafik', 'bagustapi', 'mohon', 'bug', 'hilangin', 'animasi', 'tolong', 'diperbaikisudah', 'segitu', 'terimakasih']","[('bagus', 'grafik'), ('grafik', 'bagustapi'), ('bagustapi', 'mohon'), ('mohon', 'bug'), ('bug', 'hilangin'), ('hilangin', 'animasi'), ('animasi', 'tolong'), ('tolong', 'diperbaikisudah'), ('diperbaikisudah', 'segitu'), ('segitu', 'terimakasih')]"
"['tolong', 'developer', 'stabil', 'router', 'walaupun', 'bagus', 'tetapi', 'kurang', 'stabil', 'banned', 'cheat', 'lebih', 'level', 'max', 'sehingga', 'rugi', 'lain', 'kecewa']","[('tolong', 'developer'), ('developer', 'stabil'), ('stabil', 'router'), ('router', 'walaupun'), ('walaupun', 'bagus'), ('bagus', 'tetapi'), ('tetapi', 'kurang'), ('kurang', 'stabil'), ('stabil', 'banned'), ('banned', 'cheat'), ('cheat', 'lebih'), ('lebih', 'level'), ('level', 'max'), ('max', 'sehingga'), ('sehingga', 'rugi'), ('rugi', 'lain'), ('lain', 'kecewa')]"
"['bintang', 'duku', 'bug', 'sinyal', 'bagus', 'tolong', 'baik', 'biar', 'enak']","[('bintang', 'duku'), ('duku', 'bug'), ('bug', 'sinyal'), ('sinyal', 'bagus'), ('bagus', 'tolong'), ('tolong', 'baik'), ('baik', 'biar'), ('biar', 'enak')]"
"['gemnya', 'mantap']","[('gemnya', 'mantap')]"
"['sempat', 'henti', 'jaringanya', 'lag', 'sekarang', 'coba', 'suka', 'lag', 'wifi', 'lag', 'lag', 'keluar', 'd', 'baik', 'masalah', 'jaringanya', 'lumayan', 'enak', 'd', 'mainin', 'terimakasih']","[('sempat', 'henti'), ('henti', 'jaringanya'), ('jaringanya', 'lag'), ('lag', 'sekarang'), ('sekarang', 'coba'), ('coba', 'suka'), ('suka', 'lag'), ('lag', 'wifi'), ('wifi', 'lag'), ('lag', 'lag'), ('lag', 'keluar'), ('keluar', 'd'), ('d', 'baik'), ('baik', 'masalah'), ('masalah', 'jaringanya'), ('jaringanya', 'lumayan'), ('lumayan', 'enak'), ('enak', 'd'), ('d', 'mainin'), ('mainin', 'terimakasih')]"
"['gacor', 'kang']","[('gacor', 'kang')]"
['bagus'],[]
"['selalu', 'kalah', 'sampai', 'turun', 'bintang', 'bodo', 'amat']","[('selalu', 'kalah'), ('kalah', 'sampai'), ('sampai', 'turun'), ('turun', 'bintang'), ('bintang', 'bodo'), ('bodo', 'amat')]"
"['beri', 'pacar', 'ngotak', 'pacar', 'bot', 'gila', 'ish']","[('beri', 'pacar'), ('pacar', 'ngotak'), ('ngotak', 'pacar'), ('pacar', 'bot'), ('bot', 'gila'), ('gila', 'ish')]"
"['sudah', 'bagus', 'sekadar', 'saran', 'cinta', 'studios', 'usahain', 'update', 'guna', 'jangan', 'terlalu', 'besar', 'banyak', 'keluh', 'banyak', 'kuras', 'semenjak', 'update', 'tolong', 'jangan', 'terlalu', 'banyak', 'makan', 'kasihan', 'ken', 'halang', 'device']","[('sudah', 'bagus'), ('bagus', 'sekadar'), ('sekadar', 'saran'), ('saran', 'cinta'), ('cinta', 'studios'), ('studios', 'usahain'), ('usahain', 'update'), ('update', 'guna'), ('guna', 'jangan'), ('jangan', 'terlalu'), ('terlalu', 'besar'), ('besar', 'banyak'), ('banyak', 'keluh'), ('keluh', 'banyak'), ('banyak', 'kuras'), ('kuras', 'semenjak'), ('semenjak', 'update'), ('update', 'tolong'), ('tolong', 'jangan'), ('jangan', 'terlalu'), ('terlalu', 'banyak'), ('banyak', 'makan'), ('makan', 'kasihan'), ('kasihan', 'ken'), ('ken', 'halang'), ('halang', 'device')]"
"['sudah', 'mantap', 'performa', 'mantap', 'kualitas', 'skin', 'or', 'mantap', 'neko', 'rata', 'kiri', 'kentang', 'lancar', 'brutal', 'event', 'gausah', 'tanya', 'mantap', 'abizz', 'kritik', 'dev', 'ntah', 'knpa', 'mabar', 'teman', 'ping', 'buruk', 'naik', 'turun', 'an', 'sumpah', 'ganggu', 'bngt', 'posisi', 'aman', 'jarang', 'buruk']","[('sudah', 'mantap'), ('mantap', 'performa'), ('performa', 'mantap'), ('mantap', 'kualitas'), ('kualitas', 'skin'), ('skin', 'or'), ('or', 'mantap'), ('mantap', 'neko'), ('neko', 'rata'), ('rata', 'kiri'), ('kiri', 'kentang'), ('kentang', 'lancar'), ('lancar', 'brutal'), ('brutal', 'event'), ('event', 'gausah'), ('gausah', 'tanya'), ('tanya', 'mantap'), ('mantap', 'abizz'), ('abizz', 'kritik'), ('kritik', 'dev'), ('dev', 'ntah'), ('ntah', 'knpa'), ('knpa', 'mabar'), ('mabar', 'teman'), ('teman', 'ping'), ('ping', 'buruk'), ('buruk', 'naik'), ('naik', 'turun'), ('turun', 'an'), ('an', 'sumpah'), ('sumpah', 'ganggu'), ('ganggu', 'bngt'), ('bngt', 'posisi'), ('posisi', 'aman'), ('aman', 'jarang'), ('jarang', 'buruk')]"
['bagus'],[]
"['skin', 'banyak']","[('skin', 'banyak')]"
['keren'],[]
"['izin', 'comeback', 'minimal']","[('izin', 'comeback'), ('comeback', 'minimal')]"
"['cukup', 'tarik']","[('cukup', 'tarik')]"
"['lelah', 'algoritma', 'habis', 'winstreak', 'terbit', 'losestreak', 'kadang', 'winlosewinlose', 'capek', 'malam', 'cuma', 'nambah', 'bintang']","[('lelah', 'algoritma'), ('algoritma', 'habis'), ('habis', 'winstreak'), ('winstreak', 'terbit'), ('terbit', 'losestreak'), ('losestreak', 'kadang'), ('kadang', 'winlosewinlose'), ('winlosewinlose', 'capek'), ('capek', 'malam'), ('malam', 'cuma'), ('cuma', 'nambah'), ('nambah', 'bintang')]"
"['tolong', 'report', 'ubah', 'ajah', 'sekarang', 'guna', 'banyak', 'anomali', 'jelas', 'kelar', 'report', 'kena', 'report', 'sluruhan', 'bagus', 'banget', 'banyak', 'event', 'skin', 'gratis', 'ajah', 'saran', 'tolong', 'report', 'ubah', 'ajah']","[('tolong', 'report'), ('report', 'ubah'), ('ubah', 'ajah'), ('ajah', 'sekarang'), ('sekarang', 'guna'), ('guna', 'banyak'), ('banyak', 'anomali'), ('anomali', 'jelas'), ('jelas', 'kelar'), ('kelar', 'report'), ('report', 'kena'), ('kena', 'report'), ('report', 'sluruhan'), ('sluruhan', 'bagus'), ('bagus', 'banget'), ('banget', 'banyak'), ('banyak', 'event'), ('event', 'skin'), ('skin', 'gratis'), ('gratis', 'ajah'), ('ajah', 'saran'), ('saran', 'tolong'), ('tolong', 'report'), ('report', 'ubah'), ('ubah', 'ajah')]"
"['bagus', 'bahasa', 'lumayan', 'gaul', 'baik', 'pernah']","[('bagus', 'bahasa'), ('bahasa', 'lumayan'), ('lumayan', 'gaul'), ('gaul', 'baik'), ('baik', 'pernah')]"
"['seru', 'tarik']","[('seru', 'tarik')]"
"['lumayan', 'seru', 'ketimbang']","[('lumayan', 'seru'), ('seru', 'ketimbang')]"
"['rusak', 'noob', 'sampai', 'gm', 'best']","[('rusak', 'noob'), ('noob', 'sampai'), ('sampai', 'gm'), ('gm', 'best')]"
"['walau', 'stres', 'sukadisitulah', 'letak', 'asiknya']","[('walau', 'stres'), ('stres', 'sukadisitulah'), ('sukadisitulah', 'letak'), ('letak', 'asiknya')]"
"['gimana', 'beri', 'kode', 'kirim', 'sosial', 'sensor']","[('gimana', 'beri'), ('beri', 'kode'), ('kode', 'kirim'), ('kirim', 'sosial'), ('sosial', 'sensor')]"
"['anj', 'lain', 'lag', 'lag', 'banget', 'loading', 'lama', 'banget', 'kesel', 'emosi']","[('anj', 'lain'), ('lain', 'lag'), ('lag', 'lag'), ('lag', 'banget'), ('banget', 'loading'), ('loading', 'lama'), ('lama', 'banget'), ('banget', 'kesel'), ('kesel', 'emosi')]"
"['gemnya', 'haram']","[('gemnya', 'haram')]"
"['sinyal', 'full', 'mesti', 'lag']","[('sinyal', 'full'), ('full', 'mesti'), ('mesti', 'lag')]"
"['buruk', 'mending']","[('buruk', 'mending')]"
"['gila', 'cuy', 'keren', 'cuma', 'kentang', 'lag']","[('gila', 'cuy'), ('cuy', 'keren'), ('keren', 'cuma'), ('cuma', 'kentang'), ('kentang', 'lag')]"
"['ken', 'memori', 'cukup', 'lag']","[('ken', 'memori'), ('memori', 'cukup'), ('cukup', 'lag')]"
"['seru', 'buruk', 'pay', 'win', 'mending', 'legends', 'buruk', 'jangan', 'donload', 'guys']","[('seru', 'buruk'), ('buruk', 'pay'), ('pay', 'win'), ('win', 'mending'), ('mending', 'legends'), ('legends', 'buruk'), ('buruk', 'jangan'), ('jangan', 'donload'), ('donload', 'guys')]"
"['hahaha', 'copyan', 'ge', 'deuh', 'sgala', 'pjang', 'iklan', 'wkwkw']","[('hahaha', 'copyan'), ('copyan', 'ge'), ('ge', 'deuh'), ('deuh', 'sgala'), ('sgala', 'pjang'), ('pjang', 'iklan'), ('iklan', 'wkwkw')]"
"['enggak', 'suka', 'bintang', 'proteksi', 'poin', 'tetap', 'turun', 'bintang', 'aman', 'minimal', 'lebih', 'suka', 'bintang', 'lama']","[('enggak', 'suka'), ('suka', 'bintang'), ('bintang', 'proteksi'), ('proteksi', 'poin'), ('poin', 'tetap'), ('tetap', 'turun'), ('turun', 'bintang'), ('bintang', 'aman'), ('aman', 'minimal'), ('minimal', 'lebih'), ('lebih', 'suka'), ('suka', 'bintang'), ('bintang', 'lama')]"
['enak'],[]
"['dlu', 'kya', 'kluar', 'sndri', 'parah', 'buruk']","[('dlu', 'kya'), ('kya', 'kluar'), ('kluar', 'sndri'), ('sndri', 'parah'), ('parah', 'buruk')]"
"['event', 'cukup', 'sulit', 'jatuhin', 'kartu', 'tari', 'sampai', 'kelar', 'event', 'pernah', 'mohon', 'mudah', 'trimaksih']","[('event', 'cukup'), ('cukup', 'sulit'), ('sulit', 'jatuhin'), ('jatuhin', 'kartu'), ('kartu', 'tari'), ('tari', 'sampai'), ('sampai', 'kelar'), ('kelar', 'event'), ('event', 'pernah'), ('pernah', 'mohon'), ('mohon', 'mudah'), ('mudah', 'trimaksih')]"
"['suka', 'skill', 'mantap', 'mantap', 'bahkan', 'mvp']","[('suka', 'skill'), ('skill', 'mantap'), ('mantap', 'mantap'), ('mantap', 'bahkan'), ('bahkan', 'mvp')]"
['nice'],[]
"['update', 'happy', 'mod', 'king', 'happy', 'mod']","[('update', 'happy'), ('happy', 'mod'), ('mod', 'king'), ('king', 'happy'), ('happy', 'mod')]"
[],[]
"['grafik', 'tolong', 'tingkat']","[('grafik', 'tolong'), ('tolong', 'tingkat')]"
['seru'],[]
"['tolong', 'rendahin']","[('tolong', 'rendahin')]"
"['benci', 'update', 'seaon', 'stuck', 'loding', 'screen', 'masuk', 'dalam', 'sampai', 'reinstall', 'benar', 'rugi']","[('benci', 'update'), ('update', 'seaon'), ('seaon', 'stuck'), ('stuck', 'loding'), ('loding', 'screen'), ('screen', 'masuk'), ('masuk', 'dalam'), ('dalam', 'sampai'), ('sampai', 'reinstall'), ('reinstall', 'benar'), ('benar', 'rugi')]"
"['tolol', 'b', 'mvpkonyol']","[('tolol', 'b'), ('b', 'mvpkonyol')]"
"['baik', 'jangan', 'cuma', 'skin', 'gacha', 'melulu', 'peduli', 'tetap', 'stay']","[('baik', 'jangan'), ('jangan', 'cuma'), ('cuma', 'skin'), ('skin', 'gacha'), ('gacha', 'melulu'), ('melulu', 'peduli'), ('peduli', 'tetap'), ('tetap', 'stay')]"
"['tolong', 'fix', 'bagi', 'fps', 'dimensity', 'ultra', 'biasa', 'fps', 'maks', 'kenapa', 'lock', 'fps']","[('tolong', 'fix'), ('fix', 'bagi'), ('bagi', 'fps'), ('fps', 'dimensity'), ('dimensity', 'ultra'), ('ultra', 'biasa'), ('biasa', 'fps'), ('fps', 'maks'), ('maks', 'kenapa'), ('kenapa', 'lock'), ('lock', 'fps')]"
"['banyak', 'bug']","[('banyak', 'bug')]"
"['gj', 'merah', 'kalah', 'mlu', 'biru', 'menang', 'knp', 'merah', 'kalah']","[('gj', 'merah'), ('merah', 'kalah'), ('kalah', 'mlu'), ('mlu', 'biru'), ('biru', 'menang'), ('menang', 'knp'), ('knp', 'merah'), ('merah', 'kalah')]"
"['baik', 'seluruh', 'dunia']","[('baik', 'seluruh'), ('seluruh', 'dunia')]"
"['barang', 'bagus']","[('barang', 'bagus')]"
"['tolong', 'management', 'masa', 'kalah', 'nambah', 'bintang', 'sedang', 'menang', 'kadang', 'nambah', 'bintang', 'kesel', 'jengkel', 'tolong', 'baik']","[('tolong', 'management'), ('management', 'masa'), ('masa', 'kalah'), ('kalah', 'nambah'), ('nambah', 'bintang'), ('bintang', 'sedang'), ('sedang', 'menang'), ('menang', 'kadang'), ('kadang', 'nambah'), ('nambah', 'bintang'), ('bintang', 'kesel'), ('kesel', 'jengkel'), ('jengkel', 'tolong'), ('tolong', 'baik')]"
"['mana', 'masuk', 'tanding', 'pakek', 'wifi', 'selalu', 'wifi', 'lancar', 'biasa', 'rnk', 'tolong', 'baik', 'bintang', 'satu']","[('mana', 'masuk'), ('masuk', 'tanding'), ('tanding', 'pakek'), ('pakek', 'wifi'), ('wifi', 'selalu'), ('selalu', 'wifi'), ('wifi', 'lancar'), ('lancar', 'biasa'), ('biasa', 'rnk'), ('rnk', 'tolong'), ('tolong', 'baik'), ('baik', 'bintang'), ('bintang', 'satu')]"
['sampah'],[]
"['sudah', 'bagus', 'selalu', 'notih', 'server', 'merespon', 'ngeselin']","[('sudah', 'bagus'), ('bagus', 'selalu'), ('selalu', 'notih'), ('notih', 'server'), ('server', 'merespon'), ('merespon', 'ngeselin')]"
"['makin', 'makin', 'menjadijadi', 'kocak', 'pensiun', 'begitu']","[('makin', 'makin'), ('makin', 'menjadijadi'), ('menjadijadi', 'kocak'), ('kocak', 'pensiun'), ('pensiun', 'begitu')]"
"['keren', 'kalah', 'bagus', 'tolong', 'bug', 'y', 'hilang', 'cukup', 'terimakasih']","[('keren', 'kalah'), ('kalah', 'bagus'), ('bagus', 'tolong'), ('tolong', 'bug'), ('bug', 'y'), ('y', 'hilang'), ('hilang', 'cukup'), ('cukup', 'terimakasih')]"
"['ganti', 'happy', 'coin', 'ganti']","[('ganti', 'happy'), ('happy', 'coin'), ('coin', 'ganti')]"
"['bagus', 'tolong', 'diturunin', 'sedikit', 'donk', 'kentang', 'kadang', 'muat', 'tolong', 'ringan', 'hapus', 'file', 'dalam', 'nurun', 'tetap', 'gb']","[('bagus', 'tolong'), ('tolong', 'diturunin'), ('diturunin', 'sedikit'), ('sedikit', 'donk'), ('donk', 'kentang'), ('kentang', 'kadang'), ('kadang', 'muat'), ('muat', 'tolong'), ('tolong', 'ringan'), ('ringan', 'hapus'), ('hapus', 'file'), ('file', 'dalam'), ('dalam', 'nurun'), ('nurun', 'tetap'), ('tetap', 'gb')]"
['deeh'],[]
"['kenapa', 'ngga', 'jelas', 'mana', 'selalu', 'musuh', 'jago']","[('kenapa', 'ngga'), ('ngga', 'jelas'), ('jelas', 'mana'), ('mana', 'selalu'), ('selalu', 'musuh'), ('musuh', 'jago')]"
['ganti'],[]
"['baik', 'hobi', 'ngebahagiain', 'efek', 'kualitas', 'bagus', 'skin', 'mahal', 'gratis', 'musuh', 'imbang', 'jago', 'enggak', 'beban', 'engga', 'top', 'up', 'duit', 'kurang', 'pokok', 'terimakasih', 'banget', 'developer', 'terbest', 'bintang']","[('baik', 'hobi'), ('hobi', 'ngebahagiain'), ('ngebahagiain', 'efek'), ('efek', 'kualitas'), ('kualitas', 'bagus'), ('bagus', 'skin'), ('skin', 'mahal'), ('mahal', 'gratis'), ('gratis', 'musuh'), ('musuh', 'imbang'), ('imbang', 'jago'), ('jago', 'enggak'), ('enggak', 'beban'), ('beban', 'engga'), ('engga', 'top'), ('top', 'up'), ('up', 'duit'), ('duit', 'kurang'), ('kurang', 'pokok'), ('pokok', 'terimakasih'), ('terimakasih', 'banget'), ('banget', 'developer'), ('developer', 'terbest'), ('terbest', 'bintang')]"
"['sekarang', 'darksystem', 'anjeng']","[('sekarang', 'darksystem'), ('darksystem', 'anjeng')]"
['sampah'],[]
"['kenapa', 'suka', 'keluar', 'sendiri', 'bagus', 'spek', 'kentang', 'amat', 'keluar', 'sendiri', 'suka', 'bete', 'push']","[('kenapa', 'suka'), ('suka', 'keluar'), ('keluar', 'sendiri'), ('sendiri', 'bagus'), ('bagus', 'spek'), ('spek', 'kentang'), ('kentang', 'amat'), ('amat', 'keluar'), ('keluar', 'sendiri'), ('sendiri', 'suka'), ('suka', 'bete'), ('bete', 'push')]"
"['developer', 'perhati', 'masuk']","[('developer', 'perhati'), ('perhati', 'masuk')]"
"['bintang', 'ajg', 'mackingnya', 'jelek', 'babi']","[('bintang', 'ajg'), ('ajg', 'mackingnya'), ('mackingnya', 'jelek'), ('jelek', 'babi')]"
['keren'],[]
"['sampah', 'hina', 'banget', 'pentol', 'pinoy', 'asu', 'capek', 'mending', 'pisah', 'ph']","[('sampah', 'hina'), ('hina', 'banget'), ('banget', 'pentol'), ('pentol', 'pinoy'), ('pinoy', 'asu'), ('asu', 'capek'), ('capek', 'mending'), ('mending', 'pisah'), ('pisah', 'ph')]"
"['tolol', 'banyak', 'spell', 'guna', 'paling', 'berisik']","[('tolol', 'banyak'), ('banyak', 'spell'), ('spell', 'guna'), ('guna', 'paling'), ('paling', 'berisik')]"
"['sudah', 'oke', 'logis', 'musuh', 'kuat', 'tolong', 'baik']","[('sudah', 'oke'), ('oke', 'logis'), ('logis', 'musuh'), ('musuh', 'kuat'), ('kuat', 'tolong'), ('tolong', 'baik')]"
"['keren', 'event', 'banyak', 'skin', 'gratis', 'banyak', 'mantep', 'mending', 'hapus', 'kikir', 'cok', 'ls', 'mvp', 'lose', 'cuma', 'winmending', 'sudah', 'aseli', 'mah', 'saran', 'tuntut', 'tu', 'moontod', 'banyak', 'plagiat', 'cik', 'aseli']","[('keren', 'event'), ('event', 'banyak'), ('banyak', 'skin'), ('skin', 'gratis'), ('gratis', 'banyak'), ('banyak', 'mantep'), ('mantep', 'mending'), ('mending', 'hapus'), ('hapus', 'kikir'), ('kikir', 'cok'), ('cok', 'ls'), ('ls', 'mvp'), ('mvp', 'lose'), ('lose', 'cuma'), ('cuma', 'winmending'), ('winmending', 'sudah'), ('sudah', 'aseli'), ('aseli', 'mah'), ('mah', 'saran'), ('saran', 'tuntut'), ('tuntut', 'tu'), ('tu', 'moontod'), ('moontod', 'banyak'), ('banyak', 'plagiat'), ('plagiat', 'cik'), ('cik', 'aseli')]"
['bagus'],[]
"['kampanh', 'suka', 'lag']","[('kampanh', 'suka'), ('suka', 'lag')]"
"['kenapa', 'animasi', 'gerak', 'profil', 'maupun', 'diem']","[('kenapa', 'animasi'), ('animasi', 'gerak'), ('gerak', 'profil'), ('profil', 'maupun'), ('maupun', 'diem')]"
"['bagus', 'sesuai', 'gera', 'karakter', 'agak', 'patah', 'patah', 'gitu', 'gera', 'terimakasih']","[('bagus', 'sesuai'), ('sesuai', 'gera'), ('gera', 'karakter'), ('karakter', 'agak'), ('agak', 'patah'), ('patah', 'patah'), ('patah', 'gitu'), ('gitu', 'gera'), ('gera', 'terimakasih')]"
"['jauh', 'jika', 'banding', 'vainofglory']","[('jauh', 'jika'), ('jika', 'banding'), ('banding', 'vainofglory')]"
['bagus'],[]
"['cukup', 'bagus', 'masuk', 'lama', 'tunggu']","[('cukup', 'bagus'), ('bagus', 'masuk'), ('masuk', 'lama'), ('lama', 'tunggu')]"
"['keren', 'butuh', 'strategi', 'mateng', 'asal', 'nabrak', 'playernya', 'ngetroll', 'kya']","[('keren', 'butuh'), ('butuh', 'strategi'), ('strategi', 'mateng'), ('mateng', 'asal'), ('asal', 'nabrak'), ('nabrak', 'playernya'), ('playernya', 'ngetroll'), ('ngetroll', 'kya')]"
['suka'],[]
"['matchingnya', 'jelek']","[('matchingnya', 'jelek')]"
"['kantau', 'jelek', 'buruk', 'banget', 'banyak', 'banget', 'uras', 'paket', 'sehingga', 'mendownload', 'butuh', 'paket', 'banyak', 'tolong', 'baik', 'jelek', 'tolol', 'banyak', 'pokok', 'bagus', 'buruk']","[('kantau', 'jelek'), ('jelek', 'buruk'), ('buruk', 'banget'), ('banget', 'banyak'), ('banyak', 'banget'), ('banget', 'uras'), ('uras', 'paket'), ('paket', 'sehingga'), ('sehingga', 'mendownload'), ('mendownload', 'butuh'), ('butuh', 'paket'), ('paket', 'banyak'), ('banyak', 'tolong'), ('tolong', 'baik'), ('baik', 'jelek'), ('jelek', 'tolol'), ('tolol', 'banyak'), ('banyak', 'pokok'), ('pokok', 'bagus'), ('bagus', 'buruk')]"
"['jelek', 'banyak', 'bag', 'putus', 'putus', 'makan', 'banyak', 'berfikir', 'hapus', 'mending', 'legends', 'nguras', 'dalam']","[('jelek', 'banyak'), ('banyak', 'bag'), ('bag', 'putus'), ('putus', 'putus'), ('putus', 'makan'), ('makan', 'banyak'), ('banyak', 'berfikir'), ('berfikir', 'hapus'), ('hapus', 'mending'), ('mending', 'legends'), ('legends', 'nguras'), ('nguras', 'dalam')]"
"['anjinkada', 'atur', 'gold', 'masuk', 'diamondmana', 'musuh', 'diamond', 'semua', 'd', 'goldlogikanya', 'pay', 'win', 'anjinkkagak', 'imbang', 'babi', 'rusak', 'jangan', 'selalu', 'bilang', 'cocok', 'masinghalah', 'bacot', 'doangkami', 'bukan', 'lo', 'developer']","[('anjinkada', 'atur'), ('atur', 'gold'), ('gold', 'masuk'), ('masuk', 'diamondmana'), ('diamondmana', 'musuh'), ('musuh', 'diamond'), ('diamond', 'semua'), ('semua', 'd'), ('d', 'goldlogikanya'), ('goldlogikanya', 'pay'), ('pay', 'win'), ('win', 'anjinkkagak'), ('anjinkkagak', 'imbang'), ('imbang', 'babi'), ('babi', 'rusak'), ('rusak', 'jangan'), ('jangan', 'selalu'), ('selalu', 'bilang'), ('bilang', 'cocok'), ('cocok', 'masinghalah'), ('masinghalah', 'bacot'), ('bacot', 'doangkami'), ('doangkami', 'bukan'), ('bukan', 'lo'), ('lo', 'developer')]"
"['mantap', 'seru']","[('mantap', 'seru')]"
"['jembot', 'noob', 'kadang', 'buta', 'kadang', 'jg', 'ketemu', 'mabar', 'enak', 'jg', 'benar', 'kadang', 'satuin', 'bot', 'pula', 'jembot']","[('jembot', 'noob'), ('noob', 'kadang'), ('kadang', 'buta'), ('buta', 'kadang'), ('kadang', 'jg'), ('jg', 'ketemu'), ('ketemu', 'mabar'), ('mabar', 'enak'), ('enak', 'jg'), ('jg', 'benar'), ('benar', 'kadang'), ('kadang', 'satuin'), ('satuin', 'bot'), ('bot', 'pula'), ('pula', 'jembot')]"
['jelas'],[]
"['bagus', 'segi', 'skin', 'item', 'dll', 'moga', 'developer', 'ide', 'ide', 'baru', 'baru', 'dll', 'biar', 'salah', 'satu', 'dg', 'paling', 'gerguna', 'niru', 'bintang', 'anggota', 'developer', 'lain', 'terimakasih']","[('bagus', 'segi'), ('segi', 'skin'), ('skin', 'item'), ('item', 'dll'), ('dll', 'moga'), ('moga', 'developer'), ('developer', 'ide'), ('ide', 'ide'), ('ide', 'baru'), ('baru', 'baru'), ('baru', 'dll'), ('dll', 'biar'), ('biar', 'salah'), ('salah', 'satu'), ('satu', 'dg'), ('dg', 'paling'), ('paling', 'gerguna'), ('gerguna', 'niru'), ('niru', 'bintang'), ('bintang', 'anggota'), ('anggota', 'developer'), ('developer', 'lain'), ('lain', 'terimakasih')]"
"['games', 'bagus', 'keluh', 'masalah', 'selalu', 'lot', 'log', 'tolong', 'baik']","[('games', 'bagus'), ('bagus', 'keluh'), ('keluh', 'masalah'), ('masalah', 'selalu'), ('selalu', 'lot'), ('lot', 'log'), ('log', 'tolong'), ('tolong', 'baik')]"
"['sekian', 'benarbenar', 'kecewa', 'bukan', 'seru', 'tetapi', 'stres', 'panjang', 'alas', 'cocok', 'antara', 'ranked', 'peak', 'turnamen', 'imbang', 'pihak', 'bilang', 'sudah', 'sesuai', 'sesuai', 'harap', 'playernya', 'derita', 'benarbenar', 'paling', 'parah', 'peak', 'turnamen', 'imbang', 'benarbenar', 'kecewa']","[('sekian', 'benarbenar'), ('benarbenar', 'kecewa'), ('kecewa', 'bukan'), ('bukan', 'seru'), ('seru', 'tetapi'), ('tetapi', 'stres'), ('stres', 'panjang'), ('panjang', 'alas'), ('alas', 'cocok'), ('cocok', 'antara'), ('antara', 'ranked'), ('ranked', 'peak'), ('peak', 'turnamen'), ('turnamen', 'imbang'), ('imbang', 'pihak'), ('pihak', 'bilang'), ('bilang', 'sudah'), ('sudah', 'sesuai'), ('sesuai', 'sesuai'), ('sesuai', 'harap'), ('harap', 'playernya'), ('playernya', 'derita'), ('derita', 'benarbenar'), ('benarbenar', 'paling'), ('paling', 'parah'), ('parah', 'peak'), ('peak', 'turnamen'), ('turnamen', 'imbang'), ('imbang', 'benarbenar'), ('benarbenar', 'kecewa')]"
"['bro', 'bagaimana', 'nomor', 'hape', 'akun', 'level', 'taut', 'nomor', 'hape', 'akun', 'gimana', 'kendala', 'hal', 'sebut']","[('bro', 'bagaimana'), ('bagaimana', 'nomor'), ('nomor', 'hape'), ('hape', 'akun'), ('akun', 'level'), ('level', 'taut'), ('taut', 'nomor'), ('nomor', 'hape'), ('hape', 'akun'), ('akun', 'gimana'), ('gimana', 'kendala'), ('kendala', 'hal'), ('hal', 'sebut')]"
"['ho', 'iya', 'kenapa', 'burung', 'gold', 'len', 'paun', 'spaun', 'uda', 'matiin', 'paun', 'nyelesain', 'tutorial', 'burung', 'vinik', 'ka', 'paun', 'spaun', 'kanapaya', 'per', 'baikin']","[('ho', 'iya'), ('iya', 'kenapa'), ('kenapa', 'burung'), ('burung', 'gold'), ('gold', 'len'), ('len', 'paun'), ('paun', 'spaun'), ('spaun', 'uda'), ('uda', 'matiin'), ('matiin', 'paun'), ('paun', 'nyelesain'), ('nyelesain', 'tutorial'), ('tutorial', 'burung'), ('burung', 'vinik'), ('vinik', 'ka'), ('ka', 'paun'), ('paun', 'spaun'), ('spaun', 'kanapaya'), ('kanapaya', 'per'), ('per', 'baikin')]"
"['makin', 'up', 'makin', 'sulit', 'mana', 'baru', 'ajar']","[('makin', 'up'), ('up', 'makin'), ('makin', 'sulit'), ('sulit', 'mana'), ('mana', 'baru'), ('baru', 'ajar')]"
"['tindak', 'lanjut', 'hadap', 'laku', 'trolling', 'mulai', 'point', 'tetap', 'kurang', 'jika', 'jalan', 'yakin', 'banyak', 'tahan', 'tanggap', 'guna']","[('tindak', 'lanjut'), ('lanjut', 'hadap'), ('hadap', 'laku'), ('laku', 'trolling'), ('trolling', 'mulai'), ('mulai', 'point'), ('point', 'tetap'), ('tetap', 'kurang'), ('kurang', 'jika'), ('jika', 'jalan'), ('jalan', 'yakin'), ('yakin', 'banyak'), ('banyak', 'tahan'), ('tahan', 'tanggap'), ('tanggap', 'guna')]"
['keren'],[]
['mamtul'],[]
['oke'],[]
"['ancur', 'nyoba', 'nyoba', 'emosi']","[('ancur', 'nyoba'), ('nyoba', 'nyoba'), ('nyoba', 'emosi')]"
['suka'],[]
['oke'],[]
['keren'],[]
"['very', 'good']","[('very', 'good')]"
['sampah'],[]
['adita'],[]
"['habis', 'update', 'framedrop', 'snapdragon', 'elite', 'bayangin', 'powerfull', 'ngeframe', 'sampai', 'fps', 'otak', 'sial']","[('habis', 'update'), ('update', 'framedrop'), ('framedrop', 'snapdragon'), ('snapdragon', 'elite'), ('elite', 'bayangin'), ('bayangin', 'powerfull'), ('powerfull', 'ngeframe'), ('ngeframe', 'sampai'), ('sampai', 'fps'), ('fps', 'otak'), ('otak', 'sial')]"
"['seru', 'banget']","[('seru', 'banget')]"
"['jelek', 'upadate', 'banyak', 'bug']","[('jelek', 'upadate'), ('upadate', 'banyak'), ('banyak', 'bug')]"
"['bagus', 'bageut', 'co', 'seru']","[('bagus', 'bageut'), ('bageut', 'co'), ('co', 'seru')]"
"['kil', 'banyak', 'mvp', 'mati', 'banyak', 'kil', 'mvp', 'jelas']","[('kil', 'banyak'), ('banyak', 'mvp'), ('mvp', 'mati'), ('mati', 'banyak'), ('banyak', 'kil'), ('kil', 'mvp'), ('mvp', 'jelas')]"
"['iklan', 'darah', 'tinggi']","[('iklan', 'darah'), ('darah', 'tinggi')]"
"['spike', 'iklan', 'ganggu', 'sumpah', 'iklan', 'pasti', 'kalah']","[('spike', 'iklan'), ('iklan', 'ganggu'), ('ganggu', 'sumpah'), ('sumpah', 'iklan'), ('iklan', 'pasti'), ('pasti', 'kalah')]"
[],[]
"['banyak', 'ngikutin', 'aov', 'plagiat', 'kah']","[('banyak', 'ngikutin'), ('ngikutin', 'aov'), ('aov', 'plagiat'), ('plagiat', 'kah')]"
"['tu', 'latih', 'masuk', 'lebih', 'hard']","[('tu', 'latih'), ('latih', 'masuk'), ('masuk', 'lebih'), ('lebih', 'hard')]"
"['pelit', 'matchnya', 'kurang', 'bagus', 'banget', 'bagi', 'susah', 'kadang', 'kadang', 'kadang', 'menang', 'kadang', 'kalah', 'kalah', 'kira', 'satu', 'dua', 'tiga', 'sampai', 'lebih', 'kadang', 'master', 'nyoba', 'diranked', 'mikir', 'gimana', 'kira', 'bintang', 'kurang', 'kalah', 'salah', 'besar', 'jangan', 'pernah', 'nyoba', 'diranked', 'simulasi', 'mikirlah', 'siapa']","[('pelit', 'matchnya'), ('matchnya', 'kurang'), ('kurang', 'bagus'), ('bagus', 'banget'), ('banget', 'bagi'), ('bagi', 'susah'), ('susah', 'kadang'), ('kadang', 'kadang'), ('kadang', 'kadang'), ('kadang', 'menang'), ('menang', 'kadang'), ('kadang', 'kalah'), ('kalah', 'kalah'), ('kalah', 'kira'), ('kira', 'satu'), ('satu', 'dua'), ('dua', 'tiga'), ('tiga', 'sampai'), ('sampai', 'lebih'), ('lebih', 'kadang'), ('kadang', 'master'), ('master', 'nyoba'), ('nyoba', 'diranked'), ('diranked', 'mikir'), ('mikir', 'gimana'), ('gimana', 'kira'), ('kira', 'bintang'), ('bintang', 'kurang'), ('kurang', 'kalah'), ('kalah', 'salah'), ('salah', 'besar'), ('besar', 'jangan'), ('jangan', 'pernah'), ('pernah', 'nyoba'), ('nyoba', 'diranked'), ('diranked', 'simulasi'), ('simulasi', 'mikirlah'), ('mikirlah', 'siapa')]"
"['wei', 'ngotak', 'sedikit', 'masa', 'range', 'gold', 'lawan', 'ngga', 'ngotak', 'temn', 'bego', 'iya', 'lama', 'baru', 'donlod', 'lawa', 'gila']","[('wei', 'ngotak'), ('ngotak', 'sedikit'), ('sedikit', 'masa'), ('masa', 'range'), ('range', 'gold'), ('gold', 'lawan'), ('lawan', 'ngga'), ('ngga', 'ngotak'), ('ngotak', 'temn'), ('temn', 'bego'), ('bego', 'iya'), ('iya', 'lama'), ('lama', 'baru'), ('baru', 'donlod'), ('donlod', 'lawa'), ('lawa', 'gila')]"
['bagus'],[]
['bagus'],[]
"['seru', 'banget', 'mirip', 'legends', 'mudah', 'banget', 'maininnya', 'bagus', 'bagus', 'pentakill', 'nyaa']","[('seru', 'banget'), ('banget', 'mirip'), ('mirip', 'legends'), ('legends', 'mudah'), ('mudah', 'banget'), ('banget', 'maininnya'), ('maininnya', 'bagus'), ('bagus', 'bagus'), ('bagus', 'pentakill'), ('pentakill', 'nyaa')]"
"['tolong', 'baik', 'biar', 'force', 'close']","[('tolong', 'baik'), ('baik', 'biar'), ('biar', 'force'), ('force', 'close')]"
"['jawab', 'ngehabis', 'kuota', 'mana', 'banyak', 'ngehabis', 'kuota', 'bocil']","[('jawab', 'ngehabis'), ('ngehabis', 'kuota'), ('kuota', 'mana'), ('mana', 'banyak'), ('banyak', 'ngehabis'), ('ngehabis', 'kuota'), ('kuota', 'bocil')]"
"['musik', 'tema', 'aneh', 'nyambung', 'musik', 'tema', 'lain', 'tambahin', 'baru', 'jangan', 'bosen']","[('musik', 'tema'), ('tema', 'aneh'), ('aneh', 'nyambung'), ('nyambung', 'musik'), ('musik', 'tema'), ('tema', 'lain'), ('lain', 'tambahin'), ('tambahin', 'baru'), ('baru', 'jangan'), ('jangan', 'bosen')]"
"['grafik', 'bagus', 'bangat']","[('grafik', 'bagus'), ('bagus', 'bangat')]"
"['kalah', 'turun', 'turun', 'trs', 'mana', 'gitu', 'banget', 'bkn', 'kesel']","[('kalah', 'turun'), ('turun', 'turun'), ('turun', 'trs'), ('trs', 'mana'), ('mana', 'gitu'), ('gitu', 'banget'), ('banget', 'bkn'), ('bkn', 'kesel')]"
"['ketemu', 'musuh', 'jago', 'banget', 'kecil']","[('ketemu', 'musuh'), ('musuh', 'jago'), ('jago', 'banget'), ('banget', 'kecil')]"
['baru'],[]
"['bagus', 'tarik', 'keren', 'legends', 'gila', 'jelek']","[('bagus', 'tarik'), ('tarik', 'keren'), ('keren', 'legends'), ('legends', 'gila'), ('gila', 'jelek')]"
"['ngerti', 'season', 'kasi', 'ngetrol', 'roam', 'daji', 'lahh', 'segala', 'macam']","[('ngerti', 'season'), ('season', 'kasi'), ('kasi', 'ngetrol'), ('ngetrol', 'roam'), ('roam', 'daji'), ('daji', 'lahh'), ('lahh', 'segala'), ('segala', 'macam')]"
['peler'],[]
['terimakasih'],[]
"['tolong', 'baik', 'bugnya', 'contoh', 'file', 'skin', 'hilang', 'sudah', 'skinnya', 'sperti', 'skin', 'guiguzi', 'jjk', 'skin', 'mayene', 'food', 'fodie', 'spend', 'token', 'akhir', 'tanggap', 'moga', 'file', 'ski', 'cepat']","[('tolong', 'baik'), ('baik', 'bugnya'), ('bugnya', 'contoh'), ('contoh', 'file'), ('file', 'skin'), ('skin', 'hilang'), ('hilang', 'sudah'), ('sudah', 'skinnya'), ('skinnya', 'sperti'), ('sperti', 'skin'), ('skin', 'guiguzi'), ('guiguzi', 'jjk'), ('jjk', 'skin'), ('skin', 'mayene'), ('mayene', 'food'), ('food', 'fodie'), ('fodie', 'spend'), ('spend', 'token'), ('token', 'akhir'), ('akhir', 'tanggap'), ('tanggap', 'moga'), ('moga', 'file'), ('file', 'ski'), ('ski', 'cepat')]"
['ycca'],[]
"['tolong', 'optimasi', 'minimal', 'grafik', 'rendah', 'bahkan', 'rata', 'kiri', 'msih', 'suka', 'panas', 'framedrop', 'emng', 'mid', 'low', 'cuma', 'msih', 'usaha', 'tahan', 'digame', 'minimal', 'masa', 'gugur']","[('tolong', 'optimasi'), ('optimasi', 'minimal'), ('minimal', 'grafik'), ('grafik', 'rendah'), ('rendah', 'bahkan'), ('bahkan', 'rata'), ('rata', 'kiri'), ('kiri', 'msih'), ('msih', 'suka'), ('suka', 'panas'), ('panas', 'framedrop'), ('framedrop', 'emng'), ('emng', 'mid'), ('mid', 'low'), ('low', 'cuma'), ('cuma', 'msih'), ('msih', 'usaha'), ('usaha', 'tahan'), ('tahan', 'digame'), ('digame', 'minimal'), ('minimal', 'masa'), ('masa', 'gugur')]"
"['mohon', 'maaf', 'delovoper', 'king', 'guna', 'wifi', 'tetapi', 'pilih', 'suruh', 'tunggu', 'tunggu', 'sudah', 'selesai', 'tetapi', 'masuk', 'tolong', 'jika', 'bug', 'segera', 'benar', 'reputasi', 'turun', 'jujur', 'seru']","[('mohon', 'maaf'), ('maaf', 'delovoper'), ('delovoper', 'king'), ('king', 'guna'), ('guna', 'wifi'), ('wifi', 'tetapi'), ('tetapi', 'pilih'), ('pilih', 'suruh'), ('suruh', 'tunggu'), ('tunggu', 'tunggu'), ('tunggu', 'sudah'), ('sudah', 'selesai'), ('selesai', 'tetapi'), ('tetapi', 'masuk'), ('masuk', 'tolong'), ('tolong', 'jika'), ('jika', 'bug'), ('bug', 'segera'), ('segera', 'benar'), ('benar', 'reputasi'), ('reputasi', 'turun'), ('turun', 'jujur'), ('jujur', 'seru')]"
"['beri', 'bintang']","[('beri', 'bintang')]"
"['bagus', 'banget']","[('bagus', 'banget')]"
"['server', 'coba', 'lihat', 'komentar', 'chandra', 'chan', 'total', 'e', 'gb', 'sudah', 'bukti', 'komentar', 'chandra', 'chan', 'suka', 'banget', 'tsb', 'kuota', 'seluler', 'capai', 'segitu', 'besar', 'wifi', 'seluler', 'mengunakan', 'gigabyte', 'wifi', 'lot']","[('server', 'coba'), ('coba', 'lihat'), ('lihat', 'komentar'), ('komentar', 'chandra'), ('chandra', 'chan'), ('chan', 'total'), ('total', 'e'), ('e', 'gb'), ('gb', 'sudah'), ('sudah', 'bukti'), ('bukti', 'komentar'), ('komentar', 'chandra'), ('chandra', 'chan'), ('chan', 'suka'), ('suka', 'banget'), ('banget', 'tsb'), ('tsb', 'kuota'), ('kuota', 'seluler'), ('seluler', 'capai'), ('capai', 'segitu'), ('segitu', 'besar'), ('besar', 'wifi'), ('wifi', 'seluler'), ('seluler', 'mengunakan'), ('mengunakan', 'gigabyte'), ('gigabyte', 'wifi'), ('wifi', 'lot')]"
"['buruk', 'kopi', 'bang', 'bang', 'gacocok', 'king', 'kingnya', 'elo', 'raja', 'tuhan', 'tuhan', 'allah', 'swt']","[('buruk', 'kopi'), ('kopi', 'bang'), ('bang', 'bang'), ('bang', 'gacocok'), ('gacocok', 'king'), ('king', 'kingnya'), ('kingnya', 'elo'), ('elo', 'raja'), ('raja', 'tuhan'), ('tuhan', 'tuhan'), ('tuhan', 'allah'), ('allah', 'swt')]"
"['mending', 'genshin']","[('mending', 'genshin')]"
[],[]
"['buruk', 'matchnya', 'ajg', 'stres', 'banyak', 'mula', 'baru', 'banget', 'sementara', 'musuh', 'veteran', 'semua', 'peak', 'nyaman', 'banget', 'gimana', 'solusi']","[('buruk', 'matchnya'), ('matchnya', 'ajg'), ('ajg', 'stres'), ('stres', 'banyak'), ('banyak', 'mula'), ('mula', 'baru'), ('baru', 'banget'), ('banget', 'sementara'), ('sementara', 'musuh'), ('musuh', 'veteran'), ('veteran', 'semua'), ('semua', 'peak'), ('peak', 'nyaman'), ('nyaman', 'banget'), ('banget', 'gimana'), ('gimana', 'solusi')]"
"['mohon', 'baik', 'pakek', 'wifi', 'sinyal', 'merah', 'nanti', 'klok', 'sudah', 'setabil', 'tambah', 'bintang']","[('mohon', 'baik'), ('baik', 'pakek'), ('pakek', 'wifi'), ('wifi', 'sinyal'), ('sinyal', 'merah'), ('merah', 'nanti'), ('nanti', 'klok'), ('klok', 'sudah'), ('sudah', 'setabil'), ('setabil', 'tambah'), ('tambah', 'bintang')]"
"['update', 'lag', 'belum', 'lancar']","[('update', 'lag'), ('lag', 'belum'), ('belum', 'lancar')]"
"['bagus', 'namun', 'mb', 'besar', 'tolong', 'mb', 'kurang']","[('bagus', 'namun'), ('namun', 'mb'), ('mb', 'besar'), ('besar', 'tolong'), ('tolong', 'mb'), ('mb', 'kurang')]"
['seru'],[]
"['tolong', 'baik', 'gm', 'full', 'master', 'sampah', 'banget', 'kagak', 'jelas']","[('tolong', 'baik'), ('baik', 'gm'), ('gm', 'full'), ('full', 'master'), ('master', 'sampah'), ('sampah', 'banget'), ('banget', 'kagak'), ('kagak', 'jelas')]"
"['kuat', 'anj']","[('kuat', 'anj')]"
"['bagus', 'kucing', 'imut', 'banget', 'bintang', 'lima']","[('bagus', 'kucing'), ('kucing', 'imut'), ('imut', 'banget'), ('banget', 'bintang'), ('bintang', 'lima')]"
"['kapan', 'collab', 'demon', 'slayer', 'music', 'entrance', 'infinity', 'castle']","[('kapan', 'collab'), ('collab', 'demon'), ('demon', 'slayer'), ('slayer', 'music'), ('music', 'entrance'), ('entrance', 'infinity'), ('infinity', 'castle')]"
"['lumayan', 'mantap']","[('lumayan', 'mantap')]"
"['adil', 'setting', 'banyak', 'kalah', 'kompak', 'sedang', 'musuh', 'kompak', 'rusak']","[('adil', 'setting'), ('setting', 'banyak'), ('banyak', 'kalah'), ('kalah', 'kompak'), ('kompak', 'sedang'), ('sedang', 'musuh'), ('musuh', 'kompak'), ('kompak', 'rusak')]"
['tiru'],[]
"['enak', 'banget', 'sumpah', 'no', 'tipu', 'tipu']","[('enak', 'banget'), ('banget', 'sumpah'), ('sumpah', 'no'), ('no', 'tipu'), ('tipu', 'tipu')]"
['bagus'],[]
"['baru', 'pelit', 'bagi', 'skin', 'gerat']","[('baru', 'pelit'), ('pelit', 'bagi'), ('bagi', 'skin'), ('skin', 'gerat')]"
"['bagus', 'banget']","[('bagus', 'banget')]"
['gacor'],[]
"['lain', 'feeder', 'b', 'jelas', 'mati', 'salah']","[('lain', 'feeder'), ('feeder', 'b'), ('b', 'jelas'), ('jelas', 'mati'), ('mati', 'salah')]"
"['pernah', 'seru', 'banget', 'bahkan', 'lawan', 'banyak', 'musuh']","[('pernah', 'seru'), ('seru', 'banget'), ('banget', 'bahkan'), ('bahkan', 'lawan'), ('lawan', 'banyak'), ('banyak', 'musuh')]"
"['developer', 'semangat', 'kembang', 'sekin', 'gerat', 'hemm', 'oh', 'iya', 'matchamaking', 'terimakasih', 'nyata', 'benar', 'teman', 'lebih', 'seru', 'bosan', 'agak', 'sepi', 'hem', 'sepi', 'dalam', 'gelap', 'hemm', 'moga', 'developer', 'beri', 'sekin', 'gerat', 'limpah', 'makin', 'semangat', 'hehehe', 'gimana', 'tolong', 'atas', 'baik']","[('developer', 'semangat'), ('semangat', 'kembang'), ('kembang', 'sekin'), ('sekin', 'gerat'), ('gerat', 'hemm'), ('hemm', 'oh'), ('oh', 'iya'), ('iya', 'matchamaking'), ('matchamaking', 'terimakasih'), ('terimakasih', 'nyata'), ('nyata', 'benar'), ('benar', 'teman'), ('teman', 'lebih'), ('lebih', 'seru'), ('seru', 'bosan'), ('bosan', 'agak'), ('agak', 'sepi'), ('sepi', 'hem'), ('hem', 'sepi'), ('sepi', 'dalam'), ('dalam', 'gelap'), ('gelap', 'hemm'), ('hemm', 'moga'), ('moga', 'developer'), ('developer', 'beri'), ('beri', 'sekin'), ('sekin', 'gerat'), ('gerat', 'limpah'), ('limpah', 'makin'), ('makin', 'semangat'), ('semangat', 'hehehe'), ('hehehe', 'gimana'), ('gimana', 'tolong'), ('tolong', 'atas'), ('atas', 'baik')]"
"['tetap', 'keluar', 'paksa', 'dalam', 'tanding', 'kena', 'report', 'afk', 'parah', 'jelas', 'banget', 'saran', 'grafik', 'sudah', 'rendah', 'tetap', 'benar', 'coba', 'teman', 'bagus', 'tetap', 'begini', 'paksa', 'keluar', 'dalam', 'tanding', 'lebih', 'parah', 'walaupun', 'cash', 'pernah', 'keluar', 'paksa', 'dalam', 'sebut', 'kecewa', 'butuh', 'bukti', 'ss', 'akhir', 'keluar', 'paksa', 'dalam', 'tanding', 'kena', 'report']","[('tetap', 'keluar'), ('keluar', 'paksa'), ('paksa', 'dalam'), ('dalam', 'tanding'), ('tanding', 'kena'), ('kena', 'report'), ('report', 'afk'), ('afk', 'parah'), ('parah', 'jelas'), ('jelas', 'banget'), ('banget', 'saran'), ('saran', 'grafik'), ('grafik', 'sudah'), ('sudah', 'rendah'), ('rendah', 'tetap'), ('tetap', 'benar'), ('benar', 'coba'), ('coba', 'teman'), ('teman', 'bagus'), ('bagus', 'tetap'), ('tetap', 'begini'), ('begini', 'paksa'), ('paksa', 'keluar'), ('keluar', 'dalam'), ('dalam', 'tanding'), ('tanding', 'lebih'), ('lebih', 'parah'), ('parah', 'walaupun'), ('walaupun', 'cash'), ('cash', 'pernah'), ('pernah', 'keluar'), ('keluar', 'paksa'), ('paksa', 'dalam'), ('dalam', 'sebut'), ('sebut', 'kecewa'), ('kecewa', 'butuh'), ('butuh', 'bukti'), ('bukti', 'ss'), ('ss', 'akhir'), ('akhir', 'keluar'), ('keluar', 'paksa'), ('paksa', 'dalam'), ('dalam', 'tanding'), ('tanding', 'kena'), ('kena', 'report')]"
"['jangan', 'mula', 'semua']","[('jangan', 'mula'), ('mula', 'semua')]"
['suka'],[]
"['halah', 'tiru', 'dasar', 'buruk', 'moga', 'mati']","[('halah', 'tiru'), ('tiru', 'dasar'), ('dasar', 'buruk'), ('buruk', 'moga'), ('moga', 'mati')]"
"['seru', 'bang', 'et']","[('seru', 'bang'), ('bang', 'et')]"
['bagus'],[]
"['lostreak', 'ganti']","[('lostreak', 'ganti')]"
['bagus'],[]
"['iklan', 'nyenggol', 'kualitas', 'bgus', 'amat', 'diupdate', 'lobby', 'mlu', 'urusin', 'noh', 'sudah', 'update', 'gaguna', 'lag', 'mending', 'dri', 'pda', 'jangan', 'didownload', 'guyss']","[('iklan', 'nyenggol'), ('nyenggol', 'kualitas'), ('kualitas', 'bgus'), ('bgus', 'amat'), ('amat', 'diupdate'), ('diupdate', 'lobby'), ('lobby', 'mlu'), ('mlu', 'urusin'), ('urusin', 'noh'), ('noh', 'sudah'), ('sudah', 'update'), ('update', 'gaguna'), ('gaguna', 'lag'), ('lag', 'mending'), ('mending', 'dri'), ('dri', 'pda'), ('pda', 'jangan'), ('jangan', 'didownload'), ('didownload', 'guyss')]"
"['keren', 'log', 'sebentar', 'tiktok']","[('keren', 'log'), ('log', 'sebentar'), ('sebentar', 'tiktok')]"
"['bagus', 'banget', 'walau', 'niru']","[('bagus', 'banget'), ('banget', 'walau'), ('walau', 'niru')]"
['mantap'],[]
"['ukur', 'kecil', 'minimal', 'tambah', 'otomatis', 'skin', 'efek', 'animasi', 'butuh', 'hilang']","[('ukur', 'kecil'), ('kecil', 'minimal'), ('minimal', 'tambah'), ('tambah', 'otomatis'), ('otomatis', 'skin'), ('skin', 'efek'), ('efek', 'animasi'), ('animasi', 'butuh'), ('butuh', 'hilang')]"
"['seru', 'sayang', 'niru']","[('seru', 'sayang'), ('sayang', 'niru')]"
"['bagus', 'lebih', 'bagus', 'bintang', 'lebih', 'kembang']","[('bagus', 'lebih'), ('lebih', 'bagus'), ('bagus', 'bintang'), ('bintang', 'lebih'), ('lebih', 'kembang')]"
"['grafik', 'sudah', 'bagus', 'skin', 'bagus', 'suka']","[('grafik', 'sudah'), ('sudah', 'bagus'), ('bagus', 'skin'), ('skin', 'bagus'), ('bagus', 'suka')]"
['bagus'],[]
"['tiga', 'nanti', 'nyesel', 'takut', 'musuh', 'musuh', 'suka', 'keroyokan']","[('tiga', 'nanti'), ('nanti', 'nyesel'), ('nyesel', 'takut'), ('takut', 'musuh'), ('musuh', 'musuh'), ('musuh', 'suka'), ('suka', 'keroyokan')]"
['bagus'],[]
"['bagus', 'lahh']","[('bagus', 'lahh')]"
"['drop', 'fps', 'update', 'banding', 'belum', 'update', 'fps', 'stabil', 'mohon', 'optimalisasi']","[('drop', 'fps'), ('fps', 'update'), ('update', 'banding'), ('banding', 'belum'), ('belum', 'update'), ('update', 'fps'), ('fps', 'stabil'), ('stabil', 'mohon'), ('mohon', 'optimalisasi')]"
"['baik', 'mact', 'tolong', 'baik']","[('baik', 'mact'), ('mact', 'tolong'), ('tolong', 'baik')]"
['sukah'],[]
['ngebug'],[]
"['enk', 'banget', 'karakter', 'bagus']","[('enk', 'banget'), ('banget', 'karakter'), ('karakter', 'bagus')]"
['bagus'],[]
"['sumpaahh', 'seru', 'pwwool', 'aaik', 'karakter', 'lucu', 'cantik', 'ganteng', 'kuat', 'pula', 'cocok', 'mula', 'mb', 'banyak', 'lag', 'pliss', 'mb', 'turunin', 'biar', 'makin', 'suka', 'terimakasih', 'sudah', 'suka']","[('sumpaahh', 'seru'), ('seru', 'pwwool'), ('pwwool', 'aaik'), ('aaik', 'karakter'), ('karakter', 'lucu'), ('lucu', 'cantik'), ('cantik', 'ganteng'), ('ganteng', 'kuat'), ('kuat', 'pula'), ('pula', 'cocok'), ('cocok', 'mula'), ('mula', 'mb'), ('mb', 'banyak'), ('banyak', 'lag'), ('lag', 'pliss'), ('pliss', 'mb'), ('mb', 'turunin'), ('turunin', 'biar'), ('biar', 'makin'), ('makin', 'suka'), ('suka', 'terimakasih'), ('terimakasih', 'sudah'), ('sudah', 'suka')]"
"['lebih', 'bagus']","[('lebih', 'bagus')]"
['keren'],[]
"['baru', 'nich']","[('baru', 'nich')]"
"['bagus', 'but', 'rekomend', 'patah', 'patah']","[('bagus', 'but'), ('but', 'rekomend'), ('rekomend', 'patah'), ('patah', 'patah')]"
"['bagus', 'banget', 'banyak', 'skin', 'skin', 'bagus', 'lebih', 'nomor', 'indonesia']","[('bagus', 'banget'), ('banget', 'banyak'), ('banyak', 'skin'), ('skin', 'skin'), ('skin', 'bagus'), ('bagus', 'lebih'), ('lebih', 'nomor'), ('nomor', 'indonesia')]"
"['suka', 'semenjak', 'instal', 'lama', 'suara', 'hilang', 'kuat', 'kebel', 'sendiri', 'kumpulin', 'skin', 'tolong', 'baik']","[('suka', 'semenjak'), ('semenjak', 'instal'), ('instal', 'lama'), ('lama', 'suara'), ('suara', 'hilang'), ('hilang', 'kuat'), ('kuat', 'kebel'), ('kebel', 'sendiri'), ('sendiri', 'kumpulin'), ('kumpulin', 'skin'), ('skin', 'tolong'), ('tolong', 'baik')]"
"['seru', 'banget']","[('seru', 'banget')]"
"['seru', 'gampang', 'menang', 'moga', 'tagih']","[('seru', 'gampang'), ('gampang', 'menang'), ('menang', 'moga'), ('moga', 'tagih')]"
"['bagus', 'ukur', 'terlalu', 'besar', 'lebih', 'tolong', 'versi', 'gb', 'gb']","[('bagus', 'ukur'), ('ukur', 'terlalu'), ('terlalu', 'besar'), ('besar', 'lebih'), ('lebih', 'tolong'), ('tolong', 'versi'), ('versi', 'gb'), ('gb', 'gb')]"
"['dancok', 'sinyal', 'lancar', 'fps', 'turun', 'sinyal', 'lag', 'fps', 'naik', 'tolol']","[('dancok', 'sinyal'), ('sinyal', 'lancar'), ('lancar', 'fps'), ('fps', 'turun'), ('turun', 'sinyal'), ('sinyal', 'lag'), ('lag', 'fps'), ('fps', 'naik'), ('naik', 'tolol')]"
"['play', 'lumayan', 'mirip', 'satu', 'kurang', 'yaitu', 'walupun', 'begus', 'tetetapi', 'tetap', 'lag', 'banyak', 'banget', 'loading', 'keluar', 'sendiri', 'bagaimana', 'play', 'tetap', 'bagus', 'bintang']","[('play', 'lumayan'), ('lumayan', 'mirip'), ('mirip', 'satu'), ('satu', 'kurang'), ('kurang', 'yaitu'), ('yaitu', 'walupun'), ('walupun', 'begus'), ('begus', 'tetetapi'), ('tetetapi', 'tetap'), ('tetap', 'lag'), ('lag', 'banyak'), ('banyak', 'banget'), ('banget', 'loading'), ('loading', 'keluar'), ('keluar', 'sendiri'), ('sendiri', 'bagaimana'), ('bagaimana', 'play'), ('play', 'tetap'), ('tetap', 'bagus'), ('bagus', 'bintang')]"
"['seru', 'banget']","[('seru', 'banget')]"
"['keren', 'bagus', 'mantap']","[('keren', 'bagus'), ('bagus', 'mantap')]"
['seru'],[]
['tolol'],[]
"['admin', 'server', 'sial', 'cuma', 'satu', 'menang', 'bangst', 'kenapa', 'tolol', 'diamond', 'turun', 'gold', 'wajar', 'ajg', 'bug', 'harap', 'dinotice', 'sudah', 'terlalu']","[('admin', 'server'), ('server', 'sial'), ('sial', 'cuma'), ('cuma', 'satu'), ('satu', 'menang'), ('menang', 'bangst'), ('bangst', 'kenapa'), ('kenapa', 'tolol'), ('tolol', 'diamond'), ('diamond', 'turun'), ('turun', 'gold'), ('gold', 'wajar'), ('wajar', 'ajg'), ('ajg', 'bug'), ('bug', 'harap'), ('harap', 'dinotice'), ('dinotice', 'sudah'), ('sudah', 'terlalu')]"
"['kenapa', 'season', 'musuh', 'jauh', 'lebih', 'baik', 'tanding', 'selalu', 'imbang']","[('kenapa', 'season'), ('season', 'musuh'), ('musuh', 'jauh'), ('jauh', 'lebih'), ('lebih', 'baik'), ('baik', 'tanding'), ('tanding', 'selalu'), ('selalu', 'imbang')]"
"['minimal', 'kentang', 'dh', 'kuat', 'makanya', 'pensi', 'sorry', 'minimal', 'misal', 'anggap', 'jelek', 'maksud', 'agak', 'ringan']","[('minimal', 'kentang'), ('kentang', 'dh'), ('dh', 'kuat'), ('kuat', 'makanya'), ('makanya', 'pensi'), ('pensi', 'sorry'), ('sorry', 'minimal'), ('minimal', 'misal'), ('misal', 'anggap'), ('anggap', 'jelek'), ('jelek', 'maksud'), ('maksud', 'agak'), ('agak', 'ringan')]"
"['seru', 'tarik']","[('seru', 'tarik')]"
"['suka', 'banget', 'banyak', 'skin', 'dewa', 'china']","[('suka', 'banget'), ('banget', 'banyak'), ('banyak', 'skin'), ('skin', 'dewa'), ('dewa', 'china')]"
"['sinyal', 'bagus', 'suka', 'lag', 'downlodan', 'beres', 'tolong', 'selesai', 'duku']","[('sinyal', 'bagus'), ('bagus', 'suka'), ('suka', 'lag'), ('lag', 'downlodan'), ('downlodan', 'beres'), ('beres', 'tolong'), ('tolong', 'selesai'), ('selesai', 'duku')]"
"['bagus', 'tier', 'makin', 'tinggi', 'lawan', 'makin', 'jago', 'makin', 'tolol']","[('bagus', 'tier'), ('tier', 'makin'), ('makin', 'tinggi'), ('tinggi', 'lawan'), ('lawan', 'makin'), ('makin', 'jago'), ('jago', 'makin'), ('makin', 'tolol')]"
['kontl'],[]
"['bug', 'warna', 'pink', 'semua', 'sudah', 'nenerapa', 'maon', 'warna', 'pink', 'semua', 'baru', 'langsung', 'bug', 'pink', 'lg', 'auto', 'afk']","[('bug', 'warna'), ('warna', 'pink'), ('pink', 'semua'), ('semua', 'sudah'), ('sudah', 'nenerapa'), ('nenerapa', 'maon'), ('maon', 'warna'), ('warna', 'pink'), ('pink', 'semua'), ('semua', 'baru'), ('baru', 'langsung'), ('langsung', 'bug'), ('bug', 'pink'), ('pink', 'lg'), ('lg', 'auto'), ('auto', 'afk')]"
"['sudah', 'update', 'cepat', 'panas', 'belum', 'oke']","[('sudah', 'update'), ('update', 'cepat'), ('cepat', 'panas'), ('panas', 'belum'), ('belum', 'oke')]"
"['developer', 'maksud', 'gimana', 'komputer', 'saling', 'kerja', 'percuma', 'bintang', 'naik', 'satu', 'tadi', 'kalah', 'beda', 'jauh', 'habis', 'magrib', 'sampai', 'sekarang', 'bukan', 'naik', 'bintang', 'turun', 'naik', 'balikin', 'ksih', 'bintang', 'biar', 'lo', 'pad', 'neng', 'inti', 'beda', 'hilangin', 'stres', 'tambah', 'gedek']","[('developer', 'maksud'), ('maksud', 'gimana'), ('gimana', 'komputer'), ('komputer', 'saling'), ('saling', 'kerja'), ('kerja', 'percuma'), ('percuma', 'bintang'), ('bintang', 'naik'), ('naik', 'satu'), ('satu', 'tadi'), ('tadi', 'kalah'), ('kalah', 'beda'), ('beda', 'jauh'), ('jauh', 'habis'), ('habis', 'magrib'), ('magrib', 'sampai'), ('sampai', 'sekarang'), ('sekarang', 'bukan'), ('bukan', 'naik'), ('naik', 'bintang'), ('bintang', 'turun'), ('turun', 'naik'), ('naik', 'balikin'), ('balikin', 'ksih'), ('ksih', 'bintang'), ('bintang', 'biar'), ('biar', 'lo'), ('lo', 'pad'), ('pad', 'neng'), ('neng', 'inti'), ('inti', 'beda'), ('beda', 'hilangin'), ('hilangin', 'stres'), ('stres', 'tambah'), ('tambah', 'gedek')]"
"['iklan', 'diimana', 'mana']","[('iklan', 'diimana'), ('diimana', 'mana')]"
['good'],[]
"['selamat', 'soremalam', 'ceo', 'para', 'admin', 'tolong', 'rusak', 'jangan', 'mikirin', 'jual', 'beri', 'skin', 'gratis', 'tolong', 'turet', 'shild', 'damage', 'lebih', 'sakit', 'baru', 'belum', 'menit', 'turet', 'hancur', 'semua', 'tinggal', 'turet', 'utama', 'pdahal', 'tampa', 'minion', 'kocak', 'sesuai', 'sesuai', 'jngn', 'asal', 'beri', 'beri', 'baru', 'terimakasih', 'saran', 'moga', 'dengar', 'saran', 'moga', 'lebih', 'baik']","[('selamat', 'soremalam'), ('soremalam', 'ceo'), ('ceo', 'para'), ('para', 'admin'), ('admin', 'tolong'), ('tolong', 'rusak'), ('rusak', 'jangan'), ('jangan', 'mikirin'), ('mikirin', 'jual'), ('jual', 'beri'), ('beri', 'skin'), ('skin', 'gratis'), ('gratis', 'tolong'), ('tolong', 'turet'), ('turet', 'shild'), ('shild', 'damage'), ('damage', 'lebih'), ('lebih', 'sakit'), ('sakit', 'baru'), ('baru', 'belum'), ('belum', 'menit'), ('menit', 'turet'), ('turet', 'hancur'), ('hancur', 'semua'), ('semua', 'tinggal'), ('tinggal', 'turet'), ('turet', 'utama'), ('utama', 'pdahal'), ('pdahal', 'tampa'), ('tampa', 'minion'), ('minion', 'kocak'), ('kocak', 'sesuai'), ('sesuai', 'sesuai'), ('sesuai', 'jngn'), ('jngn', 'asal'), ('asal', 'beri'), ('beri', 'beri'), ('beri', 'baru'), ('baru', 'terimakasih'), ('terimakasih', 'saran'), ('saran', 'moga'), ('moga', 'dengar'), ('dengar', 'saran'), ('saran', 'moga'), ('moga', 'lebih'), ('lebih', 'baik')]"
['bagus'],[]
['bagus'],[]
"['rusak', 'ketemu', 'duo', 'gimna', 'cerita']","[('rusak', 'ketemu'), ('ketemu', 'duo'), ('duo', 'gimna'), ('gimna', 'cerita')]"
"['bab', 'indikator', 'asasin', 'simayi', 'lam', 'indikator', 'skill', 'yangg', 'skill', 'diarahin', 'sekarang', 'bisaa', 'sima', 'yi', 'salah', 'lock', 'anj', 'ayo', 'balikin', 'indikator', 'skill']","[('bab', 'indikator'), ('indikator', 'asasin'), ('asasin', 'simayi'), ('simayi', 'lam'), ('lam', 'indikator'), ('indikator', 'skill'), ('skill', 'yangg'), ('yangg', 'skill'), ('skill', 'diarahin'), ('diarahin', 'sekarang'), ('sekarang', 'bisaa'), ('bisaa', 'sima'), ('sima', 'yi'), ('yi', 'salah'), ('salah', 'lock'), ('lock', 'anj'), ('anj', 'ayo'), ('ayo', 'balikin'), ('balikin', 'indikator'), ('indikator', 'skill')]"
"['seru', 'banget', 'coo', 'stres', 'kyk']","[('seru', 'banget'), ('banget', 'coo'), ('coo', 'stres'), ('stres', 'kyk')]"
"['update', 'baru', 'buruk', 'selalu', 'lag', 'keluar', 'sendiri', 'sehingga', 'selalu', 'kena', 'langgar']","[('update', 'baru'), ('baru', 'buruk'), ('buruk', 'selalu'), ('selalu', 'lag'), ('lag', 'keluar'), ('keluar', 'sendiri'), ('sendiri', 'sehingga'), ('sehingga', 'selalu'), ('selalu', 'kena'), ('kena', 'langgar')]"
"['mantep', 'gatau']","[('mantep', 'gatau')]"
"['masukin', 'florentino', 'asik', 'florentino', 'tambahin', 'florentino', 'harap', 'florentino']","[('masukin', 'florentino'), ('florentino', 'asik'), ('asik', 'florentino'), ('florentino', 'tambahin'), ('tambahin', 'florentino'), ('florentino', 'harap'), ('harap', 'florentino')]"
"['bagus', 'ngeselin']","[('bagus', 'ngeselin')]"
"['semua', 'bagus', 'bagus', 'mulai', 'event', 'bagus', 'semua', 'tolong', 'minimal', 'masa', 'bot', 'farm', 'line', 'magenya', 'mage', 'clash', 'lanenya', 'dongoo', 'clash', 'junggling', 'junggling', 'farm', 'line', 'dongonya', 'sampai', 'ubun', 'ubun', 'tolong', 'minimal']","[('semua', 'bagus'), ('bagus', 'bagus'), ('bagus', 'mulai'), ('mulai', 'event'), ('event', 'bagus'), ('bagus', 'semua'), ('semua', 'tolong'), ('tolong', 'minimal'), ('minimal', 'masa'), ('masa', 'bot'), ('bot', 'farm'), ('farm', 'line'), ('line', 'magenya'), ('magenya', 'mage'), ('mage', 'clash'), ('clash', 'lanenya'), ('lanenya', 'dongoo'), ('dongoo', 'clash'), ('clash', 'junggling'), ('junggling', 'junggling'), ('junggling', 'farm'), ('farm', 'line'), ('line', 'dongonya'), ('dongonya', 'sampai'), ('sampai', 'ubun'), ('ubun', 'ubun'), ('ubun', 'tolong'), ('tolong', 'minimal')]"
"['frame', 'drop', 'parah', 'banget']","[('frame', 'drop'), ('drop', 'parah'), ('parah', 'banget')]"
"['wu', 'niru', 'dahh', 'wu', 'palagiat']","[('wu', 'niru'), ('niru', 'dahh'), ('dahh', 'wu'), ('wu', 'palagiat')]"
"['bagus', 'banget', 'kurang', 'gede', 'mb', 'ajah', 'suka', 'skin', 'ditail', 'banget', 'gitu', 'ramah', 'ramah', 'bagus', 'banget', 'walupun', 'mb', 'besar', 'wortid', 'banget']","[('bagus', 'banget'), ('banget', 'kurang'), ('kurang', 'gede'), ('gede', 'mb'), ('mb', 'ajah'), ('ajah', 'suka'), ('suka', 'skin'), ('skin', 'ditail'), ('ditail', 'banget'), ('banget', 'gitu'), ('gitu', 'ramah'), ('ramah', 'ramah'), ('ramah', 'bagus'), ('bagus', 'banget'), ('banget', 'walupun'), ('walupun', 'mb'), ('mb', 'besar'), ('besar', 'wortid'), ('wortid', 'banget')]"
"['bagus', 'unik', 'grafik', 'bagus', 'banget', 'berat', 'paksa', 'uninstall', 'cukup']","[('bagus', 'unik'), ('unik', 'grafik'), ('grafik', 'bagus'), ('bagus', 'banget'), ('banget', 'berat'), ('berat', 'paksa'), ('paksa', 'uninstall'), ('uninstall', 'cukup')]"
['bagus'],[]
"['bsgus', 'try', 'hard']","[('bsgus', 'try'), ('try', 'hard')]"
"['bagus', 'ping', 'tinggi', 'sinyal', 'bagus', 'buka', 'lain', 'lancar']","[('bagus', 'ping'), ('ping', 'tinggi'), ('tinggi', 'sinyal'), ('sinyal', 'bagus'), ('bagus', 'buka'), ('buka', 'lain'), ('lain', 'lancar')]"
['mending'],[]
"['jelas', 'sendiri', 'selalu', 'jago', 'banding', 'musuh']","[('jelas', 'sendiri'), ('sendiri', 'selalu'), ('selalu', 'jago'), ('jago', 'banding'), ('banding', 'musuh')]"
['seru'],[]
['nice'],[]
"['tolol', 'jelas']","[('tolol', 'jelas')]"
"['sumpah', 'pernah', 'kesal', 'gwe', 'semenjak', 'update', 'macthmaking', 'lama', 'banget', 'ampe', 'menit', 'lebih', 'lo', 'emosey', 'banget', 'gwe']","[('sumpah', 'pernah'), ('pernah', 'kesal'), ('kesal', 'gwe'), ('gwe', 'semenjak'), ('semenjak', 'update'), ('update', 'macthmaking'), ('macthmaking', 'lama'), ('lama', 'banget'), ('banget', 'ampe'), ('ampe', 'menit'), ('menit', 'lebih'), ('lebih', 'lo'), ('lo', 'emosey'), ('emosey', 'banget'), ('banget', 'gwe')]"
"['halo', 'semua', 'gratis', 'bagus', 'banget']","[('halo', 'semua'), ('semua', 'gratis'), ('gratis', 'bagus'), ('bagus', 'banget')]"
"['karakter', 'ilang', 'semua']","[('karakter', 'ilang'), ('ilang', 'semua')]"
"['update', 'lag', 'parah', 'drop', 'ms', 'sampai', 'sinyal', 'bagus']","[('update', 'lag'), ('lag', 'parah'), ('parah', 'drop'), ('drop', 'ms'), ('ms', 'sampai'), ('sampai', 'sinyal'), ('sinyal', 'bagus')]"
['bagus'],[]
['bagus'],[]
"['keren', 'bngt', 'semuaanya', 'gratis']","[('keren', 'bngt'), ('bngt', 'semuaanya'), ('semuaanya', 'gratis')]"
"['baru', 'pertama', 'langsung', 'lag', 'bagus', 'kenapa', 'ganti', 'tolong', 'developer', 'hokhonor', 'per', 'baik', 'seru', 'gratis']","[('baru', 'pertama'), ('pertama', 'langsung'), ('langsung', 'lag'), ('lag', 'bagus'), ('bagus', 'kenapa'), ('kenapa', 'ganti'), ('ganti', 'tolong'), ('tolong', 'developer'), ('developer', 'hokhonor'), ('hokhonor', 'per'), ('per', 'baik'), ('baik', 'seru'), ('seru', 'gratis')]"
"['mantap', 'lebih', 'adil', 'tanding']","[('mantap', 'lebih'), ('lebih', 'adil'), ('adil', 'tanding')]"
['bagus'],[]
"['matchnya', 'makin', 'jelek', 'imbang']","[('matchnya', 'makin'), ('makin', 'jelek'), ('jelek', 'imbang')]"
"['banyak', 'skin', 'gratis']","[('banyak', 'skin'), ('skin', 'gratis')]"
"['tolong', 'minimal', 'kredit', 'skor', 'kurang', 'jangan', 'lawan', 'bot', 'begitu', 'pula', 'naik', 'jelas']","[('tolong', 'minimal'), ('minimal', 'kredit'), ('kredit', 'skor'), ('skor', 'kurang'), ('kurang', 'jangan'), ('jangan', 'lawan'), ('lawan', 'bot'), ('bot', 'begitu'), ('begitu', 'pula'), ('pula', 'naik'), ('naik', 'jelas')]"
"['tolong', 'kah', 'dev', 'tolong', 'banget', 'jangan', 'temuin', 'oh', 'cape', 'kena', 'troll', 'sudah', 'ngasal', 'gjls', 'pisah', 'oh', 'server', 'sendiri', 'beban', 'global']","[('tolong', 'kah'), ('kah', 'dev'), ('dev', 'tolong'), ('tolong', 'banget'), ('banget', 'jangan'), ('jangan', 'temuin'), ('temuin', 'oh'), ('oh', 'cape'), ('cape', 'kena'), ('kena', 'troll'), ('troll', 'sudah'), ('sudah', 'ngasal'), ('ngasal', 'gjls'), ('gjls', 'pisah'), ('pisah', 'oh'), ('oh', 'server'), ('server', 'sendiri'), ('sendiri', 'beban'), ('beban', 'global')]"
"['mantep', 'banget', 'gan']","[('mantep', 'banget'), ('banget', 'gan')]"
"['dajihao', 'balik', 'akun', 'akun', 'sudah', 'ngumpulin', 'skin', 'sampai', 'hilang', 'begitu', 'inginn', 'akun', 'satu', 'tanpa', 'file', 'cheat', 'mana', 'please', 'balik', 'akun', 'sudah', 'kait', 'google']","[('dajihao', 'balik'), ('balik', 'akun'), ('akun', 'akun'), ('akun', 'sudah'), ('sudah', 'ngumpulin'), ('ngumpulin', 'skin'), ('skin', 'sampai'), ('sampai', 'hilang'), ('hilang', 'begitu'), ('begitu', 'inginn'), ('inginn', 'akun'), ('akun', 'satu'), ('satu', 'tanpa'), ('tanpa', 'file'), ('file', 'cheat'), ('cheat', 'mana'), ('mana', 'please'), ('please', 'balik'), ('balik', 'akun'), ('akun', 'sudah'), ('sudah', 'kait'), ('kait', 'google')]"
"['bagus', 'memori', 'sudah', 'penuh', 'belum', 'mendownload', 'semua', 'v']","[('bagus', 'memori'), ('memori', 'sudah'), ('sudah', 'penuh'), ('penuh', 'belum'), ('belum', 'mendownload'), ('mendownload', 'semua'), ('semua', 'v')]"
"['hi', 'developer', 'hapus', 'spriteling', 'pilih', 'utama', 'gapernah', 'ratarata', 'chinese', 'begitu', 'skin', 'dinasti', 'kaisar', 'ukyo', 'tachibanacharlottemai', 'shiranui', 'gabisa', 'event', 'gimana', 'dapetinya']","[('hi', 'developer'), ('developer', 'hapus'), ('hapus', 'spriteling'), ('spriteling', 'pilih'), ('pilih', 'utama'), ('utama', 'gapernah'), ('gapernah', 'ratarata'), ('ratarata', 'chinese'), ('chinese', 'begitu'), ('begitu', 'skin'), ('skin', 'dinasti'), ('dinasti', 'kaisar'), ('kaisar', 'ukyo'), ('ukyo', 'tachibanacharlottemai'), ('tachibanacharlottemai', 'shiranui'), ('shiranui', 'gabisa'), ('gabisa', 'event'), ('event', 'gimana'), ('gimana', 'dapetinya')]"
"['lag', 'parah', 'merah', 'jelas', 'kapan', 'rusak', 'kira', 'semua', 'punya', 'wifi']","[('lag', 'parah'), ('parah', 'merah'), ('merah', 'jelas'), ('jelas', 'kapan'), ('kapan', 'rusak'), ('rusak', 'kira'), ('kira', 'semua'), ('semua', 'punya'), ('punya', 'wifi')]"
['good'],[]
['bagus'],[]
"['paham', 'banyak', 'banget', 'rugi']","[('paham', 'banyak'), ('banyak', 'banget'), ('banget', 'rugi')]"
['bagus'],[]
"['ukur', 'terlalu', 'besar']","[('ukur', 'terlalu'), ('terlalu', 'besar')]"
"['report', 'makin', 'kacau', 'jelas', 'lain', 'curi', 'line', 'kurang', 'kredit', 'skor', 'tambah', 'aneh']","[('report', 'makin'), ('makin', 'kacau'), ('kacau', 'jelas'), ('jelas', 'lain'), ('lain', 'curi'), ('curi', 'line'), ('line', 'kurang'), ('kurang', 'kredit'), ('kredit', 'skor'), ('skor', 'tambah'), ('tambah', 'aneh')]"
"['banyak', 'bot']","[('banyak', 'bot')]"
"['m', 'likes']","[('m', 'likes')]"
['bagus'],[]
"['beri', 'adil', 'gjls']","[('beri', 'adil'), ('adil', 'gjls')]"
[],[]
"['k', 'o', 'n', 't', 'o', 'l', 'please', 'guys', 'jangan', 'downlod', 'ngamuk', 'masuk', 'tolol', 'banget', 'demi', 'jangan', 'demi', 'sehat', 'mental', 'lo']","[('k', 'o'), ('o', 'n'), ('n', 't'), ('t', 'o'), ('o', 'l'), ('l', 'please'), ('please', 'guys'), ('guys', 'jangan'), ('jangan', 'downlod'), ('downlod', 'ngamuk'), ('ngamuk', 'masuk'), ('masuk', 'tolol'), ('tolol', 'banget'), ('banget', 'demi'), ('demi', 'jangan'), ('jangan', 'demi'), ('demi', 'sehat'), ('sehat', 'mental'), ('mental', 'lo')]"
"['sekian', 'banyak', 'dunia', 'rata', 'tiongkok', 'beberapa', 'event', 'tentu', 'belum', 'tentu', 'event', 'muncul', 'snk', 'mas', 'guna', 'arcana', 'mengumpulkanmenukar', 'bukan', 'rune', 'pilih', 'bagi', 'kuasa', 'lebih', 'dahulu', 'bruhh', 'seriously']","[('sekian', 'banyak'), ('banyak', 'dunia'), ('dunia', 'rata'), ('rata', 'tiongkok'), ('tiongkok', 'beberapa'), ('beberapa', 'event'), ('event', 'tentu'), ('tentu', 'belum'), ('belum', 'tentu'), ('tentu', 'event'), ('event', 'muncul'), ('muncul', 'snk'), ('snk', 'mas'), ('mas', 'guna'), ('guna', 'arcana'), ('arcana', 'mengumpulkanmenukar'), ('mengumpulkanmenukar', 'bukan'), ('bukan', 'rune'), ('rune', 'pilih'), ('pilih', 'bagi'), ('bagi', 'kuasa'), ('kuasa', 'lebih'), ('lebih', 'dahulu'), ('dahulu', 'bruhh'), ('bruhh', 'seriously')]"
"['pel', 'ram', 'jangan', 'banyak', 'banyak', 'masa', 'ram', 'langsung', 'penuh', 'ram', 'mas', 'sedikit', 'langsung', 'penuh', 'pel', 'ram', 'jangan', 'banyak', 'banyak', 'pel', 'tolong', 'sekian', 'terimakasih']","[('pel', 'ram'), ('ram', 'jangan'), ('jangan', 'banyak'), ('banyak', 'banyak'), ('banyak', 'masa'), ('masa', 'ram'), ('ram', 'langsung'), ('langsung', 'penuh'), ('penuh', 'ram'), ('ram', 'mas'), ('mas', 'sedikit'), ('sedikit', 'langsung'), ('langsung', 'penuh'), ('penuh', 'pel'), ('pel', 'ram'), ('ram', 'jangan'), ('jangan', 'banyak'), ('banyak', 'banyak'), ('banyak', 'pel'), ('pel', 'tolong'), ('tolong', 'sekian'), ('sekian', 'terimakasih')]"
['good'],[]
"['seru', 'banget', 'woy']","[('seru', 'banget'), ('banget', 'woy')]"
"['bagus', 'anak', 'mula', 'belum', 'danbsgus', 'mainin']","[('bagus', 'anak'), ('anak', 'mula'), ('mula', 'belum'), ('belum', 'danbsgus'), ('danbsgus', 'mainin')]"
"['minimal', 'maaf', 'bintang', 'buah', 'bug', 'bagi', 'tutorial', 'farming', 'sekian', 'terimakasih', 'moga', 'lekas', 'baik', 'bug', 'ntar', 'baru', 'tambah', 'bintang']","[('minimal', 'maaf'), ('maaf', 'bintang'), ('bintang', 'buah'), ('buah', 'bug'), ('bug', 'bagi'), ('bagi', 'tutorial'), ('tutorial', 'farming'), ('farming', 'sekian'), ('sekian', 'terimakasih'), ('terimakasih', 'moga'), ('moga', 'lekas'), ('lekas', 'baik'), ('baik', 'bug'), ('bug', 'ntar'), ('ntar', 'baru'), ('baru', 'tambah'), ('tambah', 'bintang')]"
"['minimal', 'sekarang', 'drop', 'sinyal', 'maren', 'maren', 'kaga', 'drop', 'buka', 'laen', 'aman', 'buka', 'drop', 'dh', 'gitu', 'ms', 'nyaman', 'banyak', 'lag', 'sinyal', 'dh', 'fps', 'tolong', 'minimal', 'pensi', 'dh']","[('minimal', 'sekarang'), ('sekarang', 'drop'), ('drop', 'sinyal'), ('sinyal', 'maren'), ('maren', 'maren'), ('maren', 'kaga'), ('kaga', 'drop'), ('drop', 'buka'), ('buka', 'laen'), ('laen', 'aman'), ('aman', 'buka'), ('buka', 'drop'), ('drop', 'dh'), ('dh', 'gitu'), ('gitu', 'ms'), ('ms', 'nyaman'), ('nyaman', 'banyak'), ('banyak', 'lag'), ('lag', 'sinyal'), ('sinyal', 'dh'), ('dh', 'fps'), ('fps', 'tolong'), ('tolong', 'minimal'), ('minimal', 'pensi'), ('pensi', 'dh')]"
"['bosen', 'skin', 'gratis', 'tetap', 'top', 'up', 'makanya', 'bintang', 'satu', 'mending', 'jgn', 'menuh', 'menuhin', 'memori']","[('bosen', 'skin'), ('skin', 'gratis'), ('gratis', 'tetap'), ('tetap', 'top'), ('top', 'up'), ('up', 'makanya'), ('makanya', 'bintang'), ('bintang', 'satu'), ('satu', 'mending'), ('mending', 'jgn'), ('jgn', 'menuh'), ('menuh', 'menuhin'), ('menuhin', 'memori')]"
"['sudah', 'bagus', 'namun', 'kurang', 'suka', 'animasi', 'lag', 'sinyal', 'wifi', 'masalah', 'mohon', 'baik']","[('sudah', 'bagus'), ('bagus', 'namun'), ('namun', 'kurang'), ('kurang', 'suka'), ('suka', 'animasi'), ('animasi', 'lag'), ('lag', 'sinyal'), ('sinyal', 'wifi'), ('wifi', 'masalah'), ('masalah', 'mohon'), ('mohon', 'baik')]"
['kikir'],[]
"['banyak', 'feeder']","[('banyak', 'feeder')]"
"['seru', 'banget']","[('seru', 'banget')]"
"['kasi', 'bintang', 'langsung', 'biar', 'dev', 'makin', 'bagus', 'laku', 'update', 'jangan', 'kalah', 'banyak', 'darksystem']","[('kasi', 'bintang'), ('bintang', 'langsung'), ('langsung', 'biar'), ('biar', 'dev'), ('dev', 'makin'), ('makin', 'bagus'), ('bagus', 'laku'), ('laku', 'update'), ('update', 'jangan'), ('jangan', 'kalah'), ('kalah', 'banyak'), ('banyak', 'darksystem')]"
"['jujur', 'bagus', 'banget', 'skinnya', 'murah', 'mewah', 'grafik', 'bagus', 'banget']","[('jujur', 'bagus'), ('bagus', 'banget'), ('banget', 'skinnya'), ('skinnya', 'murah'), ('murah', 'mewah'), ('mewah', 'grafik'), ('grafik', 'bagus'), ('bagus', 'banget')]"
"['ql', 'd', 'js', 'mys']","[('ql', 'd'), ('d', 'js'), ('js', 'mys')]"
"['lag', 'kesel', 'banget', 'knp', 'eksekusi', 'masalah', 'kerja', 'masa', 'masalah', 'eksekusi', 'cepat']","[('lag', 'kesel'), ('kesel', 'banget'), ('banget', 'knp'), ('knp', 'eksekusi'), ('eksekusi', 'masalah'), ('masalah', 'kerja'), ('kerja', 'masa'), ('masa', 'masalah'), ('masalah', 'eksekusi'), ('eksekusi', 'cepat')]"
"['ganyah', 'bagus', 'satu', 'kurang', 'yaitu', 'musuh', 'mudah', 'kalah', 'harap', 'musuhnyah', 'susah']","[('ganyah', 'bagus'), ('bagus', 'satu'), ('satu', 'kurang'), ('kurang', 'yaitu'), ('yaitu', 'musuh'), ('musuh', 'mudah'), ('mudah', 'kalah'), ('kalah', 'harap'), ('harap', 'musuhnyah'), ('musuhnyah', 'susah')]"
['bagus'],[]
"['wel', 'terlalu', 'suka', 'banyak', 'bot', 'bagus']","[('wel', 'terlalu'), ('terlalu', 'suka'), ('suka', 'banyak'), ('banyak', 'bot'), ('bot', 'bagus')]"
"['bug', 'anjing', 'loding', 'lama']","[('bug', 'anjing'), ('anjing', 'loding'), ('loding', 'lama')]"
"['komen', 'rate', 'binatang', 'pihak', 'kembang', 'developer', 'komen', 'kalah', 'bintang', 'satu', 'bot', 'bintang', 'grandmaster', 'bot', 'sengaja', 'gimana']","[('komen', 'rate'), ('rate', 'binatang'), ('binatang', 'pihak'), ('pihak', 'kembang'), ('kembang', 'developer'), ('developer', 'komen'), ('komen', 'kalah'), ('kalah', 'bintang'), ('bintang', 'satu'), ('satu', 'bot'), ('bot', 'bintang'), ('bintang', 'grandmaster'), ('grandmaster', 'bot'), ('bot', 'sengaja'), ('sengaja', 'gimana')]"
['keren'],[]
"['gimana', 'kurang', 'greget']","[('gimana', 'kurang'), ('kurang', 'greget')]"
"['update', 'september', 'so', 'far', 'semua', 'aman', 'kecuali', 'kendala', 'cukup', 'ganggu', 'yaitu', 'pingsinyal', 'lag', 'stabil', 'biasa', 'amanaman', 'stabil', 'mohon', 'ditindaklanjuti', 'kendala', 'para', 'nyaman', 'senang', 'dalam', 'terimakasih']","[('update', 'september'), ('september', 'so'), ('so', 'far'), ('far', 'semua'), ('semua', 'aman'), ('aman', 'kecuali'), ('kecuali', 'kendala'), ('kendala', 'cukup'), ('cukup', 'ganggu'), ('ganggu', 'yaitu'), ('yaitu', 'pingsinyal'), ('pingsinyal', 'lag'), ('lag', 'stabil'), ('stabil', 'biasa'), ('biasa', 'amanaman'), ('amanaman', 'stabil'), ('stabil', 'mohon'), ('mohon', 'ditindaklanjuti'), ('ditindaklanjuti', 'kendala'), ('kendala', 'para'), ('para', 'nyaman'), ('nyaman', 'senang'), ('senang', 'dalam'), ('dalam', 'terimakasih')]"
"['banyak', 'bug', 'tengah', 'tengah', 'keluar', 'tibatiba', 'off', 'makin', 'buruk', 'buruk']","[('banyak', 'bug'), ('bug', 'tengah'), ('tengah', 'tengah'), ('tengah', 'keluar'), ('keluar', 'tibatiba'), ('tibatiba', 'off'), ('off', 'makin'), ('makin', 'buruk'), ('buruk', 'buruk')]"
"['bagus', 'banget', 'suka']","[('bagus', 'banget'), ('banget', 'suka')]"
"['terlalu', 'berat']","[('terlalu', 'berat')]"
['oke'],[]
"['bagus', 'banget', 'baru', 'dowload', 'king', 'hadiah', 'event', 'tarik', 'sudah', 'lewat', 'tolong', 'skin', 'epik', 'shanhai', 'yaria', 'reasale', 'banget', 'skin', 'skin', 'pasti', 'betah', 'banget', 'king', 'papi', 'skin', 'incar', 'skin', 'gratis', 'banget']","[('bagus', 'banget'), ('banget', 'baru'), ('baru', 'dowload'), ('dowload', 'king'), ('king', 'hadiah'), ('hadiah', 'event'), ('event', 'tarik'), ('tarik', 'sudah'), ('sudah', 'lewat'), ('lewat', 'tolong'), ('tolong', 'skin'), ('skin', 'epik'), ('epik', 'shanhai'), ('shanhai', 'yaria'), ('yaria', 'reasale'), ('reasale', 'banget'), ('banget', 'skin'), ('skin', 'skin'), ('skin', 'pasti'), ('pasti', 'betah'), ('betah', 'banget'), ('banget', 'king'), ('king', 'papi'), ('papi', 'skin'), ('skin', 'incar'), ('incar', 'skin'), ('skin', 'gratis'), ('gratis', 'banget')]"
['gb'],[]
['mantep'],[]
"['bagus', 'grafik', 'mantap', 'tolong', 'perhati', 'ketemu', 'darksystem']","[('bagus', 'grafik'), ('grafik', 'mantap'), ('mantap', 'tolong'), ('tolong', 'perhati'), ('perhati', 'ketemu'), ('ketemu', 'darksystem')]"
"['gebrak', 'putusin', 'ws', 'putusin', 'bagus', 'banget', 'force', 'close', 'tahan', 'loading', 'akhir', 'kena', 'sanksi', 'kocak']","[('gebrak', 'putusin'), ('putusin', 'ws'), ('ws', 'putusin'), ('putusin', 'bagus'), ('bagus', 'banget'), ('banget', 'force'), ('force', 'close'), ('close', 'tahan'), ('tahan', 'loading'), ('loading', 'akhir'), ('akhir', 'kena'), ('kena', 'sanksi'), ('sanksi', 'kocak')]"
['good'],[]
"['copy', 'paste', 'buruk']","[('copy', 'paste'), ('paste', 'buruk')]"
"['nerf', 'daji']","[('nerf', 'daji')]"
"['jujur', 'seru', 'banget', 'legends', 'umum', 'tetapi', 'beda', 'suka', 'bahkan', 'favorite', 'terimakasih', 'sudah', 'cipta', 'bagus']","[('jujur', 'seru'), ('seru', 'banget'), ('banget', 'legends'), ('legends', 'umum'), ('umum', 'tetapi'), ('tetapi', 'beda'), ('beda', 'suka'), ('suka', 'bahkan'), ('bahkan', 'favorite'), ('favorite', 'terimakasih'), ('terimakasih', 'sudah'), ('sudah', 'cipta'), ('cipta', 'bagus')]"
['mending'],[]
"['seru', 'sudah', 'sampai', 'sultan']","[('seru', 'sudah'), ('sudah', 'sampai'), ('sampai', 'sultan')]"
"['m', 'tired', 've', 'tried', 'play', 'my', 'best', 'but', 'my', 'teammates', 'always', 'get', 'way', 'winning', 'have', 'suggestion', 'tightened', 'apart', 'from', 'average', 'win', 'rate', 'it', 'better', 'for', 'all', 'teams', 'be', 'equal', 'know', 'problem', 'not', 'with', 'players', 'but', 'with', 'wrong', 'roles', 'you', 'can', 'prevent', 'all', 'players', 'from', 'getting', 'their', 'favorite', 'roles', 'and', 'please', 'if', 'you', 'are', 'having', 'fun', 'playing', 'role', 'then', 'do', 'nt', 'suddenly', 'change', 'secondary', 'role']","[('m', 'tired'), ('tired', 've'), ('ve', 'tried'), ('tried', 'play'), ('play', 'my'), ('my', 'best'), ('best', 'but'), ('but', 'my'), ('my', 'teammates'), ('teammates', 'always'), ('always', 'get'), ('get', 'way'), ('way', 'winning'), ('winning', 'have'), ('have', 'suggestion'), ('suggestion', 'tightened'), ('tightened', 'apart'), ('apart', 'from'), ('from', 'average'), ('average', 'win'), ('win', 'rate'), ('rate', 'it'), ('it', 'better'), ('better', 'for'), ('for', 'all'), ('all', 'teams'), ('teams', 'be'), ('be', 'equal'), ('equal', 'know'), ('know', 'problem'), ('problem', 'not'), ('not', 'with'), ('with', 'players'), ('players', 'but'), ('but', 'with'), ('with', 'wrong'), ('wrong', 'roles'), ('roles', 'you'), ('you', 'can'), ('can', 'prevent'), ('prevent', 'all'), ('all', 'players'), ('players', 'from'), ('from', 'getting'), ('getting', 'their'), ('their', 'favorite'), ('favorite', 'roles'), ('roles', 'and'), ('and', 'please'), ('please', 'if'), ('if', 'you'), ('you', 'are'), ('are', 'having'), ('having', 'fun'), ('fun', 'playing'), ('playing', 'role'), ('role', 'then'), ('then', 'do'), ('do', 'nt'), ('nt', 'suddenly'), ('suddenly', 'change'), ('change', 'secondary'), ('secondary', 'role')]"
"['bantu', 'bantu']","[('bantu', 'bantu')]"
"['tambahin', 'd', 'luar', 'biar', 'bosen', 'nungguny']","[('tambahin', 'd'), ('d', 'luar'), ('luar', 'biar'), ('biar', 'bosen'), ('bosen', 'nungguny')]"
['muach'],[]
"['suka', 'lag']","[('suka', 'lag')]"
"['semua', 'manipulatif']","[('semua', 'manipulatif')]"
['jelek'],[]
"['dikirimin', 'feedback', 'bug', 'pict', 'gada', 'tanggepannya']","[('dikirimin', 'feedback'), ('feedback', 'bug'), ('bug', 'pict'), ('pict', 'gada'), ('gada', 'tanggepannya')]"
"['sinyal', 'tdk', 'jelas', 'apk', 'lain', 'normal', 'lancar', 'lag', 'lag', 'bingungkeselin', 'yaitu', 'perang', 'lag', 'parah', 'santai', 'lag', 'apakah', 'sengaja', 'kesel', 'tolong', 'baik', 'salah', 'lose', 'streak', 'pernah', 'win', 'satu', 'musuh', 'gampang', 'gampang', 'sinyal', 'selalu', 'merah', 'selalu', 'ledekin', 'rekan', 'gara', 'gara', 'beban', 'libur', 'minggu', 'lama', 'lama', 'hapus', 'ud', 'gguna']","[('sinyal', 'tdk'), ('tdk', 'jelas'), ('jelas', 'apk'), ('apk', 'lain'), ('lain', 'normal'), ('normal', 'lancar'), ('lancar', 'lag'), ('lag', 'lag'), ('lag', 'bingungkeselin'), ('bingungkeselin', 'yaitu'), ('yaitu', 'perang'), ('perang', 'lag'), ('lag', 'parah'), ('parah', 'santai'), ('santai', 'lag'), ('lag', 'apakah'), ('apakah', 'sengaja'), ('sengaja', 'kesel'), ('kesel', 'tolong'), ('tolong', 'baik'), ('baik', 'salah'), ('salah', 'lose'), ('lose', 'streak'), ('streak', 'pernah'), ('pernah', 'win'), ('win', 'satu'), ('satu', 'musuh'), ('musuh', 'gampang'), ('gampang', 'gampang'), ('gampang', 'sinyal'), ('sinyal', 'selalu'), ('selalu', 'merah'), ('merah', 'selalu'), ('selalu', 'ledekin'), ('ledekin', 'rekan'), ('rekan', 'gara'), ('gara', 'gara'), ('gara', 'beban'), ('beban', 'libur'), ('libur', 'minggu'), ('minggu', 'lama'), ('lama', 'lama'), ('lama', 'hapus'), ('hapus', 'ud'), ('ud', 'gguna')]"
"['bagus', 'mah', 'jelek', 'sampah', 'tolol', 'ih', 'najis', 'banget', 'kwwkwkkwk', 'sampah', 'sampah', 'dunia']","[('bagus', 'mah'), ('mah', 'jelek'), ('jelek', 'sampah'), ('sampah', 'tolol'), ('tolol', 'ih'), ('ih', 'najis'), ('najis', 'banget'), ('banget', 'kwwkwkkwk'), ('kwwkwkkwk', 'sampah'), ('sampah', 'sampah'), ('sampah', 'dunia')]"
"['susah', 'naikin', 'lawan', 'lawan', 'pda', 'kuat', 'tlong', 'dev', 'mudah', 'naikin', 'rang', 'mohon', 'dev', 'tambah', 'koim']","[('susah', 'naikin'), ('naikin', 'lawan'), ('lawan', 'lawan'), ('lawan', 'pda'), ('pda', 'kuat'), ('kuat', 'tlong'), ('tlong', 'dev'), ('dev', 'mudah'), ('mudah', 'naikin'), ('naikin', 'rang'), ('rang', 'mohon'), ('mohon', 'dev'), ('dev', 'tambah'), ('tambah', 'koim')]"
['nice'],[]
"['gimana', 'pasti', 'ingame', 'gada', 'internet', 'sinyal', 'wifi', 'penuh', 'bolak', 'balik', 'gitu', 'gimana', 'mood', 'uda', 'mainn', 'riliss', 'gitu']","[('gimana', 'pasti'), ('pasti', 'ingame'), ('ingame', 'gada'), ('gada', 'internet'), ('internet', 'sinyal'), ('sinyal', 'wifi'), ('wifi', 'penuh'), ('penuh', 'bolak'), ('bolak', 'balik'), ('balik', 'gitu'), ('gitu', 'gimana'), ('gimana', 'mood'), ('mood', 'uda'), ('uda', 'mainn'), ('mainn', 'riliss'), ('riliss', 'gitu')]"
"['binatang', 'ph', 'ngambil', 'role', 'mm', 'dia', 'ambil', 'roam', 'kena', 'report', 'samsak', 'babi', 'rusak', 'sesuai', 'role', 'kena', 'report', 'babi']","[('binatang', 'ph'), ('ph', 'ngambil'), ('ngambil', 'role'), ('role', 'mm'), ('mm', 'dia'), ('dia', 'ambil'), ('ambil', 'roam'), ('roam', 'kena'), ('kena', 'report'), ('report', 'samsak'), ('samsak', 'babi'), ('babi', 'rusak'), ('rusak', 'sesuai'), ('sesuai', 'role'), ('role', 'kena'), ('kena', 'report'), ('report', 'babi')]"
[],[]
"['tolong', 'jangan', 'macet']","[('tolong', 'jangan'), ('jangan', 'macet')]"
['mantap'],[]
"['minimal', 'khusus', 'servernya', 'indonesia', 'bareng', 'server', 'luar', 'lag', 'walaupun', 'sudah', 'sinyal', 'wifi', 'live', 'tiktok', 'ganggu', 'banget']","[('minimal', 'khusus'), ('khusus', 'servernya'), ('servernya', 'indonesia'), ('indonesia', 'bareng'), ('bareng', 'server'), ('server', 'luar'), ('luar', 'lag'), ('lag', 'walaupun'), ('walaupun', 'sudah'), ('sudah', 'sinyal'), ('sinyal', 'wifi'), ('wifi', 'live'), ('live', 'tiktok'), ('tiktok', 'ganggu'), ('ganggu', 'banget')]"
"['gwa', 'uninstall', 'kendala', 'kagak', 'punya', 'skin', 'bagus', 'favorit', 'gwa', 'kong', 'ming', 'sek', 'mahal', 'semua', 'parah']","[('gwa', 'uninstall'), ('uninstall', 'kendala'), ('kendala', 'kagak'), ('kagak', 'punya'), ('punya', 'skin'), ('skin', 'bagus'), ('bagus', 'favorit'), ('favorit', 'gwa'), ('gwa', 'kong'), ('kong', 'ming'), ('ming', 'sek'), ('sek', 'mahal'), ('mahal', 'semua'), ('semua', 'parah')]"
"['makin', 'sedikit', 'kak', 'gitu', 'gajelas', 'lag', 'benci', 'copy', 'maaf']","[('makin', 'sedikit'), ('sedikit', 'kak'), ('kak', 'gitu'), ('gitu', 'gajelas'), ('gajelas', 'lag'), ('lag', 'benci'), ('benci', 'copy'), ('copy', 'maaf')]"
['god'],[]
"['gameplaynya', 'jelek', 'beri', 'bot', 'kompak', 'gold', 'susah', 'teman', 'justru', 'beri', 'bot', 'semua', 'laku', 'feeding', 'pihak', 'kembang', 'busuk', 'sudah', 'disetting', 'demikian', 'rupa', 'pihak', 'kembang', 'utk', 'sulit', 'bagi', 'baru', 'maka', 'saran', 'gratis', 'ujung', 'wr', 'hancur', 'baru', 'naik', 'diamon']","[('gameplaynya', 'jelek'), ('jelek', 'beri'), ('beri', 'bot'), ('bot', 'kompak'), ('kompak', 'gold'), ('gold', 'susah'), ('susah', 'teman'), ('teman', 'justru'), ('justru', 'beri'), ('beri', 'bot'), ('bot', 'semua'), ('semua', 'laku'), ('laku', 'feeding'), ('feeding', 'pihak'), ('pihak', 'kembang'), ('kembang', 'busuk'), ('busuk', 'sudah'), ('sudah', 'disetting'), ('disetting', 'demikian'), ('demikian', 'rupa'), ('rupa', 'pihak'), ('pihak', 'kembang'), ('kembang', 'utk'), ('utk', 'sulit'), ('sulit', 'bagi'), ('bagi', 'baru'), ('baru', 'maka'), ('maka', 'saran'), ('saran', 'gratis'), ('gratis', 'ujung'), ('ujung', 'wr'), ('wr', 'hancur'), ('hancur', 'baru'), ('baru', 'naik'), ('naik', 'diamon')]"
"['matching', 'busuk', 'baru', 'naik', 'gm', 'musuh', 'epic', 'duo', 'bucin', 'beban', 'lower', 'kadang', 'platinum', 'masuk', 'musuh', 'isi', 'upper', 'party', 'musuh', 'upper', 'protes', 'dukung', 'sesuai', 'matching', 'gimana', 'nambah', 'bintang', 'matchingnya', 'gitu', 'cuma', 'naik', 'turun', 'master', 'gm', 'makin', 'lama', 'makin', 'gajelas', 'matching']","[('matching', 'busuk'), ('busuk', 'baru'), ('baru', 'naik'), ('naik', 'gm'), ('gm', 'musuh'), ('musuh', 'epic'), ('epic', 'duo'), ('duo', 'bucin'), ('bucin', 'beban'), ('beban', 'lower'), ('lower', 'kadang'), ('kadang', 'platinum'), ('platinum', 'masuk'), ('masuk', 'musuh'), ('musuh', 'isi'), ('isi', 'upper'), ('upper', 'party'), ('party', 'musuh'), ('musuh', 'upper'), ('upper', 'protes'), ('protes', 'dukung'), ('dukung', 'sesuai'), ('sesuai', 'matching'), ('matching', 'gimana'), ('gimana', 'nambah'), ('nambah', 'bintang'), ('bintang', 'matchingnya'), ('matchingnya', 'gitu'), ('gitu', 'cuma'), ('cuma', 'naik'), ('naik', 'turun'), ('turun', 'master'), ('master', 'gm'), ('gm', 'makin'), ('makin', 'lama'), ('lama', 'makin'), ('makin', 'gajelas'), ('gajelas', 'matching')]"
"['xxnnm', 'ko']","[('xxnnm', 'ko')]"
"['matching', 'jelek', 'prilaku', 'langgar', 'tindak', 'sus', 'kurang', 'laku', 'troling']","[('matching', 'jelek'), ('jelek', 'prilaku'), ('prilaku', 'langgar'), ('langgar', 'tindak'), ('tindak', 'sus'), ('sus', 'kurang'), ('kurang', 'laku'), ('laku', 'troling')]"
"['masuk', 'akal', 'kenapa', 'sesuai', 'tier', 'grandmaster', 'kena', 'lose', 'streak', 'sampai', 'master', 'ii', 'gara', 'gara', 'teman', 'se', 'tolol', 'minta', 'ampun', 'tier', 'grandmaster', 'teman', 'tier', 'platinum', 'maaf', 'uninstal']","[('masuk', 'akal'), ('akal', 'kenapa'), ('kenapa', 'sesuai'), ('sesuai', 'tier'), ('tier', 'grandmaster'), ('grandmaster', 'kena'), ('kena', 'lose'), ('lose', 'streak'), ('streak', 'sampai'), ('sampai', 'master'), ('master', 'ii'), ('ii', 'gara'), ('gara', 'gara'), ('gara', 'teman'), ('teman', 'se'), ('se', 'tolol'), ('tolol', 'minta'), ('minta', 'ampun'), ('ampun', 'tier'), ('tier', 'grandmaster'), ('grandmaster', 'teman'), ('teman', 'tier'), ('tier', 'platinum'), ('platinum', 'maaf'), ('maaf', 'uninstal')]"
['bagus'],[]
"['banyak', 'gelap', 'mending']","[('banyak', 'gelap'), ('gelap', 'mending')]"
"['semua', 'indah']","[('semua', 'indah')]"
"['best', 'papih']","[('best', 'papih')]"
['nicee'],[]
['mantap'],[]
"['bagus', 'blum', 'ngerti', 'item']","[('bagus', 'blum'), ('blum', 'ngerti'), ('ngerti', 'item')]"
['bagus'],[]
"['there', 'no', 'winning', 'ranked', 'games', 'it', 'went', 'from', 'because', 'was', 'given', 'trash', 'with', 'good', 'skin', 'capital', 'while', 'bad', 'skill', 'but', 'enemy', 'was', 'given', 'solid', 'compact', 'that', 'understands', 'please', 'improve', 'first', 'so', 'it', 'will', 'be', 'more', 'exciting']","[('there', 'no'), ('no', 'winning'), ('winning', 'ranked'), ('ranked', 'games'), ('games', 'it'), ('it', 'went'), ('went', 'from'), ('from', 'because'), ('because', 'was'), ('was', 'given'), ('given', 'trash'), ('trash', 'with'), ('with', 'good'), ('good', 'skin'), ('skin', 'capital'), ('capital', 'while'), ('while', 'bad'), ('bad', 'skill'), ('skill', 'but'), ('but', 'enemy'), ('enemy', 'was'), ('was', 'given'), ('given', 'solid'), ('solid', 'compact'), ('compact', 'that'), ('that', 'understands'), ('understands', 'please'), ('please', 'improve'), ('improve', 'first'), ('first', 'so'), ('so', 'it'), ('it', 'will'), ('will', 'be'), ('be', 'more'), ('more', 'exciting')]"
['bintang'],[]
"['report', 'tolol', 'afk', 'tindak', 'tegas', 'curi', 'cur', 'kena', 'report', 'gegara', 'farming', 'direcokin', 'curi', 'feeding', 'report', 'feed', 'abis', 'tolol', 'suruh', 'report', 'digame', 'tolol', 'feed', 'kirim', 'mana', 'email', 'biar', 'kirim', 'screenshot', 'babik']","[('report', 'tolol'), ('tolol', 'afk'), ('afk', 'tindak'), ('tindak', 'tegas'), ('tegas', 'curi'), ('curi', 'cur'), ('cur', 'kena'), ('kena', 'report'), ('report', 'gegara'), ('gegara', 'farming'), ('farming', 'direcokin'), ('direcokin', 'curi'), ('curi', 'feeding'), ('feeding', 'report'), ('report', 'feed'), ('feed', 'abis'), ('abis', 'tolol'), ('tolol', 'suruh'), ('suruh', 'report'), ('report', 'digame'), ('digame', 'tolol'), ('tolol', 'feed'), ('feed', 'kirim'), ('kirim', 'mana'), ('mana', 'email'), ('email', 'biar'), ('biar', 'kirim'), ('kirim', 'screenshot'), ('screenshot', 'babik')]"
"['ntap', 'btw', 'ram', 'mas', 'kaga', 'minimal']","[('ntap', 'btw'), ('btw', 'ram'), ('ram', 'mas'), ('mas', 'kaga'), ('kaga', 'minimal')]"
"['nyah', 'seru', 'banget', 'sayang', 'banget', 'nyah', 'anomali', 'semua', 'tba', 'tba', 'ms', 'sendiri', 'bodoh', 'nyah', 'ketulungan', 'musuh', 'mantan', 'paham', 'season', 'skrang', 'bbrpa', 'mentok', 'diamond', 'padhal', 'slalu', 'dpet', 'maap', 'uninstall', 'mnding', 'anomali', 'nyah', 'parah', 'dsini']","[('nyah', 'seru'), ('seru', 'banget'), ('banget', 'sayang'), ('sayang', 'banget'), ('banget', 'nyah'), ('nyah', 'anomali'), ('anomali', 'semua'), ('semua', 'tba'), ('tba', 'tba'), ('tba', 'ms'), ('ms', 'sendiri'), ('sendiri', 'bodoh'), ('bodoh', 'nyah'), ('nyah', 'ketulungan'), ('ketulungan', 'musuh'), ('musuh', 'mantan'), ('mantan', 'paham'), ('paham', 'season'), ('season', 'skrang'), ('skrang', 'bbrpa'), ('bbrpa', 'mentok'), ('mentok', 'diamond'), ('diamond', 'padhal'), ('padhal', 'slalu'), ('slalu', 'dpet'), ('dpet', 'maap'), ('maap', 'uninstall'), ('uninstall', 'mnding'), ('mnding', 'anomali'), ('anomali', 'nyah'), ('nyah', 'parah'), ('parah', 'dsini')]"
['seru'],[]
"['lebih', 'bagus', 'legends', 'legends', 'kalah', 'aneh', 'stres']","[('lebih', 'bagus'), ('bagus', 'legends'), ('legends', 'legends'), ('legends', 'kalah'), ('kalah', 'aneh'), ('aneh', 'stres')]"
"['seru', 'banget']","[('seru', 'banget')]"
"['tolong', 'masukin', 'voice', 'jepang', 'ying', 'icon', 'anak', 'tiri']","[('tolong', 'masukin'), ('masukin', 'voice'), ('voice', 'jepang'), ('jepang', 'ying'), ('ying', 'icon'), ('icon', 'anak'), ('anak', 'tiri')]"
"['qiana', 'almahyra']","[('qiana', 'almahyra')]"
['baik'],[]
"['macthh', 'jelek', 'mulai', 'atur', 'hokk', 'dngan', 'yidak', 'adill']","[('macthh', 'jelek'), ('jelek', 'mulai'), ('mulai', 'atur'), ('atur', 'hokk'), ('hokk', 'dngan'), ('dngan', 'yidak'), ('yidak', 'adill')]"
"['baru', 'coba', 'bagus', 'jika', 'bagus', 'beri', 'ulas', 'lain', 'bintang', 'rangin']","[('baru', 'coba'), ('coba', 'bagus'), ('bagus', 'jika'), ('jika', 'bagus'), ('bagus', 'beri'), ('beri', 'ulas'), ('ulas', 'lain'), ('lain', 'bintang'), ('bintang', 'rangin')]"
"['skin', 'lny', 'kapan', 'resell']","[('skin', 'lny'), ('lny', 'kapan'), ('kapan', 'resell')]"
"['kenapa', 'semua', 'offline', 'mayene', 'offline', 'harap', 'update', 'dalam', 'offline']","[('kenapa', 'semua'), ('semua', 'offline'), ('offline', 'mayene'), ('mayene', 'offline'), ('offline', 'harap'), ('harap', 'update'), ('update', 'dalam'), ('dalam', 'offline')]"
"['lebih', 'seru']","[('lebih', 'seru')]"
"['bintang', 'agak', 'sedikit', 'percaya', 'kalah', 'kurang', 'naik', 'nanti', 'benar', 'bintang']","[('bintang', 'agak'), ('agak', 'sedikit'), ('sedikit', 'percaya'), ('percaya', 'kalah'), ('kalah', 'kurang'), ('kurang', 'naik'), ('naik', 'nanti'), ('nanti', 'benar'), ('benar', 'bintang')]"
"['mantap', 'tarung', 'alam']","[('mantap', 'tarung'), ('tarung', 'alam')]"
"['imbang', 'sepi', 'sampai', 'balenc', 'gtu']","[('imbang', 'sepi'), ('sepi', 'sampai'), ('sampai', 'balenc'), ('balenc', 'gtu')]"
['tiru'],[]
"['bagus', 'top', 'up', 'mahal', 'darksysytem', 'lebih', 'bagus', 'bagus']","[('bagus', 'top'), ('top', 'up'), ('up', 'mahal'), ('mahal', 'darksysytem'), ('darksysytem', 'lebih'), ('lebih', 'bagus'), ('bagus', 'bagus')]"
"['dasar', 'apalikasi', 'sampah', 'lag', 'emosi', 'enggak', 'patas', 'play', 'stor', 'dasar', 'apalikasi', 'sampah', 'hpus', 'play', 'stor', 'oiya', 'jangan', 'dj', 'dowlod', 'gais']","[('dasar', 'apalikasi'), ('apalikasi', 'sampah'), ('sampah', 'lag'), ('lag', 'emosi'), ('emosi', 'enggak'), ('enggak', 'patas'), ('patas', 'play'), ('play', 'stor'), ('stor', 'dasar'), ('dasar', 'apalikasi'), ('apalikasi', 'sampah'), ('sampah', 'hpus'), ('hpus', 'play'), ('play', 'stor'), ('stor', 'oiya'), ('oiya', 'jangan'), ('jangan', 'dj'), ('dj', 'dowlod'), ('dowlod', 'gais')]"
"['gamesnya', 'seru', 'bangetdan', 'lebih', 'keren']","[('gamesnya', 'seru'), ('seru', 'bangetdan'), ('bangetdan', 'lebih'), ('lebih', 'keren')]"
"['maksa', 'suka', 'niru']","[('maksa', 'suka'), ('suka', 'niru')]"
"['puas', 'banyak', 'feed']","[('puas', 'banyak'), ('banyak', 'feed')]"
"['agak', 'kecewa', 'hadiah', 'vs', 'merchant', 'reward', 'sepenuh', 'gratiskarena', 'hadiah', 'sebut', 'kirim', 'negara', 'asal', 'nyata', 'bayar', 'pajak', 'bea', 'cukai', 'biaya', 'admin', 'besar', 'k', 'total']","[('agak', 'kecewa'), ('kecewa', 'hadiah'), ('hadiah', 'vs'), ('vs', 'merchant'), ('merchant', 'reward'), ('reward', 'sepenuh'), ('sepenuh', 'gratiskarena'), ('gratiskarena', 'hadiah'), ('hadiah', 'sebut'), ('sebut', 'kirim'), ('kirim', 'negara'), ('negara', 'asal'), ('asal', 'nyata'), ('nyata', 'bayar'), ('bayar', 'pajak'), ('pajak', 'bea'), ('bea', 'cukai'), ('cukai', 'biaya'), ('biaya', 'admin'), ('admin', 'besar'), ('besar', 'k'), ('k', 'total')]"
"['adil', 'musuh', 'bagus', 'sedang', 'buruk', 'cari', 'lawan', 'tak', 'adil', 'musuh', 'semua', 'sudah', 'pernah', 'lewat', 'grand', 'master', 'sedang', 'diamond', 'tak', 'adil', 'tak', 'urus', 'baik', 'mati']","[('adil', 'musuh'), ('musuh', 'bagus'), ('bagus', 'sedang'), ('sedang', 'buruk'), ('buruk', 'cari'), ('cari', 'lawan'), ('lawan', 'tak'), ('tak', 'adil'), ('adil', 'musuh'), ('musuh', 'semua'), ('semua', 'sudah'), ('sudah', 'pernah'), ('pernah', 'lewat'), ('lewat', 'grand'), ('grand', 'master'), ('master', 'sedang'), ('sedang', 'diamond'), ('diamond', 'tak'), ('tak', 'adil'), ('adil', 'tak'), ('tak', 'urus'), ('urus', 'baik'), ('baik', 'mati')]"
"['bubar', 'gaje', 'isi', 'poke']","[('bubar', 'gaje'), ('gaje', 'isi'), ('isi', 'poke')]"
['oke'],[]
"['banget', 'update', 'habis', 'update', 'bosen']","[('banget', 'update'), ('update', 'habis'), ('habis', 'update'), ('update', 'bosen')]"
"['nyq', 'mangkin', 'jelek', 'mangkin', 'banyak', 'gelap', 'sitem']","[('nyq', 'mangkin'), ('mangkin', 'jelek'), ('jelek', 'mangkin'), ('mangkin', 'banyak'), ('banyak', 'gelap'), ('gelap', 'sitem')]"
['bagus'],[]
['bagus'],[]
"['seruu', 'lama', 'luang', 'lebih', 'seru', 'poko', 'sudah', 'nyesell']","[('seruu', 'lama'), ('lama', 'luang'), ('luang', 'lebih'), ('lebih', 'seru'), ('seru', 'poko'), ('poko', 'sudah'), ('sudah', 'nyesell')]"
"['bagus', 'bangett']","[('bagus', 'bangett')]"
"['sudah', 'bagus', 'developer', 'sedikit', 'ringan']","[('sudah', 'bagus'), ('bagus', 'developer'), ('developer', 'sedikit'), ('sedikit', 'ringan')]"
"['bagus', 'kualitas', 'kuat', 'ram', 'gb']","[('bagus', 'kualitas'), ('kualitas', 'kuat'), ('kuat', 'ram'), ('ram', 'gb')]"
"['cash', 'rewar', 'pernah', 'masuk', 'tarik', 'sampai', 'nunggu', 'blnpun', 'sekarang', 'bisaa', 'makanya', 'tambah', 'sepi', 'cht', 'admin', 'sana', 'bahan', 'sosial', 'media', 'cht', 'semua', 'responya', 'suruh', 'ngulang', 'teruss', 'padahalpostingnku', 'selalu', 'rame']","[('cash', 'rewar'), ('rewar', 'pernah'), ('pernah', 'masuk'), ('masuk', 'tarik'), ('tarik', 'sampai'), ('sampai', 'nunggu'), ('nunggu', 'blnpun'), ('blnpun', 'sekarang'), ('sekarang', 'bisaa'), ('bisaa', 'makanya'), ('makanya', 'tambah'), ('tambah', 'sepi'), ('sepi', 'cht'), ('cht', 'admin'), ('admin', 'sana'), ('sana', 'bahan'), ('bahan', 'sosial'), ('sosial', 'media'), ('media', 'cht'), ('cht', 'semua'), ('semua', 'responya'), ('responya', 'suruh'), ('suruh', 'ngulang'), ('ngulang', 'teruss'), ('teruss', 'padahalpostingnku'), ('padahalpostingnku', 'selalu'), ('selalu', 'rame')]"
"['lebih', 'bagus', 'ketimbang', 'hokmok']","[('lebih', 'bagus'), ('bagus', 'ketimbang'), ('ketimbang', 'hokmok')]"
['suka'],[]
['bgs'],[]
"['tambahin', 'spasi', 'nickname', 'susah', 'banget', 'mikirin', 'nickname', 'bagus', 'gabisa', 'spasi']","[('tambahin', 'spasi'), ('spasi', 'nickname'), ('nickname', 'susah'), ('susah', 'banget'), ('banget', 'mikirin'), ('mikirin', 'nickname'), ('nickname', 'bagus'), ('bagus', 'gabisa'), ('gabisa', 'spasi')]"
"['capek', 'ma', 'darksistem']","[('capek', 'ma'), ('ma', 'darksistem')]"
"['bagus', 'banget']","[('bagus', 'banget')]"
"['anjingg', 'season', 'baru', 'kalah', 'sengaja', 'beri', 'kalah', 'matching', 'selalu', 'filipina', 'notabene', 'noob', 'mid', 'sengaja', 'beri', 'kalah', 'akun', 'upa', 'darah', 'boros', 'skill', 'tekan', 'beberapa', 'baru', 'aktif', 'sinyal', 'bagus', 'rekomendasi', 'sampah']","[('anjingg', 'season'), ('season', 'baru'), ('baru', 'kalah'), ('kalah', 'sengaja'), ('sengaja', 'beri'), ('beri', 'kalah'), ('kalah', 'matching'), ('matching', 'selalu'), ('selalu', 'filipina'), ('filipina', 'notabene'), ('notabene', 'noob'), ('noob', 'mid'), ('mid', 'sengaja'), ('sengaja', 'beri'), ('beri', 'kalah'), ('kalah', 'akun'), ('akun', 'upa'), ('upa', 'darah'), ('darah', 'boros'), ('boros', 'skill'), ('skill', 'tekan'), ('tekan', 'beberapa'), ('beberapa', 'baru'), ('baru', 'aktif'), ('aktif', 'sinyal'), ('sinyal', 'bagus'), ('bagus', 'rekomendasi'), ('rekomendasi', 'sampah')]"
"['suka', 'kolaborasi', 'tung', 'tung', 'sahur', 'and', 'gank', 'harap', 'langsung', 'batal', 'kolaborasi', 'netral']","[('suka', 'kolaborasi'), ('kolaborasi', 'tung'), ('tung', 'tung'), ('tung', 'sahur'), ('sahur', 'and'), ('and', 'gank'), ('gank', 'harap'), ('harap', 'langsung'), ('langsung', 'batal'), ('batal', 'kolaborasi'), ('kolaborasi', 'netral')]"
"['ayo', 'bagus', 'minta', 'skin', 'milik', 'guna', 'dalam', 'offline']","[('ayo', 'bagus'), ('bagus', 'minta'), ('minta', 'skin'), ('skin', 'milik'), ('milik', 'guna'), ('guna', 'dalam'), ('dalam', 'offline')]"
"['musuh', 'poke', 'semua']","[('musuh', 'poke'), ('poke', 'semua')]"
['bagus'],[]
"['kenapa', 'hapus', 'foto', 'kena']","[('kenapa', 'hapus'), ('hapus', 'foto'), ('foto', 'kena')]"
"['bagus', 'developer', 'tolong', 'buatin', 'lite', 'biar', 'lancar', 'penuh', 'plss']","[('bagus', 'developer'), ('developer', 'tolong'), ('tolong', 'buatin'), ('buatin', 'lite'), ('lite', 'biar'), ('biar', 'lancar'), ('lancar', 'penuh'), ('penuh', 'plss')]"
"['buruk', 'sesal', 'spend', 'uang', 'balench', 'bot', 'mending', 'tutup', 'sudah', 'urusin', 'tu', 'aov', 'epic', 'bot', 'ma', 'buruk', 'nobles', 'refun', 'vochernya', 'tambah', 'habis', 'update', 'bug', 'mana', 'mulai', 'sampek', 'tampil']","[('buruk', 'sesal'), ('sesal', 'spend'), ('spend', 'uang'), ('uang', 'balench'), ('balench', 'bot'), ('bot', 'mending'), ('mending', 'tutup'), ('tutup', 'sudah'), ('sudah', 'urusin'), ('urusin', 'tu'), ('tu', 'aov'), ('aov', 'epic'), ('epic', 'bot'), ('bot', 'ma'), ('ma', 'buruk'), ('buruk', 'nobles'), ('nobles', 'refun'), ('refun', 'vochernya'), ('vochernya', 'tambah'), ('tambah', 'habis'), ('habis', 'update'), ('update', 'bug'), ('bug', 'mana'), ('mana', 'mulai'), ('mulai', 'sampek'), ('sampek', 'tampil')]"
"['nomor', 'king', 'soon']","[('nomor', 'king'), ('king', 'soon')]"
"['ma', 'bagus', 'mantap', 'mainin', 'gravik', 'bagus', 'bintang']","[('ma', 'bagus'), ('bagus', 'mantap'), ('mantap', 'mainin'), ('mainin', 'gravik'), ('gravik', 'bagus'), ('bagus', 'bintang')]"
"['bagus', 'suka']","[('bagus', 'suka')]"
['seru'],[]
"['lebih', 'bagus']","[('lebih', 'bagus')]"
['niru'],[]
['bagus'],[]
"['gema', 'buruk', 'hampir', 'pecahin', 'sendiri', 'gara', 'gara', 'gema', 'an']","[('gema', 'buruk'), ('buruk', 'hampir'), ('hampir', 'pecahin'), ('pecahin', 'sendiri'), ('sendiri', 'gara'), ('gara', 'gara'), ('gara', 'gema'), ('gema', 'an')]"
"['this', 'good', 'gitu', 'suka', 'adu', 'domba']","[('this', 'good'), ('good', 'gitu'), ('gitu', 'suka'), ('suka', 'adu'), ('adu', 'domba')]"
"['wareg', 'bansos', 'minus', 'server', 'terlalu', 'berat', 'sehingga', 'bagi', 'beban', 'tanggung', 'lag', 'crash', 'pisah', 'server', 'china', 'global']","[('wareg', 'bansos'), ('bansos', 'minus'), ('minus', 'server'), ('server', 'terlalu'), ('terlalu', 'berat'), ('berat', 'sehingga'), ('sehingga', 'bagi'), ('bagi', 'beban'), ('beban', 'tanggung'), ('tanggung', 'lag'), ('lag', 'crash'), ('crash', 'pisah'), ('pisah', 'server'), ('server', 'china'), ('china', 'global')]"
['suka'],[]
"['hampir', 'mirip', 'lebih', 'banyak', 'mana', 'diomand', 'koin']","[('hampir', 'mirip'), ('mirip', 'lebih'), ('lebih', 'banyak'), ('banyak', 'mana'), ('mana', 'diomand'), ('diomand', 'koin')]"
"['mantap', 'jiwa', 'bos']","[('mantap', 'jiwa'), ('jiwa', 'bos')]"
"['bagus', 'asik', 'bosenin', 'teman', 'luar', 'negri']","[('bagus', 'asik'), ('asik', 'bosenin'), ('bosenin', 'teman'), ('teman', 'luar'), ('luar', 'negri')]"
"['mobil', 'lenjes']","[('mobil', 'lenjes')]"
['bagus'],[]
[],[]
"['it', 'sbb', 'nak', 'hukum', 'krn', 'kluar', 'app', 'sndiri']","[('it', 'sbb'), ('sbb', 'nak'), ('nak', 'hukum'), ('hukum', 'krn'), ('krn', 'kluar'), ('kluar', 'app'), ('app', 'sndiri')]"
"['semua', 'bagus', 'kecuali', 'suka', 'tibatiba', 'ngefreez', 'lama', 'detik', 'momen', 'crusial', 'mati', 'tolong', 'baik', 'masalah', 'fps', 'drop', 'masuk', 'akal']","[('semua', 'bagus'), ('bagus', 'kecuali'), ('kecuali', 'suka'), ('suka', 'tibatiba'), ('tibatiba', 'ngefreez'), ('ngefreez', 'lama'), ('lama', 'detik'), ('detik', 'momen'), ('momen', 'crusial'), ('crusial', 'mati'), ('mati', 'tolong'), ('tolong', 'baik'), ('baik', 'masalah'), ('masalah', 'fps'), ('fps', 'drop'), ('drop', 'masuk'), ('masuk', 'akal')]"
"['sru', 'banget']","[('sru', 'banget')]"
['ciplak'],[]
"['bagus', 'seru']","[('bagus', 'seru')]"
"['masalah', 'wifi', 'tambah', 'seluler', 'ajar', 'sana', 'kau', 'hina', 'hina', 'masalah']","[('masalah', 'wifi'), ('wifi', 'tambah'), ('tambah', 'seluler'), ('seluler', 'ajar'), ('ajar', 'sana'), ('sana', 'kau'), ('kau', 'hina'), ('hina', 'hina'), ('hina', 'masalah')]"
"['mohon', 'kecil', 'versi', 'lite', 'ponsel', 'lebih', 'rendah', 'lebih', 'lancar']","[('mohon', 'kecil'), ('kecil', 'versi'), ('versi', 'lite'), ('lite', 'ponsel'), ('ponsel', 'lebih'), ('lebih', 'rendah'), ('rendah', 'lebih'), ('lebih', 'lancar')]"
"['adil', 'terlalu', 'frustasi', 'jamin', 'menang', 'skin', 'gratis', 'bundle', 'murah', 'banget']","[('adil', 'terlalu'), ('terlalu', 'frustasi'), ('frustasi', 'jamin'), ('jamin', 'menang'), ('menang', 'skin'), ('skin', 'gratis'), ('gratis', 'bundle'), ('bundle', 'murah'), ('murah', 'banget')]"
"['games', 'bagus', 'tampil', 'bagus', 'banyak', 'toxic', 'gelap']","[('games', 'bagus'), ('bagus', 'tampil'), ('tampil', 'bagus'), ('bagus', 'banyak'), ('banyak', 'toxic'), ('toxic', 'gelap')]"
['senang'],[]
"['bagus', 'suka', 'banget', 'model', 'skinnya', 'tutorial', 'bantu']","[('bagus', 'suka'), ('suka', 'banget'), ('banget', 'model'), ('model', 'skinnya'), ('skinnya', 'tutorial'), ('tutorial', 'bantu')]"
"['kemarin', 'master', 'l', 'diupdate', 'turun', 'diamond', 'v', 'parah', 'eror', 'banget']","[('kemarin', 'master'), ('master', 'l'), ('l', 'diupdate'), ('diupdate', 'turun'), ('turun', 'diamond'), ('diamond', 'v'), ('v', 'parah'), ('parah', 'eror'), ('eror', 'banget')]"
"['so', 'fun']","[('so', 'fun')]"
"['bagus', 'banget', 'tingkat', 'moga', 'moda', 'ofline']","[('bagus', 'banget'), ('banget', 'tingkat'), ('tingkat', 'moga'), ('moga', 'moda'), ('moda', 'ofline')]"
"['adil', 'gausa', 'bales']","[('adil', 'gausa'), ('gausa', 'bales')]"
['seru'],[]
"['kebut', 'siupdatenya', 'biar', 'server', 'china']","[('kebut', 'siupdatenya'), ('siupdatenya', 'biar'), ('biar', 'server'), ('server', 'china')]"
['good'],[]
"['tolong', 'tambah', 'makin', 'seru']","[('tolong', 'tambah'), ('tambah', 'makin'), ('makin', 'seru')]"
"['bagus', 'grafik', 'gta', 'salah', 'mungkin']","[('bagus', 'grafik'), ('grafik', 'gta'), ('gta', 'salah'), ('salah', 'mungkin')]"
"['bagus', 'minimal', 'milik', 'alam', 'buruk', 'yaitu', 'musuh', 'padan', 'lagcrash', 'pasuk', 'tanding', 'akhir', 'tanding', 'dar', 'saran', 'minimal', 'tolong', 'versi', 'kentang', 'minimal', 'pasuk', 'ui', 'sinyal', 'asa', 'lag', 'buka', 'apk', 'lain', 'youtube', 'lancar', 'moga', 'saran', 'dengar', 'good', 'job', 'selalu']","[('bagus', 'minimal'), ('minimal', 'milik'), ('milik', 'alam'), ('alam', 'buruk'), ('buruk', 'yaitu'), ('yaitu', 'musuh'), ('musuh', 'padan'), ('padan', 'lagcrash'), ('lagcrash', 'pasuk'), ('pasuk', 'tanding'), ('tanding', 'akhir'), ('akhir', 'tanding'), ('tanding', 'dar'), ('dar', 'saran'), ('saran', 'minimal'), ('minimal', 'tolong'), ('tolong', 'versi'), ('versi', 'kentang'), ('kentang', 'minimal'), ('minimal', 'pasuk'), ('pasuk', 'ui'), ('ui', 'sinyal'), ('sinyal', 'asa'), ('asa', 'lag'), ('lag', 'buka'), ('buka', 'apk'), ('apk', 'lain'), ('lain', 'youtube'), ('youtube', 'lancar'), ('lancar', 'moga'), ('moga', 'saran'), ('saran', 'dengar'), ('dengar', 'good'), ('good', 'job'), ('job', 'selalu')]"
"['sekarang', 'mayan', 'bagus', 'matchnya', 'masalah', 'contoh', 'ketidakseimbangan', 'noob', 'musuh', 'pro', 'semua', 'walau', 'rusak', 'sejak', 'masuk', 'indonesia', 'server', 'lain', 'imbang']","[('sekarang', 'mayan'), ('mayan', 'bagus'), ('bagus', 'matchnya'), ('matchnya', 'masalah'), ('masalah', 'contoh'), ('contoh', 'ketidakseimbangan'), ('ketidakseimbangan', 'noob'), ('noob', 'musuh'), ('musuh', 'pro'), ('pro', 'semua'), ('semua', 'walau'), ('walau', 'rusak'), ('rusak', 'sejak'), ('sejak', 'masuk'), ('masuk', 'indonesia'), ('indonesia', 'server'), ('server', 'lain'), ('lain', 'imbang')]"
"['susah', 'selalu', 'ditroll', 'hukum', 'sesuai', 'sampah']","[('susah', 'selalu'), ('selalu', 'ditroll'), ('ditroll', 'hukum'), ('hukum', 'sesuai'), ('sesuai', 'sampah')]"
"['suka', 'menyerurakan', 'suka', 'jelas', 'bagus', 'yaitu', 'kalah', 'bitang', 'turun', 'naek', 'aneh', 'mending', 'hapus']","[('suka', 'menyerurakan'), ('menyerurakan', 'suka'), ('suka', 'jelas'), ('jelas', 'bagus'), ('bagus', 'yaitu'), ('yaitu', 'kalah'), ('kalah', 'bitang'), ('bitang', 'turun'), ('turun', 'naek'), ('naek', 'aneh'), ('aneh', 'mending'), ('mending', 'hapus')]"
"['tambah', 'keren', 'gamesugoi']","[('tambah', 'keren'), ('keren', 'gamesugoi')]"
"['play', 'seru', 'banyak', 'bot', 'event', 'scam', 'push', 'lose', 'streak', 'gm', 'master', 'll', 'push', 'pagi', 'sampai', 'nyesel', 'report', 'aneh', 'dia', 'support', 'mm', 'alhasil', 'kalah', 'report', 'kena', 'hukum', 'kocak', 'benar', 'jangan', 'buang']","[('play', 'seru'), ('seru', 'banyak'), ('banyak', 'bot'), ('bot', 'event'), ('event', 'scam'), ('scam', 'push'), ('push', 'lose'), ('lose', 'streak'), ('streak', 'gm'), ('gm', 'master'), ('master', 'll'), ('ll', 'push'), ('push', 'pagi'), ('pagi', 'sampai'), ('sampai', 'nyesel'), ('nyesel', 'report'), ('report', 'aneh'), ('aneh', 'dia'), ('dia', 'support'), ('support', 'mm'), ('mm', 'alhasil'), ('alhasil', 'kalah'), ('kalah', 'report'), ('report', 'kena'), ('kena', 'hukum'), ('hukum', 'kocak'), ('kocak', 'benar'), ('benar', 'jangan'), ('jangan', 'buang')]"
"['lucu', 'seru']","[('lucu', 'seru')]"
"['sampah', 'gera', 'kaku', 'mustahil', 'menang', 'silver', 'mvp', 'kalah', 'mending', 'uninstall', 'sudah']","[('sampah', 'gera'), ('gera', 'kaku'), ('kaku', 'mustahil'), ('mustahil', 'menang'), ('menang', 'silver'), ('silver', 'mvp'), ('mvp', 'kalah'), ('kalah', 'mending'), ('mending', 'uninstall'), ('uninstall', 'sudah')]"
"['baik', 'mention', 'moment', 'gapernah', 'bangke']","[('baik', 'mention'), ('mention', 'moment'), ('moment', 'gapernah'), ('gapernah', 'bangke')]"
"['idioott', 'cem', 'taekk', 'idiot', 'banget', 'lawan', 'jago', 'jago', 'sampah']","[('idioott', 'cem'), ('cem', 'taekk'), ('taekk', 'idiot'), ('idiot', 'banget'), ('banget', 'lawan'), ('lawan', 'jago'), ('jago', 'jago'), ('jago', 'sampah')]"
"['no', 'komen', 'bintang', 'poko']","[('no', 'komen'), ('komen', 'bintang'), ('bintang', 'poko')]"
"['tolong', 'baik', 'masa', 'ketemu', 'jelas', 'mungkin', 'death', 'jika', 'begini', 'bahkan', 'lebih', 'parah']","[('tolong', 'baik'), ('baik', 'masa'), ('masa', 'ketemu'), ('ketemu', 'jelas'), ('jelas', 'mungkin'), ('mungkin', 'death'), ('death', 'jika'), ('jika', 'begini'), ('begini', 'bahkan'), ('bahkan', 'lebih'), ('lebih', 'parah')]"
"['tolong', 'henti', 'rubah', 'sperti', 'prince', 'lanling', 'gao', 'changgong', 'princess', 'forst', 'wang', 'zaojung', 'chines', 'sulit', 'hafal']","[('tolong', 'henti'), ('henti', 'rubah'), ('rubah', 'sperti'), ('sperti', 'prince'), ('prince', 'lanling'), ('lanling', 'gao'), ('gao', 'changgong'), ('changgong', 'princess'), ('princess', 'forst'), ('forst', 'wang'), ('wang', 'zaojung'), ('zaojung', 'chines'), ('chines', 'sulit'), ('sulit', 'hafal')]"
"['asli', 'tagih', 'cuma', 'lama', 'lama', 'size', 'bengkak', 'segi', 'grafik', 'skin', 'paling', 'favorit', 'mantap', 'nyesel', 'skin', 'suka', 'banget', 'story', 'heroheronya', 'selain', 'cakep', 'mudah', 'ajar', 'minus', 'cuma', 'ketemu', 'server', 'luar', 'lag', 'parah', 'banget', 'baik', 'kembang']","[('asli', 'tagih'), ('tagih', 'cuma'), ('cuma', 'lama'), ('lama', 'lama'), ('lama', 'size'), ('size', 'bengkak'), ('bengkak', 'segi'), ('segi', 'grafik'), ('grafik', 'skin'), ('skin', 'paling'), ('paling', 'favorit'), ('favorit', 'mantap'), ('mantap', 'nyesel'), ('nyesel', 'skin'), ('skin', 'suka'), ('suka', 'banget'), ('banget', 'story'), ('story', 'heroheronya'), ('heroheronya', 'selain'), ('selain', 'cakep'), ('cakep', 'mudah'), ('mudah', 'ajar'), ('ajar', 'minus'), ('minus', 'cuma'), ('cuma', 'ketemu'), ('ketemu', 'server'), ('server', 'luar'), ('luar', 'lag'), ('lag', 'parah'), ('parah', 'banget'), ('banget', 'baik'), ('baik', 'kembang')]"
"['tolong', 'bug', 'keluar', 'sendiri', 'baik', 'fps', 'kadang', 'buruk', 'fps', 'fps', 'keluar', 'sendiri', 'update', 'sekarang', 'terlalu', 'berat', 'midrange', 'suka', 'forclose', 'satu', 'aplikasi', 'lain', 'tutup']","[('tolong', 'bug'), ('bug', 'keluar'), ('keluar', 'sendiri'), ('sendiri', 'baik'), ('baik', 'fps'), ('fps', 'kadang'), ('kadang', 'buruk'), ('buruk', 'fps'), ('fps', 'fps'), ('fps', 'keluar'), ('keluar', 'sendiri'), ('sendiri', 'update'), ('update', 'sekarang'), ('sekarang', 'terlalu'), ('terlalu', 'berat'), ('berat', 'midrange'), ('midrange', 'suka'), ('suka', 'forclose'), ('forclose', 'satu'), ('satu', 'aplikasi'), ('aplikasi', 'lain'), ('lain', 'tutup')]"
['taek'],[]
"['bagus', 'bett', 'nyaa']","[('bagus', 'bett'), ('bett', 'nyaa')]"
"['kecewa', 'bug', 'profile', 'sampai', 'sekarang', 'nga', 'rusak', 'upload', 'foto', 'profil', 'galeri', 'susah', 'nga', 'rusak', 'bug', 'gitu']","[('kecewa', 'bug'), ('bug', 'profile'), ('profile', 'sampai'), ('sampai', 'sekarang'), ('sekarang', 'nga'), ('nga', 'rusak'), ('rusak', 'upload'), ('upload', 'foto'), ('foto', 'profil'), ('profil', 'galeri'), ('galeri', 'susah'), ('susah', 'nga'), ('nga', 'rusak'), ('rusak', 'bug'), ('bug', 'gitu')]"
"['bagus', 'bantu', 'kenal', 'lain']","[('bagus', 'bantu'), ('bantu', 'kenal'), ('kenal', 'lain')]"
"['asik', 'hibur']","[('asik', 'hibur')]"
"['bagus', 'bagus', 'letak', 'karakter', 'mirip', 'mohon', 'king', 'agak', 'rubah', 'beda', 'bukan', 'singgung', 'beri', 'saran', 'mohon', 'maaf', 'besar', 'besanya', 'komentar', 'singgung', 'sindir', 'pem', 'king', 'mohon', 'maaf', 'maaf', 'maaf', 'maaf', 'besar', 'besar', 'maaf', 'maaf', 'maaf', 'maaf', 'maaf', 'maaf', 'maaf', 'maaf']","[('bagus', 'bagus'), ('bagus', 'letak'), ('letak', 'karakter'), ('karakter', 'mirip'), ('mirip', 'mohon'), ('mohon', 'king'), ('king', 'agak'), ('agak', 'rubah'), ('rubah', 'beda'), ('beda', 'bukan'), ('bukan', 'singgung'), ('singgung', 'beri'), ('beri', 'saran'), ('saran', 'mohon'), ('mohon', 'maaf'), ('maaf', 'besar'), ('besar', 'besanya'), ('besanya', 'komentar'), ('komentar', 'singgung'), ('singgung', 'sindir'), ('sindir', 'pem'), ('pem', 'king'), ('king', 'mohon'), ('mohon', 'maaf'), ('maaf', 'maaf'), ('maaf', 'maaf'), ('maaf', 'maaf'), ('maaf', 'besar'), ('besar', 'besar'), ('besar', 'maaf'), ('maaf', 'maaf'), ('maaf', 'maaf'), ('maaf', 'maaf'), ('maaf', 'maaf'), ('maaf', 'maaf'), ('maaf', 'maaf'), ('maaf', 'maaf')]"
"['suka', 'bagus', 'bagus']","[('suka', 'bagus'), ('bagus', 'bagus')]"
['good'],[]
"['mantap', 'jiwa', 'mempeson', 'suka', 'seru', 'banget']","[('mantap', 'jiwa'), ('jiwa', 'mempeson'), ('mempeson', 'suka'), ('suka', 'seru'), ('seru', 'banget')]"
"['skarang', 'ngelaig', 'karuan', 'lodibg', 'lelet']","[('skarang', 'ngelaig'), ('ngelaig', 'karuan'), ('karuan', 'lodibg'), ('lodibg', 'lelet')]"
"['sy', 'bagus', 'mana', 'offline', 'behh', 'menyalaa']","[('sy', 'bagus'), ('bagus', 'mana'), ('mana', 'offline'), ('offline', 'behh'), ('behh', 'menyalaa')]"
"['good', 'banyak', 'gratis', 'skin']","[('good', 'banyak'), ('banyak', 'gratis'), ('gratis', 'skin')]"
"['seru', 'banget', 'mainin']","[('seru', 'banget'), ('banget', 'mainin')]"
"['betul', 'cukup', 'suka', 'tetapi', 'matching', 'jelek', 'terlalu', 'barufeeding', 'sedang', 'musuh', 'sudah', 'ratus', 'makin', 'buruk', 'hukum', 'kurang', 'berat', 'report', 'ubah', 'otomatis', 'meski', 'tambah', 'report', 'dua', 'tetapi', 'gagal', 'kena', 'hukum', 'entah', 'feeding', 'curi', 'sesuai', 'rolenya', 'isi', 'mid', 'tetapi', 'ambil', 'jungle', 'tanpa', 'jaga', 'mid']","[('betul', 'cukup'), ('cukup', 'suka'), ('suka', 'tetapi'), ('tetapi', 'matching'), ('matching', 'jelek'), ('jelek', 'terlalu'), ('terlalu', 'barufeeding'), ('barufeeding', 'sedang'), ('sedang', 'musuh'), ('musuh', 'sudah'), ('sudah', 'ratus'), ('ratus', 'makin'), ('makin', 'buruk'), ('buruk', 'hukum'), ('hukum', 'kurang'), ('kurang', 'berat'), ('berat', 'report'), ('report', 'ubah'), ('ubah', 'otomatis'), ('otomatis', 'meski'), ('meski', 'tambah'), ('tambah', 'report'), ('report', 'dua'), ('dua', 'tetapi'), ('tetapi', 'gagal'), ('gagal', 'kena'), ('kena', 'hukum'), ('hukum', 'entah'), ('entah', 'feeding'), ('feeding', 'curi'), ('curi', 'sesuai'), ('sesuai', 'rolenya'), ('rolenya', 'isi'), ('isi', 'mid'), ('mid', 'tetapi'), ('tetapi', 'ambil'), ('ambil', 'jungle'), ('jungle', 'tanpa'), ('tanpa', 'jaga'), ('jaga', 'mid')]"
[],[]
"['kelamin', 'wanita', 'jujur', 'kecewa', 'berat', 'cocok', 'lawan', 'kawan', 'berat', 'kelamin', 'priakalau', 'beri', 'benar', 'kelamin', 'pria', 'apakah', 'terlalu', 'sepi', 'lalu', 'teman', 'asli', 'ganti', 'ai', 'aneh', 'percuma', 'gait', 'banyak', 'event', 'kyk', 'kelamin', 'pria', 'cocok', 'sampah', 'biasa', 'tolong', 'lh', 'belum', 'sudah', 'sudah', 'cukup', 'sabar', 'cukup', 'sudah']","[('kelamin', 'wanita'), ('wanita', 'jujur'), ('jujur', 'kecewa'), ('kecewa', 'berat'), ('berat', 'cocok'), ('cocok', 'lawan'), ('lawan', 'kawan'), ('kawan', 'berat'), ('berat', 'kelamin'), ('kelamin', 'priakalau'), ('priakalau', 'beri'), ('beri', 'benar'), ('benar', 'kelamin'), ('kelamin', 'pria'), ('pria', 'apakah'), ('apakah', 'terlalu'), ('terlalu', 'sepi'), ('sepi', 'lalu'), ('lalu', 'teman'), ('teman', 'asli'), ('asli', 'ganti'), ('ganti', 'ai'), ('ai', 'aneh'), ('aneh', 'percuma'), ('percuma', 'gait'), ('gait', 'banyak'), ('banyak', 'event'), ('event', 'kyk'), ('kyk', 'kelamin'), ('kelamin', 'pria'), ('pria', 'cocok'), ('cocok', 'sampah'), ('sampah', 'biasa'), ('biasa', 'tolong'), ('tolong', 'lh'), ('lh', 'belum'), ('belum', 'sudah'), ('sudah', 'sudah'), ('sudah', 'cukup'), ('cukup', 'sabar'), ('sabar', 'cukup'), ('cukup', 'sudah')]"
"['menganggu', 'banget', 'iklan']","[('menganggu', 'banget'), ('banget', 'iklan')]"
"['dalam', 'ping', 'bagus', 'lag', 'paksa', 'uninstal']","[('dalam', 'ping'), ('ping', 'bagus'), ('bagus', 'lag'), ('lag', 'paksa'), ('paksa', 'uninstal')]"
"['bagus', 'sihh', 'hape', 'jadul', 'lag', 'gitu', 'lho', 'maap', 'yaa']","[('bagus', 'sihh'), ('sihh', 'hape'), ('hape', 'jadul'), ('jadul', 'lag'), ('lag', 'gitu'), ('gitu', 'lho'), ('lho', 'maap'), ('maap', 'yaa')]"
['oke'],[]
"['semua', 'punya', 'buruk', 'mending', 'balik', 'emel', 'sana', 'gg', 'mas', 'menang', 'gg', 'binatang', 'menang', 'alias', 'ramah', 'based', 'cocok', 'indo', 'sedikit', 'alias', 'sepi', 'mending', 'emel', 'meski', 'kalah', 'grafik', 'tetap', 'happy', 'grafik', 'bagus', 'banyak', 'skin', 'gratis', 'playernya', 'stres', 'binatang', 'lebih']","[('semua', 'punya'), ('punya', 'buruk'), ('buruk', 'mending'), ('mending', 'balik'), ('balik', 'emel'), ('emel', 'sana'), ('sana', 'gg'), ('gg', 'mas'), ('mas', 'menang'), ('menang', 'gg'), ('gg', 'binatang'), ('binatang', 'menang'), ('menang', 'alias'), ('alias', 'ramah'), ('ramah', 'based'), ('based', 'cocok'), ('cocok', 'indo'), ('indo', 'sedikit'), ('sedikit', 'alias'), ('alias', 'sepi'), ('sepi', 'mending'), ('mending', 'emel'), ('emel', 'meski'), ('meski', 'kalah'), ('kalah', 'grafik'), ('grafik', 'tetap'), ('tetap', 'happy'), ('happy', 'grafik'), ('grafik', 'bagus'), ('bagus', 'banyak'), ('banyak', 'skin'), ('skin', 'gratis'), ('gratis', 'playernya'), ('playernya', 'stres'), ('stres', 'binatang'), ('binatang', 'lebih')]"
"['android', 'sudah', 'kuat', 'banyak', 'bug', 'paksa', 'hapus', 'bengkak', 'ruang']","[('android', 'sudah'), ('sudah', 'kuat'), ('kuat', 'banyak'), ('banyak', 'bug'), ('bug', 'paksa'), ('paksa', 'hapus'), ('hapus', 'bengkak'), ('bengkak', 'ruang')]"
['baik'],[]
"['bagus', 'karakter', 'gratis']","[('bagus', 'karakter'), ('karakter', 'gratis')]"
"['ngiklan', 'tempat', 'sepi']","[('ngiklan', 'tempat'), ('tempat', 'sepi')]"
"['sanga', 'bagus']","[('sanga', 'bagus')]"
"['verry', 'good']","[('verry', 'good')]"
"['dear', 'timi', 'kenapa', 'poin', 'tambah', 'kurang', 'sudah', 'riset']","[('dear', 'timi'), ('timi', 'kenapa'), ('kenapa', 'poin'), ('poin', 'tambah'), ('tambah', 'kurang'), ('kurang', 'sudah'), ('sudah', 'riset')]"
"['nggk', 'jelas', 'report', 'nggk', 'deteksi', 'dia', 'masalah', 'jelas', 'nggk', 'kontribusi', 'gitu', 'ngerasa', 'karakter', 'lemah', 'banget', 'item', 'adu', 'damage', 'tetap', 'kalah', 'item', 'tetap', 'damage', 'tipis', 'item', 'sesuai', 'kondisi', 'lawan', 'enak', 'critical', 'nggk', 'enak', 'kalah', 'kritikal', 'nggk', 'keluar', 'asa', 'nggk', 'jelas']","[('nggk', 'jelas'), ('jelas', 'report'), ('report', 'nggk'), ('nggk', 'deteksi'), ('deteksi', 'dia'), ('dia', 'masalah'), ('masalah', 'jelas'), ('jelas', 'nggk'), ('nggk', 'kontribusi'), ('kontribusi', 'gitu'), ('gitu', 'ngerasa'), ('ngerasa', 'karakter'), ('karakter', 'lemah'), ('lemah', 'banget'), ('banget', 'item'), ('item', 'adu'), ('adu', 'damage'), ('damage', 'tetap'), ('tetap', 'kalah'), ('kalah', 'item'), ('item', 'tetap'), ('tetap', 'damage'), ('damage', 'tipis'), ('tipis', 'item'), ('item', 'sesuai'), ('sesuai', 'kondisi'), ('kondisi', 'lawan'), ('lawan', 'enak'), ('enak', 'critical'), ('critical', 'nggk'), ('nggk', 'enak'), ('enak', 'kalah'), ('kalah', 'kritikal'), ('kritikal', 'nggk'), ('nggk', 'keluar'), ('keluar', 'asa'), ('asa', 'nggk'), ('nggk', 'jelas')]"
"['beratt', 'banget']","[('beratt', 'banget')]"
"['overall', 'bagus', 'kendala', 'sinyal', 'masalah', 'hitung']","[('overall', 'bagus'), ('bagus', 'kendala'), ('kendala', 'sinyal'), ('sinyal', 'masalah'), ('masalah', 'hitung')]"
"['bagus', 'banget', 'pernah', 'coba']","[('bagus', 'banget'), ('banget', 'pernah'), ('pernah', 'coba')]"
"['terlalu', 'dermawan']","[('terlalu', 'dermawan')]"
"['selalu', 'lawan', 'jago', 'adil']","[('selalu', 'lawan'), ('lawan', 'jago'), ('jago', 'adil')]"
"['makin', 'report', 'makin', 'sampah']","[('makin', 'report'), ('report', 'makin'), ('makin', 'sampah')]"
"['done', 'minimal', 'sudah']","[('done', 'minimal'), ('minimal', 'sudah')]"
"['bagus', 'suka', 'meyene']","[('bagus', 'suka'), ('suka', 'meyene')]"
"['tuntut', 'biar', 'lenyap']","[('tuntut', 'biar'), ('biar', 'lenyap')]"
"['banyak', 'bug', 'contoh', 'bug', 'suruh', 'unduh', 'baik', 'bug', 'developer']","[('banyak', 'bug'), ('bug', 'contoh'), ('contoh', 'bug'), ('bug', 'suruh'), ('suruh', 'unduh'), ('unduh', 'baik'), ('baik', 'bug'), ('bug', 'developer')]"
"['klw', 'beri', 'jgn', 'bot', 'gaadil', 'gitu', 'musuh', 'proplayer', 'tom', 'bot']","[('klw', 'beri'), ('beri', 'jgn'), ('jgn', 'bot'), ('bot', 'gaadil'), ('gaadil', 'gitu'), ('gitu', 'musuh'), ('musuh', 'proplayer'), ('proplayer', 'tom'), ('tom', 'bot')]"
"['aneh', 'akun', 'facebook', 'gerak', 'nunggu', 'lama', 'tetap', 'masuk', 'harap', 'baik', 'masalah']","[('aneh', 'akun'), ('akun', 'facebook'), ('facebook', 'gerak'), ('gerak', 'nunggu'), ('nunggu', 'lama'), ('lama', 'tetap'), ('tetap', 'masuk'), ('masuk', 'harap'), ('harap', 'baik'), ('baik', 'masalah')]"
"['bagus', 'l']","[('bagus', 'l')]"
"['bagus', 'seru', 'cantik', 'ganteng', 'mabar', 'teman', 'pasti', 'seru', 'yuk', 'coba']","[('bagus', 'seru'), ('seru', 'cantik'), ('cantik', 'ganteng'), ('ganteng', 'mabar'), ('mabar', 'teman'), ('teman', 'pasti'), ('pasti', 'seru'), ('seru', 'yuk'), ('yuk', 'coba')]"
"['bagus', 'kurang', 'cuma', 'updatenya', 'biar', 'skin', 'baru', 'meski', 'baru']","[('bagus', 'kurang'), ('kurang', 'cuma'), ('cuma', 'updatenya'), ('updatenya', 'biar'), ('biar', 'skin'), ('skin', 'baru'), ('baru', 'meski'), ('meski', 'baru')]"
"['andai', 'size', 'gb', 'pasti', 'v']","[('andai', 'size'), ('size', 'gb'), ('gb', 'pasti'), ('pasti', 'v')]"
"['bahkan', 'pacar', 'china', 'suka', 'suka', 'seru']","[('bahkan', 'pacar'), ('pacar', 'china'), ('china', 'suka'), ('suka', 'suka'), ('suka', 'seru')]"
"['pintar', 'roamer', 'tank', 'buta']","[('pintar', 'roamer'), ('roamer', 'tank'), ('tank', 'buta')]"
"['teman', 'jelek', 'kalah', 'rating', 'ngurang', 'bintang']","[('teman', 'jelek'), ('jelek', 'kalah'), ('kalah', 'rating'), ('rating', 'ngurang'), ('ngurang', 'bintang')]"
"['seru', 'pernah', 'beberapa', 'pilih', 'tunjuk', 'biasa', 'masuk', 'bug', 'masuk', 'meski', 'sudah', 'tunggu', 'lama', 'tolong', 'baik', 'bug']","[('seru', 'pernah'), ('pernah', 'beberapa'), ('beberapa', 'pilih'), ('pilih', 'tunjuk'), ('tunjuk', 'biasa'), ('biasa', 'masuk'), ('masuk', 'bug'), ('bug', 'masuk'), ('masuk', 'meski'), ('meski', 'sudah'), ('sudah', 'tunggu'), ('tunggu', 'lama'), ('lama', 'tolong'), ('tolong', 'baik'), ('baik', 'bug')]"
"['best', 'games', 'but', 'please', 'make', 'matchup', 'same', 'as', 'our', 'level', 'adapt', 'whole', 'situation', 'overall', 'best', 'and', 'enjoyable']","[('best', 'games'), ('games', 'but'), ('but', 'please'), ('please', 'make'), ('make', 'matchup'), ('matchup', 'same'), ('same', 'as'), ('as', 'our'), ('our', 'level'), ('level', 'adapt'), ('adapt', 'whole'), ('whole', 'situation'), ('situation', 'overall'), ('overall', 'best'), ('best', 'and'), ('and', 'enjoyable')]"
"['harap', 'jangan', 'muncul', 'iklan', 'aplikasi', 'menggangu']","[('harap', 'jangan'), ('jangan', 'muncul'), ('muncul', 'iklan'), ('iklan', 'aplikasi'), ('aplikasi', 'menggangu')]"
"['jelekk', 'buruk']","[('jelekk', 'buruk')]"
"['engak', 'adil', 'musuh', 'terlalu', 'kuat', 'jangan', 'terlalu', 'kompetitif', 'jangan', 'tiru', 'terlalu', 'sulit']","[('engak', 'adil'), ('adil', 'musuh'), ('musuh', 'terlalu'), ('terlalu', 'kuat'), ('kuat', 'jangan'), ('jangan', 'terlalu'), ('terlalu', 'kompetitif'), ('kompetitif', 'jangan'), ('jangan', 'tiru'), ('tiru', 'terlalu'), ('terlalu', 'sulit')]"
['bagus'],[]
"['terlalu', 'banyak', 'makan', 'memory', 'tolong', 'baik']","[('terlalu', 'banyak'), ('banyak', 'makan'), ('makan', 'memory'), ('memory', 'tolong'), ('tolong', 'baik')]"
"['enak', 'lagend']","[('enak', 'lagend')]"
"['seru', 'banget']","[('seru', 'banget')]"
"['sempurna', 'satu', 'males', 'ivent', 'terlalu', 'sulit', 'diam', 'ngerti', 'belum', 'liris', 'playstor', 'ivent', 'mudah', 'lama', 'lama', 'susah']","[('sempurna', 'satu'), ('satu', 'males'), ('males', 'ivent'), ('ivent', 'terlalu'), ('terlalu', 'sulit'), ('sulit', 'diam'), ('diam', 'ngerti'), ('ngerti', 'belum'), ('belum', 'liris'), ('liris', 'playstor'), ('playstor', 'ivent'), ('ivent', 'mudah'), ('mudah', 'lama'), ('lama', 'lama'), ('lama', 'susah')]"
"['bug', 'event', 'bug', 'apakah', 'nomer', 'pengaruh']","[('bug', 'event'), ('event', 'bug'), ('bug', 'apakah'), ('apakah', 'nomer'), ('nomer', 'pengaruh')]"
['seru'],[]
"['sapa', 'minimal']","[('sapa', 'minimal')]"
"['bgus', 'bangett']","[('bgus', 'bangett')]"
"['bagus', 'kalah', 'bagus', 'lain', 'lama', 'banget', 'clasik', 'kadang', 'lama', 'tolong', 'baik']","[('bagus', 'kalah'), ('kalah', 'bagus'), ('bagus', 'lain'), ('lain', 'lama'), ('lama', 'banget'), ('banget', 'clasik'), ('clasik', 'kadang'), ('kadang', 'lama'), ('lama', 'tolong'), ('tolong', 'baik')]"
"['hey', 'timi', 'tolong', 'revamp', 'nezha', 'mirip', 'nezha', 'donghua', 'biar', 'keren']","[('hey', 'timi'), ('timi', 'tolong'), ('tolong', 'revamp'), ('revamp', 'nezha'), ('nezha', 'mirip'), ('mirip', 'nezha'), ('nezha', 'donghua'), ('donghua', 'biar'), ('biar', 'keren')]"
"['jeleg', 'banget']","[('jeleg', 'banget')]"
['yes'],[]
"['terlalu', 'lama']","[('terlalu', 'lama')]"
"['seru', 'banyak']","[('seru', 'banyak')]"
"['agak', 'berat', 'mungkin', 'kentang']","[('agak', 'berat'), ('berat', 'mungkin'), ('mungkin', 'kentang')]"
"['loading', 'stack']","[('loading', 'stack')]"
['niru'],[]
"['bintang', 'lima']","[('bintang', 'lima')]"
['baik'],[]
"['copy', 'paste']","[('copy', 'paste')]"
"['copy', 'legends']","[('copy', 'legends')]"
"['bagus', 'bngt', 'weh', 'wajib', 'weh']","[('bagus', 'bngt'), ('bngt', 'weh'), ('weh', 'wajib'), ('wajib', 'weh')]"
"['bagus', 'ubah', 'nyata', 'lama', 'engkau', 'bahagia']","[('bagus', 'ubah'), ('ubah', 'nyata'), ('nyata', 'lama'), ('lama', 'engkau'), ('engkau', 'bahagia')]"
"['lebih', 'enak', 'bintang', 'banyak', 'angela', 'mage', 'susah', 'cuma', 'bintang', 'mobule', 'banyak', 'gelap', 'stuck', 'epic', 'banyak', 'bintang', 'naik', 'hampir', 'mirip']","[('lebih', 'enak'), ('enak', 'bintang'), ('bintang', 'banyak'), ('banyak', 'angela'), ('angela', 'mage'), ('mage', 'susah'), ('susah', 'cuma'), ('cuma', 'bintang'), ('bintang', 'mobule'), ('mobule', 'banyak'), ('banyak', 'gelap'), ('gelap', 'stuck'), ('stuck', 'epic'), ('epic', 'banyak'), ('banyak', 'bintang'), ('bintang', 'naik'), ('naik', 'hampir'), ('hampir', 'mirip')]"
['bagus'],[]
"['keren', 'bngt']","[('keren', 'bngt')]"
['good'],[]
"['naik', 'pitam', 'tolong', 'baik', 'offline', 'bot', 'terlalu', 'buruk']","[('naik', 'pitam'), ('pitam', 'tolong'), ('tolong', 'baik'), ('baik', 'offline'), ('offline', 'bot'), ('bot', 'terlalu'), ('terlalu', 'buruk')]"
"['minimal', 'coba', 'banyak', 'banyakin', 'tutorial', 'kenal', 'skill', 'youtube', 'btw', 'donwload', 'hoknya', 'youtube', 'tutorial', 'skill', 'ultimate', 'donghuaang', 'penghianat', 'teman']","[('minimal', 'coba'), ('coba', 'banyak'), ('banyak', 'banyakin'), ('banyakin', 'tutorial'), ('tutorial', 'kenal'), ('kenal', 'skill'), ('skill', 'youtube'), ('youtube', 'btw'), ('btw', 'donwload'), ('donwload', 'hoknya'), ('hoknya', 'youtube'), ('youtube', 'tutorial'), ('tutorial', 'skill'), ('skill', 'ultimate'), ('ultimate', 'donghuaang'), ('donghuaang', 'penghianat'), ('penghianat', 'teman')]"
"['top', 'up', 'token', 'batas', 'hadiah', 'masuk', 'payah']","[('top', 'up'), ('up', 'token'), ('token', 'batas'), ('batas', 'hadiah'), ('hadiah', 'masuk'), ('masuk', 'payah')]"
"['servernya', 'dibaikin']","[('servernya', 'dibaikin')]"
"['sungguh', 'kecewa', 'lag', 'parah']","[('sungguh', 'kecewa'), ('kecewa', 'lag'), ('lag', 'parah')]"
"['bagus', 'imbang', 'melulu', 'lawan']","[('bagus', 'imbang'), ('imbang', 'melulu'), ('melulu', 'lawan')]"
"['kerenn', 'efek']","[('kerenn', 'efek')]"
"['juluk', 'kampung']","[('juluk', 'kampung')]"
"['buruk', 'anjikk', 'rusak', 'rugi', 'pukimak']","[('buruk', 'anjikk'), ('anjikk', 'rusak'), ('rusak', 'rugi'), ('rugi', 'pukimak')]"
"['baik', 'nilai', 'hadap', 'jungle', 'selalu', 'adil', 'sia', 'nyiakan', 'usaha', 'jalan', 'wave', 'split', 'push', 'objektif', 'lain']","[('baik', 'nilai'), ('nilai', 'hadap'), ('hadap', 'jungle'), ('jungle', 'selalu'), ('selalu', 'adil'), ('adil', 'sia'), ('sia', 'nyiakan'), ('nyiakan', 'usaha'), ('usaha', 'jalan'), ('jalan', 'wave'), ('wave', 'split'), ('split', 'push'), ('push', 'objektif'), ('objektif', 'lain')]"
"['macth', 'belum', 'platinum', 'star', 'turun', 'platinum', 'star']","[('macth', 'belum'), ('belum', 'platinum'), ('platinum', 'star'), ('star', 'turun'), ('turun', 'platinum'), ('platinum', 'star')]"
"['bisah', 'masalah', 'bagus']","[('bisah', 'masalah'), ('masalah', 'bagus')]"
"['bgus', 'dn', 'seru']","[('bgus', 'dn'), ('dn', 'seru')]"
['tiru'],[]
"['makin', 'susah']","[('makin', 'susah')]"
['gaje'],[]
['bagus'],[]
['ngebosenin'],[]
"['lebih', 'baik']","[('lebih', 'baik')]"
[],[]
"['mentang', 'mainland', 'kebal', 'report', 'jg', 'adil', 'sorry', 'say', 'benah', 'otw', 'uninstall']","[('mentang', 'mainland'), ('mainland', 'kebal'), ('kebal', 'report'), ('report', 'jg'), ('jg', 'adil'), ('adil', 'sorry'), ('sorry', 'say'), ('say', 'benah'), ('benah', 'otw'), ('otw', 'uninstall')]"
"['sampah', 'rekomend', 'manis', 'sudah', 'biasa', 'pasti', 'stres', 'ketemu', 'ph', 'indo', 'nyamar', 'sepuh', 'china', 'pokok', 'stres', 'lebih', 'dalam', 'inti', 'jangan', 'gamau', 'stres']","[('sampah', 'rekomend'), ('rekomend', 'manis'), ('manis', 'sudah'), ('sudah', 'biasa'), ('biasa', 'pasti'), ('pasti', 'stres'), ('stres', 'ketemu'), ('ketemu', 'ph'), ('ph', 'indo'), ('indo', 'nyamar'), ('nyamar', 'sepuh'), ('sepuh', 'china'), ('china', 'pokok'), ('pokok', 'stres'), ('stres', 'lebih'), ('lebih', 'dalam'), ('dalam', 'inti'), ('inti', 'jangan'), ('jangan', 'gamau'), ('gamau', 'stres')]"
"['kira', 'rating', 'nyata', 'bukan']","[('kira', 'rating'), ('rating', 'nyata'), ('nyata', 'bukan')]"
"['belum', 'sudah', 'lama', 'baru', 'comeback', 'cek', 'skin', 'dunhuang', 'encounter', 'yaria', 'hilang', 'ingat', 'pernah', 'skin', 'tolong', 'kasi', 'skin', 'dunhuang', 'encounter']","[('belum', 'sudah'), ('sudah', 'lama'), ('lama', 'baru'), ('baru', 'comeback'), ('comeback', 'cek'), ('cek', 'skin'), ('skin', 'dunhuang'), ('dunhuang', 'encounter'), ('encounter', 'yaria'), ('yaria', 'hilang'), ('hilang', 'ingat'), ('ingat', 'pernah'), ('pernah', 'skin'), ('skin', 'tolong'), ('tolong', 'kasi'), ('kasi', 'skin'), ('skin', 'dunhuang'), ('dunhuang', 'encounter')]"
"['ad', 'isekai']","[('ad', 'isekai')]"
"['minimal', 'pakek', 'facebook']","[('minimal', 'pakek'), ('pakek', 'facebook')]"
"['really', 'really', 'like', 'it', 'graphics', 'are', 'detailed', 'and', 'action', 'varied']","[('really', 'really'), ('really', 'like'), ('like', 'it'), ('it', 'graphics'), ('graphics', 'are'), ('are', 'detailed'), ('detailed', 'and'), ('and', 'action'), ('action', 'varied')]"
"['event', 'diulangulang', 'event', 'koin', 'skin', 'gratis', 'terlalu', 'sulit', 'hal', 'gampang', 'sengaja', 'susah', 'gacha', 'buruk', 'worth', 'it', 'keluar', 'duit']","[('event', 'diulangulang'), ('diulangulang', 'event'), ('event', 'koin'), ('koin', 'skin'), ('skin', 'gratis'), ('gratis', 'terlalu'), ('terlalu', 'sulit'), ('sulit', 'hal'), ('hal', 'gampang'), ('gampang', 'sengaja'), ('sengaja', 'susah'), ('susah', 'gacha'), ('gacha', 'buruk'), ('buruk', 'worth'), ('worth', 'it'), ('it', 'keluar'), ('keluar', 'duit')]"
"['keren', 'grafik', 'bagus', 'dll']","[('keren', 'grafik'), ('grafik', 'bagus'), ('bagus', 'dll')]"
['bagus'],[]
"['el', 'copy']","[('el', 'copy')]"
"['anj', 'imbang']","[('anj', 'imbang')]"
"['server', 'tolong', 'baik', 'jangan', 'cuma', 'skin', 'bagusin', 'lepas', 'servernya', 'busuk', 'bagus']","[('server', 'tolong'), ('tolong', 'baik'), ('baik', 'jangan'), ('jangan', 'cuma'), ('cuma', 'skin'), ('skin', 'bagusin'), ('bagusin', 'lepas'), ('lepas', 'servernya'), ('servernya', 'busuk'), ('busuk', 'bagus')]"
"['seru', 'banget', 'enak']","[('seru', 'banget'), ('banget', 'enak')]"
"['lumayan', 'tower', 'merah', 'musuh', 'sakit', 'banget', 'tolong', 'baik']","[('lumayan', 'tower'), ('tower', 'merah'), ('merah', 'musuh'), ('musuh', 'sakit'), ('sakit', 'banget'), ('banget', 'tolong'), ('tolong', 'baik')]"
"['mantap', 'gan']","[('mantap', 'gan')]"
"['banget', 'banget', 'sukaa', 'maupun', 'kalah', 'menang', 'bintang', 'selalu', 'naik', 'jujur', 'seruu', 'banget', 'bugnya', 'sinyal', 'sinyal', 'bagus', 'digame', 'sinyal', 'merahkuning', 'aneh', 'moga', 'delevovernya', 'btw', 'mula', 'cocukk', 'banget', 'digame', 'oke', 'sekian', 'gaji']","[('banget', 'banget'), ('banget', 'sukaa'), ('sukaa', 'maupun'), ('maupun', 'kalah'), ('kalah', 'menang'), ('menang', 'bintang'), ('bintang', 'selalu'), ('selalu', 'naik'), ('naik', 'jujur'), ('jujur', 'seruu'), ('seruu', 'banget'), ('banget', 'bugnya'), ('bugnya', 'sinyal'), ('sinyal', 'sinyal'), ('sinyal', 'bagus'), ('bagus', 'digame'), ('digame', 'sinyal'), ('sinyal', 'merahkuning'), ('merahkuning', 'aneh'), ('aneh', 'moga'), ('moga', 'delevovernya'), ('delevovernya', 'btw'), ('btw', 'mula'), ('mula', 'cocukk'), ('cocukk', 'banget'), ('banget', 'digame'), ('digame', 'oke'), ('oke', 'sekian'), ('sekian', 'gaji')]"
"['animasi', 'kelas', 'ribu', 'top', 'up']","[('animasi', 'kelas'), ('kelas', 'ribu'), ('ribu', 'top'), ('top', 'up')]"
['suka'],[]
"['bagus', 'kalah', 'skin', 'mahal', 'hibur', 'kalah', 'niru']","[('bagus', 'kalah'), ('kalah', 'skin'), ('skin', 'mahal'), ('mahal', 'hibur'), ('hibur', 'kalah'), ('kalah', 'niru')]"
"['sudah', 'bagus', 'tolong', 'cepat', 'dalam', 'cari', 'playernya', 'lebih', 'imbang', 'satu', 'masa', 'tolong', 'rangin', 'pemakain', 'gb', 'kesi', 'yng', 'lain']","[('sudah', 'bagus'), ('bagus', 'tolong'), ('tolong', 'cepat'), ('cepat', 'dalam'), ('dalam', 'cari'), ('cari', 'playernya'), ('playernya', 'lebih'), ('lebih', 'imbang'), ('imbang', 'satu'), ('satu', 'masa'), ('masa', 'tolong'), ('tolong', 'rangin'), ('rangin', 'pemakain'), ('pemakain', 'gb'), ('gb', 'kesi'), ('kesi', 'yng'), ('yng', 'lain')]"
"['kapan', 'skin', 'zhuanzi', 'domba', 'rilis', 'global']","[('kapan', 'skin'), ('skin', 'zhuanzi'), ('zhuanzi', 'domba'), ('domba', 'rilis'), ('rilis', 'global')]"
"['level', 'infinite', 'developer', 'harga', 'report', 'baru', 'pribadi', 'tier', 'granmaster', 'lebih', 'ketat', 'langgar', 'hitung', 'detik', 'kalah', 'langgar', 'bayar', 'salah']","[('level', 'infinite'), ('infinite', 'developer'), ('developer', 'harga'), ('harga', 'report'), ('report', 'baru'), ('baru', 'pribadi'), ('pribadi', 'tier'), ('tier', 'granmaster'), ('granmaster', 'lebih'), ('lebih', 'ketat'), ('ketat', 'langgar'), ('langgar', 'hitung'), ('hitung', 'detik'), ('detik', 'kalah'), ('kalah', 'langgar'), ('langgar', 'bayar'), ('bayar', 'salah')]"
"['jangan', 'salah', 'kooperatif', 'teammate', 'sesuai', 'skill', 'selaku', 'seringkali', 'teammate', 'sesuai', 'kecewa', 'ikut', 'atur', 'rating', 'bintang', 'sampai', 'develop', 'perhati', 'keluh', 'bagai', 'selain', 'minim', 'kembang', 'pesat', 'monoton', 'adept']","[('jangan', 'salah'), ('salah', 'kooperatif'), ('kooperatif', 'teammate'), ('teammate', 'sesuai'), ('sesuai', 'skill'), ('skill', 'selaku'), ('selaku', 'seringkali'), ('seringkali', 'teammate'), ('teammate', 'sesuai'), ('sesuai', 'kecewa'), ('kecewa', 'ikut'), ('ikut', 'atur'), ('atur', 'rating'), ('rating', 'bintang'), ('bintang', 'sampai'), ('sampai', 'develop'), ('develop', 'perhati'), ('perhati', 'keluh'), ('keluh', 'bagai'), ('bagai', 'selain'), ('selain', 'minim'), ('minim', 'kembang'), ('kembang', 'pesat'), ('pesat', 'monoton'), ('monoton', 'adept')]"
"['baik', 'baru', 'mantap', 'tolong', 'masa', 'komplain', 'pass', 'saran', 'level', 'sampai', 'dapetin', 'full', 'hadiah', 'banyak', 'bahkan', 'cerah', 'banyak', 'sedia', 'lain', 'contoh', 'sekarang', 'banyak', 'ngikutin', 'pilih', 'gelar', 'bahkan', 'custom', 'tombol', 'skin']","[('baik', 'baru'), ('baru', 'mantap'), ('mantap', 'tolong'), ('tolong', 'masa'), ('masa', 'komplain'), ('komplain', 'pass'), ('pass', 'saran'), ('saran', 'level'), ('level', 'sampai'), ('sampai', 'dapetin'), ('dapetin', 'full'), ('full', 'hadiah'), ('hadiah', 'banyak'), ('banyak', 'bahkan'), ('bahkan', 'cerah'), ('cerah', 'banyak'), ('banyak', 'sedia'), ('sedia', 'lain'), ('lain', 'contoh'), ('contoh', 'sekarang'), ('sekarang', 'banyak'), ('banyak', 'ngikutin'), ('ngikutin', 'pilih'), ('pilih', 'gelar'), ('gelar', 'bahkan'), ('bahkan', 'custom'), ('custom', 'tombol'), ('tombol', 'skin')]"
"['kurang', 'optimalisasi']","[('kurang', 'optimalisasi')]"
"['loving', 'this', 'sm']","[('loving', 'this'), ('this', 'sm')]"
"['bagus', 'banget', 'sy', 'suka']","[('bagus', 'banget'), ('banget', 'sy'), ('sy', 'suka')]"
"['buruk', 'baik', 'sinyal', 'dongo', 'sinyal', 'jelek', 'sudah', 'heran', 'sinyal', 'wifi', 'bagus']","[('buruk', 'baik'), ('baik', 'sinyal'), ('sinyal', 'dongo'), ('dongo', 'sinyal'), ('sinyal', 'jelek'), ('jelek', 'sudah'), ('sudah', 'heran'), ('heran', 'sinyal'), ('sinyal', 'wifi'), ('wifi', 'bagus')]"
"['cocok', 'mula', 'mabar', 'saudara', 'teman']","[('cocok', 'mula'), ('mula', 'mabar'), ('mabar', 'saudara'), ('saudara', 'teman')]"
"['bagus', 'keren', 'cuma', 'item', 'erti', 'tolong', 'jelas', 'jelek', 'malas', 'kenapa', 'selalu', 'turun', 'baru', 'paling', 'malas', 'begini']","[('bagus', 'keren'), ('keren', 'cuma'), ('cuma', 'item'), ('item', 'erti'), ('erti', 'tolong'), ('tolong', 'jelas'), ('jelas', 'jelek'), ('jelek', 'malas'), ('malas', 'kenapa'), ('kenapa', 'selalu'), ('selalu', 'turun'), ('turun', 'baru'), ('baru', 'paling'), ('paling', 'malas'), ('malas', 'begini')]"
"['mantap', 'pol', 'zuka']","[('mantap', 'pol'), ('pol', 'zuka')]"
"['suka', 'bgtt', 'seru', 'mainin', 'bosen']","[('suka', 'bgtt'), ('bgtt', 'seru'), ('seru', 'mainin'), ('mainin', 'bosen')]"
"['terlalu', 'sepi', 'jarang', 'ketemu', 'serius', 'banyakab', 'ketemu', 'bot', 'harap', 'lebih', 'ramai', 'gabung', 'chinainggris', 'mohon', 'erti', 'terimakasih']","[('terlalu', 'sepi'), ('sepi', 'jarang'), ('jarang', 'ketemu'), ('ketemu', 'serius'), ('serius', 'banyakab'), ('banyakab', 'ketemu'), ('ketemu', 'bot'), ('bot', 'harap'), ('harap', 'lebih'), ('lebih', 'ramai'), ('ramai', 'gabung'), ('gabung', 'chinainggris'), ('chinainggris', 'mohon'), ('mohon', 'erti'), ('erti', 'terimakasih')]"
"['pls', 'sekarang', 'ramah', 'storage']","[('pls', 'sekarang'), ('sekarang', 'ramah'), ('ramah', 'storage')]"
"['loding', 'lama']","[('loding', 'lama')]"
['elok'],[]
"['makin', 'susah', 'anjir', 'batas', 'ful', 'susah', 'tencen', 'kikir', 'benar', 'bayak', 'gelap', 'saran', 'baik', 'lag', 'gelap', 'tin', 'even', 'keluarin', 'kikir', 'amat', 'doak']","[('makin', 'susah'), ('susah', 'anjir'), ('anjir', 'batas'), ('batas', 'ful'), ('ful', 'susah'), ('susah', 'tencen'), ('tencen', 'kikir'), ('kikir', 'benar'), ('benar', 'bayak'), ('bayak', 'gelap'), ('gelap', 'saran'), ('saran', 'baik'), ('baik', 'lag'), ('lag', 'gelap'), ('gelap', 'tin'), ('tin', 'even'), ('even', 'keluarin'), ('keluarin', 'kikir'), ('kikir', 'amat'), ('amat', 'doak')]"
"['gamee', 'amat', 'bagus', 'banding', 'cipta', 'moontod']","[('gamee', 'amat'), ('amat', 'bagus'), ('bagus', 'banding'), ('banding', 'cipta'), ('cipta', 'moontod')]"
"['kont', 'event', 'benar', 'ngent', 'sudah', 'undang', 'baru', 'jatoh', 'kartuu', 'jembutt']","[('kont', 'event'), ('event', 'benar'), ('benar', 'ngent'), ('ngent', 'sudah'), ('sudah', 'undang'), ('undang', 'baru'), ('baru', 'jatoh'), ('jatoh', 'kartuu'), ('kartuu', 'jembutt')]"
"['bagus', 'mes', 'mw', 'nyambung', 'server', 'lama']","[('bagus', 'mes'), ('mes', 'mw'), ('mw', 'nyambung'), ('nyambung', 'server'), ('server', 'lama')]"
"['lebih', 'baik', 'ai', 'hapus', 'guna', 'komplain', 'anomali', 'feeder', 'lolosin', 'afk', 'lolosin', 'anomali', 'lolosin', 'ai', 'guna', 'tolol']","[('lebih', 'baik'), ('baik', 'ai'), ('ai', 'hapus'), ('hapus', 'guna'), ('guna', 'komplain'), ('komplain', 'anomali'), ('anomali', 'feeder'), ('feeder', 'lolosin'), ('lolosin', 'afk'), ('afk', 'lolosin'), ('lolosin', 'anomali'), ('anomali', 'lolosin'), ('lolosin', 'ai'), ('ai', 'guna'), ('guna', 'tolol')]"
"['bagus', 'klik', 'random', 'biar', 'asah', 'skill', 'semua']","[('bagus', 'klik'), ('klik', 'random'), ('random', 'biar'), ('biar', 'asah'), ('asah', 'skill'), ('skill', 'semua')]"
"['developer', 'plinplan', 'baru', 'indonesia', 'buatin', 'skill', 'baru', 'tungguin', 'undur', 'sekarang', 'kabar', 'wadah', 'china', 'gitu', 'usah', 'gembar', 'gembor', 'asal', 'indonesia', 'kocak']","[('developer', 'plinplan'), ('plinplan', 'baru'), ('baru', 'indonesia'), ('indonesia', 'buatin'), ('buatin', 'skill'), ('skill', 'baru'), ('baru', 'tungguin'), ('tungguin', 'undur'), ('undur', 'sekarang'), ('sekarang', 'kabar'), ('kabar', 'wadah'), ('wadah', 'china'), ('china', 'gitu'), ('gitu', 'usah'), ('usah', 'gembar'), ('gembar', 'gembor'), ('gembor', 'asal'), ('asal', 'indonesia'), ('indonesia', 'kocak')]"
['seru'],[]
"['tolong', 'balikin', 'kredit', 'score', 'masalah', 'jangan', 'lag', 'tolong', 'balikin', 'kredit', 'score']","[('tolong', 'balikin'), ('balikin', 'kredit'), ('kredit', 'score'), ('score', 'masalah'), ('masalah', 'jangan'), ('jangan', 'lag'), ('lag', 'tolong'), ('tolong', 'balikin'), ('balikin', 'kredit'), ('kredit', 'score')]"
"['laku', 'selalu', 'afk', 'tolol']","[('laku', 'selalu'), ('selalu', 'afk'), ('afk', 'tolol')]"
"['banyak', 'gift']","[('banyak', 'gift')]"
"['udahlah', 'jelek', 'ikutin', 'mending']","[('udahlah', 'jelek'), ('jelek', 'ikutin'), ('ikutin', 'mending')]"
"['lov', 'you', 'pdhal', 'gratis', 'devnya', 'baik', 'hati', 'skin', 'gratistrus', 'gacha', 'wangy', 'pokok', 'baik', 'moga', 'rame']","[('lov', 'you'), ('you', 'pdhal'), ('pdhal', 'gratis'), ('gratis', 'devnya'), ('devnya', 'baik'), ('baik', 'hati'), ('hati', 'skin'), ('skin', 'gratistrus'), ('gratistrus', 'gacha'), ('gacha', 'wangy'), ('wangy', 'pokok'), ('pokok', 'baik'), ('baik', 'moga'), ('moga', 'rame')]"
"['bagus', 'mula', 'jagok', 'skin', 'gratis', 'banyak', 'update', 'seru', 'bagus', 'buah', 'semangka', 'buah', 'kedondong', 'belum', 'downloaddongpantun', 'gitu']","[('bagus', 'mula'), ('mula', 'jagok'), ('jagok', 'skin'), ('skin', 'gratis'), ('gratis', 'banyak'), ('banyak', 'update'), ('update', 'seru'), ('seru', 'bagus'), ('bagus', 'buah'), ('buah', 'semangka'), ('semangka', 'buah'), ('buah', 'kedondong'), ('kedondong', 'belum'), ('belum', 'downloaddongpantun'), ('downloaddongpantun', 'gitu')]"
['mantap'],[]
"['bagus', 'banget']","[('bagus', 'banget')]"
"['hukum', 'guna', 'guna', 'jungle', 'mid', 'kurang', 'kredit', 'skor', 'minimal']","[('hukum', 'guna'), ('guna', 'guna'), ('guna', 'jungle'), ('jungle', 'mid'), ('mid', 'kurang'), ('kurang', 'kredit'), ('kredit', 'skor'), ('skor', 'minimal')]"
"['aplikasi', 'bagus']","[('aplikasi', 'bagus')]"
['mantab'],[]
"['lag', 'bagus', 'dengerin', 'musik', 'online', 'lancaraja', 'merah', 'ubah', 'parah', 'banget', 'sihh', 'mohon', 'baik']","[('lag', 'bagus'), ('bagus', 'dengerin'), ('dengerin', 'musik'), ('musik', 'online'), ('online', 'lancaraja'), ('lancaraja', 'merah'), ('merah', 'ubah'), ('ubah', 'parah'), ('parah', 'banget'), ('banget', 'sihh'), ('sihh', 'mohon'), ('mohon', 'baik')]"
"['bagus', 'mantap']","[('bagus', 'mantap')]"
"['machmaking', 'buruk', 'pernah', 'even', 'skin', 'gratis', 'adil', 'baru', 'lama', 'sampah']","[('machmaking', 'buruk'), ('buruk', 'pernah'), ('pernah', 'even'), ('even', 'skin'), ('skin', 'gratis'), ('gratis', 'adil'), ('adil', 'baru'), ('baru', 'lama'), ('lama', 'sampah')]"
['joz'],[]
['darksistem'],[]
"['bagus', 'banget']","[('bagus', 'banget')]"
"['lot', 'skali']","[('lot', 'skali')]"
"['bug', 'event', 'suruh', 'ulang']","[('bug', 'event'), ('event', 'suruh'), ('suruh', 'ulang')]"
['gacor'],[]
"['semua', 'masa', 'skin', 'sungguh', 'kecewa', 'beberapa']","[('semua', 'masa'), ('masa', 'skin'), ('skin', 'sungguh'), ('sungguh', 'kecewa'), ('kecewa', 'beberapa')]"
['oke'],[]
"['lama', 'dowlod', 'apdet', 'ples', 'grafik']","[('lama', 'dowlod'), ('dowlod', 'apdet'), ('apdet', 'ples'), ('ples', 'grafik')]"
"['belum', 'beri', 'ulas', 'mana', 'rekan', 'se', 'bot', 'musuh', 'asli', 'mohon', 'baik', 'relevan', 'top', 'tier', 'sedang', 'master', 'ii', 'harap', 'baik', 'sebut', 'terimakasih']","[('belum', 'beri'), ('beri', 'ulas'), ('ulas', 'mana'), ('mana', 'rekan'), ('rekan', 'se'), ('se', 'bot'), ('bot', 'musuh'), ('musuh', 'asli'), ('asli', 'mohon'), ('mohon', 'baik'), ('baik', 'relevan'), ('relevan', 'top'), ('top', 'tier'), ('tier', 'sedang'), ('sedang', 'master'), ('master', 'ii'), ('ii', 'harap'), ('harap', 'baik'), ('baik', 'sebut'), ('sebut', 'terimakasih')]"
"['gaada', 'ide', 'lain', 'niru']","[('gaada', 'ide'), ('ide', 'lain'), ('lain', 'niru')]"
"['iki', 'rek', 'mirip', 'bjirr']","[('iki', 'rek'), ('rek', 'mirip'), ('mirip', 'bjirr')]"
"['cocok', 'keren', 'tanggal', 'jangan', 'arti', 'buah', 'alas', 'paling', 'enak', 'banget', 'dia', 'paling', 'enak', 'ikut', 'ikut', 'keren', 'ikut', 'sukses', 'pasang', 'siapa', 'kesel']","[('cocok', 'keren'), ('keren', 'tanggal'), ('tanggal', 'jangan'), ('jangan', 'arti'), ('arti', 'buah'), ('buah', 'alas'), ('alas', 'paling'), ('paling', 'enak'), ('enak', 'banget'), ('banget', 'dia'), ('dia', 'paling'), ('paling', 'enak'), ('enak', 'ikut'), ('ikut', 'ikut'), ('ikut', 'keren'), ('keren', 'ikut'), ('ikut', 'sukses'), ('sukses', 'pasang'), ('pasang', 'siapa'), ('siapa', 'kesel')]"
"['efek', 'visual', 'skin', 'bagus', 'banding', 'kelas', 'skin', 'epic', 'efek', 'tebal', 'jelas', 'banget', 'baik', 'tambah', 'banyak', 'skin', 'free', 'suka', 'skin', 'bruce', 'lee']","[('efek', 'visual'), ('visual', 'skin'), ('skin', 'bagus'), ('bagus', 'banding'), ('banding', 'kelas'), ('kelas', 'skin'), ('skin', 'epic'), ('epic', 'efek'), ('efek', 'tebal'), ('tebal', 'jelas'), ('jelas', 'banget'), ('banget', 'baik'), ('baik', 'tambah'), ('tambah', 'banyak'), ('banyak', 'skin'), ('skin', 'free'), ('free', 'suka'), ('suka', 'skin'), ('skin', 'bruce'), ('bruce', 'lee')]"
"['competitive', 'themed', 'but', 'lots', 'bot', 'and', 'unfair', 'anomalies', 'it', 'just', 'make', 'this', 'not', 'competitive', 'and', 'remove', 'all', 'tournaments']","[('competitive', 'themed'), ('themed', 'but'), ('but', 'lots'), ('lots', 'bot'), ('bot', 'and'), ('and', 'unfair'), ('unfair', 'anomalies'), ('anomalies', 'it'), ('it', 'just'), ('just', 'make'), ('make', 'this'), ('this', 'not'), ('not', 'competitive'), ('competitive', 'and'), ('and', 'remove'), ('remove', 'all'), ('all', 'tournaments')]"
"['servernya', 'tolong', 'masa', 'situ', 'beri', 'sinyal', 'merah', 'suruh', 'baik', 'paket', 'full', 'banyak', 'sinyal', 'full', 'coba', 'please', 'try', 'so', 'hard']","[('servernya', 'tolong'), ('tolong', 'masa'), ('masa', 'situ'), ('situ', 'beri'), ('beri', 'sinyal'), ('sinyal', 'merah'), ('merah', 'suruh'), ('suruh', 'baik'), ('baik', 'paket'), ('paket', 'full'), ('full', 'banyak'), ('banyak', 'sinyal'), ('sinyal', 'full'), ('full', 'coba'), ('coba', 'please'), ('please', 'try'), ('try', 'so'), ('so', 'hard')]"
['top'],[]
"['matchup', 'sampah', 'layak', 'dimainin']","[('matchup', 'sampah'), ('sampah', 'layak'), ('layak', 'dimainin')]"
"['luar', 'biasa', 'buruk', 'balance', 'balance', 'selalu', 'feeder', 'report', 'benar', 'benar', 'gada', 'guna', 'teman', 'satu', 'feeder', 'ngga', 'report', 'aneh', 'banget', 'nilai', 'akhir', 'teman', 'satu', 'feeder', 'notabene', 'nilai', 'otamatis', 'report', 'hadeuh', 'jangan', 'nilai', 'feeder', 'b', 'sekalipun', 'belum', 'tentu', 'report', 'benar', 'benar', 'aneh']","[('luar', 'biasa'), ('biasa', 'buruk'), ('buruk', 'balance'), ('balance', 'balance'), ('balance', 'selalu'), ('selalu', 'feeder'), ('feeder', 'report'), ('report', 'benar'), ('benar', 'benar'), ('benar', 'gada'), ('gada', 'guna'), ('guna', 'teman'), ('teman', 'satu'), ('satu', 'feeder'), ('feeder', 'ngga'), ('ngga', 'report'), ('report', 'aneh'), ('aneh', 'banget'), ('banget', 'nilai'), ('nilai', 'akhir'), ('akhir', 'teman'), ('teman', 'satu'), ('satu', 'feeder'), ('feeder', 'notabene'), ('notabene', 'nilai'), ('nilai', 'otamatis'), ('otamatis', 'report'), ('report', 'hadeuh'), ('hadeuh', 'jangan'), ('jangan', 'nilai'), ('nilai', 'feeder'), ('feeder', 'b'), ('b', 'sekalipun'), ('sekalipun', 'belum'), ('belum', 'tentu'), ('tentu', 'report'), ('report', 'benar'), ('benar', 'benar'), ('benar', 'aneh')]"
"['update', 'baru', 'stuck', 'baru', 'detik', 'belum', 'pasuk', 'selesai', 'kenapa', 'begitu', 'stabil', 'lain', 'tolong', 'segera', 'baik']","[('update', 'baru'), ('baru', 'stuck'), ('stuck', 'baru'), ('baru', 'detik'), ('detik', 'belum'), ('belum', 'pasuk'), ('pasuk', 'selesai'), ('selesai', 'kenapa'), ('kenapa', 'begitu'), ('begitu', 'stabil'), ('stabil', 'lain'), ('lain', 'tolong'), ('tolong', 'segera'), ('segera', 'baik')]"
"['guardian', 'minimal', 'jago', 'lawan', 'jago']","[('guardian', 'minimal'), ('minimal', 'jago'), ('jago', 'lawan'), ('lawan', 'jago')]"
['oke'],[]
['kren'],[]
['like'],[]
"['bagus', 'suka', 'lucu', 'lucu', 'banget', 'dowllod', 'sia', 'sia', 'dehh', 'jangan', 'bawa', 'emosi', 'kalah', 'hehehe']","[('bagus', 'suka'), ('suka', 'lucu'), ('lucu', 'lucu'), ('lucu', 'banget'), ('banget', 'dowllod'), ('dowllod', 'sia'), ('sia', 'sia'), ('sia', 'dehh'), ('dehh', 'jangan'), ('jangan', 'bawa'), ('bawa', 'emosi'), ('emosi', 'kalah'), ('kalah', 'hehehe')]"
"['moga', 'baik', 'pernah', 'erti', 'senang', 'para', 'unik', 'cute', 'sexy', 'poko', 'jangan', 'sampai', 'bosan']","[('moga', 'baik'), ('baik', 'pernah'), ('pernah', 'erti'), ('erti', 'senang'), ('senang', 'para'), ('para', 'unik'), ('unik', 'cute'), ('cute', 'sexy'), ('sexy', 'poko'), ('poko', 'jangan'), ('jangan', 'sampai'), ('sampai', 'bosan')]"
"['cuh', 'haram', 'makin', 'lama', 'makin', 'aneh', 'satuin', 'bayi', 'baru', 'lahir', 'ajg']","[('cuh', 'haram'), ('haram', 'makin'), ('makin', 'lama'), ('lama', 'makin'), ('makin', 'aneh'), ('aneh', 'satuin'), ('satuin', 'bayi'), ('bayi', 'baru'), ('baru', 'lahir'), ('lahir', 'ajg')]"
"['bguss', 'nyaa']","[('bguss', 'nyaa')]"
"['wahai', 'developer', 'hormat', 'cinta', 'mohon', 'bug', 'crastuck', 'tekan', 'menu', 'profil', 'mulai', 'tanding', 'selesai', 'tanding', 'mohon', 'segera', 'baik', 'mohon', 'kepada', 'developer', 'bug', 'ganggu', 'tempat', 'bagus', 'lo', 'dukung', 'sudah', 'report', 'masalah', 'menu', 'hubung', 'lo', 'belum', 'selesai']","[('wahai', 'developer'), ('developer', 'hormat'), ('hormat', 'cinta'), ('cinta', 'mohon'), ('mohon', 'bug'), ('bug', 'crastuck'), ('crastuck', 'tekan'), ('tekan', 'menu'), ('menu', 'profil'), ('profil', 'mulai'), ('mulai', 'tanding'), ('tanding', 'selesai'), ('selesai', 'tanding'), ('tanding', 'mohon'), ('mohon', 'segera'), ('segera', 'baik'), ('baik', 'mohon'), ('mohon', 'kepada'), ('kepada', 'developer'), ('developer', 'bug'), ('bug', 'ganggu'), ('ganggu', 'tempat'), ('tempat', 'bagus'), ('bagus', 'lo'), ('lo', 'dukung'), ('dukung', 'sudah'), ('sudah', 'report'), ('report', 'masalah'), ('masalah', 'menu'), ('menu', 'hubung'), ('hubung', 'lo'), ('lo', 'belum'), ('belum', 'selesai')]"
"['minimal', 'kenapa', 'capai', 'digoogle', 'play']","[('minimal', 'kenapa'), ('kenapa', 'capai'), ('capai', 'digoogle'), ('digoogle', 'play')]"
"['ancur', 'ngetrol', 'kena', 'sanksi']","[('ancur', 'ngetrol'), ('ngetrol', 'kena'), ('kena', 'sanksi')]"
"['parah', 'grandmaster', 'gelap', 'sampai', 'star', 'naik', 'turun', 'muluk', 'lawan', 'bagus', 'sendiri', 'bagus', 'imbang']","[('parah', 'grandmaster'), ('grandmaster', 'gelap'), ('gelap', 'sampai'), ('sampai', 'star'), ('star', 'naik'), ('naik', 'turun'), ('turun', 'muluk'), ('muluk', 'lawan'), ('lawan', 'bagus'), ('bagus', 'sendiri'), ('sendiri', 'bagus'), ('bagus', 'imbang')]"
"['tarik', 'filter', 'sedikit', 'banyak', 'gelap', 'negara', 'laen', 'susah', 'maennya']","[('tarik', 'filter'), ('filter', 'sedikit'), ('sedikit', 'banyak'), ('banyak', 'gelap'), ('gelap', 'negara'), ('negara', 'laen'), ('laen', 'susah'), ('susah', 'maennya')]"
"['bintang', 'bagus', 'skin', 'gratis', 'epic', 'beberapa', 'bug', 'alami', 'ranked', 'mvp', 'poin', 'kill', 'mati', 'asist', 'dapetnya', 'tolong', 'baik', 'terimakasih']","[('bintang', 'bagus'), ('bagus', 'skin'), ('skin', 'gratis'), ('gratis', 'epic'), ('epic', 'beberapa'), ('beberapa', 'bug'), ('bug', 'alami'), ('alami', 'ranked'), ('ranked', 'mvp'), ('mvp', 'poin'), ('poin', 'kill'), ('kill', 'mati'), ('mati', 'asist'), ('asist', 'dapetnya'), ('dapetnya', 'tolong'), ('tolong', 'baik'), ('baik', 'terimakasih')]"
"['grafik', 'oke', 'bangett', 'lawan', 'kdg', 'imbang', 'smaa', 'sendiri', 'kdg', 'agak', 'lag', 'sedikit', 'lumayan', 'besar', 'overall']","[('grafik', 'oke'), ('oke', 'bangett'), ('bangett', 'lawan'), ('lawan', 'kdg'), ('kdg', 'imbang'), ('imbang', 'smaa'), ('smaa', 'sendiri'), ('sendiri', 'kdg'), ('kdg', 'agak'), ('agak', 'lag'), ('lag', 'sedikit'), ('sedikit', 'lumayan'), ('lumayan', 'besar'), ('besar', 'overall')]"
"['kurang', 'lawan', 'padan', 'sinyal', 'bagus', 'jelek', 'mohon', 'baik', 'sudah', 'habis', 'paket', 'demi', 'kecewa']","[('kurang', 'lawan'), ('lawan', 'padan'), ('padan', 'sinyal'), ('sinyal', 'bagus'), ('bagus', 'jelek'), ('jelek', 'mohon'), ('mohon', 'baik'), ('baik', 'sudah'), ('sudah', 'habis'), ('habis', 'paket'), ('paket', 'demi'), ('demi', 'kecewa')]"
[],[]
"['suka', 'lama', 'banget', 'tolong', 'rusak', 'bukan', 'sinyal', 'eror', 'benar', 'suka', 'gitu']","[('suka', 'lama'), ('lama', 'banget'), ('banget', 'tolong'), ('tolong', 'rusak'), ('rusak', 'bukan'), ('bukan', 'sinyal'), ('sinyal', 'eror'), ('eror', 'benar'), ('benar', 'suka'), ('suka', 'gitu')]"
"['sempurna', 'senang']","[('sempurna', 'senang')]"
"['bagus', 'banget', 'kecuali', 'wivi']","[('bagus', 'banget'), ('banget', 'kecuali'), ('kecuali', 'wivi')]"
"['jujur', 'bagus', 'banget', 'sebelahh', 'grafik', 'bintang', 'lima', 'char', 'cantikk', 'gantengg', 'pokok', 'seru', 'banget', 'semangat', 'yaa', 'papi', 'timi']","[('jujur', 'bagus'), ('bagus', 'banget'), ('banget', 'sebelahh'), ('sebelahh', 'grafik'), ('grafik', 'bintang'), ('bintang', 'lima'), ('lima', 'char'), ('char', 'cantikk'), ('cantikk', 'gantengg'), ('gantengg', 'pokok'), ('pokok', 'seru'), ('seru', 'banget'), ('banget', 'semangat'), ('semangat', 'yaa'), ('yaa', 'papi'), ('papi', 'timi')]"
"['ngebug', 'pilih', 'ngeblank', 'muncul']","[('ngebug', 'pilih'), ('pilih', 'ngeblank'), ('ngeblank', 'muncul')]"
"['bnyk', 'bug', 'boss']","[('bnyk', 'bug'), ('bug', 'boss')]"
"['benar', 'suka', 'cuma', 'banget', 'update', 'item', 'saran', 'rang', 'para', 'gamer', 'daerah', 'susah', 'ikut', 'beban']","[('benar', 'suka'), ('suka', 'cuma'), ('cuma', 'banget'), ('banget', 'update'), ('update', 'item'), ('item', 'saran'), ('saran', 'rang'), ('rang', 'para'), ('para', 'gamer'), ('gamer', 'daerah'), ('daerah', 'susah'), ('susah', 'ikut'), ('ikut', 'beban')]"
['suru'],[]
"['seru', 'agak', 'lag', 'mungkin', 'sayang', 'kurang', 'dukung', 'penting', 'hd', 'banget', 'sampai', 'tagih', 'bintang', 'lima']","[('seru', 'agak'), ('agak', 'lag'), ('lag', 'mungkin'), ('mungkin', 'sayang'), ('sayang', 'kurang'), ('kurang', 'dukung'), ('dukung', 'penting'), ('penting', 'hd'), ('hd', 'banget'), ('banget', 'sampai'), ('sampai', 'tagih'), ('tagih', 'bintang'), ('bintang', 'lima')]"
['kalah'],[]
"['gila', 'keren', 'banget']","[('gila', 'keren'), ('keren', 'banget')]"
"['himbauan', 'install', 'imbang', 'koneksi', 'putus', 'sudah', 'banyak', 'joki', 'dalam', 'jikalau', 'seru', 'pahit', 'belakang']","[('himbauan', 'install'), ('install', 'imbang'), ('imbang', 'koneksi'), ('koneksi', 'putus'), ('putus', 'sudah'), ('sudah', 'banyak'), ('banyak', 'joki'), ('joki', 'dalam'), ('dalam', 'jikalau'), ('jikalau', 'seru'), ('seru', 'pahit'), ('pahit', 'belakang')]"
"['bagus', 'banget']","[('bagus', 'banget')]"
['natural'],[]
"['buruk', 'update', 'truss', 'sedikit', 'update', 'updategk', 'usah', 'ngabisin', 'ruang', 'stroge', 'uninstal', 'walapun', 'stroge', 'besar', 'males', 'ngabisin', 'kouta', 'paket']","[('buruk', 'update'), ('update', 'truss'), ('truss', 'sedikit'), ('sedikit', 'update'), ('update', 'updategk'), ('updategk', 'usah'), ('usah', 'ngabisin'), ('ngabisin', 'ruang'), ('ruang', 'stroge'), ('stroge', 'uninstal'), ('uninstal', 'walapun'), ('walapun', 'stroge'), ('stroge', 'besar'), ('besar', 'males'), ('males', 'ngabisin'), ('ngabisin', 'kouta'), ('kouta', 'paket')]"
"['cocok', 'hpku', 'hpku', 'ram', 'berat', 'versi', 'lite', 'mudah', 'lag', 'berat']","[('cocok', 'hpku'), ('hpku', 'hpku'), ('hpku', 'ram'), ('ram', 'berat'), ('berat', 'versi'), ('versi', 'lite'), ('lite', 'mudah'), ('mudah', 'lag'), ('lag', 'berat')]"
"['kenapa', 'facebook']","[('kenapa', 'facebook')]"
"['kecewa', 'event', 'share', 'codeini', 'semua', 'event', 'code', 'tolong', 'fix', 'huruf', 'sensor', 'rugi', 'share', 'code', 'code', 'sensor', 'tolong', 'beri', 'solusi', 'entah', 'ganti', 'codesistem', 'sensor', 'hilang', 'lama', 'eventcode', 'lebih', 'banyak', 'angka', 'huruf', 'contoh', 'code', 'hdsm', 'huruf', 'sm', 'sensor', 'rugi', 'banget']","[('kecewa', 'event'), ('event', 'share'), ('share', 'codeini'), ('codeini', 'semua'), ('semua', 'event'), ('event', 'code'), ('code', 'tolong'), ('tolong', 'fix'), ('fix', 'huruf'), ('huruf', 'sensor'), ('sensor', 'rugi'), ('rugi', 'share'), ('share', 'code'), ('code', 'code'), ('code', 'sensor'), ('sensor', 'tolong'), ('tolong', 'beri'), ('beri', 'solusi'), ('solusi', 'entah'), ('entah', 'ganti'), ('ganti', 'codesistem'), ('codesistem', 'sensor'), ('sensor', 'hilang'), ('hilang', 'lama'), ('lama', 'eventcode'), ('eventcode', 'lebih'), ('lebih', 'banyak'), ('banyak', 'angka'), ('angka', 'huruf'), ('huruf', 'contoh'), ('contoh', 'code'), ('code', 'hdsm'), ('hdsm', 'huruf'), ('huruf', 'sm'), ('sm', 'sensor'), ('sensor', 'rugi'), ('rugi', 'banget')]"
"['sinyal', 'penuh', 'be', 'lag', 'heran', 'penuh', 'daerah', 'sinyal', 'bagus']","[('sinyal', 'penuh'), ('penuh', 'be'), ('be', 'lag'), ('lag', 'heran'), ('heran', 'penuh'), ('penuh', 'daerah'), ('daerah', 'sinyal'), ('sinyal', 'bagus')]"
"['dsini', 'lebih', 'harga', 'banding', 'cuma', 'nyari', 'untung']","[('dsini', 'lebih'), ('lebih', 'harga'), ('harga', 'banding'), ('banding', 'cuma'), ('cuma', 'nyari'), ('nyari', 'untung')]"
"['adil', 'bagi', 'menang', 'tanding', 'ikut', 'pasti', 'kalah', 'tambah', 'parah', 'sekarang', 'kalah', 'tubi', 'tubi', 'lawan', 'hadap', 'semua', 'bagus', 'skill', 'sementara', 'rekan', 'semua', 'skill', 'rendah', 'macam', 'gerak', 'server', 'banyak', 'cit', 'bot', 'semua']","[('adil', 'bagi'), ('bagi', 'menang'), ('menang', 'tanding'), ('tanding', 'ikut'), ('ikut', 'pasti'), ('pasti', 'kalah'), ('kalah', 'tambah'), ('tambah', 'parah'), ('parah', 'sekarang'), ('sekarang', 'kalah'), ('kalah', 'tubi'), ('tubi', 'tubi'), ('tubi', 'lawan'), ('lawan', 'hadap'), ('hadap', 'semua'), ('semua', 'bagus'), ('bagus', 'skill'), ('skill', 'sementara'), ('sementara', 'rekan'), ('rekan', 'semua'), ('semua', 'skill'), ('skill', 'rendah'), ('rendah', 'macam'), ('macam', 'gerak'), ('gerak', 'server'), ('server', 'banyak'), ('banyak', 'cit'), ('cit', 'bot'), ('bot', 'semua')]"
"['moga', 'tingkat', 'performa']","[('moga', 'tingkat'), ('tingkat', 'performa')]"
"['grafik', 'bagus', 'hina']","[('grafik', 'bagus'), ('bagus', 'hina')]"
"['sudah', 'bagus', 'developer', 'hormat', 'tolong', 'sedia', 'fersi', 'lite', 'hpnya', 'ram', 'gigaan', 'tanpa', 'khawatir', 'ram', 'penuh', 'sekian', 'terimakasih', 'atas', 'kerjasamanya']","[('sudah', 'bagus'), ('bagus', 'developer'), ('developer', 'hormat'), ('hormat', 'tolong'), ('tolong', 'sedia'), ('sedia', 'fersi'), ('fersi', 'lite'), ('lite', 'hpnya'), ('hpnya', 'ram'), ('ram', 'gigaan'), ('gigaan', 'tanpa'), ('tanpa', 'khawatir'), ('khawatir', 'ram'), ('ram', 'penuh'), ('penuh', 'sekian'), ('sekian', 'terimakasih'), ('terimakasih', 'atas'), ('atas', 'kerjasamanya')]"
"['selamat', 'datang', 'kau', 'tidur', 'allah', 'home', 'schooling', 'apaapa', 'nantik', 'mlm']","[('selamat', 'datang'), ('datang', 'kau'), ('kau', 'tidur'), ('tidur', 'allah'), ('allah', 'home'), ('home', 'schooling'), ('schooling', 'apaapa'), ('apaapa', 'nantik'), ('nantik', 'mlm')]"
"['ping', 'lag']","[('ping', 'lag')]"
"['bagus', 'entah', 'knp', 'tagih', 'sampai', 'mlm', 'henti', 'henti', 'mabar', 'brg', 'teman']","[('bagus', 'entah'), ('entah', 'knp'), ('knp', 'tagih'), ('tagih', 'sampai'), ('sampai', 'mlm'), ('mlm', 'henti'), ('henti', 'henti'), ('henti', 'mabar'), ('mabar', 'brg'), ('brg', 'teman')]"
"['bagus', 'seru', 'y']","[('bagus', 'seru'), ('seru', 'y')]"
"['bot', 'sampah', 'banget', 'banyakin', 'winstreak', 'butuh', 'naik', 'master']","[('bot', 'sampah'), ('sampah', 'banget'), ('banget', 'banyakin'), ('banyakin', 'winstreak'), ('winstreak', 'butuh'), ('butuh', 'naik'), ('naik', 'master')]"
"['bot', 'lawan', 'komputer', 'smw']","[('bot', 'lawan'), ('lawan', 'komputer'), ('komputer', 'smw')]"
"['seru', 'offline']","[('seru', 'offline')]"
"['lumayan', 'besar', 'banget', 'sampai', 'lag', 'haduhh', 'hapus', 'sudah']","[('lumayan', 'besar'), ('besar', 'banget'), ('banget', 'sampai'), ('sampai', 'lag'), ('lag', 'haduhh'), ('haduhh', 'hapus'), ('hapus', 'sudah')]"
['seru'],[]
['lewat'],[]
['bagjs'],[]
['anja'],[]
"['cukup', 'bagus']","[('cukup', 'bagus')]"
['keren'],[]
"['appgreatnya', 'ambil', 'mehapus', 'aplikasi']","[('appgreatnya', 'ambil'), ('ambil', 'mehapus'), ('mehapus', 'aplikasi')]"
['mood'],[]
['bagus'],[]
['fomo'],[]
['bagus'],[]
"['tolong', 'developer', 'pasti', 'isi', 'sendiri', 'skin', 'hd', 'otomatis']","[('tolong', 'developer'), ('developer', 'pasti'), ('pasti', 'isi'), ('isi', 'sendiri'), ('sendiri', 'skin'), ('skin', 'hd'), ('hd', 'otomatis')]"
"['tolong', 'masuk', 'fatih', 'offline', 'kapan', 'nyata', 'belum', 'kecewa', 'kapan', 'begitu', 'baru', 'masuk', 'offline', 'bohong']","[('tolong', 'masuk'), ('masuk', 'fatih'), ('fatih', 'offline'), ('offline', 'kapan'), ('kapan', 'nyata'), ('nyata', 'belum'), ('belum', 'kecewa'), ('kecewa', 'kapan'), ('kapan', 'begitu'), ('begitu', 'baru'), ('baru', 'masuk'), ('masuk', 'offline'), ('offline', 'bohong')]"
"['pantas', 'gamer']","[('pantas', 'gamer')]"
"['akun', 'utama', 'log', 'facebook', 'skrang', 'log', 'facebook', 'tolong', 'rusak', 'baru', 'naik', 'bintang', 'nanti']","[('akun', 'utama'), ('utama', 'log'), ('log', 'facebook'), ('facebook', 'skrang'), ('skrang', 'log'), ('log', 'facebook'), ('facebook', 'tolong'), ('tolong', 'rusak'), ('rusak', 'baru'), ('baru', 'naik'), ('naik', 'bintang'), ('bintang', 'nanti')]"
['awertyuiopas'],[]
['coba'],[]
"['tolong', 'benar', 'masa', 'diamon', 'buta', 'buta', 'buta', 'land', 'naik', 'ngestack', 'dm', 'pasti', 'kalah', 'berapa', 'report', 'tetap', 'ayo', 'tolong', 'kompak', 'gitu', 'jangan', 'buta', 'buta', 'land']","[('tolong', 'benar'), ('benar', 'masa'), ('masa', 'diamon'), ('diamon', 'buta'), ('buta', 'buta'), ('buta', 'buta'), ('buta', 'land'), ('land', 'naik'), ('naik', 'ngestack'), ('ngestack', 'dm'), ('dm', 'pasti'), ('pasti', 'kalah'), ('kalah', 'berapa'), ('berapa', 'report'), ('report', 'tetap'), ('tetap', 'ayo'), ('ayo', 'tolong'), ('tolong', 'kompak'), ('kompak', 'gitu'), ('gitu', 'jangan'), ('jangan', 'buta'), ('buta', 'buta'), ('buta', 'land')]"
"['bagus', 'pasti', 'updatenya', 'banyak', 'skin', 'baru', 'beri', 'bintang', 'gravitasi', 'bagus', 'karakter', 'bagus', 'suka', 'sekian', 'jelas', 'informasi', 'terimakasih', 'sudah', 'datang', 'dengar', 'king', 'terimakasih', 'sudah', 'banyak', 'skin', 'baru', 'skin', 'gratis', 'terimakasih', 'semua', 'assalamualaikum']","[('bagus', 'pasti'), ('pasti', 'updatenya'), ('updatenya', 'banyak'), ('banyak', 'skin'), ('skin', 'baru'), ('baru', 'beri'), ('beri', 'bintang'), ('bintang', 'gravitasi'), ('gravitasi', 'bagus'), ('bagus', 'karakter'), ('karakter', 'bagus'), ('bagus', 'suka'), ('suka', 'sekian'), ('sekian', 'jelas'), ('jelas', 'informasi'), ('informasi', 'terimakasih'), ('terimakasih', 'sudah'), ('sudah', 'datang'), ('datang', 'dengar'), ('dengar', 'king'), ('king', 'terimakasih'), ('terimakasih', 'sudah'), ('sudah', 'banyak'), ('banyak', 'skin'), ('skin', 'baru'), ('baru', 'skin'), ('skin', 'gratis'), ('gratis', 'terimakasih'), ('terimakasih', 'semua'), ('semua', 'assalamualaikum')]"
"['gelap', 'matching', 'ranked', 'lihat', 'level', 'bawah', 'bareng', 'ranked', 'level', 'master', 'playernya', 'rata', 'rata', 'hancur', 'beranta', 'sistematis', 'baru']","[('gelap', 'matching'), ('matching', 'ranked'), ('ranked', 'lihat'), ('lihat', 'level'), ('level', 'bawah'), ('bawah', 'bareng'), ('bareng', 'ranked'), ('ranked', 'level'), ('level', 'master'), ('master', 'playernya'), ('playernya', 'rata'), ('rata', 'rata'), ('rata', 'hancur'), ('hancur', 'beranta'), ('beranta', 'sistematis'), ('sistematis', 'baru')]"
['bgus'],[]
"['kenapa', 'update', 'ngga']","[('kenapa', 'update'), ('update', 'ngga')]"
"['bagus', 'kurang']","[('bagus', 'kurang')]"
[],[]
"['bagus', 'banget', 'suka', 'walaupun', 'butuh', 'memori', 'banyak', 'gp', 'bayar', 'bagus']","[('bagus', 'banget'), ('banget', 'suka'), ('suka', 'walaupun'), ('walaupun', 'butuh'), ('butuh', 'memori'), ('memori', 'banyak'), ('banyak', 'gp'), ('gp', 'bayar'), ('bayar', 'bagus')]"
"['gaem', 'seru', 'bahkan', 'viktori']","[('gaem', 'seru'), ('seru', 'bahkan'), ('bahkan', 'viktori')]"
"['lebih', 'bagus', 'auto', 'hapus']","[('lebih', 'bagus'), ('bagus', 'auto'), ('auto', 'hapus')]"
"['jujur', 'kecewa', 'buruk', 'sampai', 'hampir', 'tujuh', 'gb', 'blm', 'semua', 'grafikny', 'lumayan', 'bgus', 'beda', 'beda', 'rate', 'segitu', 'keren', 'keren', 'bnyk', 'skill', 'keren', 'cuma', 'boros']","[('jujur', 'kecewa'), ('kecewa', 'buruk'), ('buruk', 'sampai'), ('sampai', 'hampir'), ('hampir', 'tujuh'), ('tujuh', 'gb'), ('gb', 'blm'), ('blm', 'semua'), ('semua', 'grafikny'), ('grafikny', 'lumayan'), ('lumayan', 'bgus'), ('bgus', 'beda'), ('beda', 'beda'), ('beda', 'rate'), ('rate', 'segitu'), ('segitu', 'keren'), ('keren', 'keren'), ('keren', 'bnyk'), ('bnyk', 'skill'), ('skill', 'keren'), ('keren', 'cuma'), ('cuma', 'boros')]"
['bagus'],[]
"['keysha', 'arum', 'rinjani']","[('keysha', 'arum'), ('arum', 'rinjani')]"
"['mending', 'walau', 'banyak', 'gelap', 'lebih', 'seru', 'skin', 'bagus', 'grafik', 'bagus', 'hbis', 'update', 'tambah', 'lag', 'kalu', 'hampir', 'parah']","[('mending', 'walau'), ('walau', 'banyak'), ('banyak', 'gelap'), ('gelap', 'lebih'), ('lebih', 'seru'), ('seru', 'skin'), ('skin', 'bagus'), ('bagus', 'grafik'), ('grafik', 'bagus'), ('bagus', 'hbis'), ('hbis', 'update'), ('update', 'tambah'), ('tambah', 'lag'), ('lag', 'kalu'), ('kalu', 'hampir'), ('hampir', 'parah')]"
"['seru', 'banget', 'ivent', 'tarik', 'semuaa', 'pelit', 'pelit', 'nyepin', 'hoki', 'recomended', 'banget', 'love', 'youu']","[('seru', 'banget'), ('banget', 'ivent'), ('ivent', 'tarik'), ('tarik', 'semuaa'), ('semuaa', 'pelit'), ('pelit', 'pelit'), ('pelit', 'nyepin'), ('nyepin', 'hoki'), ('hoki', 'recomended'), ('recomended', 'banget'), ('banget', 'love'), ('love', 'youu')]"
['good'],[]
"['no', 'coment']","[('no', 'coment')]"
['seru'],[]
"['habis', 'update', 'masuk', 'sudah', 'tunggu', 'lama', 'mas', 'tetap', 'masuk', 'sudah', 'bagus']","[('habis', 'update'), ('update', 'masuk'), ('masuk', 'sudah'), ('sudah', 'tunggu'), ('tunggu', 'lama'), ('lama', 'mas'), ('mas', 'tetap'), ('tetap', 'masuk'), ('masuk', 'sudah'), ('sudah', 'bagus')]"
"['menu', 'report', 'makin', 'buruk', 'deteksi', 'ai', 'pajang']","[('menu', 'report'), ('report', 'makin'), ('makin', 'buruk'), ('buruk', 'deteksi'), ('deteksi', 'ai'), ('ai', 'pajang')]"
"['lebih', 'sempurna', 'emel']","[('lebih', 'sempurna'), ('sempurna', 'emel')]"
"['selamat', 'siangsore', 'kembang', 'king', 'suka', 'uni', 'beda', 'jelas', 'namun', 'alami', 'masalah', 'sinyal', 'lag', 'medan', 'tempur', 'harap', 'kembang', 'baik', 'masalah', 'alam', 'lebih', 'lancar', 'senang', 'tolong', 'tetap', 'tahan', 'uni', 'jangan', 'ikut', 'lain', 'milik', 'kurang', 'terimakasih', 'atas', 'perhati', 'kerja', 'keras']","[('selamat', 'siangsore'), ('siangsore', 'kembang'), ('kembang', 'king'), ('king', 'suka'), ('suka', 'uni'), ('uni', 'beda'), ('beda', 'jelas'), ('jelas', 'namun'), ('namun', 'alami'), ('alami', 'masalah'), ('masalah', 'sinyal'), ('sinyal', 'lag'), ('lag', 'medan'), ('medan', 'tempur'), ('tempur', 'harap'), ('harap', 'kembang'), ('kembang', 'baik'), ('baik', 'masalah'), ('masalah', 'alam'), ('alam', 'lebih'), ('lebih', 'lancar'), ('lancar', 'senang'), ('senang', 'tolong'), ('tolong', 'tetap'), ('tetap', 'tahan'), ('tahan', 'uni'), ('uni', 'jangan'), ('jangan', 'ikut'), ('ikut', 'lain'), ('lain', 'milik'), ('milik', 'kurang'), ('kurang', 'terimakasih'), ('terimakasih', 'atas'), ('atas', 'perhati'), ('perhati', 'kerja'), ('kerja', 'keras')]"
"['bagus', 'koneksi', 'internetnya', 'lancar', 'fps', 'turun', 'drastis', 'wifi', 'tetap', 'fpsnya', 'turun', 'sampai', 'turunin', 'grafis', 'grafis', 'dijadiin', 'standar', 'tetap', 'fps', 'ubah', 'kadang', 'keluar', 'baru', 'masuk', 'loading', 'dadak', 'keluar', 'tolong', 'developer', 'baik', 'bagi', 'fps', 'bug', 'keluar', 'bagi', 'loading', 'suka', 'dadak', 'keluar', 'sendiri']","[('bagus', 'koneksi'), ('koneksi', 'internetnya'), ('internetnya', 'lancar'), ('lancar', 'fps'), ('fps', 'turun'), ('turun', 'drastis'), ('drastis', 'wifi'), ('wifi', 'tetap'), ('tetap', 'fpsnya'), ('fpsnya', 'turun'), ('turun', 'sampai'), ('sampai', 'turunin'), ('turunin', 'grafis'), ('grafis', 'grafis'), ('grafis', 'dijadiin'), ('dijadiin', 'standar'), ('standar', 'tetap'), ('tetap', 'fps'), ('fps', 'ubah'), ('ubah', 'kadang'), ('kadang', 'keluar'), ('keluar', 'baru'), ('baru', 'masuk'), ('masuk', 'loading'), ('loading', 'dadak'), ('dadak', 'keluar'), ('keluar', 'tolong'), ('tolong', 'developer'), ('developer', 'baik'), ('baik', 'bagi'), ('bagi', 'fps'), ('fps', 'bug'), ('bug', 'keluar'), ('keluar', 'bagi'), ('bagi', 'loading'), ('loading', 'suka'), ('suka', 'dadak'), ('dadak', 'keluar'), ('keluar', 'sendiri')]"
"['sudah', 'bagus', 'banget', 'segi', 'grafik', 'and', 'sudah', 'oke', 'banget', 'update', 'size', 'naek', 'sudah', 'sudah', 'gb', 'lama', 'lama', 'size', 'sudah', 'genshin']","[('sudah', 'bagus'), ('bagus', 'banget'), ('banget', 'segi'), ('segi', 'grafik'), ('grafik', 'and'), ('and', 'sudah'), ('sudah', 'oke'), ('oke', 'banget'), ('banget', 'update'), ('update', 'size'), ('size', 'naek'), ('naek', 'sudah'), ('sudah', 'sudah'), ('sudah', 'gb'), ('gb', 'lama'), ('lama', 'lama'), ('lama', 'size'), ('size', 'sudah'), ('sudah', 'genshin')]"
['gamebabi'],[]
['tagih'],[]
"['bguz', 'bngt']","[('bguz', 'bngt')]"
"['suka', 'top', 'up', 'indomaret', 'alfamart', 'sedia', 'sebut', 'biasa', 'top', 'up', 'selalu', 'situ', 'tambakan', 'biar', 'top', 'up', 'indomaret', 'alfamart']","[('suka', 'top'), ('top', 'up'), ('up', 'indomaret'), ('indomaret', 'alfamart'), ('alfamart', 'sedia'), ('sedia', 'sebut'), ('sebut', 'biasa'), ('biasa', 'top'), ('top', 'up'), ('up', 'selalu'), ('selalu', 'situ'), ('situ', 'tambakan'), ('tambakan', 'biar'), ('biar', 'top'), ('top', 'up'), ('up', 'indomaret'), ('indomaret', 'alfamart')]"
['jelrk'],[]
"['engga', 'masuk', 'lancar', 'lag', 'engga', 'pencet', 'masuk']","[('engga', 'masuk'), ('masuk', 'lancar'), ('lancar', 'lag'), ('lag', 'engga'), ('engga', 'pencet'), ('pencet', 'masuk')]"
"['lag', 'akhir', 'kalah', 'tolong', 'baik', 'makin', 'mkin', 'gede', 'uda', 'update', 'baharu']","[('lag', 'akhir'), ('akhir', 'kalah'), ('kalah', 'tolong'), ('tolong', 'baik'), ('baik', 'makin'), ('makin', 'mkin'), ('mkin', 'gede'), ('gede', 'uda'), ('uda', 'update'), ('update', 'baharu')]"
"['berirating', 'aplikasi']","[('berirating', 'aplikasi')]"
"['bagus', 'duka', 'banget', 'kin']","[('bagus', 'duka'), ('duka', 'banget'), ('banget', 'kin')]"
"['ying', 'makin', 'suka', 'dia']","[('ying', 'makin'), ('makin', 'suka'), ('suka', 'dia')]"
"['bagi', 'cocok', 'hpnya', 'super', 'lag', 'pasti', 'gampang', 'kalah']","[('bagi', 'cocok'), ('cocok', 'hpnya'), ('hpnya', 'super'), ('super', 'lag'), ('lag', 'pasti'), ('pasti', 'gampang'), ('gampang', 'kalah')]"
"['suka', 'sesuai', 'inspirasi']","[('suka', 'sesuai'), ('sesuai', 'inspirasi')]"
['baik'],[]
"['mantap', 'banget', 'dh']","[('mantap', 'banget'), ('banget', 'dh')]"
"['bagus', 'baru', 'pertama', 'mainin', 'bingung', 'sendiri', 'tagih']","[('bagus', 'baru'), ('baru', 'pertama'), ('pertama', 'mainin'), ('mainin', 'bingung'), ('bingung', 'sendiri'), ('sendiri', 'tagih')]"
"['ngajak', 'teman', 'mabar']","[('ngajak', 'teman'), ('teman', 'mabar')]"
"['kereen', 'abngku', 'agak', 'lag', 'sedikit', 'kentang']","[('kereen', 'abngku'), ('abngku', 'agak'), ('agak', 'lag'), ('lag', 'sedikit'), ('sedikit', 'kentang')]"
['lumayan'],[]
['good'],[]
['bagus'],[]
"['bagus', 'masa', 'versi', 'baru', 'masa', 'donwlod', 'ngabisin', 'paket', 'iya', 'ngisi', 'banyak', 'sedikit', 'boros', 'suka', 'klok', 'enak', 'klok', 'ad', 'versi', 'baru', 'jangan', 'suru', 'danwlod', 'napa', 'capek', 'soalnyatpi', 'tetap', 'bagus', 'tetap', 'suka', 'terimakasih', 'ulas', 'terimakasih', 'bgi', 'sudah']","[('bagus', 'masa'), ('masa', 'versi'), ('versi', 'baru'), ('baru', 'masa'), ('masa', 'donwlod'), ('donwlod', 'ngabisin'), ('ngabisin', 'paket'), ('paket', 'iya'), ('iya', 'ngisi'), ('ngisi', 'banyak'), ('banyak', 'sedikit'), ('sedikit', 'boros'), ('boros', 'suka'), ('suka', 'klok'), ('klok', 'enak'), ('enak', 'klok'), ('klok', 'ad'), ('ad', 'versi'), ('versi', 'baru'), ('baru', 'jangan'), ('jangan', 'suru'), ('suru', 'danwlod'), ('danwlod', 'napa'), ('napa', 'capek'), ('capek', 'soalnyatpi'), ('soalnyatpi', 'tetap'), ('tetap', 'bagus'), ('bagus', 'tetap'), ('tetap', 'suka'), ('suka', 'terimakasih'), ('terimakasih', 'ulas'), ('ulas', 'terimakasih'), ('terimakasih', 'bgi'), ('bgi', 'sudah')]"
"['lebih', 'suka', 'licin', 'lai']","[('lebih', 'suka'), ('suka', 'licin'), ('licin', 'lai')]"
"['rusak', 'anak']","[('rusak', 'anak')]"
"['personal', 'sedikit', 'saran', 'mungkin', 'acara', 'event', 'kbnykn', 'prizepool', 'kurang', 'guna', 'suka', 'bagaimana', 'ikut', 'event', 'selalu', 'update', 'quest', 'tanpa', 'selesai', 'quest', 'event', 'jujur', 'baru', 'minggu', 'lalu', 'mungkin', 'senang', 'event', 'quest', 'semua', 'selesai', 'semua', 'prizepool', 'peretel', 'kurang', 'guna', 'terimakasih']","[('personal', 'sedikit'), ('sedikit', 'saran'), ('saran', 'mungkin'), ('mungkin', 'acara'), ('acara', 'event'), ('event', 'kbnykn'), ('kbnykn', 'prizepool'), ('prizepool', 'kurang'), ('kurang', 'guna'), ('guna', 'suka'), ('suka', 'bagaimana'), ('bagaimana', 'ikut'), ('ikut', 'event'), ('event', 'selalu'), ('selalu', 'update'), ('update', 'quest'), ('quest', 'tanpa'), ('tanpa', 'selesai'), ('selesai', 'quest'), ('quest', 'event'), ('event', 'jujur'), ('jujur', 'baru'), ('baru', 'minggu'), ('minggu', 'lalu'), ('lalu', 'mungkin'), ('mungkin', 'senang'), ('senang', 'event'), ('event', 'quest'), ('quest', 'semua'), ('semua', 'selesai'), ('selesai', 'semua'), ('semua', 'prizepool'), ('prizepool', 'peretel'), ('peretel', 'kurang'), ('kurang', 'guna'), ('guna', 'terimakasih')]"
"['makin', 'update', 'bukan', 'tambah', 'smoot', 'tambah', 'parah', 'makin', 'lambat', 'lag', 'parah', 'update', 'tinggal', 'berapa', 'minta', 'update', 'ulang', 'resah', 'dak', 'buang']","[('makin', 'update'), ('update', 'bukan'), ('bukan', 'tambah'), ('tambah', 'smoot'), ('smoot', 'tambah'), ('tambah', 'parah'), ('parah', 'makin'), ('makin', 'lambat'), ('lambat', 'lag'), ('lag', 'parah'), ('parah', 'update'), ('update', 'tinggal'), ('tinggal', 'berapa'), ('berapa', 'minta'), ('minta', 'update'), ('update', 'ulang'), ('ulang', 'resah'), ('resah', 'dak'), ('dak', 'buang')]"
"['lag', 'banget']","[('lag', 'banget')]"
"['mudah', 'mudah', 'paham', 'ringan']","[('mudah', 'mudah'), ('mudah', 'paham'), ('paham', 'ringan')]"
"['masuk', 'akun', 'utama', 'banyak', 'skin', 'efek', 'recall', 'voice', 'actor', 'hilang', 'susah', 'payah', 'event', 'mohon', 'bantu', 'hal']","[('masuk', 'akun'), ('akun', 'utama'), ('utama', 'banyak'), ('banyak', 'skin'), ('skin', 'efek'), ('efek', 'recall'), ('recall', 'voice'), ('voice', 'actor'), ('actor', 'hilang'), ('hilang', 'susah'), ('susah', 'payah'), ('payah', 'event'), ('event', 'mohon'), ('mohon', 'bantu'), ('bantu', 'hal')]"
"['belum', 'pernah', 'bagus']","[('belum', 'pernah'), ('pernah', 'bagus')]"
['keren'],[]
"['bagus', 'animasi', 'terlalu', 'berat', 'lag', 'parah']","[('bagus', 'animasi'), ('animasi', 'terlalu'), ('terlalu', 'berat'), ('berat', 'lag'), ('lag', 'parah')]"
"['banyak', 'gelap', 'lebih', 'parah', 'kabur', 'musuh', 'butut']","[('banyak', 'gelap'), ('gelap', 'lebih'), ('lebih', 'parah'), ('parah', 'kabur'), ('kabur', 'musuh'), ('musuh', 'butut')]"
"['banyak', 'keluar', 'skin', 'long', 'pelit', 'amat']","[('banyak', 'keluar'), ('keluar', 'skin'), ('skin', 'long'), ('long', 'pelit'), ('pelit', 'amat')]"
"['tiru', 'pantas', 'haru', 'play', 'store', 'hapus', 'dunia', 'kreatif']","[('tiru', 'pantas'), ('pantas', 'haru'), ('haru', 'play'), ('play', 'store'), ('store', 'hapus'), ('hapus', 'dunia'), ('dunia', 'kreatif')]"
"['fps', 'drop', 'sampai', 'fps', 'minimal']","[('fps', 'drop'), ('drop', 'sampai'), ('sampai', 'fps'), ('fps', 'minimal')]"
"['minimal', 'rekomendasi', 'latih', 'guna', 'skinnya', 'buka', 'semua', 'biar', 'makin', 'semangat', 'latih', 'laku', 'practice', 'latih']","[('minimal', 'rekomendasi'), ('rekomendasi', 'latih'), ('latih', 'guna'), ('guna', 'skinnya'), ('skinnya', 'buka'), ('buka', 'semua'), ('semua', 'biar'), ('biar', 'makin'), ('makin', 'semangat'), ('semangat', 'latih'), ('latih', 'laku'), ('laku', 'practice'), ('practice', 'latih')]"
"['update', 'ko', 'nurun', 'tadi', 'master', 'turun', 'diamon', 'gi', 'mana']","[('update', 'ko'), ('ko', 'nurun'), ('nurun', 'tadi'), ('tadi', 'master'), ('master', 'turun'), ('turun', 'diamon'), ('diamon', 'gi'), ('gi', 'mana')]"
"['tolong', 'baik', 'masalah', 'bagus', 'lag', 'anehh', 'ampe', 'merah', 'pingnya', 'full', 'kadang', 'paksa', 'afk', 'parah', 'banget', 'lagnya', 'buka', 'apk', 'lain', 'lancar', 'jaya', 'lag', 'masalah', 'pernah', 'diperhatiin', 'males']","[('tolong', 'baik'), ('baik', 'masalah'), ('masalah', 'bagus'), ('bagus', 'lag'), ('lag', 'anehh'), ('anehh', 'ampe'), ('ampe', 'merah'), ('merah', 'pingnya'), ('pingnya', 'full'), ('full', 'kadang'), ('kadang', 'paksa'), ('paksa', 'afk'), ('afk', 'parah'), ('parah', 'banget'), ('banget', 'lagnya'), ('lagnya', 'buka'), ('buka', 'apk'), ('apk', 'lain'), ('lain', 'lancar'), ('lancar', 'jaya'), ('jaya', 'lag'), ('lag', 'masalah'), ('masalah', 'pernah'), ('pernah', 'diperhatiin'), ('diperhatiin', 'males')]"
['bagus'],[]
"['coba', 'collab', 'anime', 'lain', 'fairy', 'tail', 'demon', 'slayer', 'dragonball', 'jangan', 'ngikutin', 'legends', 'bb', 'cari', 'anime', 'belum', 'collab', 'dgn']","[('coba', 'collab'), ('collab', 'anime'), ('anime', 'lain'), ('lain', 'fairy'), ('fairy', 'tail'), ('tail', 'demon'), ('demon', 'slayer'), ('slayer', 'dragonball'), ('dragonball', 'jangan'), ('jangan', 'ngikutin'), ('ngikutin', 'legends'), ('legends', 'bb'), ('bb', 'cari'), ('cari', 'anime'), ('anime', 'belum'), ('belum', 'collab'), ('collab', 'dgn')]"
"['masalah', 'buka', 'event', 'cukup', 'menggangu', 'alam', 'namun', 'overall', 'cukup', 'baik']","[('masalah', 'buka'), ('buka', 'event'), ('event', 'cukup'), ('cukup', 'menggangu'), ('menggangu', 'alam'), ('alam', 'namun'), ('namun', 'overall'), ('overall', 'cukup'), ('cukup', 'baik')]"
"['niru', 'niru', 'wadidaw']","[('niru', 'niru'), ('niru', 'wadidaw')]"
"['grok', 'ramli', 'like', 'you', 'semua', 'tean', 'dia', 'hemat', 'bagus']","[('grok', 'ramli'), ('ramli', 'like'), ('like', 'you'), ('you', 'semua'), ('semua', 'tean'), ('tean', 'dia'), ('dia', 'hemat'), ('hemat', 'bagus')]"
"['kenapa', 'sandi', 'benar']","[('kenapa', 'sandi'), ('sandi', 'benar')]"
"['kaku', 'banget', 'bagus', 'percuma']","[('kaku', 'banget'), ('banget', 'bagus'), ('bagus', 'percuma')]"
"['wajar', 'sepi', 'bagi', 'jls', 'kdng', 'musuh', 'kuat', 'sedangkn', 'komputer', 'ap', 'klh']","[('wajar', 'sepi'), ('sepi', 'bagi'), ('bagi', 'jls'), ('jls', 'kdng'), ('kdng', 'musuh'), ('musuh', 'kuat'), ('kuat', 'sedangkn'), ('sedangkn', 'komputer'), ('komputer', 'ap'), ('ap', 'klh')]"
"['taik', 'lh', 'king', 'hampir', 'bagus', 'tolong', 'lh', 'mana', 'maju', 'keluh', 'para', 'tanggap']","[('taik', 'lh'), ('lh', 'king'), ('king', 'hampir'), ('hampir', 'bagus'), ('bagus', 'tolong'), ('tolong', 'lh'), ('lh', 'mana'), ('mana', 'maju'), ('maju', 'keluh'), ('keluh', 'para'), ('para', 'tanggap')]"
"['nyoba', 'nyoba', 'baru', 'loading', 'hasil', 'tanding', 'bagus', 'banget', 'grafik', 'ultra', 'anti', 'lag', 'sayang', 'banget', 'minat', 'kurang', 'baru', 'skin', 'jujutsu']","[('nyoba', 'nyoba'), ('nyoba', 'baru'), ('baru', 'loading'), ('loading', 'hasil'), ('hasil', 'tanding'), ('tanding', 'bagus'), ('bagus', 'banget'), ('banget', 'grafik'), ('grafik', 'ultra'), ('ultra', 'anti'), ('anti', 'lag'), ('lag', 'sayang'), ('sayang', 'banget'), ('banget', 'minat'), ('minat', 'kurang'), ('kurang', 'baru'), ('baru', 'skin'), ('skin', 'jujutsu')]"
"['gaperlu', 'jelasin', 'seru', 'banget']","[('gaperlu', 'jelasin'), ('jelasin', 'seru'), ('seru', 'banget')]"
"['useless', 'uninstall']","[('useless', 'uninstall')]"
"['moga', 'update', 'mendownload', 'butuh', 'size', 'king', 'lebih', 'ringan', 'bawah', 'gb']","[('moga', 'update'), ('update', 'mendownload'), ('mendownload', 'butuh'), ('butuh', 'size'), ('size', 'king'), ('king', 'lebih'), ('lebih', 'ringan'), ('ringan', 'bawah'), ('bawah', 'gb')]"
"['bagus', 'banget', 'ktm', 'musuh', 'akun', 'smurfs']","[('bagus', 'banget'), ('banget', 'ktm'), ('ktm', 'musuh'), ('musuh', 'akun'), ('akun', 'smurfs')]"
"['seru', 'banget', 'lho', 'banyak', 'cinta']","[('seru', 'banget'), ('banget', 'lho'), ('lho', 'banyak'), ('banyak', 'cinta')]"
"['this', 'good', 'but', 'too', 'late', 'come', 'global', 'really', 'hope', 'community', 'become', 'bigger', 'bcs', 'also', 'enjoy', 'content', 'but', 'm', 'bit', 'unsure']","[('this', 'good'), ('good', 'but'), ('but', 'too'), ('too', 'late'), ('late', 'come'), ('come', 'global'), ('global', 'really'), ('really', 'hope'), ('hope', 'community'), ('community', 'become'), ('become', 'bigger'), ('bigger', 'bcs'), ('bcs', 'also'), ('also', 'enjoy'), ('enjoy', 'content'), ('content', 'but'), ('but', 'm'), ('m', 'bit'), ('bit', 'unsure')]"
"['buruk', 'efek', 'slow']","[('buruk', 'efek'), ('efek', 'slow')]"
['bagus'],[]
"['musuh', 'full', 'bot', 'makin', 'makin', 'lucu', 'bang', 'beri', 'bot', 'dua', 'jangan', 'satu']","[('musuh', 'full'), ('full', 'bot'), ('bot', 'makin'), ('makin', 'makin'), ('makin', 'lucu'), ('lucu', 'bang'), ('bang', 'beri'), ('beri', 'bot'), ('bot', 'dua'), ('dua', 'jangan'), ('jangan', 'satu')]"
['bagus'],[]
"['gax', 'ngotak', 'minimal', 'ngalirnya', 'kuota', 'mbs', 'jirr', 'mah', 'niat', 'banget', 'ngehabisin', 'dwit']","[('gax', 'ngotak'), ('ngotak', 'minimal'), ('minimal', 'ngalirnya'), ('ngalirnya', 'kuota'), ('kuota', 'mbs'), ('mbs', 'jirr'), ('jirr', 'mah'), ('mah', 'niat'), ('niat', 'banget'), ('banget', 'ngehabisin'), ('ngehabisin', 'dwit')]"
"['tolong', 'baik', 'suka', 'ngebug', 'tahap', 'menginstal', 'lama', 'tampil', 'skin', 'hd', 'hampir', 'tengah', 'nunggu', 'satu', 'kelar', 'kelar']","[('tolong', 'baik'), ('baik', 'suka'), ('suka', 'ngebug'), ('ngebug', 'tahap'), ('tahap', 'menginstal'), ('menginstal', 'lama'), ('lama', 'tampil'), ('tampil', 'skin'), ('skin', 'hd'), ('hd', 'hampir'), ('hampir', 'tengah'), ('tengah', 'nunggu'), ('nunggu', 'satu'), ('satu', 'kelar'), ('kelar', 'kelar')]"
"['kpd', 'developer', 'masalah', 'suara', 'audio', 'siar', 'musik', 'backsoundnya', 'putusputus', 'jelas', 'dengung', 'gaung', 'akun', 'dihack', 'sandi', 'dipakaisungguh', 'jengkel']","[('kpd', 'developer'), ('developer', 'masalah'), ('masalah', 'suara'), ('suara', 'audio'), ('audio', 'siar'), ('siar', 'musik'), ('musik', 'backsoundnya'), ('backsoundnya', 'putusputus'), ('putusputus', 'jelas'), ('jelas', 'dengung'), ('dengung', 'gaung'), ('gaung', 'akun'), ('akun', 'dihack'), ('dihack', 'sandi'), ('sandi', 'dipakaisungguh'), ('dipakaisungguh', 'jengkel')]"
"['dana', 'firman', 'maulana']","[('dana', 'firman'), ('firman', 'maulana')]"
"['busuk', 'gelap', 'lawan', 'mabar', 'adil', 'cari', 'lawan', 'kawan', 'smntara', 'b', 'season', 'lanjut', 'sudah', 'benar', 'rating']","[('busuk', 'gelap'), ('gelap', 'lawan'), ('lawan', 'mabar'), ('mabar', 'adil'), ('adil', 'cari'), ('cari', 'lawan'), ('lawan', 'kawan'), ('kawan', 'smntara'), ('smntara', 'b'), ('b', 'season'), ('season', 'lanjut'), ('lanjut', 'sudah'), ('sudah', 'benar'), ('benar', 'rating')]"
['bagus'],[]
"['not', 'balanced', 'too', 'much', 'overlap']","[('not', 'balanced'), ('balanced', 'too'), ('too', 'much'), ('much', 'overlap')]"
"['oke', 'sportif', 'adil', 'tanggung', 'jwb']","[('oke', 'sportif'), ('sportif', 'adil'), ('adil', 'tanggung'), ('tanggung', 'jwb')]"
['kerenn'],[]
"['kenapa', 'naik', 'level', 'pasti', 'lema', 'hapus', 'sampah']","[('kenapa', 'naik'), ('naik', 'level'), ('level', 'pasti'), ('pasti', 'lema'), ('lema', 'hapus'), ('hapus', 'sampah')]"
"['bagus', 'kyk', 'moga', 'makin']","[('bagus', 'kyk'), ('kyk', 'moga'), ('moga', 'makin')]"
"['iya', 'skin', 'gratis', 'lebih', 'enak', 'gitu', 'tooll']","[('iya', 'skin'), ('skin', 'gratis'), ('gratis', 'lebih'), ('lebih', 'enak'), ('enak', 'gitu'), ('gitu', 'tooll')]"
['lumayan'],[]
"['kecewa', 'akun', 'hilang', 'gmail', 'lupa', 'password', 'verifikasi', 'langkah', 'sedang', 'rusak', 'mati', 'total', 'coba', 'pulih', 'akun', 'tolak', 'asih', 'bukti', 'mampu', 'nomor', 'telepon', 'gmail', 'kenapa', 'log', 'gmail', 'akun', 'sayang', 'hilang', 'begitu', 'sampah', 'suka', 'kecewa']","[('kecewa', 'akun'), ('akun', 'hilang'), ('hilang', 'gmail'), ('gmail', 'lupa'), ('lupa', 'password'), ('password', 'verifikasi'), ('verifikasi', 'langkah'), ('langkah', 'sedang'), ('sedang', 'rusak'), ('rusak', 'mati'), ('mati', 'total'), ('total', 'coba'), ('coba', 'pulih'), ('pulih', 'akun'), ('akun', 'tolak'), ('tolak', 'asih'), ('asih', 'bukti'), ('bukti', 'mampu'), ('mampu', 'nomor'), ('nomor', 'telepon'), ('telepon', 'gmail'), ('gmail', 'kenapa'), ('kenapa', 'log'), ('log', 'gmail'), ('gmail', 'akun'), ('akun', 'sayang'), ('sayang', 'hilang'), ('hilang', 'begitu'), ('begitu', 'sampah'), ('sampah', 'suka'), ('suka', 'kecewa')]"
"['bagus', 'plagiat']","[('bagus', 'plagiat')]"
['mantap'],[]
[],[]
"['semua', 'bagus', 'baik', 'featured', 'unique', 'thing', 'etc', 'namun', 'mohon', 'filenya', 'pisah', 'kompetitor', 'filenya', 'update', 'pisah', 'didownload', 'belum', 'rilis', 'ganggu', 'tibatiba', 'ganggu', 'tunggu', 'patch', 'baru', 'lama', 'periksa', 'sumber', 'daya', 'harap', 'patch', 'baru', 'belum', 'rilis', 'kga', 'tunggu']","[('semua', 'bagus'), ('bagus', 'baik'), ('baik', 'featured'), ('featured', 'unique'), ('unique', 'thing'), ('thing', 'etc'), ('etc', 'namun'), ('namun', 'mohon'), ('mohon', 'filenya'), ('filenya', 'pisah'), ('pisah', 'kompetitor'), ('kompetitor', 'filenya'), ('filenya', 'update'), ('update', 'pisah'), ('pisah', 'didownload'), ('didownload', 'belum'), ('belum', 'rilis'), ('rilis', 'ganggu'), ('ganggu', 'tibatiba'), ('tibatiba', 'ganggu'), ('ganggu', 'tunggu'), ('tunggu', 'patch'), ('patch', 'baru'), ('baru', 'lama'), ('lama', 'periksa'), ('periksa', 'sumber'), ('sumber', 'daya'), ('daya', 'harap'), ('harap', 'patch'), ('patch', 'baru'), ('baru', 'belum'), ('belum', 'rilis'), ('rilis', 'kga'), ('kga', 'tunggu')]"
"['loadingnya', 'lama', 'banget']","[('loadingnya', 'lama'), ('lama', 'banget')]"
"['bagus', 'matan', 'voic', 'busuk']","[('bagus', 'matan'), ('matan', 'voic'), ('voic', 'busuk')]"
['bagus'],[]
"['anjing', 'banyak', 'update', 'tolol', 'lama', 'kyk']","[('anjing', 'banyak'), ('banyak', 'update'), ('update', 'tolol'), ('tolol', 'lama'), ('lama', 'kyk')]"
['ayik'],[]
"['lebih', 'seru']","[('lebih', 'seru')]"
"['masalah', 'belum', 'sudah', 'selesai', 'masalahbug', 'baru', 'satu', 'suruh', 'ulang', 'cek', 'info', 'aplikasi', 'ukur', 'semua', 'gb', 'full', 'suruh']","[('masalah', 'belum'), ('belum', 'sudah'), ('sudah', 'selesai'), ('selesai', 'masalahbug'), ('masalahbug', 'baru'), ('baru', 'satu'), ('satu', 'suruh'), ('suruh', 'ulang'), ('ulang', 'cek'), ('cek', 'info'), ('info', 'aplikasi'), ('aplikasi', 'ukur'), ('ukur', 'semua'), ('semua', 'gb'), ('gb', 'full'), ('full', 'suruh')]"
"['fomo', 'bukan', 'seru', 'lebih', 'bagus']","[('fomo', 'bukan'), ('bukan', 'seru'), ('seru', 'lebih'), ('lebih', 'bagus')]"
"['aga', 'lol', 'pindah', 'hahaha', 'enyah', 'lo']","[('aga', 'lol'), ('lol', 'pindah'), ('pindah', 'hahaha'), ('hahaha', 'enyah'), ('enyah', 'lo')]"
"['bagus', 'nyangkut', 'masuk', 'muat', 'harap', 'tunggu']","[('bagus', 'nyangkut'), ('nyangkut', 'masuk'), ('masuk', 'muat'), ('muat', 'harap'), ('harap', 'tunggu')]"
"['baru', 'instal', 'langsung', 'bosan', 'lawan', 'terlalu', 'jago', 'sementara', 'bot']","[('baru', 'instal'), ('instal', 'langsung'), ('langsung', 'bosan'), ('bosan', 'lawan'), ('lawan', 'terlalu'), ('terlalu', 'jago'), ('jago', 'sementara'), ('sementara', 'bot')]"
"['banyak', 'update', 'unduh', 'dalam', 'sudah', 'stuck', 'kencang', 'suruh', 'usah']","[('banyak', 'update'), ('update', 'unduh'), ('unduh', 'dalam'), ('dalam', 'sudah'), ('sudah', 'stuck'), ('stuck', 'kencang'), ('kencang', 'suruh'), ('suruh', 'usah')]"
['bagus'],[]
['bagus'],[]
"['update', 'lama', 'pasang', 'sudah', 'njir']","[('update', 'lama'), ('lama', 'pasang'), ('pasang', 'sudah'), ('sudah', 'njir')]"
['burir'],[]
"['habis', 'reset', 'season', 'fps', 'susah', 'banget', 'stabil', 'belum', 'reset', 'stabil', 'fps', 'sekarang', 'drop', 'bahkan', 'lebih', 'rendah', 'jalanjalan', 'ngefreeze', 'detik', 'fix', 'dev']","[('habis', 'reset'), ('reset', 'season'), ('season', 'fps'), ('fps', 'susah'), ('susah', 'banget'), ('banget', 'stabil'), ('stabil', 'belum'), ('belum', 'reset'), ('reset', 'stabil'), ('stabil', 'fps'), ('fps', 'sekarang'), ('sekarang', 'drop'), ('drop', 'bahkan'), ('bahkan', 'lebih'), ('lebih', 'rendah'), ('rendah', 'jalanjalan'), ('jalanjalan', 'ngefreeze'), ('ngefreeze', 'detik'), ('detik', 'fix'), ('fix', 'dev')]"
['kerenn'],[]
"['njirlah', 'cok', 'kalah', 'menang', 'ngentod', 'banget']","[('njirlah', 'cok'), ('cok', 'kalah'), ('kalah', 'menang'), ('menang', 'ngentod'), ('ngentod', 'banget')]"
"['detail', 'lengkap']","[('detail', 'lengkap')]"
"['mu', 'baik', 'selalu', 'ketemu', 'noob', 'satu', 'bot', 'satu', 'latih', 'tolong', 'lebih', 'pinter', 'jangan', 'tolol', 'tolol', 'banget', 'napa']","[('mu', 'baik'), ('baik', 'selalu'), ('selalu', 'ketemu'), ('ketemu', 'noob'), ('noob', 'satu'), ('satu', 'bot'), ('bot', 'satu'), ('satu', 'latih'), ('latih', 'tolong'), ('tolong', 'lebih'), ('lebih', 'pinter'), ('pinter', 'jangan'), ('jangan', 'tolol'), ('tolol', 'tolol'), ('tolol', 'banget'), ('banget', 'napa')]"
"['paling', 'soft', 'spoken', 'love', 'you', 'baru', 'sudah', 'sambut', 'donlod', 'respect']","[('paling', 'soft'), ('soft', 'spoken'), ('spoken', 'love'), ('love', 'you'), ('you', 'baru'), ('baru', 'sudah'), ('sudah', 'sambut'), ('sambut', 'donlod'), ('donlod', 'respect')]"
"['berat', 'minimal', 'wkwk', 'kuat']","[('berat', 'minimal'), ('minimal', 'wkwk'), ('wkwk', 'kuat')]"
['mantap'],[]
['king'],[]
"['top', 'up', 'tetapi', 'token', 'masuk', 'bagaimana']","[('top', 'up'), ('up', 'tetapi'), ('tetapi', 'token'), ('token', 'masuk'), ('masuk', 'bagaimana')]"
['tiru'],[]
['avfdc'],[]
['baik'],[]
"['bagus', 'banget', 'grafik', 'bagus']","[('bagus', 'banget'), ('banget', 'grafik'), ('grafik', 'bagus')]"
"['upload', 'foto', 'profil', 'perangkat', 'kocak']","[('upload', 'foto'), ('foto', 'profil'), ('profil', 'perangkat'), ('perangkat', 'kocak')]"
"['seru', 'banget', 'sampai', 'tengah', 'malam']","[('seru', 'banget'), ('banget', 'sampai'), ('sampai', 'tengah'), ('tengah', 'malam')]"
"['maksa', 'amatt', 'jig']","[('maksa', 'amatt'), ('amatt', 'jig')]"
"['baharu', 'sampah', 'cumak', 'muter', 'jelas', 'buruk']","[('baharu', 'sampah'), ('sampah', 'cumak'), ('cumak', 'muter'), ('muter', 'jelas'), ('jelas', 'buruk')]"
"['seru', 'benar', 'benar', 'seru']","[('seru', 'benar'), ('benar', 'benar'), ('benar', 'seru')]"
['bagus'],[]
"['mantap', 'king', 'cihuy', 'keren', 'mantep', 'keren', 'banget']","[('mantap', 'king'), ('king', 'cihuy'), ('cihuy', 'keren'), ('keren', 'mantep'), ('mantep', 'keren'), ('keren', 'banget')]"
"['sakit', 'season', 'frame', 'drop', 'settingan', 'grafis', 'standar', 'grafis', 'rata', 'kanan', 'sengaja', 'standar', 'lama', 'irit', 'daya', 'bukan', 'salah', 'forum', 'banyak']","[('sakit', 'season'), ('season', 'frame'), ('frame', 'drop'), ('drop', 'settingan'), ('settingan', 'grafis'), ('grafis', 'standar'), ('standar', 'grafis'), ('grafis', 'rata'), ('rata', 'kanan'), ('kanan', 'sengaja'), ('sengaja', 'standar'), ('standar', 'lama'), ('lama', 'irit'), ('irit', 'daya'), ('daya', 'bukan'), ('bukan', 'salah'), ('salah', 'forum'), ('forum', 'banyak')]"
['mantap'],[]
"['sudah', 'update', 'makin', 'mirip', 'bahkan', 'karakter', 'mirip']","[('sudah', 'update'), ('update', 'makin'), ('makin', 'mirip'), ('mirip', 'bahkan'), ('bahkan', 'karakter'), ('karakter', 'mirip')]"
"['tak', 'suka']","[('tak', 'suka')]"
"['buruk', 'lebih', 'bagus']","[('buruk', 'lebih'), ('lebih', 'bagus')]"
['bagus'],[]
"['strategi', 'luar', 'biasa', 'grafik', 'bagus', 'bagus', 'agak', 'lag', 'sedikit']","[('strategi', 'luar'), ('luar', 'biasa'), ('biasa', 'grafik'), ('grafik', 'bagus'), ('bagus', 'bagus'), ('bagus', 'agak'), ('agak', 'lag'), ('lag', 'sedikit')]"
"['niru', 'bejir']","[('niru', 'bejir')]"
"['kangen', 'jungler', 'bintang']","[('kangen', 'jungler'), ('jungler', 'bintang')]"
"['suka', 'nonton', 'sound', 'horek']","[('suka', 'nonton'), ('nonton', 'sound'), ('sound', 'horek')]"
