stopwords_removed,3-gram
"['keren', 'banget']",[]
"['buruk', 'baik', 'hubung', 'ulang', 'tunggu', 'beberapa']","['baik_hubung_ulang', 'buruk_baik_hubung', 'hubung_ulang_tunggu', 'ulang_tunggu_beberapa']"
['layak'],[]
"['seru', 'banyak', 'jago', 'biasa', 'buruk', 'musuh', 'hebat', 'tantang']","['banyak_jago_biasa', 'biasa_buruk_musuh', 'buruk_musuh_hebat', 'jago_biasa_buruk', 'musuh_hebat_tantang', 'seru_banyak_jago']"
"['terimakasih', 'bagus', 'jujur', 'ikan', 'kepada', 'bagus']","['bagus_jujur_ikan', 'ikan_kepada_bagus', 'jujur_ikan_kepada', 'terimakasih_bagus_jujur']"
"['mending', 'legeng']",[]
"['seru', 'asik', 'gabut', 'laik']","['asik_gabut_laik', 'seru_asik_gabut']"
"['gelap', 'very', 'crazy', 'jika', 'kalah', 'lebih', 'banyak', 'lebih', 'baik', 'bonus', 'bintang', 'menang']","['baik_bonus_bintang', 'banyak_lebih_baik', 'bonus_bintang_menang', 'crazy_jika_kalah', 'gelap_very_crazy', 'jika_kalah_lebih', 'kalah_lebih_banyak', 'lebih_baik_bonus', 'lebih_banyak_lebih', 'very_crazy_jika']"
['lelett'],[]
['diamond'],[]
"['animasi', 'delay', 'skill', 'gera', 'cepat', 'beberapa', 'licin', 'talu', 'banyak', 'stun', 'item', 'kurang', 'cc', 'selain', 'sepatu', 'kelas', 'sangguan', 'ulti', 'reset', 'bila', 'kill', 'musuh', 'gantung', 'ulti', 'beberapa', 'terlalu', 'butuh', 'ulti', 'balance', 'biar', 'agak', 'sedikit', 'sustand', 'fight', 'arcana', 'tambahin', 'spellvamp', 'physical', 'masuk', 'terimakasih']","['agak_sedikit_sustand', 'animasi_delay_skill', 'arcana_tambahin_spellvamp', 'balance_biar_agak', 'banyak_stun_item', 'beberapa_licin_talu', 'beberapa_terlalu_butuh', 'biar_agak_sedikit', 'bila_kill_musuh', 'butuh_ulti_balance', 'cc_selain_sepatu', 'cepat_beberapa_licin', 'delay_skill_gera', 'fight_arcana_tambahin', 'gantung_ulti_beberapa', 'gera_cepat_beberapa', 'item_kurang_cc', 'kelas_sangguan_ulti', 'kill_musuh_gantung', 'kurang_cc_selain', 'licin_talu_banyak', 'musuh_gantung_ulti', 'physical_masuk_terimakasih', 'reset_bila_kill', 'sangguan_ulti_reset', 'sedikit_sustand_fight', 'selain_sepatu_kelas', 'sepatu_kelas_sangguan', 'skill_gera_cepat', 'spellvamp_physical_masuk', 'stun_item_kurang', 'sustand_fight_arcana', 'talu_banyak_stun', 'tambahin_spellvamp_physical', 'terlalu_butuh_ulti', 'ulti_balance_biar', 'ulti_beberapa_terlalu', 'ulti_reset_bila']"
"['tolong', 'baik', 'masalh', 'menggangu']","['baik_masalh_menggangu', 'tolong_baik_masalh']"
"['bagus', 'samsung', 'samsung', 'apakah', 'kuat']","['bagus_samsung_samsung', 'samsung_apakah_kuat', 'samsung_samsung_apakah']"
"['banyak', 'bug', 'rusak']",['banyak_bug_rusak']
"['bagus', 'banget', 'hewan', 'lucu', 'pula']","['bagus_banget_hewan', 'banget_hewan_lucu', 'hewan_lucu_pula']"
['seru'],[]
"['cocok', 'bagi', 'ls']",['cocok_bagi_ls']
['suka'],[]
"['cheater', 'kena', 'report', 'payah']","['cheater_kena_report', 'kena_report_payah']"
"['bagus', 'tarik', 'banget']",['bagus_tarik_banget']
"['buruk', 'bintangc']",[]
"['sekarang', 'wifi', 'lancar']",['sekarang_wifi_lancar']
"['bug', 'masalah', 'hukum', 'malam', 'adil', 'auh', 'gelap']","['adil_auh_gelap', 'bug_masalah_hukum', 'hukum_malam_adil', 'malam_adil_auh', 'masalah_hukum_malam']"
['next'],[]
"['nanti', 'comeback', 'lgi']",['nanti_comeback_lgi']
['bagus'],[]
"['uninstall', 'lag', 'v']",[]
['tolol'],[]
"['bagus', 'grafik', 'bagus', 'tolong', 'boros', 'mana', 'mana', 'tolong', 'lam', 'tolong']","['bagus_grafik_bagus', 'bagus_tolong_boros', 'boros_mana_mana', 'grafik_bagus_tolong', 'mana_mana_tolong', 'mana_tolong_lam', 'tolong_boros_mana', 'tolong_lam_tolong']"
"['tolong', 'ringan', 'dihp', 'kentang']","['ringan_dihp_kentang', 'tolong_ringan_dihp']"
"['wah', 'gratis', 'sedikit', 'banget', 'untung', 'rotasi', 'minggu', 'sempat', 'minggu']","['banget_untung_rotasi', 'gratis_sedikit_banget', 'minggu_sempat_minggu', 'rotasi_minggu_sempat', 'sedikit_banget_untung', 'untung_rotasi_minggu', 'wah_gratis_sedikit']"
"['lawan', 'bot', 'bosen', 'musuh', 'kabur', 'darah', 'sekarat', 'tengah', 'teman', 'banyak', 'males', 'buriq']","['banyak_males_buriq', 'bosen_musuh_kabur', 'bot_bosen_musuh', 'darah_sekarat_tengah', 'kabur_darah_sekarat', 'lawan_bot_bosen', 'musuh_kabur_darah', 'sekarat_tengah_teman', 'teman_banyak_males', 'tengah_teman_banyak']"
"['ta', 'event', 'epik', 'drbian', 'sudah', 'gaca', 'kga', 'event', 'jgn', 'sosial', 'mending', 'sudah']","['drbian_sudah_gaca', 'epik_drbian_sudah', 'event_epik_drbian', 'event_jgn_sosial', 'gaca_kga_event', 'jgn_sosial_mending', 'kga_event_jgn', 'sosial_mending_sudah', 'sudah_gaca_kga', 'ta_event_epik']"
"['butuh', 'gambar', 'lore', 'lebih', 'jelas', 'susah', 'paham', 'lore', 'lebih', 'fokus', 'bahkan', 'gambar', 'primeara', 'tak', 'tulis', 'jelas', 'banyak', 'mi', 'cukup', 'susah', 'paham', 'lore', 'harap', 'gambar', 'lore', 'lebih', 'jelas', 'lain']","['bahkan_gambar_primeara', 'banyak_mi_cukup', 'butuh_gambar_lore', 'cukup_susah_paham', 'fokus_bahkan_gambar', 'gambar_lore_lebih', 'gambar_primeara_tak', 'harap_gambar_lore', 'jelas_banyak_mi', 'jelas_susah_paham', 'lebih_fokus_bahkan', 'lebih_jelas_lain', 'lebih_jelas_susah', 'lore_harap_gambar', 'lore_lebih_fokus', 'lore_lebih_jelas', 'mi_cukup_susah', 'paham_lore_harap', 'paham_lore_lebih', 'primeara_tak_tulis', 'susah_paham_lore', 'tak_tulis_jelas', 'tulis_jelas_banyak']"
"['force', 'close', 'update', 'begini']","['close_update_begini', 'force_close_update']"
"['t', 'l', 'l', 'mending', 'legends']",[]
"['fiturnya', 'tolong', 'baik']",['fiturnya_tolong_baik']
"['good', 'application']",[]
"['rusak', 'saranin', 'jangan']",['rusak_saranin_jangan']
"['minimal', 'itel', 'p', 'problem', 'ngebug', 'random', 'force', 'close', 'melulu', 'tolong', 'baik']","['close_melulu_tolong', 'force_close_melulu', 'itel_problem_ngebug', 'melulu_tolong_baik', 'minimal_itel_problem', 'ngebug_random_force', 'problem_ngebug_random', 'random_force_close']"
['seru'],[]
"['free', 'skin']",[]
['seru'],[]
"['gila', 'mana', 'kena', 'penalti', 'makin', 'aneh']","['gila_mana_kena', 'kena_penalti_makin', 'mana_kena_penalti', 'penalti_makin_aneh']"
"['up', 'harga', 'roamer', 'hitung', 'adil', 'bahkan', 'dg', 'samasama', 'dg', 'statistik', 'jauh', 'atas', 'lain', 'roamer', 'tdk', 'dominan', 'mvp', 'its', 'not', 'fair', 'for', 'programmer', 'hitung', 'mu', 'kurang', 'akurat', 'kda', 'selisih', 'jauh', 'unggul', 'kuasa', 'unggul', 'damage', 'terimakasih', 'unggul', 'dominan', 'non', 'roamer', 'mvp']","['adil_bahkan_dg', 'akurat_kda_selisih', 'atas_lain_roamer', 'bahkan_dg_samasama', 'damage_terimakasih_unggul', 'dg_samasama_dg', 'dg_statistik_jauh', 'dominan_mvp_its', 'dominan_non_roamer', 'fair_for_programmer', 'for_programmer_hitung', 'harga_roamer_hitung', 'hitung_adil_bahkan', 'hitung_mu_kurang', 'its_not_fair', 'jauh_atas_lain', 'jauh_unggul_kuasa', 'kda_selisih_jauh', 'kuasa_unggul_damage', 'kurang_akurat_kda', 'lain_roamer_tdk', 'mu_kurang_akurat', 'mvp_its_not', 'non_roamer_mvp', 'not_fair_for', 'programmer_hitung_mu', 'roamer_hitung_adil', 'roamer_tdk_dominan', 'samasama_dg_statistik', 'selisih_jauh_unggul', 'statistik_jauh_atas', 'tdk_dominan_mvp', 'terimakasih_unggul_dominan', 'unggul_damage_terimakasih', 'unggul_dominan_non', 'unggul_kuasa_unggul', 'up_harga_roamer']"
"['tolong', 'matching', 'rusak', 'masa', 'ketemu', 'philipina', 'mesti', 'kalah']","['ketemu_philipina_mesti', 'masa_ketemu_philipina', 'matching_rusak_masa', 'philipina_mesti_kalah', 'rusak_masa_ketemu', 'tolong_matching_rusak']"
"['baik', 'walau', 'lawan', 'susah']","['baik_walau_lawan', 'walau_lawan_susah']"
['adil'],[]
"['akun', 'kena', 'hack']",['akun_kena_hack']
['seru'],[]
"['kenapa', 'mental', 'keluar', 'sendiri', 'masuk', 'lama', 'masuk', 'afk', 'segaja']","['keluar_sendiri_masuk', 'kenapa_mental_keluar', 'lama_masuk_afk', 'masuk_afk_segaja', 'masuk_lama_masuk', 'mental_keluar_sendiri', 'sendiri_masuk_lama']"
"['cacat', 'lawan', 'bot', 'teman', 'bot', 'rusak', 'uninstal']","['bot_rusak_uninstal', 'bot_teman_bot', 'cacat_lawan_bot', 'lawan_bot_teman', 'teman_bot_rusak']"
"['bagus', 'kurang', 'adil', 'bagi', 'akhir', 'kda', 'kurang', 'arti']","['adil_bagi_akhir', 'akhir_kda_kurang', 'bagi_akhir_kda', 'bagus_kurang_adil', 'kda_kurang_arti', 'kurang_adil_bagi']"
"['mirip', 'mobil']",[]
"['kasa', 'lancar', 'sengaya', 'keluar', 'lowding', 'lama', 'banget']","['kasa_lancar_sengaya', 'keluar_lowding_lama', 'lancar_sengaya_keluar', 'lowding_lama_banget', 'sengaya_keluar_lowding']"
"['tetap', 'diamon', 'gelap', 'pusing', 'ah']","['diamon_gelap_pusing', 'gelap_pusing_ah', 'tetap_diamon_gelap']"
"['jarigan', 'stabil', 'banyak', 'bug', 'soryy', 'rerting', 'bintang', 'satu', 'iya']","['banyak_bug_soryy', 'bintang_satu_iya', 'bug_soryy_rerting', 'jarigan_stabil_banyak', 'rerting_bintang_satu', 'soryy_rerting_bintang', 'stabil_banyak_bug']"
"['pernah', 'coba', 'bagus', 'nyoba']","['coba_bagus_nyoba', 'pernah_coba_bagus']"
"['gg', 'seru', 'bagus', 'gratis']","['gg_seru_bagus', 'seru_bagus_gratis']"
"['moga', 'ngecewain', 'jangan', 'mole']","['moga_ngecewain_jangan', 'ngecewain_jangan_mole']"
"['bagus', 'trash', 'makin', 'update', 'makin', 'jelek']","['bagus_trash_makin', 'makin_update_makin', 'trash_makin_update', 'update_makin_jelek']"
"['semua', 'coba', 'cuma', 'jaringanya', 'pasti', 'arti', 'lag', 'wifi', 'lancar', 'sinyal', 'full', 'oke', 'lag', 'seakanakan', 'belum', 'server', 'global', 'sekian', 'terimakasih', 'hal', 'lain', 'puas', 'nyaman', 'paling', 'utama', 'mohon', 'kerja', 'rusak', 'sinyal', 'jika', 'tolong', 'periksa', 'otomatis', 'bagi', 'mungkin', 'mengunakan', 'plungin', 'dll']","['arti_lag_wifi', 'bagi_mungkin_mengunakan', 'belum_server_global', 'coba_cuma_jaringanya', 'cuma_jaringanya_pasti', 'full_oke_lag', 'global_sekian_terimakasih', 'hal_lain_puas', 'jaringanya_pasti_arti', 'jika_tolong_periksa', 'kerja_rusak_sinyal', 'lag_seakanakan_belum', 'lag_wifi_lancar', 'lain_puas_nyaman', 'lancar_sinyal_full', 'mengunakan_plungin_dll', 'mohon_kerja_rusak', 'mungkin_mengunakan_plungin', 'nyaman_paling_utama', 'oke_lag_seakanakan', 'otomatis_bagi_mungkin', 'paling_utama_mohon', 'pasti_arti_lag', 'periksa_otomatis_bagi', 'puas_nyaman_paling', 'rusak_sinyal_jika', 'seakanakan_belum_server', 'sekian_terimakasih_hal', 'semua_coba_cuma', 'server_global_sekian', 'sinyal_full_oke', 'sinyal_jika_tolong', 'terimakasih_hal_lain', 'tolong_periksa_otomatis', 'utama_mohon_kerja', 'wifi_lancar_sinyal']"
"['lebih', 'keren']",[]
"['jelas', 'sudah', 'dua', 'tetap', 'taik', 'buang', 'babi', 'baru', 'paket', 'gb', 'tadi', 'sore', 'satu', 'hbs', 'tinggal', 'paket', 'yutop', 'gilak', 'parah', 'makan']","['babi_baru_paket', 'baru_paket_gb', 'buang_babi_baru', 'dua_tetap_taik', 'gb_tadi_sore', 'gilak_parah_makan', 'hbs_tinggal_paket', 'jelas_sudah_dua', 'paket_gb_tadi', 'paket_yutop_gilak', 'satu_hbs_tinggal', 'sore_satu_hbs', 'sudah_dua_tetap', 'tadi_sore_satu', 'taik_buang_babi', 'tetap_taik_buang', 'tinggal_paket_yutop', 'yutop_gilak_parah']"
[],[]
"['season', 'sekarang', 'kenapa', 'lag', 'minimal', 'lain', 'aman', 'ingame', 'lag', 'males', 'banget', 'server', 'brazil', 'baru', 'lag', 'bukan', 'sendiri']","['aman_ingame_lag', 'banget_server_brazil', 'baru_lag_bukan', 'brazil_baru_lag', 'ingame_lag_males', 'kenapa_lag_minimal', 'lag_bukan_sendiri', 'lag_males_banget', 'lag_minimal_lain', 'lain_aman_ingame', 'males_banget_server', 'minimal_lain_aman', 'season_sekarang_kenapa', 'sekarang_kenapa_lag', 'server_brazil_baru']"
['oke'],[]
"['animasi', 'kurah', 'hidup', 'bagus']","['animasi_kurah_hidup', 'kurah_hidup_bagus']"
"['sinyal', 'kenapa', 'jelek']",['sinyal_kenapa_jelek']
"['bagus', 'seru']",[]
['keren'],[]
"['update', 'belum', 'normal', 'normal', 'gede', 'banget', 'sekitar', 'gban']","['banget_sekitar_gban', 'belum_normal_normal', 'gede_banget_sekitar', 'normal_gede_banget', 'normal_normal_gede', 'update_belum_normal']"
['jelek'],[]
"['jadul', 'banget', 'buruk']",['jadul_banget_buruk']
['baik'],[]
[],[]
"['android', 'baik']",[]
"['tier', 'paling', 'niat']",['tier_paling_niat']
"['my', 'little', 'soda', 'pop']","['little_soda_pop', 'my_little_soda']"
['keren'],[]
"['anggita', 'nurhassanah']",[]
"['lumayan', 'seru', 'cuma', 'ngerti', 'item', 'maka', 'bintang']","['cuma_ngerti_item', 'item_maka_bintang', 'lumayan_seru_cuma', 'ngerti_item_maka', 'seru_cuma_ngerti']"
"['baik', 'tier', 'atas', 'bnyak', 'gelap', 'systemnya', 'ketemu', 'asing', 'anehh', 'gameplaynya']","['asing_anehh_gameplaynya', 'atas_bnyak_gelap', 'baik_tier_atas', 'bnyak_gelap_systemnya', 'gelap_systemnya_ketemu', 'ketemu_asing_anehh', 'systemnya_ketemu_asing', 'tier_atas_bnyak']"
"['candu', 'banget', 'satu', 'walaupun', 'colong', 'samsung', 'j', 'biarin', 'penting', 'kompatibel']","['banget_satu_walaupun', 'biarin_penting_kompatibel', 'candu_banget_satu', 'colong_samsung_biarin', 'samsung_biarin_penting', 'satu_walaupun_colong', 'walaupun_colong_samsung']"
['bagus'],[]
"['report', 'makin', 'jelek', 'semenjak', 'gimmick', 'ai', 'ngetroll', 'nyuri', 'kena']","['ai_ngetroll_nyuri', 'gimmick_ai_ngetroll', 'jelek_semenjak_gimmick', 'makin_jelek_semenjak', 'ngetroll_nyuri_kena', 'report_makin_jelek', 'semenjak_gimmick_ai']"
"['timya', 'bloon']",[]
['inimudah'],[]
"['apresiasi', 'banyak', 'skin', 'gratis', 'bukan', 'skin', 'basic', 'elif', 'bahkan', 'epic', 'njir', 'laa', 'mana', 'paling', 'beri', 'skin', 'basic', 'awok']","['apresiasi_banyak_skin', 'bahkan_epic_njir', 'banyak_skin_gratis', 'basic_elif_bahkan', 'beri_skin_basic', 'bukan_skin_basic', 'elif_bahkan_epic', 'epic_njir_laa', 'gratis_bukan_skin', 'laa_mana_paling', 'mana_paling_beri', 'njir_laa_mana', 'paling_beri_skin', 'skin_basic_awok', 'skin_basic_elif', 'skin_gratis_bukan']"
"['hallo', 'dev', 'edit', 'ulas', 'sedikit', 'keluh', 'agak', 'bingung', 'imbang', 'push', 'musuh', 'lebih', 'tinggi', 'tiernya', 'ketimbang', 'alhasil', 'defeat', 'ketimbang', 'win', 'moga', 'cari', 'imbang', 'tier', 'masing', 'sukses']","['agak_bingung_imbang', 'alhasil_defeat_ketimbang', 'bingung_imbang_push', 'cari_imbang_tier', 'defeat_ketimbang_win', 'dev_edit_ulas', 'edit_ulas_sedikit', 'hallo_dev_edit', 'imbang_push_musuh', 'imbang_tier_masing', 'keluh_agak_bingung', 'ketimbang_alhasil_defeat', 'ketimbang_win_moga', 'lebih_tinggi_tiernya', 'moga_cari_imbang', 'musuh_lebih_tinggi', 'push_musuh_lebih', 'sedikit_keluh_agak', 'tier_masing_sukses', 'tiernya_ketimbang_alhasil', 'tinggi_tiernya_ketimbang', 'ulas_sedikit_keluh', 'win_moga_cari']"
"['selalu', 'jelek', 'jarang', 'banget', 'bagus']","['jarang_banget_bagus', 'jelek_jarang_banget', 'selalu_jelek_jarang']"
['niruin'],[]
['good'],[]
"['tolong', 'update', 'versi', 'lag', 'banget', 'semenjak', 'spriteling', 'tambah', 'lag']","['banget_semenjak_spriteling', 'lag_banget_semenjak', 'semenjak_spriteling_tambah', 'spriteling_tambah_lag', 'tolong_update_versi', 'update_versi_lag', 'versi_lag_banget']"
"['bagus', 'jugaa', 'sukaa']",['bagus_jugaa_sukaa']
"['berharihari', 'kalah', 'ngestack', 'sampah', 'mending', 'balik', 'adil']","['berharihari_kalah_ngestack', 'kalah_ngestack_sampah', 'mending_balik_adil', 'ngestack_sampah_mending', 'sampah_mending_balik']"
"['tarik', 'luar', 'biasa']",['tarik_luar_biasa']
"['bag', 'wifi', 'bagus', 'bagus', 'nyaman', 'tolong', 'rusak']","['bag_wifi_bagus', 'bagus_bagus_nyaman', 'bagus_nyaman_tolong', 'nyaman_tolong_rusak', 'wifi_bagus_bagus']"
"['seru', 'lag']",[]
"['bang', 'tepat', 'janji', 'mu', 'banyak', 'skin', 'gratis', 'cuma', 'kasi', 'skin', 'banyak', 'jarak', 'jauh', 'iklan', 'banyak', 'skin', 'gratis', 'bajingngan']","['bang_tepat_janji', 'banyak_jarak_jauh', 'banyak_skin_gratis', 'cuma_kasi_skin', 'gratis_cuma_kasi', 'iklan_banyak_skin', 'janji_mu_banyak', 'jarak_jauh_iklan', 'jauh_iklan_banyak', 'kasi_skin_banyak', 'mu_banyak_skin', 'skin_banyak_jarak', 'skin_gratis_bajingngan', 'skin_gratis_cuma', 'tepat_janji_mu']"
['mantap'],[]
"['feel', 'dalam', 'kurang', 'asa', 'sehingga', 'enjoyble', 'dalam']","['asa_sehingga_enjoyble', 'dalam_kurang_asa', 'feel_dalam_kurang', 'kurang_asa_sehingga', 'sehingga_enjoyble_dalam']"
"['kurang', 'bagus', 'baru', 'sudah', 'patah', 'patah', 'bagus', 'lo', 'bagus', 'lag', 'patah', 'patah', 'kocak']","['bagus_baru_sudah', 'bagus_lag_patah', 'bagus_lo_bagus', 'baru_sudah_patah', 'kurang_bagus_baru', 'lag_patah_patah', 'lo_bagus_lag', 'patah_bagus_lo', 'patah_patah_bagus', 'patah_patah_kocak', 'sudah_patah_patah']"
"['boot', 'menang', 'pernah', 'payah', 'imbang']","['boot_menang_pernah', 'menang_pernah_payah', 'pernah_payah_imbang']"
"['bagus', 'seru']",[]
"['please', 'make', 'fairer']",['please_make_fairer']
"['bagus', 'banget', 'mana', 'offline']","['bagus_banget_mana', 'banget_mana_offline']"
"['nilai', 'hukum', 'masuk', 'akal', 'force', 'close', 'signal', 'towing']","['akal_force_close', 'close_signal_towing', 'force_close_signal', 'hukum_masuk_akal', 'masuk_akal_force', 'nilai_hukum_masuk']"
"['bintang', 'lama', 'ken', 'akun', 'hilang', 'akun', 'google', 'ingat', 'nyambungin', 'mana', 'agak', 'kesal', 'akun', 'kerenlevel', 'infinity', 'jaga', 'signature', 'nyabuat', 'pensi', 'haru', 'pensi', 'habis', 'kapan', 'hapus', 'akun', 'agak', 'nyesel', 'pernah', 'sumpah', 'muak', 'gimana']","['agak_kesal_akun', 'agak_nyesel_pernah', 'akun_agak_nyesel', 'akun_google_ingat', 'akun_hilang_akun', 'akun_kerenlevel_infinity', 'bintang_lama_ken', 'google_ingat_nyambungin', 'habis_kapan_hapus', 'hapus_akun_agak', 'haru_pensi_habis', 'hilang_akun_google', 'infinity_jaga_signature', 'ingat_nyambungin_mana', 'jaga_signature_nyabuat', 'kapan_hapus_akun', 'ken_akun_hilang', 'kerenlevel_infinity_jaga', 'kesal_akun_kerenlevel', 'lama_ken_akun', 'mana_agak_kesal', 'nyabuat_pensi_haru', 'nyambungin_mana_agak', 'nyesel_pernah_sumpah', 'pensi_habis_kapan', 'pensi_haru_pensi', 'pernah_sumpah_muak', 'signature_nyabuat_pensi', 'sumpah_muak_gimana']"
"['heran', 'lawan', 'terlalu', 'kuat', 'dage', 'lawan', 'terlalu', 'tinggi', 'satu', 'serang', 'langsung', 'mati']","['dage_lawan_terlalu', 'heran_lawan_terlalu', 'kuat_dage_lawan', 'lawan_terlalu_kuat', 'lawan_terlalu_tinggi', 'satu_serang_langsung', 'serang_langsung_mati', 'terlalu_kuat_dage', 'terlalu_tinggi_satu', 'tinggi_satu_serang']"
"['berat', 'banget', 'ui', 'fc', 'belum', 'optimal']","['banget_ui_fc', 'berat_banget_ui', 'fc_belum_optimal', 'ui_fc_belum']"
"['oke', 'matsmeking', 'sudah', 'bagus', 'tanks', 'respon', 'cepet', 'lajutkan', 'mets', 'meking', 'adil', 'vs', 'jan', 'skin', 'bayakin', 'metsmeking', 'ancur', 'bintang', 'metsmeking']","['adil_vs_jan', 'ancur_bintang_metsmeking', 'bagus_tanks_respon', 'bayakin_metsmeking_ancur', 'cepet_lajutkan_mets', 'jan_skin_bayakin', 'lajutkan_mets_meking', 'matsmeking_sudah_bagus', 'meking_adil_vs', 'mets_meking_adil', 'metsmeking_ancur_bintang', 'oke_matsmeking_sudah', 'respon_cepet_lajutkan', 'skin_bayakin_metsmeking', 'sudah_bagus_tanks', 'tanks_respon_cepet', 'vs_jan_skin']"
"['masalah', 'yahh', 'lag', 'sendiri', 'ping', 'hijau', 'truss', 'crash', 'sudah', 'gtu', 'langsung', 'kluar', 'dri', 'sendiri', 'sudah', 'turunin', 'grafik', 'ttep', 'gda', 'masalah', 'dri']","['crash_sudah_gtu', 'dri_sendiri_sudah', 'gda_masalah_dri', 'grafik_ttep_gda', 'gtu_langsung_kluar', 'hijau_truss_crash', 'kluar_dri_sendiri', 'lag_sendiri_ping', 'langsung_kluar_dri', 'masalah_yahh_lag', 'ping_hijau_truss', 'sendiri_ping_hijau', 'sendiri_sudah_turunin', 'sudah_gtu_langsung', 'sudah_turunin_grafik', 'truss_crash_sudah', 'ttep_gda_masalah', 'turunin_grafik_ttep', 'yahh_lag_sendiri']"
['kacau'],[]
"['makin', 'jelas', 'report', 'sengaja', 'laku', 'feeding', 'nilai', 'sapa', 'laku', 'feeding']","['feeding_nilai_sapa', 'jelas_report_sengaja', 'laku_feeding_nilai', 'makin_jelas_report', 'nilai_sapa_laku', 'report_sengaja_laku', 'sapa_laku_feeding', 'sengaja_laku_feeding']"
"['suka', 'walaupun', 'suka', 'bug', 'tetapi', 'keren', 'banget', 'mohon', 'maaf', 'bugnge', 'lag', 'tolong', 'baik', 'biar', 'semua', 'senang', 'hati', 'terimakasih', 'sudah']","['baik_biar_semua', 'banget_mohon_maaf', 'biar_semua_senang', 'bug_tetapi_keren', 'bugnge_lag_tolong', 'hati_terimakasih_sudah', 'keren_banget_mohon', 'lag_tolong_baik', 'maaf_bugnge_lag', 'mohon_maaf_bugnge', 'semua_senang_hati', 'senang_hati_terimakasih', 'suka_bug_tetapi', 'suka_walaupun_suka', 'tetapi_keren_banget', 'tolong_baik_biar', 'walaupun_suka_bug']"
"['kurang', 'update', 'jika']",['kurang_update_jika']
"['baik', 'buruk', 'anomali', 'butuh', 'saran', 'butuh', 'sedikit', 'ubah']","['anomali_butuh_saran', 'baik_buruk_anomali', 'buruk_anomali_butuh', 'butuh_saran_butuh', 'butuh_sedikit_ubah', 'saran_butuh_sedikit']"
"['makin', 'sinyal', 'makin', 'buruk', 'masa', 'sinyal', 'hijau', 'lag', 'patah', 'bukan', 'patah', 'masalah', 'masalah']","['bukan_patah_masalah', 'buruk_masa_sinyal', 'hijau_lag_patah', 'lag_patah_bukan', 'makin_buruk_masa', 'makin_sinyal_makin', 'masa_sinyal_hijau', 'patah_bukan_patah', 'patah_masalah_masalah', 'sinyal_hijau_lag', 'sinyal_makin_buruk']"
"['musuh', 'benar', 'jangan', 'buruk', 'musuh', 'ngotak', 'skill', 'satu', 'khusus', 'gold', 'gold', 'jangan', 'campur', 'burikk', 'sudah', 'rekomen']","['benar_jangan_buruk', 'burikk_sudah_rekomen', 'buruk_musuh_ngotak', 'campur_burikk_sudah', 'gold_gold_jangan', 'gold_jangan_campur', 'jangan_buruk_musuh', 'jangan_campur_burikk', 'khusus_gold_gold', 'musuh_benar_jangan', 'musuh_ngotak_skill', 'ngotak_skill_satu', 'satu_khusus_gold', 'skill_satu_khusus']"
"['draft', 'mu', 'nyatuin', 'bot', 'trs', 'nob', 'stres', 'mantan', 'gm', 'kecewa', 'pngen']","['bot_trs_nob', 'draft_mu_nyatuin', 'gm_kecewa_pngen', 'mantan_gm_kecewa', 'mu_nyatuin_bot', 'nob_stres_mantan', 'nyatuin_bot_trs', 'stres_mantan_gm', 'trs_nob_stres']"
"['bagus', 'sampai', 'papa', 'adik', 'pokok', 'bagus', 'bintang']","['adik_pokok_bagus', 'bagus_sampai_papa', 'papa_adik_pokok', 'pokok_bagus_bintang', 'sampai_papa_adik']"
"['pisahin', 'ph', 'server', 'lain', 'isi', 'troll', 'egois', 'semua', 'separty', 'cari', 'untung', 'sendiri', 'gapeduli', 'sudah', 'gaada', 'uba', 'nyoba', 'maksa', 'rebut', 'sesuai', 'afk', 'dll', 'konyol', 'ngetroll', 'egois', 'mvp', 'sementara', 'pontang', 'panting', 'deffend', 'tower', 'sana', 'kena', 'penalty', 'kurang', 'brengsek', 'ha']","['afk_dll_konyol', 'cari_untung_sendiri', 'deffend_tower_sana', 'dll_konyol_ngetroll', 'egois_mvp_sementara', 'egois_semua_separty', 'gaada_uba_nyoba', 'gapeduli_sudah_gaada', 'isi_troll_egois', 'kena_penalty_kurang', 'konyol_ngetroll_egois', 'kurang_brengsek_ha', 'lain_isi_troll', 'maksa_rebut_sesuai', 'mvp_sementara_pontang', 'ngetroll_egois_mvp', 'nyoba_maksa_rebut', 'panting_deffend_tower', 'penalty_kurang_brengsek', 'ph_server_lain', 'pisahin_ph_server', 'pontang_panting_deffend', 'rebut_sesuai_afk', 'sana_kena_penalty', 'sementara_pontang_panting', 'semua_separty_cari', 'sendiri_gapeduli_sudah', 'separty_cari_untung', 'server_lain_isi', 'sesuai_afk_dll', 'sudah_gaada_uba', 'tower_sana_kena', 'troll_egois_semua', 'uba_nyoba_maksa', 'untung_sendiri_gapeduli']"
"['keren', 'banget', 'cok']",['keren_banget_cok']
['keren'],[]
"['naik', 'turun', 'duit', 'tolong', 'ndak', 'paham', 'tolong', 'jangan', 'hapus', 'dua', 'lipat', 'no', 'oking', 'dua', 'lipat', 'kisah', 'juang']","['dua_lipat_kisah', 'dua_lipat_no', 'duit_tolong_ndak', 'hapus_dua_lipat', 'jangan_hapus_dua', 'lipat_kisah_juang', 'lipat_no_oking', 'naik_turun_duit', 'ndak_paham_tolong', 'no_oking_dua', 'oking_dua_lipat', 'paham_tolong_jangan', 'tolong_jangan_hapus', 'tolong_ndak_paham', 'turun_duit_tolong']"
"['cacat', 'curi', 'sekarang', 'legal']","['cacat_curi_sekarang', 'curi_sekarang_legal']"
"['bagus', 'banget']",[]
"['bagus', 'banget']",[]
"['frame', 'parah', 'sekarang', 'tambah', 'sinyal', 'jumping']","['frame_parah_sekarang', 'parah_sekarang_tambah', 'sekarang_tambah_sinyal', 'tambah_sinyal_jumping']"
"['pensi', 'musuh', 'bot']",['pensi_musuh_bot']
"['asik', 'baru', 'donlowad', 'langsung', 'ulas', 'moga', 'hemat', 'kuota', 'beri', 'musuh', 'adil']","['asik_baru_donlowad', 'baru_donlowad_langsung', 'beri_musuh_adil', 'donlowad_langsung_ulas', 'hemat_kuota_beri', 'kuota_beri_musuh', 'langsung_ulas_moga', 'moga_hemat_kuota', 'ulas_moga_hemat']"
"['tolol', 'make', 'bukan', 'line', 'ngak', 'anggap', 'pelanggaan', 'report', 'stuck', 'blank']","['anggap_pelanggaan_report', 'bukan_line_ngak', 'line_ngak_anggap', 'make_bukan_line', 'ngak_anggap_pelanggaan', 'pelanggaan_report_stuck', 'report_stuck_blank', 'tolol_make_bukan']"
"['overall', 'good', 'but', 'camera', 'too', 'close']","['but_camera_too', 'camera_too_close', 'good_but_camera', 'overall_good_but']"
"['aneh', 'nulis', 'pocong', 'hunter', 'ketemu', 'buruk', 'bahkan', 'lebih', 'buruk', 'ff']","['aneh_nulis_pocong', 'bahkan_lebih_buruk', 'buruk_bahkan_lebih', 'hunter_ketemu_buruk', 'ketemu_buruk_bahkan', 'lebih_buruk_ff', 'nulis_pocong_hunter', 'pocong_hunter_ketemu']"
"['suka', 'banget', 'seru', 'asyik', 'banyak', 'suka']","['asyik_banyak_suka', 'banget_seru_asyik', 'seru_asyik_banyak', 'suka_banget_seru']"
"['fps', 'naik', 'tibatiba', 'momen', 'krusial', 'lain', 'bagus', 'device', 'dukung']","['bagus_device_dukung', 'fps_naik_tibatiba', 'krusial_lain_bagus', 'lain_bagus_device', 'momen_krusial_lain', 'naik_tibatiba_momen', 'tibatiba_momen_krusial']"
['bagus'],[]
"['gameku', 'bintang', 'skin', 'gratis', 'coy', 'mungkin', 'ngonten', 'nanti', 'besar', 'meski', 'ngikutan', 'bagus', 'lebih', 'kualitas', 'neng', 'kadang', 'serlok', 'takparani', 'striker', 'sendiri', 'kelas', 'banget', 'by']","['bagus_lebih_kualitas', 'besar_meski_ngikutan', 'bintang_skin_gratis', 'coy_mungkin_ngonten', 'gameku_bintang_skin', 'gratis_coy_mungkin', 'kadang_serlok_takparani', 'kelas_banget_by', 'kualitas_neng_kadang', 'lebih_kualitas_neng', 'meski_ngikutan_bagus', 'mungkin_ngonten_nanti', 'nanti_besar_meski', 'neng_kadang_serlok', 'ngikutan_bagus_lebih', 'ngonten_nanti_besar', 'sendiri_kelas_banget', 'serlok_takparani_striker', 'skin_gratis_coy', 'striker_sendiri_kelas', 'takparani_striker_sendiri']"
"['boros', 'korban', 'king', 'cuma', 'modal', 'unduh', 'cuma', 'satu', 'habis', 'baru', 'gb', 'sumber', 'daya', 'play', 'emblem', 'semua', 'susa', 'mudah', 'offline', 'masukin', 'paksa', 'update', 'update', 'tunda', 'offline', 'langsung', 'mainin', 'loading', 'unduh', 'lama', 'skill', 'tebel', 'kentang', 'efek', 'kunci', 'skill', 'musuh', 'nyesel', 'unduh']","['baru_gb_sumber', 'boros_korban_king', 'cuma_modal_unduh', 'cuma_satu_habis', 'daya_play_emblem', 'efek_kunci_skill', 'emblem_semua_susa', 'gb_sumber_daya', 'habis_baru_gb', 'kentang_efek_kunci', 'king_cuma_modal', 'korban_king_cuma', 'kunci_skill_musuh', 'lama_skill_tebel', 'langsung_mainin_loading', 'loading_unduh_lama', 'mainin_loading_unduh', 'masukin_paksa_update', 'modal_unduh_cuma', 'mudah_offline_masukin', 'musuh_nyesel_unduh', 'offline_langsung_mainin', 'offline_masukin_paksa', 'paksa_update_update', 'play_emblem_semua', 'satu_habis_baru', 'semua_susa_mudah', 'skill_musuh_nyesel', 'skill_tebel_kentang', 'sumber_daya_play', 'susa_mudah_offline', 'tebel_kentang_efek', 'tunda_offline_langsung', 'unduh_cuma_satu', 'unduh_lama_skill', 'update_tunda_offline', 'update_update_tunda']"
"['ketemu', 'musuh', 'bahkan', 'bilang', 'lebih', 'banyak', 'kalah', 'menang', 'gimana', 'win', 'and', 'lost', 'banyak', 'lostkalah', 'baru', 'menang', 'kalah', 'menang', 'kalah', 'asa', 'dimoba', 'lain', 'terlalu', 'begini', 'jujur', 'tolong', 'harga']","['and_lost_banyak', 'asa_dimoba_lain', 'bahkan_bilang_lebih', 'banyak_kalah_menang', 'banyak_lostkalah_baru', 'baru_menang_kalah', 'begini_jujur_tolong', 'bilang_lebih_banyak', 'dimoba_lain_terlalu', 'gimana_win_and', 'jujur_tolong_harga', 'kalah_asa_dimoba', 'kalah_menang_gimana', 'kalah_menang_kalah', 'ketemu_musuh_bahkan', 'lain_terlalu_begini', 'lebih_banyak_kalah', 'lost_banyak_lostkalah', 'lostkalah_baru_menang', 'menang_gimana_win', 'menang_kalah_asa', 'menang_kalah_menang', 'musuh_bahkan_bilang', 'terlalu_begini_jujur', 'win_and_lost']"
"['bodoh', 'akun', 'ban', 'permanent', 'banyak', 'jasa', 'joki', 'akun', 'kalah', 'feeder', 'sengaja', 'pura', 'pura', 'serang', 'demi', 'musuh', 'menang', 'dapatin', 'top', 'tup', 'skin', 'mahal', 'mending', 'uninstall', 'nanti', 'bulan']","['akun_ban_permanent', 'akun_kalah_feeder', 'ban_permanent_banyak', 'banyak_jasa_joki', 'bodoh_akun_ban', 'dapatin_top_tup', 'demi_musuh_menang', 'feeder_sengaja_pura', 'jasa_joki_akun', 'joki_akun_kalah', 'kalah_feeder_sengaja', 'mahal_mending_uninstall', 'menang_dapatin_top', 'mending_uninstall_nanti', 'musuh_menang_dapatin', 'permanent_banyak_jasa', 'pura_pura_serang', 'pura_serang_demi', 'sengaja_pura_pura', 'serang_demi_musuh', 'skin_mahal_mending', 'top_tup_skin', 'tup_skin_mahal', 'uninstall_nanti_bulan']"
"['tolong', 'buatin', 'versi', 'litenya', 'indonesia', 'pliss', 'hpku', 'halang', 'ram']","['buatin_versi_litenya', 'hpku_halang_ram', 'indonesia_pliss_hpku', 'litenya_indonesia_pliss', 'pliss_hpku_halang', 'tolong_buatin_versi', 'versi_litenya_indonesia']"
"['buruk', 'pernah', 'sesal', 'donwload', 'serasa', 'komputer', 'mending', 'stun', 'ngotak', 'lama', 'benar', 'diem', 'sampai', 'habis', 'nyawa', 'baru', 'gerak', 'anjur', 'dragsistem']","['baru_gerak_anjur', 'benar_diem_sampai', 'buruk_pernah_sesal', 'diem_sampai_habis', 'donwload_serasa_komputer', 'gerak_anjur_dragsistem', 'habis_nyawa_baru', 'komputer_mending_stun', 'lama_benar_diem', 'mending_stun_ngotak', 'ngotak_lama_benar', 'nyawa_baru_gerak', 'pernah_sesal_donwload', 'sampai_habis_nyawa', 'serasa_komputer_mending', 'sesal_donwload_serasa', 'stun_ngotak_lama']"
"['aneh', 'lain', 'minta', 'tuker', 'kena', 'report', 'ambil']","['aneh_lain_minta', 'kena_report_ambil', 'lain_minta_tuker', 'minta_tuker_kena', 'tuker_kena_report']"
['suka'],[]
"['busuk', 'sinyal', 'bagus', 'gerak']","['busuk_sinyal_bagus', 'sinyal_bagus_gerak']"
"['bug', 'mlu', 'kyak']",['bug_mlu_kyak']
"['damage', 'turet', 'kurang', 'kurang', 'kurang', 'kurang', 'sakit', 'base']","['damage_turet_kurang', 'kurang_kurang_kurang', 'kurang_kurang_sakit', 'kurang_sakit_base', 'turet_kurang_kurang']"
"['jangan', 'banyak', 'tolol', 'utama', 'philipne', 'ngabisin', 'kuota', 'kesel', 'lose', 'nanti', 'alas', 'usai', 'gacha', 'random', 'alas', 'adminya', 'keluh', 'cuekin', 'negri', 'konoha', 'percaya', 'cek', 'sendiri', 'uda', 'tier', 'atas', 'banting']","['adminya_keluh_cuekin', 'alas_adminya_keluh', 'alas_usai_gacha', 'banyak_tolol_utama', 'cek_sendiri_uda', 'cuekin_negri_konoha', 'gacha_random_alas', 'jangan_banyak_tolol', 'keluh_cuekin_negri', 'kesel_lose_nanti', 'konoha_percaya_cek', 'kuota_kesel_lose', 'lose_nanti_alas', 'nanti_alas_usai', 'negri_konoha_percaya', 'ngabisin_kuota_kesel', 'percaya_cek_sendiri', 'philipne_ngabisin_kuota', 'random_alas_adminya', 'sendiri_uda_tier', 'tier_atas_banting', 'tolol_utama_philipne', 'uda_tier_atas', 'usai_gacha_random', 'utama_philipne_ngabisin']"
"['seluruh', 'spektakuler', 'sendiri', 'tenchent', 'games', 'beri', 'pasti', 'nguras', 'banyak', 'baget', 'cuy', 'tapiya', 'dia', 'beri', 'grafis', 'manja', 'mata', 'semua', 'tanks', 'developer', 'utama', 'tenchen', 'salut', 'lo', 'gagal', 'saran', 'ngehidupin', 'chess', 'rush', 'tolong', 'developer', 'terimakasih']","['baget_cuy_tapiya', 'banyak_baget_cuy', 'beri_grafis_manja', 'beri_pasti_nguras', 'chess_rush_tolong', 'cuy_tapiya_dia', 'developer_utama_tenchen', 'dia_beri_grafis', 'gagal_saran_ngehidupin', 'games_beri_pasti', 'grafis_manja_mata', 'lo_gagal_saran', 'manja_mata_semua', 'mata_semua_tanks', 'ngehidupin_chess_rush', 'nguras_banyak_baget', 'pasti_nguras_banyak', 'rush_tolong_developer', 'salut_lo_gagal', 'saran_ngehidupin_chess', 'seluruh_spektakuler_sendiri', 'semua_tanks_developer', 'sendiri_tenchent_games', 'spektakuler_sendiri_tenchent', 'tanks_developer_utama', 'tapiya_dia_beri', 'tenchen_salut_lo', 'tenchent_games_beri', 'tolong_developer_terimakasih', 'utama_tenchen_salut']"
"['saran', 'diupdate', 'sesuai', 'tinggi', 'sebut', 'ketemu', 'mana', 'tinggi', 'mid', 'dia', 'jungle', 'sedang', 'mid', 'tinggi', 'support', 'imbang', 'ujung', 'ajang', 'coba', 'coba']","['ajang_coba_coba', 'dia_jungle_sedang', 'diupdate_sesuai_tinggi', 'imbang_ujung_ajang', 'jungle_sedang_mid', 'ketemu_mana_tinggi', 'mana_tinggi_mid', 'mid_dia_jungle', 'mid_tinggi_support', 'saran_diupdate_sesuai', 'sebut_ketemu_mana', 'sedang_mid_tinggi', 'sesuai_tinggi_sebut', 'support_imbang_ujung', 'tinggi_mid_dia', 'tinggi_sebut_ketemu', 'tinggi_support_imbang', 'ujung_ajang_coba']"
"['oke', 'pokok']",[]
"['rusak', 'kalah']",[]
"['coba', 'oke', 'banget', 'normal', 'sudah', 'sampai', 'gold', 'masuk', 'ranked', 'selalu', 'putus', 'normal', 'lancar', 'ranked', 'selalu', 'putus', 'tolong', 'baik', 'hapus', 'mending', 'laen']","['baik_hapus_mending', 'banget_normal_sudah', 'coba_oke_banget', 'gold_masuk_ranked', 'hapus_mending_laen', 'lancar_ranked_selalu', 'masuk_ranked_selalu', 'normal_lancar_ranked', 'normal_sudah_sampai', 'oke_banget_normal', 'putus_normal_lancar', 'putus_tolong_baik', 'ranked_selalu_putus', 'sampai_gold_masuk', 'selalu_putus_normal', 'selalu_putus_tolong', 'sudah_sampai_gold', 'tolong_baik_hapus']"
"['gajelas', 'masa', 'duo', 'teman', 'ketemu', 'master', 'sedang', 'tmn', 'sudah', 'gm', 'musuh', 'gm', 'smua', 'sampai', 'mitik', 'mana', 'biasa', 'ngetrol', 'ampe', 'lose', 'gaada', 'naik', 'naik', 'minimal', 'kalah', 'kasi', 'musuh', 'gampang', 'gm', 'bintang', 'turun', 'ampe', 'master', 'bintang', 'biasa', 'new', 'baru']","['ampe_lose_gaada', 'ampe_master_bintang', 'biasa_new_baru', 'biasa_ngetrol_ampe', 'bintang_biasa_new', 'bintang_turun_ampe', 'duo_teman_ketemu', 'gaada_naik_naik', 'gajelas_masa_duo', 'gampang_gm_bintang', 'gm_bintang_turun', 'gm_musuh_gm', 'gm_smua_sampai', 'kalah_kasi_musuh', 'kasi_musuh_gampang', 'ketemu_master_sedang', 'lose_gaada_naik', 'mana_biasa_ngetrol', 'masa_duo_teman', 'master_bintang_biasa', 'master_sedang_tmn', 'minimal_kalah_kasi', 'mitik_mana_biasa', 'musuh_gampang_gm', 'musuh_gm_smua', 'naik_minimal_kalah', 'naik_naik_minimal', 'ngetrol_ampe_lose', 'sampai_mitik_mana', 'sedang_tmn_sudah', 'smua_sampai_mitik', 'sudah_gm_musuh', 'teman_ketemu_master', 'tmn_sudah_gm', 'turun_ampe_master']"
"['terlalu', 'buruk', 'terlalu', 'barufeeding', 'bahkan', 'jika', 'mabar', 'dua', 'tiga', 'diamond', 'master', 'report', 'otomatis', 'buruk', 'dasar', 'nilai', 'akhir', 'bukan', 'kerja', 'bahkan', 'jika', 'laku', 'report', 'dua', 'gagal', 'hukum', 'berat', 'skill', 'delay', 'keluar', 'entah', 'bug', 'sengaja', 'tetapi', 'kaku', 'grafik', 'bagus']","['akhir_bukan_kerja', 'bahkan_jika_laku', 'bahkan_jika_mabar', 'barufeeding_bahkan_jika', 'berat_skill_delay', 'bug_sengaja_tetapi', 'bukan_kerja_bahkan', 'buruk_dasar_nilai', 'buruk_terlalu_barufeeding', 'dasar_nilai_akhir', 'delay_keluar_entah', 'diamond_master_report', 'dua_gagal_hukum', 'dua_tiga_diamond', 'entah_bug_sengaja', 'gagal_hukum_berat', 'hukum_berat_skill', 'jika_laku_report', 'jika_mabar_dua', 'kaku_grafik_bagus', 'keluar_entah_bug', 'kerja_bahkan_jika', 'laku_report_dua', 'mabar_dua_tiga', 'master_report_otomatis', 'nilai_akhir_bukan', 'otomatis_buruk_dasar', 'report_dua_gagal', 'report_otomatis_buruk', 'sengaja_tetapi_kaku', 'skill_delay_keluar', 'terlalu_barufeeding_bahkan', 'terlalu_buruk_terlalu', 'tetapi_kaku_grafik', 'tiga_diamond_master']"
"['ping', 'buruk', 'ah', 'sudah']","['buruk_ah_sudah', 'ping_buruk_ah']"
"['seruh', 'banget']",[]
"['bagus', 'grafik', 'bagustapi', 'mohon', 'bug', 'hilangin', 'animasi', 'tolong', 'diperbaikisudah', 'segitu', 'terimakasih']","['animasi_tolong_diperbaikisudah', 'bagus_grafik_bagustapi', 'bagustapi_mohon_bug', 'bug_hilangin_animasi', 'diperbaikisudah_segitu_terimakasih', 'grafik_bagustapi_mohon', 'hilangin_animasi_tolong', 'mohon_bug_hilangin', 'tolong_diperbaikisudah_segitu']"
"['tolong', 'developer', 'stabil', 'router', 'walaupun', 'bagus', 'tetapi', 'kurang', 'stabil', 'banned', 'cheat', 'lebih', 'level', 'max', 'sehingga', 'rugi', 'lain', 'kecewa']","['bagus_tetapi_kurang', 'banned_cheat_lebih', 'cheat_lebih_level', 'developer_stabil_router', 'kurang_stabil_banned', 'lebih_level_max', 'level_max_sehingga', 'max_sehingga_rugi', 'router_walaupun_bagus', 'rugi_lain_kecewa', 'sehingga_rugi_lain', 'stabil_banned_cheat', 'stabil_router_walaupun', 'tetapi_kurang_stabil', 'tolong_developer_stabil', 'walaupun_bagus_tetapi']"
"['bintang', 'duku', 'bug', 'sinyal', 'bagus', 'tolong', 'baik', 'biar', 'enak']","['bagus_tolong_baik', 'baik_biar_enak', 'bintang_duku_bug', 'bug_sinyal_bagus', 'duku_bug_sinyal', 'sinyal_bagus_tolong', 'tolong_baik_biar']"
"['gemnya', 'mantap']",[]
"['sempat', 'henti', 'jaringanya', 'lag', 'sekarang', 'coba', 'suka', 'lag', 'wifi', 'lag', 'lag', 'keluar', 'd', 'baik', 'masalah', 'jaringanya', 'lumayan', 'enak', 'd', 'mainin', 'terimakasih']","['baik_masalah_jaringanya', 'coba_suka_lag', 'enak_mainin_terimakasih', 'henti_jaringanya_lag', 'jaringanya_lag_sekarang', 'jaringanya_lumayan_enak', 'keluar_baik_masalah', 'lag_keluar_baik', 'lag_lag_keluar', 'lag_sekarang_coba', 'lag_wifi_lag', 'lumayan_enak_mainin', 'masalah_jaringanya_lumayan', 'sekarang_coba_suka', 'sempat_henti_jaringanya', 'suka_lag_wifi', 'wifi_lag_lag']"
"['gacor', 'kang']",[]
['bagus'],[]
"['selalu', 'kalah', 'sampai', 'turun', 'bintang', 'bodo', 'amat']","['bintang_bodo_amat', 'kalah_sampai_turun', 'sampai_turun_bintang', 'selalu_kalah_sampai', 'turun_bintang_bodo']"
"['beri', 'pacar', 'ngotak', 'pacar', 'bot', 'gila', 'ish']","['beri_pacar_ngotak', 'bot_gila_ish', 'ngotak_pacar_bot', 'pacar_bot_gila', 'pacar_ngotak_pacar']"
"['sudah', 'bagus', 'sekadar', 'saran', 'cinta', 'studios', 'usahain', 'update', 'guna', 'jangan', 'terlalu', 'besar', 'banyak', 'keluh', 'banyak', 'kuras', 'semenjak', 'update', 'tolong', 'jangan', 'terlalu', 'banyak', 'makan', 'kasihan', 'ken', 'halang', 'device']","['bagus_sekadar_saran', 'banyak_keluh_banyak', 'banyak_kuras_semenjak', 'banyak_makan_kasihan', 'besar_banyak_keluh', 'cinta_studios_usahain', 'guna_jangan_terlalu', 'jangan_terlalu_banyak', 'jangan_terlalu_besar', 'kasihan_ken_halang', 'keluh_banyak_kuras', 'ken_halang_device', 'kuras_semenjak_update', 'makan_kasihan_ken', 'saran_cinta_studios', 'sekadar_saran_cinta', 'semenjak_update_tolong', 'studios_usahain_update', 'sudah_bagus_sekadar', 'terlalu_banyak_makan', 'terlalu_besar_banyak', 'tolong_jangan_terlalu', 'update_guna_jangan', 'update_tolong_jangan', 'usahain_update_guna']"
"['sudah', 'mantap', 'performa', 'mantap', 'kualitas', 'skin', 'or', 'mantap', 'neko', 'rata', 'kiri', 'kentang', 'lancar', 'brutal', 'event', 'gausah', 'tanya', 'mantap', 'abizz', 'kritik', 'dev', 'ntah', 'knpa', 'mabar', 'teman', 'ping', 'buruk', 'naik', 'turun', 'an', 'sumpah', 'ganggu', 'bngt', 'posisi', 'aman', 'jarang', 'buruk']","['abizz_kritik_dev', 'aman_jarang_buruk', 'an_sumpah_ganggu', 'bngt_posisi_aman', 'brutal_event_gausah', 'buruk_naik_turun', 'dev_ntah_knpa', 'event_gausah_tanya', 'ganggu_bngt_posisi', 'gausah_tanya_mantap', 'kentang_lancar_brutal', 'kiri_kentang_lancar', 'knpa_mabar_teman', 'kritik_dev_ntah', 'kualitas_skin_or', 'lancar_brutal_event', 'mabar_teman_ping', 'mantap_abizz_kritik', 'mantap_kualitas_skin', 'mantap_neko_rata', 'mantap_performa_mantap', 'naik_turun_an', 'neko_rata_kiri', 'ntah_knpa_mabar', 'or_mantap_neko', 'performa_mantap_kualitas', 'ping_buruk_naik', 'posisi_aman_jarang', 'rata_kiri_kentang', 'skin_or_mantap', 'sudah_mantap_performa', 'sumpah_ganggu_bngt', 'tanya_mantap_abizz', 'teman_ping_buruk', 'turun_an_sumpah']"
['bagus'],[]
"['skin', 'banyak']",[]
['keren'],[]
"['izin', 'comeback', 'minimal']",['izin_comeback_minimal']
"['cukup', 'tarik']",[]
"['lelah', 'algoritma', 'habis', 'winstreak', 'terbit', 'losestreak', 'kadang', 'winlosewinlose', 'capek', 'malam', 'cuma', 'nambah', 'bintang']","['algoritma_habis_winstreak', 'capek_malam_cuma', 'cuma_nambah_bintang', 'habis_winstreak_terbit', 'kadang_winlosewinlose_capek', 'lelah_algoritma_habis', 'losestreak_kadang_winlosewinlose', 'malam_cuma_nambah', 'terbit_losestreak_kadang', 'winlosewinlose_capek_malam', 'winstreak_terbit_losestreak']"
"['tolong', 'report', 'ubah', 'ajah', 'sekarang', 'guna', 'banyak', 'anomali', 'jelas', 'kelar', 'report', 'kena', 'report', 'sluruhan', 'bagus', 'banget', 'banyak', 'event', 'skin', 'gratis', 'ajah', 'saran', 'tolong', 'report', 'ubah', 'ajah']","['ajah_saran_tolong', 'ajah_sekarang_guna', 'anomali_jelas_kelar', 'bagus_banget_banyak', 'banget_banyak_event', 'banyak_anomali_jelas', 'banyak_event_skin', 'event_skin_gratis', 'gratis_ajah_saran', 'guna_banyak_anomali', 'jelas_kelar_report', 'kelar_report_kena', 'kena_report_sluruhan', 'report_kena_report', 'report_sluruhan_bagus', 'report_ubah_ajah', 'saran_tolong_report', 'sekarang_guna_banyak', 'skin_gratis_ajah', 'sluruhan_bagus_banget', 'tolong_report_ubah', 'ubah_ajah_sekarang']"
"['bagus', 'bahasa', 'lumayan', 'gaul', 'baik', 'pernah']","['bagus_bahasa_lumayan', 'bahasa_lumayan_gaul', 'gaul_baik_pernah', 'lumayan_gaul_baik']"
"['seru', 'tarik']",[]
"['lumayan', 'seru', 'ketimbang']",['lumayan_seru_ketimbang']
"['rusak', 'noob', 'sampai', 'gm', 'best']","['noob_sampai_gm', 'rusak_noob_sampai', 'sampai_gm_best']"
"['walau', 'stres', 'sukadisitulah', 'letak', 'asiknya']","['stres_sukadisitulah_letak', 'sukadisitulah_letak_asiknya', 'walau_stres_sukadisitulah']"
"['gimana', 'beri', 'kode', 'kirim', 'sosial', 'sensor']","['beri_kode_kirim', 'gimana_beri_kode', 'kirim_sosial_sensor', 'kode_kirim_sosial']"
"['anj', 'lain', 'lag', 'lag', 'banget', 'loading', 'lama', 'banget', 'kesel', 'emosi']","['anj_lain_lag', 'banget_kesel_emosi', 'banget_loading_lama', 'lag_banget_loading', 'lag_lag_banget', 'lain_lag_lag', 'lama_banget_kesel', 'loading_lama_banget']"
"['gemnya', 'haram']",[]
"['sinyal', 'full', 'mesti', 'lag']","['full_mesti_lag', 'sinyal_full_mesti']"
"['buruk', 'mending']",[]
"['gila', 'cuy', 'keren', 'cuma', 'kentang', 'lag']","['cuma_kentang_lag', 'cuy_keren_cuma', 'gila_cuy_keren', 'keren_cuma_kentang']"
"['ken', 'memori', 'cukup', 'lag']","['ken_memori_cukup', 'memori_cukup_lag']"
"['seru', 'buruk', 'pay', 'win', 'mending', 'legends', 'buruk', 'jangan', 'donload', 'guys']","['buruk_jangan_donload', 'buruk_pay_win', 'jangan_donload_guys', 'legends_buruk_jangan', 'mending_legends_buruk', 'pay_win_mending', 'seru_buruk_pay', 'win_mending_legends']"
"['hahaha', 'copyan', 'ge', 'deuh', 'sgala', 'pjang', 'iklan', 'wkwkw']","['copyan_ge_deuh', 'deuh_sgala_pjang', 'ge_deuh_sgala', 'hahaha_copyan_ge', 'pjang_iklan_wkwkw', 'sgala_pjang_iklan']"
"['enggak', 'suka', 'bintang', 'proteksi', 'poin', 'tetap', 'turun', 'bintang', 'aman', 'minimal', 'lebih', 'suka', 'bintang', 'lama']","['aman_minimal_lebih', 'bintang_aman_minimal', 'bintang_proteksi_poin', 'enggak_suka_bintang', 'lebih_suka_bintang', 'minimal_lebih_suka', 'poin_tetap_turun', 'proteksi_poin_tetap', 'suka_bintang_lama', 'suka_bintang_proteksi', 'tetap_turun_bintang', 'turun_bintang_aman']"
['enak'],[]
"['dlu', 'kya', 'kluar', 'sndri', 'parah', 'buruk']","['dlu_kya_kluar', 'kluar_sndri_parah', 'kya_kluar_sndri', 'sndri_parah_buruk']"
"['event', 'cukup', 'sulit', 'jatuhin', 'kartu', 'tari', 'sampai', 'kelar', 'event', 'pernah', 'mohon', 'mudah', 'trimaksih']","['cukup_sulit_jatuhin', 'event_cukup_sulit', 'event_pernah_mohon', 'jatuhin_kartu_tari', 'kartu_tari_sampai', 'kelar_event_pernah', 'mohon_mudah_trimaksih', 'pernah_mohon_mudah', 'sampai_kelar_event', 'sulit_jatuhin_kartu', 'tari_sampai_kelar']"
"['suka', 'skill', 'mantap', 'mantap', 'bahkan', 'mvp']","['mantap_bahkan_mvp', 'mantap_mantap_bahkan', 'skill_mantap_mantap', 'suka_skill_mantap']"
['nice'],[]
"['update', 'happy', 'mod', 'king', 'happy', 'mod']","['happy_mod_king', 'king_happy_mod', 'mod_king_happy', 'update_happy_mod']"
[],[]
"['grafik', 'tolong', 'tingkat']",['grafik_tolong_tingkat']
['seru'],[]
"['tolong', 'rendahin']",[]
"['benci', 'update', 'seaon', 'stuck', 'loding', 'screen', 'masuk', 'dalam', 'sampai', 'reinstall', 'benar', 'rugi']","['benci_update_seaon', 'dalam_sampai_reinstall', 'loding_screen_masuk', 'masuk_dalam_sampai', 'reinstall_benar_rugi', 'sampai_reinstall_benar', 'screen_masuk_dalam', 'seaon_stuck_loding', 'stuck_loding_screen', 'update_seaon_stuck']"
"['tolol', 'b', 'mvpkonyol']",[]
"['baik', 'jangan', 'cuma', 'skin', 'gacha', 'melulu', 'peduli', 'tetap', 'stay']","['baik_jangan_cuma', 'cuma_skin_gacha', 'gacha_melulu_peduli', 'jangan_cuma_skin', 'melulu_peduli_tetap', 'peduli_tetap_stay', 'skin_gacha_melulu']"
"['tolong', 'fix', 'bagi', 'fps', 'dimensity', 'ultra', 'biasa', 'fps', 'maks', 'kenapa', 'lock', 'fps']","['bagi_fps_dimensity', 'biasa_fps_maks', 'dimensity_ultra_biasa', 'fix_bagi_fps', 'fps_dimensity_ultra', 'fps_maks_kenapa', 'kenapa_lock_fps', 'maks_kenapa_lock', 'tolong_fix_bagi', 'ultra_biasa_fps']"
"['banyak', 'bug']",[]
"['gj', 'merah', 'kalah', 'mlu', 'biru', 'menang', 'knp', 'merah', 'kalah']","['biru_menang_knp', 'gj_merah_kalah', 'kalah_mlu_biru', 'knp_merah_kalah', 'menang_knp_merah', 'merah_kalah_mlu', 'mlu_biru_menang']"
"['baik', 'seluruh', 'dunia']",['baik_seluruh_dunia']
"['barang', 'bagus']",[]
"['tolong', 'management', 'masa', 'kalah', 'nambah', 'bintang', 'sedang', 'menang', 'kadang', 'nambah', 'bintang', 'kesel', 'jengkel', 'tolong', 'baik']","['bintang_kesel_jengkel', 'bintang_sedang_menang', 'jengkel_tolong_baik', 'kadang_nambah_bintang', 'kalah_nambah_bintang', 'kesel_jengkel_tolong', 'management_masa_kalah', 'masa_kalah_nambah', 'menang_kadang_nambah', 'nambah_bintang_kesel', 'nambah_bintang_sedang', 'sedang_menang_kadang', 'tolong_management_masa']"
"['mana', 'masuk', 'tanding', 'pakek', 'wifi', 'selalu', 'wifi', 'lancar', 'biasa', 'rnk', 'tolong', 'baik', 'bintang', 'satu']","['baik_bintang_satu', 'biasa_rnk_tolong', 'lancar_biasa_rnk', 'mana_masuk_tanding', 'masuk_tanding_pakek', 'pakek_wifi_selalu', 'rnk_tolong_baik', 'selalu_wifi_lancar', 'tanding_pakek_wifi', 'tolong_baik_bintang', 'wifi_lancar_biasa', 'wifi_selalu_wifi']"
['sampah'],[]
"['sudah', 'bagus', 'selalu', 'notih', 'server', 'merespon', 'ngeselin']","['bagus_selalu_notih', 'notih_server_merespon', 'selalu_notih_server', 'server_merespon_ngeselin', 'sudah_bagus_selalu']"
"['makin', 'makin', 'menjadijadi', 'kocak', 'pensiun', 'begitu']","['kocak_pensiun_begitu', 'makin_makin_menjadijadi', 'makin_menjadijadi_kocak', 'menjadijadi_kocak_pensiun']"
"['keren', 'kalah', 'bagus', 'tolong', 'bug', 'y', 'hilang', 'cukup', 'terimakasih']","['bagus_tolong_bug', 'bug_hilang_cukup', 'hilang_cukup_terimakasih', 'kalah_bagus_tolong', 'keren_kalah_bagus', 'tolong_bug_hilang']"
"['ganti', 'happy', 'coin', 'ganti']","['ganti_happy_coin', 'happy_coin_ganti']"
"['bagus', 'tolong', 'diturunin', 'sedikit', 'donk', 'kentang', 'kadang', 'muat', 'tolong', 'ringan', 'hapus', 'file', 'dalam', 'nurun', 'tetap', 'gb']","['bagus_tolong_diturunin', 'dalam_nurun_tetap', 'diturunin_sedikit_donk', 'donk_kentang_kadang', 'file_dalam_nurun', 'hapus_file_dalam', 'kadang_muat_tolong', 'kentang_kadang_muat', 'muat_tolong_ringan', 'nurun_tetap_gb', 'ringan_hapus_file', 'sedikit_donk_kentang', 'tolong_diturunin_sedikit', 'tolong_ringan_hapus']"
['deeh'],[]
"['kenapa', 'ngga', 'jelas', 'mana', 'selalu', 'musuh', 'jago']","['jelas_mana_selalu', 'kenapa_ngga_jelas', 'mana_selalu_musuh', 'ngga_jelas_mana', 'selalu_musuh_jago']"
['ganti'],[]
"['baik', 'hobi', 'ngebahagiain', 'efek', 'kualitas', 'bagus', 'skin', 'mahal', 'gratis', 'musuh', 'imbang', 'jago', 'enggak', 'beban', 'engga', 'top', 'up', 'duit', 'kurang', 'pokok', 'terimakasih', 'banget', 'developer', 'terbest', 'bintang']","['bagus_skin_mahal', 'baik_hobi_ngebahagiain', 'banget_developer_terbest', 'beban_engga_top', 'developer_terbest_bintang', 'duit_kurang_pokok', 'efek_kualitas_bagus', 'engga_top_up', 'enggak_beban_engga', 'gratis_musuh_imbang', 'hobi_ngebahagiain_efek', 'imbang_jago_enggak', 'jago_enggak_beban', 'kualitas_bagus_skin', 'kurang_pokok_terimakasih', 'mahal_gratis_musuh', 'musuh_imbang_jago', 'ngebahagiain_efek_kualitas', 'pokok_terimakasih_banget', 'skin_mahal_gratis', 'terimakasih_banget_developer', 'top_up_duit', 'up_duit_kurang']"
"['sekarang', 'darksystem', 'anjeng']",['sekarang_darksystem_anjeng']
['sampah'],[]
"['kenapa', 'suka', 'keluar', 'sendiri', 'bagus', 'spek', 'kentang', 'amat', 'keluar', 'sendiri', 'suka', 'bete', 'push']","['amat_keluar_sendiri', 'bagus_spek_kentang', 'keluar_sendiri_bagus', 'keluar_sendiri_suka', 'kenapa_suka_keluar', 'kentang_amat_keluar', 'sendiri_bagus_spek', 'sendiri_suka_bete', 'spek_kentang_amat', 'suka_bete_push', 'suka_keluar_sendiri']"
"['developer', 'perhati', 'masuk']",['developer_perhati_masuk']
"['bintang', 'ajg', 'mackingnya', 'jelek', 'babi']","['ajg_mackingnya_jelek', 'bintang_ajg_mackingnya', 'mackingnya_jelek_babi']"
['keren'],[]
"['sampah', 'hina', 'banget', 'pentol', 'pinoy', 'asu', 'capek', 'mending', 'pisah', 'ph']","['asu_capek_mending', 'banget_pentol_pinoy', 'capek_mending_pisah', 'hina_banget_pentol', 'mending_pisah_ph', 'pentol_pinoy_asu', 'pinoy_asu_capek', 'sampah_hina_banget']"
"['tolol', 'banyak', 'spell', 'guna', 'paling', 'berisik']","['banyak_spell_guna', 'guna_paling_berisik', 'spell_guna_paling', 'tolol_banyak_spell']"
"['sudah', 'oke', 'logis', 'musuh', 'kuat', 'tolong', 'baik']","['kuat_tolong_baik', 'logis_musuh_kuat', 'musuh_kuat_tolong', 'oke_logis_musuh', 'sudah_oke_logis']"
"['keren', 'event', 'banyak', 'skin', 'gratis', 'banyak', 'mantep', 'mending', 'hapus', 'kikir', 'cok', 'ls', 'mvp', 'lose', 'cuma', 'winmending', 'sudah', 'aseli', 'mah', 'saran', 'tuntut', 'tu', 'moontod', 'banyak', 'plagiat', 'cik', 'aseli']","['aseli_mah_saran', 'banyak_mantep_mending', 'banyak_plagiat_cik', 'banyak_skin_gratis', 'cok_ls_mvp', 'cuma_winmending_sudah', 'event_banyak_skin', 'gratis_banyak_mantep', 'hapus_kikir_cok', 'keren_event_banyak', 'kikir_cok_ls', 'lose_cuma_winmending', 'ls_mvp_lose', 'mah_saran_tuntut', 'mantep_mending_hapus', 'mending_hapus_kikir', 'moontod_banyak_plagiat', 'mvp_lose_cuma', 'plagiat_cik_aseli', 'saran_tuntut_tu', 'skin_gratis_banyak', 'sudah_aseli_mah', 'tu_moontod_banyak', 'tuntut_tu_moontod', 'winmending_sudah_aseli']"
['bagus'],[]
"['kampanh', 'suka', 'lag']",['kampanh_suka_lag']
"['kenapa', 'animasi', 'gerak', 'profil', 'maupun', 'diem']","['animasi_gerak_profil', 'gerak_profil_maupun', 'kenapa_animasi_gerak', 'profil_maupun_diem']"
"['bagus', 'sesuai', 'gera', 'karakter', 'agak', 'patah', 'patah', 'gitu', 'gera', 'terimakasih']","['agak_patah_patah', 'bagus_sesuai_gera', 'gera_karakter_agak', 'gitu_gera_terimakasih', 'karakter_agak_patah', 'patah_gitu_gera', 'patah_patah_gitu', 'sesuai_gera_karakter']"
"['jauh', 'jika', 'banding', 'vainofglory']","['jauh_jika_banding', 'jika_banding_vainofglory']"
['bagus'],[]
"['cukup', 'bagus', 'masuk', 'lama', 'tunggu']","['bagus_masuk_lama', 'cukup_bagus_masuk', 'masuk_lama_tunggu']"
"['keren', 'butuh', 'strategi', 'mateng', 'asal', 'nabrak', 'playernya', 'ngetroll', 'kya']","['asal_nabrak_playernya', 'butuh_strategi_mateng', 'keren_butuh_strategi', 'mateng_asal_nabrak', 'nabrak_playernya_ngetroll', 'playernya_ngetroll_kya', 'strategi_mateng_asal']"
['suka'],[]
"['matchingnya', 'jelek']",[]
"['kantau', 'jelek', 'buruk', 'banget', 'banyak', 'banget', 'uras', 'paket', 'sehingga', 'mendownload', 'butuh', 'paket', 'banyak', 'tolong', 'baik', 'jelek', 'tolol', 'banyak', 'pokok', 'bagus', 'buruk']","['baik_jelek_tolol', 'banget_banyak_banget', 'banget_uras_paket', 'banyak_banget_uras', 'banyak_pokok_bagus', 'banyak_tolong_baik', 'buruk_banget_banyak', 'butuh_paket_banyak', 'jelek_buruk_banget', 'jelek_tolol_banyak', 'kantau_jelek_buruk', 'mendownload_butuh_paket', 'paket_banyak_tolong', 'paket_sehingga_mendownload', 'pokok_bagus_buruk', 'sehingga_mendownload_butuh', 'tolol_banyak_pokok', 'tolong_baik_jelek', 'uras_paket_sehingga']"
"['jelek', 'banyak', 'bag', 'putus', 'putus', 'makan', 'banyak', 'berfikir', 'hapus', 'mending', 'legends', 'nguras', 'dalam']","['bag_putus_putus', 'banyak_bag_putus', 'banyak_berfikir_hapus', 'berfikir_hapus_mending', 'hapus_mending_legends', 'jelek_banyak_bag', 'legends_nguras_dalam', 'makan_banyak_berfikir', 'mending_legends_nguras', 'putus_makan_banyak', 'putus_putus_makan']"
"['anjinkada', 'atur', 'gold', 'masuk', 'diamondmana', 'musuh', 'diamond', 'semua', 'd', 'goldlogikanya', 'pay', 'win', 'anjinkkagak', 'imbang', 'babi', 'rusak', 'jangan', 'selalu', 'bilang', 'cocok', 'masinghalah', 'bacot', 'doangkami', 'bukan', 'lo', 'developer']","['anjinkada_atur_gold', 'anjinkkagak_imbang_babi', 'atur_gold_masuk', 'babi_rusak_jangan', 'bacot_doangkami_bukan', 'bilang_cocok_masinghalah', 'bukan_lo_developer', 'cocok_masinghalah_bacot', 'diamond_semua_goldlogikanya', 'diamondmana_musuh_diamond', 'doangkami_bukan_lo', 'gold_masuk_diamondmana', 'goldlogikanya_pay_win', 'imbang_babi_rusak', 'jangan_selalu_bilang', 'masinghalah_bacot_doangkami', 'masuk_diamondmana_musuh', 'musuh_diamond_semua', 'pay_win_anjinkkagak', 'rusak_jangan_selalu', 'selalu_bilang_cocok', 'semua_goldlogikanya_pay', 'win_anjinkkagak_imbang']"
"['mantap', 'seru']",[]
"['jembot', 'noob', 'kadang', 'buta', 'kadang', 'jg', 'ketemu', 'mabar', 'enak', 'jg', 'benar', 'kadang', 'satuin', 'bot', 'pula', 'jembot']","['benar_kadang_satuin', 'bot_pula_jembot', 'buta_kadang_jg', 'enak_jg_benar', 'jembot_noob_kadang', 'jg_benar_kadang', 'jg_ketemu_mabar', 'kadang_buta_kadang', 'kadang_jg_ketemu', 'kadang_satuin_bot', 'ketemu_mabar_enak', 'mabar_enak_jg', 'noob_kadang_buta', 'satuin_bot_pula']"
['jelas'],[]
"['bagus', 'segi', 'skin', 'item', 'dll', 'moga', 'developer', 'ide', 'ide', 'baru', 'baru', 'dll', 'biar', 'salah', 'satu', 'dg', 'paling', 'gerguna', 'niru', 'bintang', 'anggota', 'developer', 'lain', 'terimakasih']","['anggota_developer_lain', 'bagus_segi_skin', 'baru_baru_dll', 'baru_dll_biar', 'biar_salah_satu', 'bintang_anggota_developer', 'developer_ide_ide', 'developer_lain_terimakasih', 'dg_paling_gerguna', 'dll_biar_salah', 'dll_moga_developer', 'gerguna_niru_bintang', 'ide_baru_baru', 'ide_ide_baru', 'item_dll_moga', 'moga_developer_ide', 'niru_bintang_anggota', 'paling_gerguna_niru', 'salah_satu_dg', 'satu_dg_paling', 'segi_skin_item', 'skin_item_dll']"
"['games', 'bagus', 'keluh', 'masalah', 'selalu', 'lot', 'log', 'tolong', 'baik']","['bagus_keluh_masalah', 'games_bagus_keluh', 'keluh_masalah_selalu', 'log_tolong_baik', 'lot_log_tolong', 'masalah_selalu_lot', 'selalu_lot_log']"
"['sekian', 'benarbenar', 'kecewa', 'bukan', 'seru', 'tetapi', 'stres', 'panjang', 'alas', 'cocok', 'antara', 'ranked', 'peak', 'turnamen', 'imbang', 'pihak', 'bilang', 'sudah', 'sesuai', 'sesuai', 'harap', 'playernya', 'derita', 'benarbenar', 'paling', 'parah', 'peak', 'turnamen', 'imbang', 'benarbenar', 'kecewa']","['alas_cocok_antara', 'antara_ranked_peak', 'benarbenar_kecewa_bukan', 'benarbenar_paling_parah', 'bilang_sudah_sesuai', 'bukan_seru_tetapi', 'cocok_antara_ranked', 'derita_benarbenar_paling', 'harap_playernya_derita', 'imbang_benarbenar_kecewa', 'imbang_pihak_bilang', 'kecewa_bukan_seru', 'paling_parah_peak', 'panjang_alas_cocok', 'parah_peak_turnamen', 'peak_turnamen_imbang', 'pihak_bilang_sudah', 'playernya_derita_benarbenar', 'ranked_peak_turnamen', 'sekian_benarbenar_kecewa', 'seru_tetapi_stres', 'sesuai_harap_playernya', 'sesuai_sesuai_harap', 'stres_panjang_alas', 'sudah_sesuai_sesuai', 'tetapi_stres_panjang', 'turnamen_imbang_benarbenar', 'turnamen_imbang_pihak']"
"['bro', 'bagaimana', 'nomor', 'hape', 'akun', 'level', 'taut', 'nomor', 'hape', 'akun', 'gimana', 'kendala', 'hal', 'sebut']","['akun_gimana_kendala', 'akun_level_taut', 'bagaimana_nomor_hape', 'bro_bagaimana_nomor', 'gimana_kendala_hal', 'hape_akun_gimana', 'hape_akun_level', 'kendala_hal_sebut', 'level_taut_nomor', 'nomor_hape_akun', 'taut_nomor_hape']"
"['ho', 'iya', 'kenapa', 'burung', 'gold', 'len', 'paun', 'spaun', 'uda', 'matiin', 'paun', 'nyelesain', 'tutorial', 'burung', 'vinik', 'ka', 'paun', 'spaun', 'kanapaya', 'per', 'baikin']","['burung_gold_len', 'burung_vinik_ka', 'gold_len_paun', 'ho_iya_kenapa', 'iya_kenapa_burung', 'ka_paun_spaun', 'kanapaya_per_baikin', 'kenapa_burung_gold', 'len_paun_spaun', 'matiin_paun_nyelesain', 'nyelesain_tutorial_burung', 'paun_nyelesain_tutorial', 'paun_spaun_kanapaya', 'paun_spaun_uda', 'spaun_kanapaya_per', 'spaun_uda_matiin', 'tutorial_burung_vinik', 'uda_matiin_paun', 'vinik_ka_paun']"
"['makin', 'up', 'makin', 'sulit', 'mana', 'baru', 'ajar']","['makin_sulit_mana', 'makin_up_makin', 'mana_baru_ajar', 'sulit_mana_baru', 'up_makin_sulit']"
"['tindak', 'lanjut', 'hadap', 'laku', 'trolling', 'mulai', 'point', 'tetap', 'kurang', 'jika', 'jalan', 'yakin', 'banyak', 'tahan', 'tanggap', 'guna']","['banyak_tahan_tanggap', 'hadap_laku_trolling', 'jalan_yakin_banyak', 'jika_jalan_yakin', 'kurang_jika_jalan', 'laku_trolling_mulai', 'lanjut_hadap_laku', 'mulai_point_tetap', 'point_tetap_kurang', 'tahan_tanggap_guna', 'tetap_kurang_jika', 'tindak_lanjut_hadap', 'trolling_mulai_point', 'yakin_banyak_tahan']"
['keren'],[]
['mamtul'],[]
['oke'],[]
"['ancur', 'nyoba', 'nyoba', 'emosi']","['ancur_nyoba_nyoba', 'nyoba_nyoba_emosi']"
['suka'],[]
['oke'],[]
['keren'],[]
"['very', 'good']",[]
['sampah'],[]
['adita'],[]
"['habis', 'update', 'framedrop', 'snapdragon', 'elite', 'bayangin', 'powerfull', 'ngeframe', 'sampai', 'fps', 'otak', 'sial']","['bayangin_powerfull_ngeframe', 'elite_bayangin_powerfull', 'fps_otak_sial', 'framedrop_snapdragon_elite', 'habis_update_framedrop', 'ngeframe_sampai_fps', 'powerfull_ngeframe_sampai', 'sampai_fps_otak', 'snapdragon_elite_bayangin', 'update_framedrop_snapdragon']"
"['seru', 'banget']",[]
"['jelek', 'upadate', 'banyak', 'bug']","['jelek_upadate_banyak', 'upadate_banyak_bug']"
"['bagus', 'bageut', 'co', 'seru']","['bageut_co_seru', 'bagus_bageut_co']"
"['kil', 'banyak', 'mvp', 'mati', 'banyak', 'kil', 'mvp', 'jelas']","['banyak_kil_mvp', 'banyak_mvp_mati', 'kil_banyak_mvp', 'kil_mvp_jelas', 'mati_banyak_kil', 'mvp_mati_banyak']"
"['iklan', 'darah', 'tinggi']",['iklan_darah_tinggi']
"['spike', 'iklan', 'ganggu', 'sumpah', 'iklan', 'pasti', 'kalah']","['ganggu_sumpah_iklan', 'iklan_ganggu_sumpah', 'iklan_pasti_kalah', 'spike_iklan_ganggu', 'sumpah_iklan_pasti']"
[],[]
"['banyak', 'ngikutin', 'aov', 'plagiat', 'kah']","['aov_plagiat_kah', 'banyak_ngikutin_aov', 'ngikutin_aov_plagiat']"
"['tu', 'latih', 'masuk', 'lebih', 'hard']","['latih_masuk_lebih', 'masuk_lebih_hard', 'tu_latih_masuk']"
"['pelit', 'matchnya', 'kurang', 'bagus', 'banget', 'bagi', 'susah', 'kadang', 'kadang', 'kadang', 'menang', 'kadang', 'kalah', 'kalah', 'kira', 'satu', 'dua', 'tiga', 'sampai', 'lebih', 'kadang', 'master', 'nyoba', 'diranked', 'mikir', 'gimana', 'kira', 'bintang', 'kurang', 'kalah', 'salah', 'besar', 'jangan', 'pernah', 'nyoba', 'diranked', 'simulasi', 'mikirlah', 'siapa']","['bagi_susah_kadang', 'bagus_banget_bagi', 'banget_bagi_susah', 'besar_jangan_pernah', 'bintang_kurang_kalah', 'diranked_mikir_gimana', 'diranked_simulasi_mikirlah', 'dua_tiga_sampai', 'gimana_kira_bintang', 'jangan_pernah_nyoba', 'kadang_kadang_kadang', 'kadang_kadang_menang', 'kadang_kalah_kalah', 'kadang_master_nyoba', 'kadang_menang_kadang', 'kalah_kalah_kira', 'kalah_kira_satu', 'kalah_salah_besar', 'kira_bintang_kurang', 'kira_satu_dua', 'kurang_bagus_banget', 'kurang_kalah_salah', 'lebih_kadang_master', 'master_nyoba_diranked', 'matchnya_kurang_bagus', 'menang_kadang_kalah', 'mikir_gimana_kira', 'nyoba_diranked_mikir', 'nyoba_diranked_simulasi', 'pelit_matchnya_kurang', 'pernah_nyoba_diranked', 'salah_besar_jangan', 'sampai_lebih_kadang', 'satu_dua_tiga', 'simulasi_mikirlah_siapa', 'susah_kadang_kadang', 'tiga_sampai_lebih']"
"['wei', 'ngotak', 'sedikit', 'masa', 'range', 'gold', 'lawan', 'ngga', 'ngotak', 'temn', 'bego', 'iya', 'lama', 'baru', 'donlod', 'lawa', 'gila']","['baru_donlod_lawa', 'bego_iya_lama', 'donlod_lawa_gila', 'gold_lawan_ngga', 'iya_lama_baru', 'lama_baru_donlod', 'lawan_ngga_ngotak', 'masa_range_gold', 'ngga_ngotak_temn', 'ngotak_sedikit_masa', 'ngotak_temn_bego', 'range_gold_lawan', 'sedikit_masa_range', 'temn_bego_iya', 'wei_ngotak_sedikit']"
['bagus'],[]
['bagus'],[]
"['seru', 'banget', 'mirip', 'legends', 'mudah', 'banget', 'maininnya', 'bagus', 'bagus', 'pentakill', 'nyaa']","['bagus_bagus_pentakill', 'bagus_pentakill_nyaa', 'banget_maininnya_bagus', 'banget_mirip_legends', 'legends_mudah_banget', 'maininnya_bagus_bagus', 'mirip_legends_mudah', 'mudah_banget_maininnya', 'seru_banget_mirip']"
"['tolong', 'baik', 'biar', 'force', 'close']","['baik_biar_force', 'biar_force_close', 'tolong_baik_biar']"
"['jawab', 'ngehabis', 'kuota', 'mana', 'banyak', 'ngehabis', 'kuota', 'bocil']","['banyak_ngehabis_kuota', 'jawab_ngehabis_kuota', 'kuota_mana_banyak', 'mana_banyak_ngehabis', 'ngehabis_kuota_bocil', 'ngehabis_kuota_mana']"
"['musik', 'tema', 'aneh', 'nyambung', 'musik', 'tema', 'lain', 'tambahin', 'baru', 'jangan', 'bosen']","['aneh_nyambung_musik', 'baru_jangan_bosen', 'lain_tambahin_baru', 'musik_tema_aneh', 'musik_tema_lain', 'nyambung_musik_tema', 'tambahin_baru_jangan', 'tema_aneh_nyambung', 'tema_lain_tambahin']"
"['grafik', 'bagus', 'bangat']",['grafik_bagus_bangat']
"['kalah', 'turun', 'turun', 'trs', 'mana', 'gitu', 'banget', 'bkn', 'kesel']","['banget_bkn_kesel', 'gitu_banget_bkn', 'kalah_turun_turun', 'mana_gitu_banget', 'trs_mana_gitu', 'turun_trs_mana', 'turun_turun_trs']"
"['ketemu', 'musuh', 'jago', 'banget', 'kecil']","['jago_banget_kecil', 'ketemu_musuh_jago', 'musuh_jago_banget']"
['baru'],[]
"['bagus', 'tarik', 'keren', 'legends', 'gila', 'jelek']","['bagus_tarik_keren', 'keren_legends_gila', 'legends_gila_jelek', 'tarik_keren_legends']"
"['ngerti', 'season', 'kasi', 'ngetrol', 'roam', 'daji', 'lahh', 'segala', 'macam']","['daji_lahh_segala', 'kasi_ngetrol_roam', 'lahh_segala_macam', 'ngerti_season_kasi', 'ngetrol_roam_daji', 'roam_daji_lahh', 'season_kasi_ngetrol']"
['peler'],[]
['terimakasih'],[]
"['tolong', 'baik', 'bugnya', 'contoh', 'file', 'skin', 'hilang', 'sudah', 'skinnya', 'sperti', 'skin', 'guiguzi', 'jjk', 'skin', 'mayene', 'food', 'fodie', 'spend', 'token', 'akhir', 'tanggap', 'moga', 'file', 'ski', 'cepat']","['akhir_tanggap_moga', 'baik_bugnya_contoh', 'bugnya_contoh_file', 'contoh_file_skin', 'file_ski_cepat', 'file_skin_hilang', 'fodie_spend_token', 'food_fodie_spend', 'guiguzi_jjk_skin', 'hilang_sudah_skinnya', 'jjk_skin_mayene', 'mayene_food_fodie', 'moga_file_ski', 'skin_guiguzi_jjk', 'skin_hilang_sudah', 'skin_mayene_food', 'skinnya_sperti_skin', 'spend_token_akhir', 'sperti_skin_guiguzi', 'sudah_skinnya_sperti', 'tanggap_moga_file', 'token_akhir_tanggap', 'tolong_baik_bugnya']"
['ycca'],[]
"['tolong', 'optimasi', 'minimal', 'grafik', 'rendah', 'bahkan', 'rata', 'kiri', 'msih', 'suka', 'panas', 'framedrop', 'emng', 'mid', 'low', 'cuma', 'msih', 'usaha', 'tahan', 'digame', 'minimal', 'masa', 'gugur']","['bahkan_rata_kiri', 'cuma_msih_usaha', 'digame_minimal_masa', 'emng_mid_low', 'framedrop_emng_mid', 'grafik_rendah_bahkan', 'kiri_msih_suka', 'low_cuma_msih', 'mid_low_cuma', 'minimal_grafik_rendah', 'minimal_masa_gugur', 'msih_suka_panas', 'msih_usaha_tahan', 'optimasi_minimal_grafik', 'panas_framedrop_emng', 'rata_kiri_msih', 'rendah_bahkan_rata', 'suka_panas_framedrop', 'tahan_digame_minimal', 'tolong_optimasi_minimal', 'usaha_tahan_digame']"
"['mohon', 'maaf', 'delovoper', 'king', 'guna', 'wifi', 'tetapi', 'pilih', 'suruh', 'tunggu', 'tunggu', 'sudah', 'selesai', 'tetapi', 'masuk', 'tolong', 'jika', 'bug', 'segera', 'benar', 'reputasi', 'turun', 'jujur', 'seru']","['benar_reputasi_turun', 'bug_segera_benar', 'delovoper_king_guna', 'guna_wifi_tetapi', 'jika_bug_segera', 'king_guna_wifi', 'maaf_delovoper_king', 'masuk_tolong_jika', 'mohon_maaf_delovoper', 'pilih_suruh_tunggu', 'reputasi_turun_jujur', 'segera_benar_reputasi', 'selesai_tetapi_masuk', 'sudah_selesai_tetapi', 'suruh_tunggu_tunggu', 'tetapi_masuk_tolong', 'tetapi_pilih_suruh', 'tolong_jika_bug', 'tunggu_sudah_selesai', 'tunggu_tunggu_sudah', 'turun_jujur_seru', 'wifi_tetapi_pilih']"
"['beri', 'bintang']",[]
"['bagus', 'banget']",[]
"['server', 'coba', 'lihat', 'komentar', 'chandra', 'chan', 'total', 'e', 'gb', 'sudah', 'bukti', 'komentar', 'chandra', 'chan', 'suka', 'banget', 'tsb', 'kuota', 'seluler', 'capai', 'segitu', 'besar', 'wifi', 'seluler', 'mengunakan', 'gigabyte', 'wifi', 'lot']","['banget_tsb_kuota', 'besar_wifi_seluler', 'bukti_komentar_chandra', 'capai_segitu_besar', 'chan_suka_banget', 'chan_total_gb', 'chandra_chan_suka', 'chandra_chan_total', 'coba_lihat_komentar', 'gb_sudah_bukti', 'gigabyte_wifi_lot', 'komentar_chandra_chan', 'kuota_seluler_capai', 'lihat_komentar_chandra', 'mengunakan_gigabyte_wifi', 'segitu_besar_wifi', 'seluler_capai_segitu', 'seluler_mengunakan_gigabyte', 'server_coba_lihat', 'sudah_bukti_komentar', 'suka_banget_tsb', 'total_gb_sudah', 'tsb_kuota_seluler', 'wifi_seluler_mengunakan']"
"['buruk', 'kopi', 'bang', 'bang', 'gacocok', 'king', 'kingnya', 'elo', 'raja', 'tuhan', 'tuhan', 'allah', 'swt']","['bang_bang_gacocok', 'bang_gacocok_king', 'buruk_kopi_bang', 'elo_raja_tuhan', 'gacocok_king_kingnya', 'king_kingnya_elo', 'kingnya_elo_raja', 'kopi_bang_bang', 'raja_tuhan_tuhan', 'tuhan_allah_swt', 'tuhan_tuhan_allah']"
"['mending', 'genshin']",[]
[],[]
"['buruk', 'matchnya', 'ajg', 'stres', 'banyak', 'mula', 'baru', 'banget', 'sementara', 'musuh', 'veteran', 'semua', 'peak', 'nyaman', 'banget', 'gimana', 'solusi']","['ajg_stres_banyak', 'banget_gimana_solusi', 'banget_sementara_musuh', 'banyak_mula_baru', 'baru_banget_sementara', 'buruk_matchnya_ajg', 'matchnya_ajg_stres', 'mula_baru_banget', 'musuh_veteran_semua', 'nyaman_banget_gimana', 'peak_nyaman_banget', 'sementara_musuh_veteran', 'semua_peak_nyaman', 'stres_banyak_mula', 'veteran_semua_peak']"
"['mohon', 'baik', 'pakek', 'wifi', 'sinyal', 'merah', 'nanti', 'klok', 'sudah', 'setabil', 'tambah', 'bintang']","['baik_pakek_wifi', 'klok_sudah_setabil', 'merah_nanti_klok', 'mohon_baik_pakek', 'nanti_klok_sudah', 'pakek_wifi_sinyal', 'setabil_tambah_bintang', 'sinyal_merah_nanti', 'sudah_setabil_tambah', 'wifi_sinyal_merah']"
"['update', 'lag', 'belum', 'lancar']","['lag_belum_lancar', 'update_lag_belum']"
"['bagus', 'namun', 'mb', 'besar', 'tolong', 'mb', 'kurang']","['bagus_namun_mb', 'besar_tolong_mb', 'mb_besar_tolong', 'namun_mb_besar', 'tolong_mb_kurang']"
['seru'],[]
"['tolong', 'baik', 'gm', 'full', 'master', 'sampah', 'banget', 'kagak', 'jelas']","['baik_gm_full', 'banget_kagak_jelas', 'full_master_sampah', 'gm_full_master', 'master_sampah_banget', 'sampah_banget_kagak', 'tolong_baik_gm']"
"['kuat', 'anj']",[]
"['bagus', 'kucing', 'imut', 'banget', 'bintang', 'lima']","['bagus_kucing_imut', 'banget_bintang_lima', 'imut_banget_bintang', 'kucing_imut_banget']"
"['kapan', 'collab', 'demon', 'slayer', 'music', 'entrance', 'infinity', 'castle']","['collab_demon_slayer', 'demon_slayer_music', 'entrance_infinity_castle', 'kapan_collab_demon', 'music_entrance_infinity', 'slayer_music_entrance']"
"['lumayan', 'mantap']",[]
"['adil', 'setting', 'banyak', 'kalah', 'kompak', 'sedang', 'musuh', 'kompak', 'rusak']","['adil_setting_banyak', 'banyak_kalah_kompak', 'kalah_kompak_sedang', 'kompak_sedang_musuh', 'musuh_kompak_rusak', 'sedang_musuh_kompak', 'setting_banyak_kalah']"
['tiru'],[]
"['enak', 'banget', 'sumpah', 'no', 'tipu', 'tipu']","['banget_sumpah_no', 'enak_banget_sumpah', 'no_tipu_tipu', 'sumpah_no_tipu']"
['bagus'],[]
"['baru', 'pelit', 'bagi', 'skin', 'gerat']","['bagi_skin_gerat', 'baru_pelit_bagi', 'pelit_bagi_skin']"
"['bagus', 'banget']",[]
['gacor'],[]
"['lain', 'feeder', 'b', 'jelas', 'mati', 'salah']","['feeder_jelas_mati', 'jelas_mati_salah', 'lain_feeder_jelas']"
"['pernah', 'seru', 'banget', 'bahkan', 'lawan', 'banyak', 'musuh']","['bahkan_lawan_banyak', 'banget_bahkan_lawan', 'lawan_banyak_musuh', 'pernah_seru_banget', 'seru_banget_bahkan']"
"['developer', 'semangat', 'kembang', 'sekin', 'gerat', 'hemm', 'oh', 'iya', 'matchamaking', 'terimakasih', 'nyata', 'benar', 'teman', 'lebih', 'seru', 'bosan', 'agak', 'sepi', 'hem', 'sepi', 'dalam', 'gelap', 'hemm', 'moga', 'developer', 'beri', 'sekin', 'gerat', 'limpah', 'makin', 'semangat', 'hehehe', 'gimana', 'tolong', 'atas', 'baik']","['agak_sepi_hem', 'benar_teman_lebih', 'beri_sekin_gerat', 'bosan_agak_sepi', 'dalam_gelap_hemm', 'developer_beri_sekin', 'developer_semangat_kembang', 'gelap_hemm_moga', 'gerat_hemm_oh', 'gerat_limpah_makin', 'gimana_tolong_atas', 'hehehe_gimana_tolong', 'hem_sepi_dalam', 'hemm_moga_developer', 'hemm_oh_iya', 'iya_matchamaking_terimakasih', 'kembang_sekin_gerat', 'lebih_seru_bosan', 'limpah_makin_semangat', 'makin_semangat_hehehe', 'matchamaking_terimakasih_nyata', 'moga_developer_beri', 'nyata_benar_teman', 'oh_iya_matchamaking', 'sekin_gerat_hemm', 'sekin_gerat_limpah', 'semangat_hehehe_gimana', 'semangat_kembang_sekin', 'sepi_dalam_gelap', 'sepi_hem_sepi', 'seru_bosan_agak', 'teman_lebih_seru', 'terimakasih_nyata_benar', 'tolong_atas_baik']"
"['tetap', 'keluar', 'paksa', 'dalam', 'tanding', 'kena', 'report', 'afk', 'parah', 'jelas', 'banget', 'saran', 'grafik', 'sudah', 'rendah', 'tetap', 'benar', 'coba', 'teman', 'bagus', 'tetap', 'begini', 'paksa', 'keluar', 'dalam', 'tanding', 'lebih', 'parah', 'walaupun', 'cash', 'pernah', 'keluar', 'paksa', 'dalam', 'sebut', 'kecewa', 'butuh', 'bukti', 'ss', 'akhir', 'keluar', 'paksa', 'dalam', 'tanding', 'kena', 'report']","['afk_parah_jelas', 'akhir_keluar_paksa', 'bagus_tetap_begini', 'banget_saran_grafik', 'begini_paksa_keluar', 'benar_coba_teman', 'bukti_ss_akhir', 'butuh_bukti_ss', 'cash_pernah_keluar', 'coba_teman_bagus', 'dalam_sebut_kecewa', 'dalam_tanding_kena', 'dalam_tanding_lebih', 'grafik_sudah_rendah', 'jelas_banget_saran', 'kecewa_butuh_bukti', 'keluar_dalam_tanding', 'keluar_paksa_dalam', 'kena_report_afk', 'lebih_parah_walaupun', 'paksa_dalam_sebut', 'paksa_dalam_tanding', 'paksa_keluar_dalam', 'parah_jelas_banget', 'parah_walaupun_cash', 'pernah_keluar_paksa', 'rendah_tetap_benar', 'report_afk_parah', 'saran_grafik_sudah', 'sebut_kecewa_butuh', 'ss_akhir_keluar', 'sudah_rendah_tetap', 'tanding_kena_report', 'tanding_lebih_parah', 'teman_bagus_tetap', 'tetap_begini_paksa', 'tetap_benar_coba', 'tetap_keluar_paksa', 'walaupun_cash_pernah']"
"['jangan', 'mula', 'semua']",['jangan_mula_semua']
['suka'],[]
"['halah', 'tiru', 'dasar', 'buruk', 'moga', 'mati']","['buruk_moga_mati', 'dasar_buruk_moga', 'halah_tiru_dasar', 'tiru_dasar_buruk']"
"['seru', 'bang', 'et']",['seru_bang_et']
['bagus'],[]
"['lostreak', 'ganti']",[]
['bagus'],[]
"['iklan', 'nyenggol', 'kualitas', 'bgus', 'amat', 'diupdate', 'lobby', 'mlu', 'urusin', 'noh', 'sudah', 'update', 'gaguna', 'lag', 'mending', 'dri', 'pda', 'jangan', 'didownload', 'guyss']","['amat_diupdate_lobby', 'bgus_amat_diupdate', 'diupdate_lobby_mlu', 'dri_pda_jangan', 'gaguna_lag_mending', 'iklan_nyenggol_kualitas', 'jangan_didownload_guyss', 'kualitas_bgus_amat', 'lag_mending_dri', 'lobby_mlu_urusin', 'mending_dri_pda', 'mlu_urusin_noh', 'noh_sudah_update', 'nyenggol_kualitas_bgus', 'pda_jangan_didownload', 'sudah_update_gaguna', 'update_gaguna_lag', 'urusin_noh_sudah']"
"['keren', 'log', 'sebentar', 'tiktok']","['keren_log_sebentar', 'log_sebentar_tiktok']"
"['bagus', 'banget', 'walau', 'niru']","['bagus_banget_walau', 'banget_walau_niru']"
['mantap'],[]
"['ukur', 'kecil', 'minimal', 'tambah', 'otomatis', 'skin', 'efek', 'animasi', 'butuh', 'hilang']","['animasi_butuh_hilang', 'efek_animasi_butuh', 'kecil_minimal_tambah', 'minimal_tambah_otomatis', 'otomatis_skin_efek', 'skin_efek_animasi', 'tambah_otomatis_skin', 'ukur_kecil_minimal']"
"['seru', 'sayang', 'niru']",['seru_sayang_niru']
"['bagus', 'lebih', 'bagus', 'bintang', 'lebih', 'kembang']","['bagus_bintang_lebih', 'bagus_lebih_bagus', 'bintang_lebih_kembang', 'lebih_bagus_bintang']"
"['grafik', 'sudah', 'bagus', 'skin', 'bagus', 'suka']","['bagus_skin_bagus', 'grafik_sudah_bagus', 'skin_bagus_suka', 'sudah_bagus_skin']"
['bagus'],[]
"['tiga', 'nanti', 'nyesel', 'takut', 'musuh', 'musuh', 'suka', 'keroyokan']","['musuh_musuh_suka', 'musuh_suka_keroyokan', 'nanti_nyesel_takut', 'nyesel_takut_musuh', 'takut_musuh_musuh', 'tiga_nanti_nyesel']"
['bagus'],[]
"['bagus', 'lahh']",[]
"['drop', 'fps', 'update', 'banding', 'belum', 'update', 'fps', 'stabil', 'mohon', 'optimalisasi']","['banding_belum_update', 'belum_update_fps', 'drop_fps_update', 'fps_stabil_mohon', 'fps_update_banding', 'stabil_mohon_optimalisasi', 'update_banding_belum', 'update_fps_stabil']"
"['baik', 'mact', 'tolong', 'baik']","['baik_mact_tolong', 'mact_tolong_baik']"
['sukah'],[]
['ngebug'],[]
"['enk', 'banget', 'karakter', 'bagus']","['banget_karakter_bagus', 'enk_banget_karakter']"
['bagus'],[]
"['sumpaahh', 'seru', 'pwwool', 'aaik', 'karakter', 'lucu', 'cantik', 'ganteng', 'kuat', 'pula', 'cocok', 'mula', 'mb', 'banyak', 'lag', 'pliss', 'mb', 'turunin', 'biar', 'makin', 'suka', 'terimakasih', 'sudah', 'suka']","['aaik_karakter_lucu', 'banyak_lag_pliss', 'biar_makin_suka', 'cantik_ganteng_kuat', 'cocok_mula_mb', 'ganteng_kuat_pula', 'karakter_lucu_cantik', 'kuat_pula_cocok', 'lag_pliss_mb', 'lucu_cantik_ganteng', 'makin_suka_terimakasih', 'mb_banyak_lag', 'mb_turunin_biar', 'mula_mb_banyak', 'pliss_mb_turunin', 'pula_cocok_mula', 'pwwool_aaik_karakter', 'seru_pwwool_aaik', 'suka_terimakasih_sudah', 'sumpaahh_seru_pwwool', 'terimakasih_sudah_suka', 'turunin_biar_makin']"
"['lebih', 'bagus']",[]
['keren'],[]
"['baru', 'nich']",[]
"['bagus', 'but', 'rekomend', 'patah', 'patah']","['bagus_but_rekomend', 'but_rekomend_patah', 'rekomend_patah_patah']"
"['bagus', 'banget', 'banyak', 'skin', 'skin', 'bagus', 'lebih', 'nomor', 'indonesia']","['bagus_banget_banyak', 'bagus_lebih_nomor', 'banget_banyak_skin', 'banyak_skin_skin', 'lebih_nomor_indonesia', 'skin_bagus_lebih', 'skin_skin_bagus']"
"['suka', 'semenjak', 'instal', 'lama', 'suara', 'hilang', 'kuat', 'kebel', 'sendiri', 'kumpulin', 'skin', 'tolong', 'baik']","['hilang_kuat_kebel', 'instal_lama_suara', 'kebel_sendiri_kumpulin', 'kuat_kebel_sendiri', 'kumpulin_skin_tolong', 'lama_suara_hilang', 'semenjak_instal_lama', 'sendiri_kumpulin_skin', 'skin_tolong_baik', 'suara_hilang_kuat', 'suka_semenjak_instal']"
"['seru', 'banget']",[]
"['seru', 'gampang', 'menang', 'moga', 'tagih']","['gampang_menang_moga', 'menang_moga_tagih', 'seru_gampang_menang']"
"['bagus', 'ukur', 'terlalu', 'besar', 'lebih', 'tolong', 'versi', 'gb', 'gb']","['bagus_ukur_terlalu', 'besar_lebih_tolong', 'lebih_tolong_versi', 'terlalu_besar_lebih', 'tolong_versi_gb', 'ukur_terlalu_besar', 'versi_gb_gb']"
"['dancok', 'sinyal', 'lancar', 'fps', 'turun', 'sinyal', 'lag', 'fps', 'naik', 'tolol']","['dancok_sinyal_lancar', 'fps_naik_tolol', 'fps_turun_sinyal', 'lag_fps_naik', 'lancar_fps_turun', 'sinyal_lag_fps', 'sinyal_lancar_fps', 'turun_sinyal_lag']"
"['play', 'lumayan', 'mirip', 'satu', 'kurang', 'yaitu', 'walupun', 'begus', 'tetetapi', 'tetap', 'lag', 'banyak', 'banget', 'loading', 'keluar', 'sendiri', 'bagaimana', 'play', 'tetap', 'bagus', 'bintang']","['bagaimana_play_tetap', 'banget_loading_keluar', 'banyak_banget_loading', 'begus_tetetapi_tetap', 'keluar_sendiri_bagaimana', 'kurang_yaitu_walupun', 'lag_banyak_banget', 'loading_keluar_sendiri', 'lumayan_mirip_satu', 'mirip_satu_kurang', 'play_lumayan_mirip', 'play_tetap_bagus', 'satu_kurang_yaitu', 'sendiri_bagaimana_play', 'tetap_bagus_bintang', 'tetap_lag_banyak', 'tetetapi_tetap_lag', 'walupun_begus_tetetapi', 'yaitu_walupun_begus']"
"['seru', 'banget']",[]
"['keren', 'bagus', 'mantap']",['keren_bagus_mantap']
['seru'],[]
['tolol'],[]
"['admin', 'server', 'sial', 'cuma', 'satu', 'menang', 'bangst', 'kenapa', 'tolol', 'diamond', 'turun', 'gold', 'wajar', 'ajg', 'bug', 'harap', 'dinotice', 'sudah', 'terlalu']","['admin_server_sial', 'ajg_bug_harap', 'bangst_kenapa_tolol', 'bug_harap_dinotice', 'cuma_satu_menang', 'diamond_turun_gold', 'dinotice_sudah_terlalu', 'gold_wajar_ajg', 'harap_dinotice_sudah', 'kenapa_tolol_diamond', 'menang_bangst_kenapa', 'satu_menang_bangst', 'server_sial_cuma', 'sial_cuma_satu', 'tolol_diamond_turun', 'turun_gold_wajar', 'wajar_ajg_bug']"
"['kenapa', 'season', 'musuh', 'jauh', 'lebih', 'baik', 'tanding', 'selalu', 'imbang']","['baik_tanding_selalu', 'jauh_lebih_baik', 'kenapa_season_musuh', 'lebih_baik_tanding', 'musuh_jauh_lebih', 'season_musuh_jauh', 'tanding_selalu_imbang']"
"['minimal', 'kentang', 'dh', 'kuat', 'makanya', 'pensi', 'sorry', 'minimal', 'misal', 'anggap', 'jelek', 'maksud', 'agak', 'ringan']","['anggap_jelek_maksud', 'dh_kuat_makanya', 'jelek_maksud_agak', 'kentang_dh_kuat', 'kuat_makanya_pensi', 'makanya_pensi_sorry', 'maksud_agak_ringan', 'minimal_kentang_dh', 'minimal_misal_anggap', 'misal_anggap_jelek', 'pensi_sorry_minimal', 'sorry_minimal_misal']"
"['seru', 'tarik']",[]
"['suka', 'banget', 'banyak', 'skin', 'dewa', 'china']","['banget_banyak_skin', 'banyak_skin_dewa', 'skin_dewa_china', 'suka_banget_banyak']"
"['sinyal', 'bagus', 'suka', 'lag', 'downlodan', 'beres', 'tolong', 'selesai', 'duku']","['bagus_suka_lag', 'beres_tolong_selesai', 'downlodan_beres_tolong', 'lag_downlodan_beres', 'sinyal_bagus_suka', 'suka_lag_downlodan', 'tolong_selesai_duku']"
"['bagus', 'tier', 'makin', 'tinggi', 'lawan', 'makin', 'jago', 'makin', 'tolol']","['bagus_tier_makin', 'jago_makin_tolol', 'lawan_makin_jago', 'makin_jago_makin', 'makin_tinggi_lawan', 'tier_makin_tinggi', 'tinggi_lawan_makin']"
['kontl'],[]
"['bug', 'warna', 'pink', 'semua', 'sudah', 'nenerapa', 'maon', 'warna', 'pink', 'semua', 'baru', 'langsung', 'bug', 'pink', 'lg', 'auto', 'afk']","['baru_langsung_bug', 'bug_pink_lg', 'bug_warna_pink', 'langsung_bug_pink', 'lg_auto_afk', 'maon_warna_pink', 'nenerapa_maon_warna', 'pink_lg_auto', 'pink_semua_baru', 'pink_semua_sudah', 'semua_baru_langsung', 'semua_sudah_nenerapa', 'sudah_nenerapa_maon', 'warna_pink_semua']"
"['sudah', 'update', 'cepat', 'panas', 'belum', 'oke']","['cepat_panas_belum', 'panas_belum_oke', 'sudah_update_cepat', 'update_cepat_panas']"
"['developer', 'maksud', 'gimana', 'komputer', 'saling', 'kerja', 'percuma', 'bintang', 'naik', 'satu', 'tadi', 'kalah', 'beda', 'jauh', 'habis', 'magrib', 'sampai', 'sekarang', 'bukan', 'naik', 'bintang', 'turun', 'naik', 'balikin', 'ksih', 'bintang', 'biar', 'lo', 'pad', 'neng', 'inti', 'beda', 'hilangin', 'stres', 'tambah', 'gedek']","['balikin_ksih_bintang', 'beda_hilangin_stres', 'beda_jauh_habis', 'biar_lo_pad', 'bintang_biar_lo', 'bintang_naik_satu', 'bintang_turun_naik', 'bukan_naik_bintang', 'developer_maksud_gimana', 'gimana_komputer_saling', 'habis_magrib_sampai', 'hilangin_stres_tambah', 'inti_beda_hilangin', 'jauh_habis_magrib', 'kalah_beda_jauh', 'kerja_percuma_bintang', 'komputer_saling_kerja', 'ksih_bintang_biar', 'lo_pad_neng', 'magrib_sampai_sekarang', 'maksud_gimana_komputer', 'naik_balikin_ksih', 'naik_bintang_turun', 'naik_satu_tadi', 'neng_inti_beda', 'pad_neng_inti', 'percuma_bintang_naik', 'saling_kerja_percuma', 'sampai_sekarang_bukan', 'satu_tadi_kalah', 'sekarang_bukan_naik', 'stres_tambah_gedek', 'tadi_kalah_beda', 'turun_naik_balikin']"
"['iklan', 'diimana', 'mana']",['iklan_diimana_mana']
['good'],[]
"['selamat', 'soremalam', 'ceo', 'para', 'admin', 'tolong', 'rusak', 'jangan', 'mikirin', 'jual', 'beri', 'skin', 'gratis', 'tolong', 'turet', 'shild', 'damage', 'lebih', 'sakit', 'baru', 'belum', 'menit', 'turet', 'hancur', 'semua', 'tinggal', 'turet', 'utama', 'pdahal', 'tampa', 'minion', 'kocak', 'sesuai', 'sesuai', 'jngn', 'asal', 'beri', 'beri', 'baru', 'terimakasih', 'saran', 'moga', 'dengar', 'saran', 'moga', 'lebih', 'baik']","['admin_tolong_rusak', 'asal_beri_beri', 'baru_belum_menit', 'baru_terimakasih_saran', 'belum_menit_turet', 'beri_baru_terimakasih', 'beri_beri_baru', 'beri_skin_gratis', 'ceo_para_admin', 'damage_lebih_sakit', 'dengar_saran_moga', 'gratis_tolong_turet', 'hancur_semua_tinggal', 'jangan_mikirin_jual', 'jngn_asal_beri', 'jual_beri_skin', 'kocak_sesuai_sesuai', 'lebih_sakit_baru', 'menit_turet_hancur', 'mikirin_jual_beri', 'minion_kocak_sesuai', 'moga_dengar_saran', 'moga_lebih_baik', 'para_admin_tolong', 'pdahal_tampa_minion', 'rusak_jangan_mikirin', 'sakit_baru_belum', 'saran_moga_dengar', 'saran_moga_lebih', 'selamat_soremalam_ceo', 'semua_tinggal_turet', 'sesuai_jngn_asal', 'sesuai_sesuai_jngn', 'shild_damage_lebih', 'skin_gratis_tolong', 'soremalam_ceo_para', 'tampa_minion_kocak', 'terimakasih_saran_moga', 'tinggal_turet_utama', 'tolong_rusak_jangan', 'tolong_turet_shild', 'turet_hancur_semua', 'turet_shild_damage', 'turet_utama_pdahal', 'utama_pdahal_tampa']"
['bagus'],[]
['bagus'],[]
"['rusak', 'ketemu', 'duo', 'gimna', 'cerita']","['duo_gimna_cerita', 'ketemu_duo_gimna', 'rusak_ketemu_duo']"
"['bab', 'indikator', 'asasin', 'simayi', 'lam', 'indikator', 'skill', 'yangg', 'skill', 'diarahin', 'sekarang', 'bisaa', 'sima', 'yi', 'salah', 'lock', 'anj', 'ayo', 'balikin', 'indikator', 'skill']","['anj_ayo_balikin', 'asasin_simayi_lam', 'ayo_balikin_indikator', 'bab_indikator_asasin', 'balikin_indikator_skill', 'bisaa_sima_yi', 'diarahin_sekarang_bisaa', 'indikator_asasin_simayi', 'indikator_skill_yangg', 'lam_indikator_skill', 'lock_anj_ayo', 'salah_lock_anj', 'sekarang_bisaa_sima', 'sima_yi_salah', 'simayi_lam_indikator', 'skill_diarahin_sekarang', 'skill_yangg_skill', 'yangg_skill_diarahin', 'yi_salah_lock']"
"['seru', 'banget', 'coo', 'stres', 'kyk']","['banget_coo_stres', 'coo_stres_kyk', 'seru_banget_coo']"
"['update', 'baru', 'buruk', 'selalu', 'lag', 'keluar', 'sendiri', 'sehingga', 'selalu', 'kena', 'langgar']","['baru_buruk_selalu', 'buruk_selalu_lag', 'keluar_sendiri_sehingga', 'lag_keluar_sendiri', 'sehingga_selalu_kena', 'selalu_kena_langgar', 'selalu_lag_keluar', 'sendiri_sehingga_selalu', 'update_baru_buruk']"
"['mantep', 'gatau']",[]
"['masukin', 'florentino', 'asik', 'florentino', 'tambahin', 'florentino', 'harap', 'florentino']","['asik_florentino_tambahin', 'florentino_asik_florentino', 'florentino_harap_florentino', 'florentino_tambahin_florentino', 'masukin_florentino_asik', 'tambahin_florentino_harap']"
"['bagus', 'ngeselin']",[]
"['semua', 'bagus', 'bagus', 'mulai', 'event', 'bagus', 'semua', 'tolong', 'minimal', 'masa', 'bot', 'farm', 'line', 'magenya', 'mage', 'clash', 'lanenya', 'dongoo', 'clash', 'junggling', 'junggling', 'farm', 'line', 'dongonya', 'sampai', 'ubun', 'ubun', 'tolong', 'minimal']","['bagus_bagus_mulai', 'bagus_mulai_event', 'bagus_semua_tolong', 'bot_farm_line', 'clash_junggling_junggling', 'clash_lanenya_dongoo', 'dongonya_sampai_ubun', 'dongoo_clash_junggling', 'event_bagus_semua', 'farm_line_dongonya', 'farm_line_magenya', 'junggling_farm_line', 'junggling_junggling_farm', 'lanenya_dongoo_clash', 'line_dongonya_sampai', 'line_magenya_mage', 'mage_clash_lanenya', 'magenya_mage_clash', 'masa_bot_farm', 'minimal_masa_bot', 'mulai_event_bagus', 'sampai_ubun_ubun', 'semua_bagus_bagus', 'semua_tolong_minimal', 'tolong_minimal_masa', 'ubun_tolong_minimal', 'ubun_ubun_tolong']"
"['frame', 'drop', 'parah', 'banget']","['drop_parah_banget', 'frame_drop_parah']"
"['wu', 'niru', 'dahh', 'wu', 'palagiat']","['dahh_wu_palagiat', 'niru_dahh_wu', 'wu_niru_dahh']"
"['bagus', 'banget', 'kurang', 'gede', 'mb', 'ajah', 'suka', 'skin', 'ditail', 'banget', 'gitu', 'ramah', 'ramah', 'bagus', 'banget', 'walupun', 'mb', 'besar', 'wortid', 'banget']","['ajah_suka_skin', 'bagus_banget_kurang', 'bagus_banget_walupun', 'banget_gitu_ramah', 'banget_kurang_gede', 'banget_walupun_mb', 'besar_wortid_banget', 'ditail_banget_gitu', 'gede_mb_ajah', 'gitu_ramah_ramah', 'kurang_gede_mb', 'mb_ajah_suka', 'mb_besar_wortid', 'ramah_bagus_banget', 'ramah_ramah_bagus', 'skin_ditail_banget', 'suka_skin_ditail', 'walupun_mb_besar']"
"['bagus', 'unik', 'grafik', 'bagus', 'banget', 'berat', 'paksa', 'uninstall', 'cukup']","['bagus_banget_berat', 'bagus_unik_grafik', 'banget_berat_paksa', 'berat_paksa_uninstall', 'grafik_bagus_banget', 'paksa_uninstall_cukup', 'unik_grafik_bagus']"
['bagus'],[]
"['bsgus', 'try', 'hard']",['bsgus_try_hard']
"['bagus', 'ping', 'tinggi', 'sinyal', 'bagus', 'buka', 'lain', 'lancar']","['bagus_buka_lain', 'bagus_ping_tinggi', 'buka_lain_lancar', 'ping_tinggi_sinyal', 'sinyal_bagus_buka', 'tinggi_sinyal_bagus']"
['mending'],[]
"['jelas', 'sendiri', 'selalu', 'jago', 'banding', 'musuh']","['jago_banding_musuh', 'jelas_sendiri_selalu', 'selalu_jago_banding', 'sendiri_selalu_jago']"
['seru'],[]
['nice'],[]
"['tolol', 'jelas']",[]
"['sumpah', 'pernah', 'kesal', 'gwe', 'semenjak', 'update', 'macthmaking', 'lama', 'banget', 'ampe', 'menit', 'lebih', 'lo', 'emosey', 'banget', 'gwe']","['ampe_menit_lebih', 'banget_ampe_menit', 'emosey_banget_gwe', 'gwe_semenjak_update', 'kesal_gwe_semenjak', 'lama_banget_ampe', 'lebih_lo_emosey', 'lo_emosey_banget', 'macthmaking_lama_banget', 'menit_lebih_lo', 'pernah_kesal_gwe', 'semenjak_update_macthmaking', 'sumpah_pernah_kesal', 'update_macthmaking_lama']"
"['halo', 'semua', 'gratis', 'bagus', 'banget']","['gratis_bagus_banget', 'halo_semua_gratis', 'semua_gratis_bagus']"
"['karakter', 'ilang', 'semua']",['karakter_ilang_semua']
"['update', 'lag', 'parah', 'drop', 'ms', 'sampai', 'sinyal', 'bagus']","['drop_ms_sampai', 'lag_parah_drop', 'ms_sampai_sinyal', 'parah_drop_ms', 'sampai_sinyal_bagus', 'update_lag_parah']"
['bagus'],[]
['bagus'],[]
"['keren', 'bngt', 'semuaanya', 'gratis']","['bngt_semuaanya_gratis', 'keren_bngt_semuaanya']"
"['baru', 'pertama', 'langsung', 'lag', 'bagus', 'kenapa', 'ganti', 'tolong', 'developer', 'hokhonor', 'per', 'baik', 'seru', 'gratis']","['bagus_kenapa_ganti', 'baik_seru_gratis', 'baru_pertama_langsung', 'developer_hokhonor_per', 'ganti_tolong_developer', 'hokhonor_per_baik', 'kenapa_ganti_tolong', 'lag_bagus_kenapa', 'langsung_lag_bagus', 'per_baik_seru', 'pertama_langsung_lag', 'tolong_developer_hokhonor']"
"['mantap', 'lebih', 'adil', 'tanding']","['lebih_adil_tanding', 'mantap_lebih_adil']"
['bagus'],[]
"['matchnya', 'makin', 'jelek', 'imbang']","['makin_jelek_imbang', 'matchnya_makin_jelek']"
"['banyak', 'skin', 'gratis']",['banyak_skin_gratis']
"['tolong', 'minimal', 'kredit', 'skor', 'kurang', 'jangan', 'lawan', 'bot', 'begitu', 'pula', 'naik', 'jelas']","['begitu_pula_naik', 'bot_begitu_pula', 'jangan_lawan_bot', 'kredit_skor_kurang', 'kurang_jangan_lawan', 'lawan_bot_begitu', 'minimal_kredit_skor', 'pula_naik_jelas', 'skor_kurang_jangan', 'tolong_minimal_kredit']"
"['tolong', 'kah', 'dev', 'tolong', 'banget', 'jangan', 'temuin', 'oh', 'cape', 'kena', 'troll', 'sudah', 'ngasal', 'gjls', 'pisah', 'oh', 'server', 'sendiri', 'beban', 'global']","['banget_jangan_temuin', 'cape_kena_troll', 'dev_tolong_banget', 'gjls_pisah_oh', 'jangan_temuin_oh', 'kah_dev_tolong', 'kena_troll_sudah', 'ngasal_gjls_pisah', 'oh_cape_kena', 'oh_server_sendiri', 'pisah_oh_server', 'sendiri_beban_global', 'server_sendiri_beban', 'sudah_ngasal_gjls', 'temuin_oh_cape', 'tolong_banget_jangan', 'tolong_kah_dev', 'troll_sudah_ngasal']"
"['mantep', 'banget', 'gan']",['mantep_banget_gan']
"['dajihao', 'balik', 'akun', 'akun', 'sudah', 'ngumpulin', 'skin', 'sampai', 'hilang', 'begitu', 'inginn', 'akun', 'satu', 'tanpa', 'file', 'cheat', 'mana', 'please', 'balik', 'akun', 'sudah', 'kait', 'google']","['akun_akun_sudah', 'akun_satu_tanpa', 'akun_sudah_kait', 'akun_sudah_ngumpulin', 'balik_akun_akun', 'balik_akun_sudah', 'begitu_inginn_akun', 'cheat_mana_please', 'dajihao_balik_akun', 'file_cheat_mana', 'hilang_begitu_inginn', 'inginn_akun_satu', 'mana_please_balik', 'ngumpulin_skin_sampai', 'please_balik_akun', 'sampai_hilang_begitu', 'satu_tanpa_file', 'skin_sampai_hilang', 'sudah_kait_google', 'sudah_ngumpulin_skin', 'tanpa_file_cheat']"
"['bagus', 'memori', 'sudah', 'penuh', 'belum', 'mendownload', 'semua', 'v']","['bagus_memori_sudah', 'belum_mendownload_semua', 'memori_sudah_penuh', 'penuh_belum_mendownload', 'sudah_penuh_belum']"
"['hi', 'developer', 'hapus', 'spriteling', 'pilih', 'utama', 'gapernah', 'ratarata', 'chinese', 'begitu', 'skin', 'dinasti', 'kaisar', 'ukyo', 'tachibanacharlottemai', 'shiranui', 'gabisa', 'event', 'gimana', 'dapetinya']","['begitu_skin_dinasti', 'chinese_begitu_skin', 'developer_hapus_spriteling', 'dinasti_kaisar_ukyo', 'event_gimana_dapetinya', 'gabisa_event_gimana', 'gapernah_ratarata_chinese', 'hapus_spriteling_pilih', 'hi_developer_hapus', 'kaisar_ukyo_tachibanacharlottemai', 'pilih_utama_gapernah', 'ratarata_chinese_begitu', 'shiranui_gabisa_event', 'skin_dinasti_kaisar', 'spriteling_pilih_utama', 'tachibanacharlottemai_shiranui_gabisa', 'ukyo_tachibanacharlottemai_shiranui', 'utama_gapernah_ratarata']"
"['lag', 'parah', 'merah', 'jelas', 'kapan', 'rusak', 'kira', 'semua', 'punya', 'wifi']","['jelas_kapan_rusak', 'kapan_rusak_kira', 'kira_semua_punya', 'lag_parah_merah', 'merah_jelas_kapan', 'parah_merah_jelas', 'rusak_kira_semua', 'semua_punya_wifi']"
['good'],[]
['bagus'],[]
"['paham', 'banyak', 'banget', 'rugi']","['banyak_banget_rugi', 'paham_banyak_banget']"
['bagus'],[]
"['ukur', 'terlalu', 'besar']",['ukur_terlalu_besar']
"['report', 'makin', 'kacau', 'jelas', 'lain', 'curi', 'line', 'kurang', 'kredit', 'skor', 'tambah', 'aneh']","['curi_line_kurang', 'jelas_lain_curi', 'kacau_jelas_lain', 'kredit_skor_tambah', 'kurang_kredit_skor', 'lain_curi_line', 'line_kurang_kredit', 'makin_kacau_jelas', 'report_makin_kacau', 'skor_tambah_aneh']"
"['banyak', 'bot']",[]
"['m', 'likes']",[]
['bagus'],[]
"['beri', 'adil', 'gjls']",['beri_adil_gjls']
[],[]
"['k', 'o', 'n', 't', 'o', 'l', 'please', 'guys', 'jangan', 'downlod', 'ngamuk', 'masuk', 'tolol', 'banget', 'demi', 'jangan', 'demi', 'sehat', 'mental', 'lo']","['banget_demi_jangan', 'demi_jangan_demi', 'demi_sehat_mental', 'downlod_ngamuk_masuk', 'guys_jangan_downlod', 'jangan_demi_sehat', 'jangan_downlod_ngamuk', 'masuk_tolol_banget', 'ngamuk_masuk_tolol', 'please_guys_jangan', 'sehat_mental_lo', 'tolol_banget_demi']"
"['sekian', 'banyak', 'dunia', 'rata', 'tiongkok', 'beberapa', 'event', 'tentu', 'belum', 'tentu', 'event', 'muncul', 'snk', 'mas', 'guna', 'arcana', 'mengumpulkanmenukar', 'bukan', 'rune', 'pilih', 'bagi', 'kuasa', 'lebih', 'dahulu', 'bruhh', 'seriously']","['arcana_mengumpulkanmenukar_bukan', 'bagi_kuasa_lebih', 'banyak_dunia_rata', 'beberapa_event_tentu', 'belum_tentu_event', 'bukan_rune_pilih', 'dahulu_bruhh_seriously', 'dunia_rata_tiongkok', 'event_muncul_snk', 'event_tentu_belum', 'guna_arcana_mengumpulkanmenukar', 'kuasa_lebih_dahulu', 'lebih_dahulu_bruhh', 'mas_guna_arcana', 'mengumpulkanmenukar_bukan_rune', 'muncul_snk_mas', 'pilih_bagi_kuasa', 'rata_tiongkok_beberapa', 'rune_pilih_bagi', 'sekian_banyak_dunia', 'snk_mas_guna', 'tentu_belum_tentu', 'tentu_event_muncul', 'tiongkok_beberapa_event']"
"['pel', 'ram', 'jangan', 'banyak', 'banyak', 'masa', 'ram', 'langsung', 'penuh', 'ram', 'mas', 'sedikit', 'langsung', 'penuh', 'pel', 'ram', 'jangan', 'banyak', 'banyak', 'pel', 'tolong', 'sekian', 'terimakasih']","['banyak_banyak_masa', 'banyak_banyak_pel', 'banyak_masa_ram', 'banyak_pel_tolong', 'jangan_banyak_banyak', 'langsung_penuh_pel', 'langsung_penuh_ram', 'mas_sedikit_langsung', 'masa_ram_langsung', 'pel_ram_jangan', 'pel_tolong_sekian', 'penuh_pel_ram', 'penuh_ram_mas', 'ram_jangan_banyak', 'ram_langsung_penuh', 'ram_mas_sedikit', 'sedikit_langsung_penuh', 'tolong_sekian_terimakasih']"
['good'],[]
"['seru', 'banget', 'woy']",['seru_banget_woy']
"['bagus', 'anak', 'mula', 'belum', 'danbsgus', 'mainin']","['anak_mula_belum', 'bagus_anak_mula', 'belum_danbsgus_mainin', 'mula_belum_danbsgus']"
"['minimal', 'maaf', 'bintang', 'buah', 'bug', 'bagi', 'tutorial', 'farming', 'sekian', 'terimakasih', 'moga', 'lekas', 'baik', 'bug', 'ntar', 'baru', 'tambah', 'bintang']","['bagi_tutorial_farming', 'baik_bug_ntar', 'baru_tambah_bintang', 'bintang_buah_bug', 'buah_bug_bagi', 'bug_bagi_tutorial', 'bug_ntar_baru', 'farming_sekian_terimakasih', 'lekas_baik_bug', 'maaf_bintang_buah', 'minimal_maaf_bintang', 'moga_lekas_baik', 'ntar_baru_tambah', 'sekian_terimakasih_moga', 'terimakasih_moga_lekas', 'tutorial_farming_sekian']"
"['minimal', 'sekarang', 'drop', 'sinyal', 'maren', 'maren', 'kaga', 'drop', 'buka', 'laen', 'aman', 'buka', 'drop', 'dh', 'gitu', 'ms', 'nyaman', 'banyak', 'lag', 'sinyal', 'dh', 'fps', 'tolong', 'minimal', 'pensi', 'dh']","['aman_buka_drop', 'banyak_lag_sinyal', 'buka_drop_dh', 'buka_laen_aman', 'dh_fps_tolong', 'dh_gitu_ms', 'drop_buka_laen', 'drop_dh_gitu', 'drop_sinyal_maren', 'fps_tolong_minimal', 'gitu_ms_nyaman', 'kaga_drop_buka', 'laen_aman_buka', 'lag_sinyal_dh', 'maren_kaga_drop', 'maren_maren_kaga', 'minimal_pensi_dh', 'minimal_sekarang_drop', 'ms_nyaman_banyak', 'nyaman_banyak_lag', 'sekarang_drop_sinyal', 'sinyal_dh_fps', 'sinyal_maren_maren', 'tolong_minimal_pensi']"
"['bosen', 'skin', 'gratis', 'tetap', 'top', 'up', 'makanya', 'bintang', 'satu', 'mending', 'jgn', 'menuh', 'menuhin', 'memori']","['bintang_satu_mending', 'bosen_skin_gratis', 'gratis_tetap_top', 'jgn_menuh_menuhin', 'makanya_bintang_satu', 'mending_jgn_menuh', 'menuh_menuhin_memori', 'satu_mending_jgn', 'skin_gratis_tetap', 'tetap_top_up', 'top_up_makanya', 'up_makanya_bintang']"
"['sudah', 'bagus', 'namun', 'kurang', 'suka', 'animasi', 'lag', 'sinyal', 'wifi', 'masalah', 'mohon', 'baik']","['animasi_lag_sinyal', 'bagus_namun_kurang', 'kurang_suka_animasi', 'lag_sinyal_wifi', 'masalah_mohon_baik', 'namun_kurang_suka', 'sinyal_wifi_masalah', 'sudah_bagus_namun', 'suka_animasi_lag', 'wifi_masalah_mohon']"
['kikir'],[]
"['banyak', 'feeder']",[]
"['seru', 'banget']",[]
"['kasi', 'bintang', 'langsung', 'biar', 'dev', 'makin', 'bagus', 'laku', 'update', 'jangan', 'kalah', 'banyak', 'darksystem']","['bagus_laku_update', 'biar_dev_makin', 'bintang_langsung_biar', 'dev_makin_bagus', 'jangan_kalah_banyak', 'kalah_banyak_darksystem', 'kasi_bintang_langsung', 'laku_update_jangan', 'langsung_biar_dev', 'makin_bagus_laku', 'update_jangan_kalah']"
"['jujur', 'bagus', 'banget', 'skinnya', 'murah', 'mewah', 'grafik', 'bagus', 'banget']","['bagus_banget_skinnya', 'banget_skinnya_murah', 'grafik_bagus_banget', 'jujur_bagus_banget', 'mewah_grafik_bagus', 'murah_mewah_grafik', 'skinnya_murah_mewah']"
"['ql', 'd', 'js', 'mys']",['ql_js_mys']
"['lag', 'kesel', 'banget', 'knp', 'eksekusi', 'masalah', 'kerja', 'masa', 'masalah', 'eksekusi', 'cepat']","['banget_knp_eksekusi', 'eksekusi_masalah_kerja', 'kerja_masa_masalah', 'kesel_banget_knp', 'knp_eksekusi_masalah', 'lag_kesel_banget', 'masa_masalah_eksekusi', 'masalah_eksekusi_cepat', 'masalah_kerja_masa']"
"['ganyah', 'bagus', 'satu', 'kurang', 'yaitu', 'musuh', 'mudah', 'kalah', 'harap', 'musuhnyah', 'susah']","['bagus_satu_kurang', 'ganyah_bagus_satu', 'harap_musuhnyah_susah', 'kalah_harap_musuhnyah', 'kurang_yaitu_musuh', 'mudah_kalah_harap', 'musuh_mudah_kalah', 'satu_kurang_yaitu', 'yaitu_musuh_mudah']"
['bagus'],[]
"['wel', 'terlalu', 'suka', 'banyak', 'bot', 'bagus']","['banyak_bot_bagus', 'suka_banyak_bot', 'terlalu_suka_banyak', 'wel_terlalu_suka']"
"['bug', 'anjing', 'loding', 'lama']","['anjing_loding_lama', 'bug_anjing_loding']"
"['komen', 'rate', 'binatang', 'pihak', 'kembang', 'developer', 'komen', 'kalah', 'bintang', 'satu', 'bot', 'bintang', 'grandmaster', 'bot', 'sengaja', 'gimana']","['binatang_pihak_kembang', 'bintang_grandmaster_bot', 'bintang_satu_bot', 'bot_bintang_grandmaster', 'bot_sengaja_gimana', 'developer_komen_kalah', 'grandmaster_bot_sengaja', 'kalah_bintang_satu', 'kembang_developer_komen', 'komen_kalah_bintang', 'komen_rate_binatang', 'pihak_kembang_developer', 'rate_binatang_pihak', 'satu_bot_bintang']"
['keren'],[]
"['gimana', 'kurang', 'greget']",['gimana_kurang_greget']
"['update', 'september', 'so', 'far', 'semua', 'aman', 'kecuali', 'kendala', 'cukup', 'ganggu', 'yaitu', 'pingsinyal', 'lag', 'stabil', 'biasa', 'amanaman', 'stabil', 'mohon', 'ditindaklanjuti', 'kendala', 'para', 'nyaman', 'senang', 'dalam', 'terimakasih']","['aman_kecuali_kendala', 'amanaman_stabil_mohon', 'biasa_amanaman_stabil', 'cukup_ganggu_yaitu', 'ditindaklanjuti_kendala_para', 'far_semua_aman', 'ganggu_yaitu_pingsinyal', 'kecuali_kendala_cukup', 'kendala_cukup_ganggu', 'kendala_para_nyaman', 'lag_stabil_biasa', 'mohon_ditindaklanjuti_kendala', 'nyaman_senang_dalam', 'para_nyaman_senang', 'pingsinyal_lag_stabil', 'semua_aman_kecuali', 'senang_dalam_terimakasih', 'september_so_far', 'so_far_semua', 'stabil_biasa_amanaman', 'stabil_mohon_ditindaklanjuti', 'update_september_so', 'yaitu_pingsinyal_lag']"
"['banyak', 'bug', 'tengah', 'tengah', 'keluar', 'tibatiba', 'off', 'makin', 'buruk', 'buruk']","['banyak_bug_tengah', 'bug_tengah_tengah', 'keluar_tibatiba_off', 'makin_buruk_buruk', 'off_makin_buruk', 'tengah_keluar_tibatiba', 'tengah_tengah_keluar', 'tibatiba_off_makin']"
"['bagus', 'banget', 'suka']",['bagus_banget_suka']
"['terlalu', 'berat']",[]
['oke'],[]
"['bagus', 'banget', 'baru', 'dowload', 'king', 'hadiah', 'event', 'tarik', 'sudah', 'lewat', 'tolong', 'skin', 'epik', 'shanhai', 'yaria', 'reasale', 'banget', 'skin', 'skin', 'pasti', 'betah', 'banget', 'king', 'papi', 'skin', 'incar', 'skin', 'gratis', 'banget']","['bagus_banget_baru', 'banget_baru_dowload', 'banget_king_papi', 'banget_skin_skin', 'baru_dowload_king', 'betah_banget_king', 'dowload_king_hadiah', 'epik_shanhai_yaria', 'event_tarik_sudah', 'hadiah_event_tarik', 'incar_skin_gratis', 'king_hadiah_event', 'king_papi_skin', 'lewat_tolong_skin', 'papi_skin_incar', 'pasti_betah_banget', 'reasale_banget_skin', 'shanhai_yaria_reasale', 'skin_epik_shanhai', 'skin_gratis_banget', 'skin_incar_skin', 'skin_pasti_betah', 'skin_skin_pasti', 'sudah_lewat_tolong', 'tarik_sudah_lewat', 'tolong_skin_epik', 'yaria_reasale_banget']"
['gb'],[]
['mantep'],[]
"['bagus', 'grafik', 'mantap', 'tolong', 'perhati', 'ketemu', 'darksystem']","['bagus_grafik_mantap', 'grafik_mantap_tolong', 'mantap_tolong_perhati', 'perhati_ketemu_darksystem', 'tolong_perhati_ketemu']"
"['gebrak', 'putusin', 'ws', 'putusin', 'bagus', 'banget', 'force', 'close', 'tahan', 'loading', 'akhir', 'kena', 'sanksi', 'kocak']","['akhir_kena_sanksi', 'bagus_banget_force', 'banget_force_close', 'close_tahan_loading', 'force_close_tahan', 'gebrak_putusin_ws', 'kena_sanksi_kocak', 'loading_akhir_kena', 'putusin_bagus_banget', 'putusin_ws_putusin', 'tahan_loading_akhir', 'ws_putusin_bagus']"
['good'],[]
"['copy', 'paste', 'buruk']",['copy_paste_buruk']
"['nerf', 'daji']",[]
"['jujur', 'seru', 'banget', 'legends', 'umum', 'tetapi', 'beda', 'suka', 'bahkan', 'favorite', 'terimakasih', 'sudah', 'cipta', 'bagus']","['bahkan_favorite_terimakasih', 'banget_legends_umum', 'beda_suka_bahkan', 'favorite_terimakasih_sudah', 'jujur_seru_banget', 'legends_umum_tetapi', 'seru_banget_legends', 'sudah_cipta_bagus', 'suka_bahkan_favorite', 'terimakasih_sudah_cipta', 'tetapi_beda_suka', 'umum_tetapi_beda']"
['mending'],[]
"['seru', 'sudah', 'sampai', 'sultan']","['seru_sudah_sampai', 'sudah_sampai_sultan']"
"['m', 'tired', 've', 'tried', 'play', 'my', 'best', 'but', 'my', 'teammates', 'always', 'get', 'way', 'winning', 'have', 'suggestion', 'tightened', 'apart', 'from', 'average', 'win', 'rate', 'it', 'better', 'for', 'all', 'teams', 'be', 'equal', 'know', 'problem', 'not', 'with', 'players', 'but', 'with', 'wrong', 'roles', 'you', 'can', 'prevent', 'all', 'players', 'from', 'getting', 'their', 'favorite', 'roles', 'and', 'please', 'if', 'you', 'are', 'having', 'fun', 'playing', 'role', 'then', 'do', 'nt', 'suddenly', 'change', 'secondary', 'role']","['all_players_from', 'all_teams_be', 'always_get_way', 'and_please_if', 'apart_from_average', 'are_having_fun', 'average_win_rate', 'be_equal_know', 'best_but_my', 'better_for_all', 'but_my_teammates', 'but_with_wrong', 'can_prevent_all', 'change_secondary_role', 'do_nt_suddenly', 'equal_know_problem', 'favorite_roles_and', 'for_all_teams', 'from_average_win', 'from_getting_their', 'fun_playing_role', 'get_way_winning', 'getting_their_favorite', 'have_suggestion_tightened', 'having_fun_playing', 'if_you_are', 'it_better_for', 'know_problem_not', 'my_best_but', 'my_teammates_always', 'not_with_players', 'nt_suddenly_change', 'play_my_best', 'players_but_with', 'players_from_getting', 'playing_role_then', 'please_if_you', 'prevent_all_players', 'problem_not_with', 'rate_it_better', 'role_then_do', 'roles_and_please', 'roles_you_can', 'suddenly_change_secondary', 'suggestion_tightened_apart', 'teammates_always_get', 'teams_be_equal', 'their_favorite_roles', 'then_do_nt', 'tightened_apart_from', 'tired_ve_tried', 'tried_play_my', 've_tried_play', 'way_winning_have', 'win_rate_it', 'winning_have_suggestion', 'with_players_but', 'with_wrong_roles', 'wrong_roles_you', 'you_are_having', 'you_can_prevent']"
"['bantu', 'bantu']",[]
"['tambahin', 'd', 'luar', 'biar', 'bosen', 'nungguny']","['biar_bosen_nungguny', 'luar_biar_bosen', 'tambahin_luar_biar']"
['muach'],[]
"['suka', 'lag']",[]
"['semua', 'manipulatif']",[]
['jelek'],[]
"['dikirimin', 'feedback', 'bug', 'pict', 'gada', 'tanggepannya']","['bug_pict_gada', 'dikirimin_feedback_bug', 'feedback_bug_pict', 'pict_gada_tanggepannya']"
"['sinyal', 'tdk', 'jelas', 'apk', 'lain', 'normal', 'lancar', 'lag', 'lag', 'bingungkeselin', 'yaitu', 'perang', 'lag', 'parah', 'santai', 'lag', 'apakah', 'sengaja', 'kesel', 'tolong', 'baik', 'salah', 'lose', 'streak', 'pernah', 'win', 'satu', 'musuh', 'gampang', 'gampang', 'sinyal', 'selalu', 'merah', 'selalu', 'ledekin', 'rekan', 'gara', 'gara', 'beban', 'libur', 'minggu', 'lama', 'lama', 'hapus', 'ud', 'gguna']","['apakah_sengaja_kesel', 'apk_lain_normal', 'baik_salah_lose', 'beban_libur_minggu', 'bingungkeselin_yaitu_perang', 'gampang_gampang_sinyal', 'gampang_sinyal_selalu', 'gara_beban_libur', 'gara_gara_beban', 'hapus_ud_gguna', 'jelas_apk_lain', 'kesel_tolong_baik', 'lag_apakah_sengaja', 'lag_bingungkeselin_yaitu', 'lag_lag_bingungkeselin', 'lag_parah_santai', 'lain_normal_lancar', 'lama_hapus_ud', 'lama_lama_hapus', 'lancar_lag_lag', 'ledekin_rekan_gara', 'libur_minggu_lama', 'lose_streak_pernah', 'merah_selalu_ledekin', 'minggu_lama_lama', 'musuh_gampang_gampang', 'normal_lancar_lag', 'parah_santai_lag', 'perang_lag_parah', 'pernah_win_satu', 'rekan_gara_gara', 'salah_lose_streak', 'santai_lag_apakah', 'satu_musuh_gampang', 'selalu_ledekin_rekan', 'selalu_merah_selalu', 'sengaja_kesel_tolong', 'sinyal_selalu_merah', 'sinyal_tdk_jelas', 'streak_pernah_win', 'tdk_jelas_apk', 'tolong_baik_salah', 'win_satu_musuh', 'yaitu_perang_lag']"
"['bagus', 'mah', 'jelek', 'sampah', 'tolol', 'ih', 'najis', 'banget', 'kwwkwkkwk', 'sampah', 'sampah', 'dunia']","['bagus_mah_jelek', 'banget_kwwkwkkwk_sampah', 'ih_najis_banget', 'jelek_sampah_tolol', 'kwwkwkkwk_sampah_sampah', 'mah_jelek_sampah', 'najis_banget_kwwkwkkwk', 'sampah_sampah_dunia', 'sampah_tolol_ih', 'tolol_ih_najis']"
"['susah', 'naikin', 'lawan', 'lawan', 'pda', 'kuat', 'tlong', 'dev', 'mudah', 'naikin', 'rang', 'mohon', 'dev', 'tambah', 'koim']","['dev_mudah_naikin', 'dev_tambah_koim', 'kuat_tlong_dev', 'lawan_lawan_pda', 'lawan_pda_kuat', 'mohon_dev_tambah', 'mudah_naikin_rang', 'naikin_lawan_lawan', 'naikin_rang_mohon', 'pda_kuat_tlong', 'rang_mohon_dev', 'susah_naikin_lawan', 'tlong_dev_mudah']"
['nice'],[]
"['gimana', 'pasti', 'ingame', 'gada', 'internet', 'sinyal', 'wifi', 'penuh', 'bolak', 'balik', 'gitu', 'gimana', 'mood', 'uda', 'mainn', 'riliss', 'gitu']","['balik_gitu_gimana', 'bolak_balik_gitu', 'gada_internet_sinyal', 'gimana_mood_uda', 'gimana_pasti_ingame', 'gitu_gimana_mood', 'ingame_gada_internet', 'internet_sinyal_wifi', 'mainn_riliss_gitu', 'mood_uda_mainn', 'pasti_ingame_gada', 'penuh_bolak_balik', 'sinyal_wifi_penuh', 'uda_mainn_riliss', 'wifi_penuh_bolak']"
"['binatang', 'ph', 'ngambil', 'role', 'mm', 'dia', 'ambil', 'roam', 'kena', 'report', 'samsak', 'babi', 'rusak', 'sesuai', 'role', 'kena', 'report', 'babi']","['ambil_roam_kena', 'babi_rusak_sesuai', 'binatang_ph_ngambil', 'dia_ambil_roam', 'kena_report_babi', 'kena_report_samsak', 'mm_dia_ambil', 'ngambil_role_mm', 'ph_ngambil_role', 'report_samsak_babi', 'roam_kena_report', 'role_kena_report', 'role_mm_dia', 'rusak_sesuai_role', 'samsak_babi_rusak', 'sesuai_role_kena']"
[],[]
"['tolong', 'jangan', 'macet']",['tolong_jangan_macet']
['mantap'],[]
"['minimal', 'khusus', 'servernya', 'indonesia', 'bareng', 'server', 'luar', 'lag', 'walaupun', 'sudah', 'sinyal', 'wifi', 'live', 'tiktok', 'ganggu', 'banget']","['bareng_server_luar', 'indonesia_bareng_server', 'khusus_servernya_indonesia', 'lag_walaupun_sudah', 'live_tiktok_ganggu', 'luar_lag_walaupun', 'minimal_khusus_servernya', 'server_luar_lag', 'servernya_indonesia_bareng', 'sinyal_wifi_live', 'sudah_sinyal_wifi', 'tiktok_ganggu_banget', 'walaupun_sudah_sinyal', 'wifi_live_tiktok']"
"['gwa', 'uninstall', 'kendala', 'kagak', 'punya', 'skin', 'bagus', 'favorit', 'gwa', 'kong', 'ming', 'sek', 'mahal', 'semua', 'parah']","['bagus_favorit_gwa', 'favorit_gwa_kong', 'gwa_kong_ming', 'gwa_uninstall_kendala', 'kagak_punya_skin', 'kendala_kagak_punya', 'kong_ming_sek', 'mahal_semua_parah', 'ming_sek_mahal', 'punya_skin_bagus', 'sek_mahal_semua', 'skin_bagus_favorit', 'uninstall_kendala_kagak']"
"['makin', 'sedikit', 'kak', 'gitu', 'gajelas', 'lag', 'benci', 'copy', 'maaf']","['benci_copy_maaf', 'gajelas_lag_benci', 'gitu_gajelas_lag', 'kak_gitu_gajelas', 'lag_benci_copy', 'makin_sedikit_kak', 'sedikit_kak_gitu']"
['god'],[]
"['gameplaynya', 'jelek', 'beri', 'bot', 'kompak', 'gold', 'susah', 'teman', 'justru', 'beri', 'bot', 'semua', 'laku', 'feeding', 'pihak', 'kembang', 'busuk', 'sudah', 'disetting', 'demikian', 'rupa', 'pihak', 'kembang', 'utk', 'sulit', 'bagi', 'baru', 'maka', 'saran', 'gratis', 'ujung', 'wr', 'hancur', 'baru', 'naik', 'diamon']","['bagi_baru_maka', 'baru_maka_saran', 'baru_naik_diamon', 'beri_bot_kompak', 'beri_bot_semua', 'bot_kompak_gold', 'bot_semua_laku', 'busuk_sudah_disetting', 'demikian_rupa_pihak', 'disetting_demikian_rupa', 'feeding_pihak_kembang', 'gameplaynya_jelek_beri', 'gold_susah_teman', 'gratis_ujung_wr', 'hancur_baru_naik', 'jelek_beri_bot', 'justru_beri_bot', 'kembang_busuk_sudah', 'kembang_utk_sulit', 'kompak_gold_susah', 'laku_feeding_pihak', 'maka_saran_gratis', 'pihak_kembang_busuk', 'pihak_kembang_utk', 'rupa_pihak_kembang', 'saran_gratis_ujung', 'semua_laku_feeding', 'sudah_disetting_demikian', 'sulit_bagi_baru', 'susah_teman_justru', 'teman_justru_beri', 'ujung_wr_hancur', 'utk_sulit_bagi', 'wr_hancur_baru']"
"['matching', 'busuk', 'baru', 'naik', 'gm', 'musuh', 'epic', 'duo', 'bucin', 'beban', 'lower', 'kadang', 'platinum', 'masuk', 'musuh', 'isi', 'upper', 'party', 'musuh', 'upper', 'protes', 'dukung', 'sesuai', 'matching', 'gimana', 'nambah', 'bintang', 'matchingnya', 'gitu', 'cuma', 'naik', 'turun', 'master', 'gm', 'makin', 'lama', 'makin', 'gajelas', 'matching']","['baru_naik_gm', 'beban_lower_kadang', 'bintang_matchingnya_gitu', 'bucin_beban_lower', 'busuk_baru_naik', 'cuma_naik_turun', 'dukung_sesuai_matching', 'duo_bucin_beban', 'epic_duo_bucin', 'gimana_nambah_bintang', 'gitu_cuma_naik', 'gm_makin_lama', 'gm_musuh_epic', 'isi_upper_party', 'kadang_platinum_masuk', 'lama_makin_gajelas', 'lower_kadang_platinum', 'makin_gajelas_matching', 'makin_lama_makin', 'master_gm_makin', 'masuk_musuh_isi', 'matching_busuk_baru', 'matching_gimana_nambah', 'matchingnya_gitu_cuma', 'musuh_epic_duo', 'musuh_isi_upper', 'musuh_upper_protes', 'naik_gm_musuh', 'naik_turun_master', 'nambah_bintang_matchingnya', 'party_musuh_upper', 'platinum_masuk_musuh', 'protes_dukung_sesuai', 'sesuai_matching_gimana', 'turun_master_gm', 'upper_party_musuh', 'upper_protes_dukung']"
"['xxnnm', 'ko']",[]
"['matching', 'jelek', 'prilaku', 'langgar', 'tindak', 'sus', 'kurang', 'laku', 'troling']","['jelek_prilaku_langgar', 'kurang_laku_troling', 'langgar_tindak_sus', 'matching_jelek_prilaku', 'prilaku_langgar_tindak', 'sus_kurang_laku', 'tindak_sus_kurang']"
"['masuk', 'akal', 'kenapa', 'sesuai', 'tier', 'grandmaster', 'kena', 'lose', 'streak', 'sampai', 'master', 'ii', 'gara', 'gara', 'teman', 'se', 'tolol', 'minta', 'ampun', 'tier', 'grandmaster', 'teman', 'tier', 'platinum', 'maaf', 'uninstal']","['akal_kenapa_sesuai', 'ampun_tier_grandmaster', 'gara_gara_teman', 'gara_teman_se', 'grandmaster_kena_lose', 'grandmaster_teman_tier', 'ii_gara_gara', 'kena_lose_streak', 'kenapa_sesuai_tier', 'lose_streak_sampai', 'master_ii_gara', 'masuk_akal_kenapa', 'minta_ampun_tier', 'platinum_maaf_uninstal', 'sampai_master_ii', 'se_tolol_minta', 'sesuai_tier_grandmaster', 'streak_sampai_master', 'teman_se_tolol', 'teman_tier_platinum', 'tier_grandmaster_kena', 'tier_grandmaster_teman', 'tier_platinum_maaf', 'tolol_minta_ampun']"
['bagus'],[]
"['banyak', 'gelap', 'mending']",['banyak_gelap_mending']
"['semua', 'indah']",[]
"['best', 'papih']",[]
['nicee'],[]
['mantap'],[]
"['bagus', 'blum', 'ngerti', 'item']","['bagus_blum_ngerti', 'blum_ngerti_item']"
['bagus'],[]
"['there', 'no', 'winning', 'ranked', 'games', 'it', 'went', 'from', 'because', 'was', 'given', 'trash', 'with', 'good', 'skin', 'capital', 'while', 'bad', 'skill', 'but', 'enemy', 'was', 'given', 'solid', 'compact', 'that', 'understands', 'please', 'improve', 'first', 'so', 'it', 'will', 'be', 'more', 'exciting']","['bad_skill_but', 'be_more_exciting', 'because_was_given', 'but_enemy_was', 'capital_while_bad', 'compact_that_understands', 'enemy_was_given', 'first_so_it', 'from_because_was', 'games_it_went', 'given_solid_compact', 'given_trash_with', 'good_skin_capital', 'improve_first_so', 'it_went_from', 'it_will_be', 'no_winning_ranked', 'please_improve_first', 'ranked_games_it', 'skill_but_enemy', 'skin_capital_while', 'so_it_will', 'solid_compact_that', 'that_understands_please', 'there_no_winning', 'trash_with_good', 'understands_please_improve', 'was_given_solid', 'was_given_trash', 'went_from_because', 'while_bad_skill', 'will_be_more', 'winning_ranked_games', 'with_good_skin']"
['bintang'],[]
"['report', 'tolol', 'afk', 'tindak', 'tegas', 'curi', 'cur', 'kena', 'report', 'gegara', 'farming', 'direcokin', 'curi', 'feeding', 'report', 'feed', 'abis', 'tolol', 'suruh', 'report', 'digame', 'tolol', 'feed', 'kirim', 'mana', 'email', 'biar', 'kirim', 'screenshot', 'babik']","['abis_tolol_suruh', 'afk_tindak_tegas', 'biar_kirim_screenshot', 'cur_kena_report', 'curi_cur_kena', 'curi_feeding_report', 'digame_tolol_feed', 'direcokin_curi_feeding', 'email_biar_kirim', 'farming_direcokin_curi', 'feed_abis_tolol', 'feed_kirim_mana', 'feeding_report_feed', 'gegara_farming_direcokin', 'kena_report_gegara', 'kirim_mana_email', 'kirim_screenshot_babik', 'mana_email_biar', 'report_digame_tolol', 'report_feed_abis', 'report_gegara_farming', 'report_tolol_afk', 'suruh_report_digame', 'tegas_curi_cur', 'tindak_tegas_curi', 'tolol_afk_tindak', 'tolol_feed_kirim', 'tolol_suruh_report']"
"['ntap', 'btw', 'ram', 'mas', 'kaga', 'minimal']","['btw_ram_mas', 'mas_kaga_minimal', 'ntap_btw_ram', 'ram_mas_kaga']"
"['nyah', 'seru', 'banget', 'sayang', 'banget', 'nyah', 'anomali', 'semua', 'tba', 'tba', 'ms', 'sendiri', 'bodoh', 'nyah', 'ketulungan', 'musuh', 'mantan', 'paham', 'season', 'skrang', 'bbrpa', 'mentok', 'diamond', 'padhal', 'slalu', 'dpet', 'maap', 'uninstall', 'mnding', 'anomali', 'nyah', 'parah', 'dsini']","['anomali_nyah_parah', 'anomali_semua_tba', 'banget_nyah_anomali', 'banget_sayang_banget', 'bbrpa_mentok_diamond', 'bodoh_nyah_ketulungan', 'diamond_padhal_slalu', 'dpet_maap_uninstall', 'ketulungan_musuh_mantan', 'maap_uninstall_mnding', 'mantan_paham_season', 'mentok_diamond_padhal', 'mnding_anomali_nyah', 'ms_sendiri_bodoh', 'musuh_mantan_paham', 'nyah_anomali_semua', 'nyah_ketulungan_musuh', 'nyah_parah_dsini', 'nyah_seru_banget', 'padhal_slalu_dpet', 'paham_season_skrang', 'sayang_banget_nyah', 'season_skrang_bbrpa', 'semua_tba_tba', 'sendiri_bodoh_nyah', 'seru_banget_sayang', 'skrang_bbrpa_mentok', 'slalu_dpet_maap', 'tba_ms_sendiri', 'tba_tba_ms', 'uninstall_mnding_anomali']"
['seru'],[]
"['lebih', 'bagus', 'legends', 'legends', 'kalah', 'aneh', 'stres']","['bagus_legends_legends', 'kalah_aneh_stres', 'lebih_bagus_legends', 'legends_kalah_aneh', 'legends_legends_kalah']"
"['seru', 'banget']",[]
"['tolong', 'masukin', 'voice', 'jepang', 'ying', 'icon', 'anak', 'tiri']","['icon_anak_tiri', 'jepang_ying_icon', 'masukin_voice_jepang', 'tolong_masukin_voice', 'voice_jepang_ying', 'ying_icon_anak']"
"['qiana', 'almahyra']",[]
['baik'],[]
"['macthh', 'jelek', 'mulai', 'atur', 'hokk', 'dngan', 'yidak', 'adill']","['atur_hokk_dngan', 'dngan_yidak_adill', 'hokk_dngan_yidak', 'jelek_mulai_atur', 'macthh_jelek_mulai', 'mulai_atur_hokk']"
"['baru', 'coba', 'bagus', 'jika', 'bagus', 'beri', 'ulas', 'lain', 'bintang', 'rangin']","['bagus_beri_ulas', 'bagus_jika_bagus', 'baru_coba_bagus', 'beri_ulas_lain', 'coba_bagus_jika', 'jika_bagus_beri', 'lain_bintang_rangin', 'ulas_lain_bintang']"
"['skin', 'lny', 'kapan', 'resell']","['lny_kapan_resell', 'skin_lny_kapan']"
"['kenapa', 'semua', 'offline', 'mayene', 'offline', 'harap', 'update', 'dalam', 'offline']","['harap_update_dalam', 'kenapa_semua_offline', 'mayene_offline_harap', 'offline_harap_update', 'offline_mayene_offline', 'semua_offline_mayene', 'update_dalam_offline']"
"['lebih', 'seru']",[]
"['bintang', 'agak', 'sedikit', 'percaya', 'kalah', 'kurang', 'naik', 'nanti', 'benar', 'bintang']","['agak_sedikit_percaya', 'bintang_agak_sedikit', 'kalah_kurang_naik', 'kurang_naik_nanti', 'naik_nanti_benar', 'nanti_benar_bintang', 'percaya_kalah_kurang', 'sedikit_percaya_kalah']"
"['mantap', 'tarung', 'alam']",['mantap_tarung_alam']
"['imbang', 'sepi', 'sampai', 'balenc', 'gtu']","['imbang_sepi_sampai', 'sampai_balenc_gtu', 'sepi_sampai_balenc']"
['tiru'],[]
"['bagus', 'top', 'up', 'mahal', 'darksysytem', 'lebih', 'bagus', 'bagus']","['bagus_top_up', 'darksysytem_lebih_bagus', 'lebih_bagus_bagus', 'mahal_darksysytem_lebih', 'top_up_mahal', 'up_mahal_darksysytem']"
"['dasar', 'apalikasi', 'sampah', 'lag', 'emosi', 'enggak', 'patas', 'play', 'stor', 'dasar', 'apalikasi', 'sampah', 'hpus', 'play', 'stor', 'oiya', 'jangan', 'dj', 'dowlod', 'gais']","['apalikasi_sampah_hpus', 'apalikasi_sampah_lag', 'dasar_apalikasi_sampah', 'dj_dowlod_gais', 'emosi_enggak_patas', 'enggak_patas_play', 'hpus_play_stor', 'jangan_dj_dowlod', 'lag_emosi_enggak', 'oiya_jangan_dj', 'patas_play_stor', 'play_stor_dasar', 'play_stor_oiya', 'sampah_hpus_play', 'sampah_lag_emosi', 'stor_dasar_apalikasi', 'stor_oiya_jangan']"
"['gamesnya', 'seru', 'bangetdan', 'lebih', 'keren']","['bangetdan_lebih_keren', 'gamesnya_seru_bangetdan', 'seru_bangetdan_lebih']"
"['maksa', 'suka', 'niru']",['maksa_suka_niru']
"['puas', 'banyak', 'feed']",['puas_banyak_feed']
"['agak', 'kecewa', 'hadiah', 'vs', 'merchant', 'reward', 'sepenuh', 'gratiskarena', 'hadiah', 'sebut', 'kirim', 'negara', 'asal', 'nyata', 'bayar', 'pajak', 'bea', 'cukai', 'biaya', 'admin', 'besar', 'k', 'total']","['admin_besar_total', 'agak_kecewa_hadiah', 'asal_nyata_bayar', 'bayar_pajak_bea', 'bea_cukai_biaya', 'biaya_admin_besar', 'cukai_biaya_admin', 'gratiskarena_hadiah_sebut', 'hadiah_sebut_kirim', 'hadiah_vs_merchant', 'kecewa_hadiah_vs', 'kirim_negara_asal', 'merchant_reward_sepenuh', 'negara_asal_nyata', 'nyata_bayar_pajak', 'pajak_bea_cukai', 'reward_sepenuh_gratiskarena', 'sebut_kirim_negara', 'sepenuh_gratiskarena_hadiah', 'vs_merchant_reward']"
"['adil', 'musuh', 'bagus', 'sedang', 'buruk', 'cari', 'lawan', 'tak', 'adil', 'musuh', 'semua', 'sudah', 'pernah', 'lewat', 'grand', 'master', 'sedang', 'diamond', 'tak', 'adil', 'tak', 'urus', 'baik', 'mati']","['adil_musuh_bagus', 'adil_musuh_semua', 'adil_tak_urus', 'bagus_sedang_buruk', 'buruk_cari_lawan', 'cari_lawan_tak', 'diamond_tak_adil', 'grand_master_sedang', 'lawan_tak_adil', 'lewat_grand_master', 'master_sedang_diamond', 'musuh_bagus_sedang', 'musuh_semua_sudah', 'pernah_lewat_grand', 'sedang_buruk_cari', 'sedang_diamond_tak', 'semua_sudah_pernah', 'sudah_pernah_lewat', 'tak_adil_musuh', 'tak_adil_tak', 'tak_urus_baik', 'urus_baik_mati']"
"['bubar', 'gaje', 'isi', 'poke']","['bubar_gaje_isi', 'gaje_isi_poke']"
['oke'],[]
"['banget', 'update', 'habis', 'update', 'bosen']","['banget_update_habis', 'habis_update_bosen', 'update_habis_update']"
"['nyq', 'mangkin', 'jelek', 'mangkin', 'banyak', 'gelap', 'sitem']","['banyak_gelap_sitem', 'jelek_mangkin_banyak', 'mangkin_banyak_gelap', 'mangkin_jelek_mangkin', 'nyq_mangkin_jelek']"
['bagus'],[]
['bagus'],[]
"['seruu', 'lama', 'luang', 'lebih', 'seru', 'poko', 'sudah', 'nyesell']","['lama_luang_lebih', 'lebih_seru_poko', 'luang_lebih_seru', 'poko_sudah_nyesell', 'seru_poko_sudah', 'seruu_lama_luang']"
"['bagus', 'bangett']",[]
"['sudah', 'bagus', 'developer', 'sedikit', 'ringan']","['bagus_developer_sedikit', 'developer_sedikit_ringan', 'sudah_bagus_developer']"
"['bagus', 'kualitas', 'kuat', 'ram', 'gb']","['bagus_kualitas_kuat', 'kualitas_kuat_ram', 'kuat_ram_gb']"
"['cash', 'rewar', 'pernah', 'masuk', 'tarik', 'sampai', 'nunggu', 'blnpun', 'sekarang', 'bisaa', 'makanya', 'tambah', 'sepi', 'cht', 'admin', 'sana', 'bahan', 'sosial', 'media', 'cht', 'semua', 'responya', 'suruh', 'ngulang', 'teruss', 'padahalpostingnku', 'selalu', 'rame']","['admin_sana_bahan', 'bahan_sosial_media', 'bisaa_makanya_tambah', 'blnpun_sekarang_bisaa', 'cash_rewar_pernah', 'cht_admin_sana', 'cht_semua_responya', 'makanya_tambah_sepi', 'masuk_tarik_sampai', 'media_cht_semua', 'ngulang_teruss_padahalpostingnku', 'nunggu_blnpun_sekarang', 'padahalpostingnku_selalu_rame', 'pernah_masuk_tarik', 'responya_suruh_ngulang', 'rewar_pernah_masuk', 'sampai_nunggu_blnpun', 'sana_bahan_sosial', 'sekarang_bisaa_makanya', 'semua_responya_suruh', 'sepi_cht_admin', 'sosial_media_cht', 'suruh_ngulang_teruss', 'tambah_sepi_cht', 'tarik_sampai_nunggu', 'teruss_padahalpostingnku_selalu']"
"['lebih', 'bagus', 'ketimbang', 'hokmok']","['bagus_ketimbang_hokmok', 'lebih_bagus_ketimbang']"
['suka'],[]
['bgs'],[]
"['tambahin', 'spasi', 'nickname', 'susah', 'banget', 'mikirin', 'nickname', 'bagus', 'gabisa', 'spasi']","['bagus_gabisa_spasi', 'banget_mikirin_nickname', 'mikirin_nickname_bagus', 'nickname_bagus_gabisa', 'nickname_susah_banget', 'spasi_nickname_susah', 'susah_banget_mikirin', 'tambahin_spasi_nickname']"
"['capek', 'ma', 'darksistem']",['capek_ma_darksistem']
"['bagus', 'banget']",[]
"['anjingg', 'season', 'baru', 'kalah', 'sengaja', 'beri', 'kalah', 'matching', 'selalu', 'filipina', 'notabene', 'noob', 'mid', 'sengaja', 'beri', 'kalah', 'akun', 'upa', 'darah', 'boros', 'skill', 'tekan', 'beberapa', 'baru', 'aktif', 'sinyal', 'bagus', 'rekomendasi', 'sampah']","['aktif_sinyal_bagus', 'akun_upa_darah', 'anjingg_season_baru', 'bagus_rekomendasi_sampah', 'baru_aktif_sinyal', 'baru_kalah_sengaja', 'beberapa_baru_aktif', 'beri_kalah_akun', 'beri_kalah_matching', 'boros_skill_tekan', 'darah_boros_skill', 'filipina_notabene_noob', 'kalah_akun_upa', 'kalah_matching_selalu', 'kalah_sengaja_beri', 'matching_selalu_filipina', 'mid_sengaja_beri', 'noob_mid_sengaja', 'notabene_noob_mid', 'season_baru_kalah', 'selalu_filipina_notabene', 'sengaja_beri_kalah', 'sinyal_bagus_rekomendasi', 'skill_tekan_beberapa', 'tekan_beberapa_baru', 'upa_darah_boros']"
"['suka', 'kolaborasi', 'tung', 'tung', 'sahur', 'and', 'gank', 'harap', 'langsung', 'batal', 'kolaborasi', 'netral']","['and_gank_harap', 'batal_kolaborasi_netral', 'gank_harap_langsung', 'harap_langsung_batal', 'kolaborasi_tung_tung', 'langsung_batal_kolaborasi', 'sahur_and_gank', 'suka_kolaborasi_tung', 'tung_sahur_and', 'tung_tung_sahur']"
"['ayo', 'bagus', 'minta', 'skin', 'milik', 'guna', 'dalam', 'offline']","['ayo_bagus_minta', 'bagus_minta_skin', 'guna_dalam_offline', 'milik_guna_dalam', 'minta_skin_milik', 'skin_milik_guna']"
"['musuh', 'poke', 'semua']",['musuh_poke_semua']
['bagus'],[]
"['kenapa', 'hapus', 'foto', 'kena']","['hapus_foto_kena', 'kenapa_hapus_foto']"
"['bagus', 'developer', 'tolong', 'buatin', 'lite', 'biar', 'lancar', 'penuh', 'plss']","['bagus_developer_tolong', 'biar_lancar_penuh', 'buatin_lite_biar', 'developer_tolong_buatin', 'lancar_penuh_plss', 'lite_biar_lancar', 'tolong_buatin_lite']"
"['buruk', 'sesal', 'spend', 'uang', 'balench', 'bot', 'mending', 'tutup', 'sudah', 'urusin', 'tu', 'aov', 'epic', 'bot', 'ma', 'buruk', 'nobles', 'refun', 'vochernya', 'tambah', 'habis', 'update', 'bug', 'mana', 'mulai', 'sampek', 'tampil']","['aov_epic_bot', 'balench_bot_mending', 'bot_ma_buruk', 'bot_mending_tutup', 'bug_mana_mulai', 'buruk_nobles_refun', 'buruk_sesal_spend', 'epic_bot_ma', 'habis_update_bug', 'ma_buruk_nobles', 'mana_mulai_sampek', 'mending_tutup_sudah', 'mulai_sampek_tampil', 'nobles_refun_vochernya', 'refun_vochernya_tambah', 'sesal_spend_uang', 'spend_uang_balench', 'sudah_urusin_tu', 'tambah_habis_update', 'tu_aov_epic', 'tutup_sudah_urusin', 'uang_balench_bot', 'update_bug_mana', 'urusin_tu_aov', 'vochernya_tambah_habis']"
"['nomor', 'king', 'soon']",['nomor_king_soon']
"['ma', 'bagus', 'mantap', 'mainin', 'gravik', 'bagus', 'bintang']","['bagus_mantap_mainin', 'gravik_bagus_bintang', 'ma_bagus_mantap', 'mainin_gravik_bagus', 'mantap_mainin_gravik']"
"['bagus', 'suka']",[]
['seru'],[]
"['lebih', 'bagus']",[]
['niru'],[]
['bagus'],[]
"['gema', 'buruk', 'hampir', 'pecahin', 'sendiri', 'gara', 'gara', 'gema', 'an']","['buruk_hampir_pecahin', 'gara_gara_gema', 'gara_gema_an', 'gema_buruk_hampir', 'hampir_pecahin_sendiri', 'pecahin_sendiri_gara', 'sendiri_gara_gara']"
"['this', 'good', 'gitu', 'suka', 'adu', 'domba']","['gitu_suka_adu', 'good_gitu_suka', 'suka_adu_domba', 'this_good_gitu']"
"['wareg', 'bansos', 'minus', 'server', 'terlalu', 'berat', 'sehingga', 'bagi', 'beban', 'tanggung', 'lag', 'crash', 'pisah', 'server', 'china', 'global']","['bagi_beban_tanggung', 'bansos_minus_server', 'beban_tanggung_lag', 'berat_sehingga_bagi', 'crash_pisah_server', 'lag_crash_pisah', 'minus_server_terlalu', 'pisah_server_china', 'sehingga_bagi_beban', 'server_china_global', 'server_terlalu_berat', 'tanggung_lag_crash', 'terlalu_berat_sehingga', 'wareg_bansos_minus']"
['suka'],[]
"['hampir', 'mirip', 'lebih', 'banyak', 'mana', 'diomand', 'koin']","['banyak_mana_diomand', 'hampir_mirip_lebih', 'lebih_banyak_mana', 'mana_diomand_koin', 'mirip_lebih_banyak']"
"['mantap', 'jiwa', 'bos']",['mantap_jiwa_bos']
"['bagus', 'asik', 'bosenin', 'teman', 'luar', 'negri']","['asik_bosenin_teman', 'bagus_asik_bosenin', 'bosenin_teman_luar', 'teman_luar_negri']"
"['mobil', 'lenjes']",[]
['bagus'],[]
[],[]
"['it', 'sbb', 'nak', 'hukum', 'krn', 'kluar', 'app', 'sndiri']","['hukum_krn_kluar', 'it_sbb_nak', 'kluar_app_sndiri', 'krn_kluar_app', 'nak_hukum_krn', 'sbb_nak_hukum']"
"['semua', 'bagus', 'kecuali', 'suka', 'tibatiba', 'ngefreez', 'lama', 'detik', 'momen', 'crusial', 'mati', 'tolong', 'baik', 'masalah', 'fps', 'drop', 'masuk', 'akal']","['bagus_kecuali_suka', 'baik_masalah_fps', 'crusial_mati_tolong', 'detik_momen_crusial', 'drop_masuk_akal', 'fps_drop_masuk', 'kecuali_suka_tibatiba', 'lama_detik_momen', 'masalah_fps_drop', 'mati_tolong_baik', 'momen_crusial_mati', 'ngefreez_lama_detik', 'semua_bagus_kecuali', 'suka_tibatiba_ngefreez', 'tibatiba_ngefreez_lama', 'tolong_baik_masalah']"
"['sru', 'banget']",[]
['ciplak'],[]
"['bagus', 'seru']",[]
"['masalah', 'wifi', 'tambah', 'seluler', 'ajar', 'sana', 'kau', 'hina', 'hina', 'masalah']","['ajar_sana_kau', 'hina_hina_masalah', 'kau_hina_hina', 'masalah_wifi_tambah', 'sana_kau_hina', 'seluler_ajar_sana', 'tambah_seluler_ajar', 'wifi_tambah_seluler']"
"['mohon', 'kecil', 'versi', 'lite', 'ponsel', 'lebih', 'rendah', 'lebih', 'lancar']","['kecil_versi_lite', 'lebih_rendah_lebih', 'lite_ponsel_lebih', 'mohon_kecil_versi', 'ponsel_lebih_rendah', 'rendah_lebih_lancar', 'versi_lite_ponsel']"
"['adil', 'terlalu', 'frustasi', 'jamin', 'menang', 'skin', 'gratis', 'bundle', 'murah', 'banget']","['adil_terlalu_frustasi', 'bundle_murah_banget', 'frustasi_jamin_menang', 'gratis_bundle_murah', 'jamin_menang_skin', 'menang_skin_gratis', 'skin_gratis_bundle', 'terlalu_frustasi_jamin']"
"['games', 'bagus', 'tampil', 'bagus', 'banyak', 'toxic', 'gelap']","['bagus_banyak_toxic', 'bagus_tampil_bagus', 'banyak_toxic_gelap', 'games_bagus_tampil', 'tampil_bagus_banyak']"
['senang'],[]
"['bagus', 'suka', 'banget', 'model', 'skinnya', 'tutorial', 'bantu']","['bagus_suka_banget', 'banget_model_skinnya', 'model_skinnya_tutorial', 'skinnya_tutorial_bantu', 'suka_banget_model']"
"['kemarin', 'master', 'l', 'diupdate', 'turun', 'diamond', 'v', 'parah', 'eror', 'banget']","['diamond_parah_eror', 'diupdate_turun_diamond', 'kemarin_master_diupdate', 'master_diupdate_turun', 'parah_eror_banget', 'turun_diamond_parah']"
"['so', 'fun']",[]
"['bagus', 'banget', 'tingkat', 'moga', 'moda', 'ofline']","['bagus_banget_tingkat', 'banget_tingkat_moga', 'moga_moda_ofline', 'tingkat_moga_moda']"
"['adil', 'gausa', 'bales']",['adil_gausa_bales']
['seru'],[]
"['kebut', 'siupdatenya', 'biar', 'server', 'china']","['biar_server_china', 'kebut_siupdatenya_biar', 'siupdatenya_biar_server']"
['good'],[]
"['tolong', 'tambah', 'makin', 'seru']","['tambah_makin_seru', 'tolong_tambah_makin']"
"['bagus', 'grafik', 'gta', 'salah', 'mungkin']","['bagus_grafik_gta', 'grafik_gta_salah', 'gta_salah_mungkin']"
"['bagus', 'minimal', 'milik', 'alam', 'buruk', 'yaitu', 'musuh', 'padan', 'lagcrash', 'pasuk', 'tanding', 'akhir', 'tanding', 'dar', 'saran', 'minimal', 'tolong', 'versi', 'kentang', 'minimal', 'pasuk', 'ui', 'sinyal', 'asa', 'lag', 'buka', 'apk', 'lain', 'youtube', 'lancar', 'moga', 'saran', 'dengar', 'good', 'job', 'selalu']","['akhir_tanding_dar', 'alam_buruk_yaitu', 'apk_lain_youtube', 'asa_lag_buka', 'bagus_minimal_milik', 'buka_apk_lain', 'buruk_yaitu_musuh', 'dar_saran_minimal', 'dengar_good_job', 'good_job_selalu', 'kentang_minimal_pasuk', 'lag_buka_apk', 'lagcrash_pasuk_tanding', 'lain_youtube_lancar', 'lancar_moga_saran', 'milik_alam_buruk', 'minimal_milik_alam', 'minimal_pasuk_ui', 'minimal_tolong_versi', 'moga_saran_dengar', 'musuh_padan_lagcrash', 'padan_lagcrash_pasuk', 'pasuk_tanding_akhir', 'pasuk_ui_sinyal', 'saran_dengar_good', 'saran_minimal_tolong', 'sinyal_asa_lag', 'tanding_akhir_tanding', 'tanding_dar_saran', 'tolong_versi_kentang', 'ui_sinyal_asa', 'versi_kentang_minimal', 'yaitu_musuh_padan', 'youtube_lancar_moga']"
"['sekarang', 'mayan', 'bagus', 'matchnya', 'masalah', 'contoh', 'ketidakseimbangan', 'noob', 'musuh', 'pro', 'semua', 'walau', 'rusak', 'sejak', 'masuk', 'indonesia', 'server', 'lain', 'imbang']","['bagus_matchnya_masalah', 'contoh_ketidakseimbangan_noob', 'indonesia_server_lain', 'ketidakseimbangan_noob_musuh', 'masalah_contoh_ketidakseimbangan', 'masuk_indonesia_server', 'matchnya_masalah_contoh', 'mayan_bagus_matchnya', 'musuh_pro_semua', 'noob_musuh_pro', 'pro_semua_walau', 'rusak_sejak_masuk', 'sejak_masuk_indonesia', 'sekarang_mayan_bagus', 'semua_walau_rusak', 'server_lain_imbang', 'walau_rusak_sejak']"
"['susah', 'selalu', 'ditroll', 'hukum', 'sesuai', 'sampah']","['ditroll_hukum_sesuai', 'hukum_sesuai_sampah', 'selalu_ditroll_hukum', 'susah_selalu_ditroll']"
"['suka', 'menyerurakan', 'suka', 'jelas', 'bagus', 'yaitu', 'kalah', 'bitang', 'turun', 'naek', 'aneh', 'mending', 'hapus']","['aneh_mending_hapus', 'bagus_yaitu_kalah', 'bitang_turun_naek', 'jelas_bagus_yaitu', 'kalah_bitang_turun', 'menyerurakan_suka_jelas', 'naek_aneh_mending', 'suka_jelas_bagus', 'suka_menyerurakan_suka', 'turun_naek_aneh', 'yaitu_kalah_bitang']"
"['tambah', 'keren', 'gamesugoi']",['tambah_keren_gamesugoi']
"['play', 'seru', 'banyak', 'bot', 'event', 'scam', 'push', 'lose', 'streak', 'gm', 'master', 'll', 'push', 'pagi', 'sampai', 'nyesel', 'report', 'aneh', 'dia', 'support', 'mm', 'alhasil', 'kalah', 'report', 'kena', 'hukum', 'kocak', 'benar', 'jangan', 'buang']","['alhasil_kalah_report', 'aneh_dia_support', 'banyak_bot_event', 'benar_jangan_buang', 'bot_event_scam', 'dia_support_mm', 'event_scam_push', 'gm_master_ll', 'hukum_kocak_benar', 'kalah_report_kena', 'kena_hukum_kocak', 'kocak_benar_jangan', 'll_push_pagi', 'lose_streak_gm', 'master_ll_push', 'mm_alhasil_kalah', 'nyesel_report_aneh', 'pagi_sampai_nyesel', 'play_seru_banyak', 'push_lose_streak', 'push_pagi_sampai', 'report_aneh_dia', 'report_kena_hukum', 'sampai_nyesel_report', 'scam_push_lose', 'seru_banyak_bot', 'streak_gm_master', 'support_mm_alhasil']"
"['lucu', 'seru']",[]
"['sampah', 'gera', 'kaku', 'mustahil', 'menang', 'silver', 'mvp', 'kalah', 'mending', 'uninstall', 'sudah']","['gera_kaku_mustahil', 'kaku_mustahil_menang', 'kalah_mending_uninstall', 'menang_silver_mvp', 'mending_uninstall_sudah', 'mustahil_menang_silver', 'mvp_kalah_mending', 'sampah_gera_kaku', 'silver_mvp_kalah']"
"['baik', 'mention', 'moment', 'gapernah', 'bangke']","['baik_mention_moment', 'mention_moment_gapernah', 'moment_gapernah_bangke']"
"['idioott', 'cem', 'taekk', 'idiot', 'banget', 'lawan', 'jago', 'jago', 'sampah']","['banget_lawan_jago', 'cem_taekk_idiot', 'idioott_cem_taekk', 'idiot_banget_lawan', 'jago_jago_sampah', 'lawan_jago_jago', 'taekk_idiot_banget']"
"['no', 'komen', 'bintang', 'poko']","['komen_bintang_poko', 'no_komen_bintang']"
"['tolong', 'baik', 'masa', 'ketemu', 'jelas', 'mungkin', 'death', 'jika', 'begini', 'bahkan', 'lebih', 'parah']","['bahkan_lebih_parah', 'baik_masa_ketemu', 'begini_bahkan_lebih', 'death_jika_begini', 'jelas_mungkin_death', 'jika_begini_bahkan', 'ketemu_jelas_mungkin', 'masa_ketemu_jelas', 'mungkin_death_jika', 'tolong_baik_masa']"
"['tolong', 'henti', 'rubah', 'sperti', 'prince', 'lanling', 'gao', 'changgong', 'princess', 'forst', 'wang', 'zaojung', 'chines', 'sulit', 'hafal']","['changgong_princess_forst', 'chines_sulit_hafal', 'forst_wang_zaojung', 'gao_changgong_princess', 'henti_rubah_sperti', 'lanling_gao_changgong', 'prince_lanling_gao', 'princess_forst_wang', 'rubah_sperti_prince', 'sperti_prince_lanling', 'tolong_henti_rubah', 'wang_zaojung_chines', 'zaojung_chines_sulit']"
"['asli', 'tagih', 'cuma', 'lama', 'lama', 'size', 'bengkak', 'segi', 'grafik', 'skin', 'paling', 'favorit', 'mantap', 'nyesel', 'skin', 'suka', 'banget', 'story', 'heroheronya', 'selain', 'cakep', 'mudah', 'ajar', 'minus', 'cuma', 'ketemu', 'server', 'luar', 'lag', 'parah', 'banget', 'baik', 'kembang']","['ajar_minus_cuma', 'asli_tagih_cuma', 'banget_baik_kembang', 'banget_story_heroheronya', 'bengkak_segi_grafik', 'cakep_mudah_ajar', 'cuma_ketemu_server', 'cuma_lama_lama', 'favorit_mantap_nyesel', 'grafik_skin_paling', 'heroheronya_selain_cakep', 'ketemu_server_luar', 'lag_parah_banget', 'lama_lama_size', 'lama_size_bengkak', 'luar_lag_parah', 'mantap_nyesel_skin', 'minus_cuma_ketemu', 'mudah_ajar_minus', 'nyesel_skin_suka', 'paling_favorit_mantap', 'parah_banget_baik', 'segi_grafik_skin', 'selain_cakep_mudah', 'server_luar_lag', 'size_bengkak_segi', 'skin_paling_favorit', 'skin_suka_banget', 'story_heroheronya_selain', 'suka_banget_story', 'tagih_cuma_lama']"
"['tolong', 'bug', 'keluar', 'sendiri', 'baik', 'fps', 'kadang', 'buruk', 'fps', 'fps', 'keluar', 'sendiri', 'update', 'sekarang', 'terlalu', 'berat', 'midrange', 'suka', 'forclose', 'satu', 'aplikasi', 'lain', 'tutup']","['aplikasi_lain_tutup', 'baik_fps_kadang', 'berat_midrange_suka', 'bug_keluar_sendiri', 'buruk_fps_fps', 'forclose_satu_aplikasi', 'fps_fps_keluar', 'fps_kadang_buruk', 'fps_keluar_sendiri', 'kadang_buruk_fps', 'keluar_sendiri_baik', 'keluar_sendiri_update', 'midrange_suka_forclose', 'satu_aplikasi_lain', 'sekarang_terlalu_berat', 'sendiri_baik_fps', 'sendiri_update_sekarang', 'suka_forclose_satu', 'terlalu_berat_midrange', 'tolong_bug_keluar', 'update_sekarang_terlalu']"
['taek'],[]
"['bagus', 'bett', 'nyaa']",['bagus_bett_nyaa']
"['kecewa', 'bug', 'profile', 'sampai', 'sekarang', 'nga', 'rusak', 'upload', 'foto', 'profil', 'galeri', 'susah', 'nga', 'rusak', 'bug', 'gitu']","['bug_profile_sampai', 'foto_profil_galeri', 'galeri_susah_nga', 'kecewa_bug_profile', 'nga_rusak_bug', 'nga_rusak_upload', 'profil_galeri_susah', 'profile_sampai_sekarang', 'rusak_bug_gitu', 'rusak_upload_foto', 'sampai_sekarang_nga', 'sekarang_nga_rusak', 'susah_nga_rusak', 'upload_foto_profil']"
"['bagus', 'bantu', 'kenal', 'lain']","['bagus_bantu_kenal', 'bantu_kenal_lain']"
"['asik', 'hibur']",[]
"['bagus', 'bagus', 'letak', 'karakter', 'mirip', 'mohon', 'king', 'agak', 'rubah', 'beda', 'bukan', 'singgung', 'beri', 'saran', 'mohon', 'maaf', 'besar', 'besanya', 'komentar', 'singgung', 'sindir', 'pem', 'king', 'mohon', 'maaf', 'maaf', 'maaf', 'maaf', 'besar', 'besar', 'maaf', 'maaf', 'maaf', 'maaf', 'maaf', 'maaf', 'maaf', 'maaf']","['agak_rubah_beda', 'bagus_bagus_letak', 'bagus_letak_karakter', 'beda_bukan_singgung', 'beri_saran_mohon', 'besanya_komentar_singgung', 'besar_besanya_komentar', 'besar_besar_maaf', 'besar_maaf_maaf', 'bukan_singgung_beri', 'karakter_mirip_mohon', 'king_agak_rubah', 'king_mohon_maaf', 'komentar_singgung_sindir', 'letak_karakter_mirip', 'maaf_besar_besanya', 'maaf_besar_besar', 'maaf_maaf_besar', 'maaf_maaf_maaf', 'mirip_mohon_king', 'mohon_king_agak', 'mohon_maaf_besar', 'mohon_maaf_maaf', 'pem_king_mohon', 'rubah_beda_bukan', 'saran_mohon_maaf', 'sindir_pem_king', 'singgung_beri_saran', 'singgung_sindir_pem']"
"['suka', 'bagus', 'bagus']",['suka_bagus_bagus']
['good'],[]
"['mantap', 'jiwa', 'mempeson', 'suka', 'seru', 'banget']","['jiwa_mempeson_suka', 'mantap_jiwa_mempeson', 'mempeson_suka_seru', 'suka_seru_banget']"
"['skarang', 'ngelaig', 'karuan', 'lodibg', 'lelet']","['karuan_lodibg_lelet', 'ngelaig_karuan_lodibg', 'skarang_ngelaig_karuan']"
"['sy', 'bagus', 'mana', 'offline', 'behh', 'menyalaa']","['bagus_mana_offline', 'mana_offline_behh', 'offline_behh_menyalaa', 'sy_bagus_mana']"
"['good', 'banyak', 'gratis', 'skin']","['banyak_gratis_skin', 'good_banyak_gratis']"
"['seru', 'banget', 'mainin']",['seru_banget_mainin']
"['betul', 'cukup', 'suka', 'tetapi', 'matching', 'jelek', 'terlalu', 'barufeeding', 'sedang', 'musuh', 'sudah', 'ratus', 'makin', 'buruk', 'hukum', 'kurang', 'berat', 'report', 'ubah', 'otomatis', 'meski', 'tambah', 'report', 'dua', 'tetapi', 'gagal', 'kena', 'hukum', 'entah', 'feeding', 'curi', 'sesuai', 'rolenya', 'isi', 'mid', 'tetapi', 'ambil', 'jungle', 'tanpa', 'jaga', 'mid']","['ambil_jungle_tanpa', 'barufeeding_sedang_musuh', 'berat_report_ubah', 'betul_cukup_suka', 'buruk_hukum_kurang', 'cukup_suka_tetapi', 'curi_sesuai_rolenya', 'dua_tetapi_gagal', 'entah_feeding_curi', 'feeding_curi_sesuai', 'gagal_kena_hukum', 'hukum_entah_feeding', 'hukum_kurang_berat', 'isi_mid_tetapi', 'jelek_terlalu_barufeeding', 'jungle_tanpa_jaga', 'kena_hukum_entah', 'kurang_berat_report', 'makin_buruk_hukum', 'matching_jelek_terlalu', 'meski_tambah_report', 'mid_tetapi_ambil', 'musuh_sudah_ratus', 'otomatis_meski_tambah', 'ratus_makin_buruk', 'report_dua_tetapi', 'report_ubah_otomatis', 'rolenya_isi_mid', 'sedang_musuh_sudah', 'sesuai_rolenya_isi', 'sudah_ratus_makin', 'suka_tetapi_matching', 'tambah_report_dua', 'tanpa_jaga_mid', 'terlalu_barufeeding_sedang', 'tetapi_ambil_jungle', 'tetapi_gagal_kena', 'tetapi_matching_jelek', 'ubah_otomatis_meski']"
[],[]
"['kelamin', 'wanita', 'jujur', 'kecewa', 'berat', 'cocok', 'lawan', 'kawan', 'berat', 'kelamin', 'priakalau', 'beri', 'benar', 'kelamin', 'pria', 'apakah', 'terlalu', 'sepi', 'lalu', 'teman', 'asli', 'ganti', 'ai', 'aneh', 'percuma', 'gait', 'banyak', 'event', 'kyk', 'kelamin', 'pria', 'cocok', 'sampah', 'biasa', 'tolong', 'lh', 'belum', 'sudah', 'sudah', 'cukup', 'sabar', 'cukup', 'sudah']","['ai_aneh_percuma', 'aneh_percuma_gait', 'apakah_terlalu_sepi', 'asli_ganti_ai', 'banyak_event_kyk', 'belum_sudah_sudah', 'benar_kelamin_pria', 'berat_cocok_lawan', 'berat_kelamin_priakalau', 'beri_benar_kelamin', 'biasa_tolong_lh', 'cocok_lawan_kawan', 'cocok_sampah_biasa', 'cukup_sabar_cukup', 'event_kyk_kelamin', 'gait_banyak_event', 'ganti_ai_aneh', 'jujur_kecewa_berat', 'kawan_berat_kelamin', 'kecewa_berat_cocok', 'kelamin_pria_apakah', 'kelamin_pria_cocok', 'kelamin_priakalau_beri', 'kelamin_wanita_jujur', 'kyk_kelamin_pria', 'lalu_teman_asli', 'lawan_kawan_berat', 'lh_belum_sudah', 'percuma_gait_banyak', 'pria_apakah_terlalu', 'pria_cocok_sampah', 'priakalau_beri_benar', 'sabar_cukup_sudah', 'sampah_biasa_tolong', 'sepi_lalu_teman', 'sudah_cukup_sabar', 'sudah_sudah_cukup', 'teman_asli_ganti', 'terlalu_sepi_lalu', 'tolong_lh_belum', 'wanita_jujur_kecewa']"
"['menganggu', 'banget', 'iklan']",['menganggu_banget_iklan']
"['dalam', 'ping', 'bagus', 'lag', 'paksa', 'uninstal']","['bagus_lag_paksa', 'dalam_ping_bagus', 'lag_paksa_uninstal', 'ping_bagus_lag']"
"['bagus', 'sihh', 'hape', 'jadul', 'lag', 'gitu', 'lho', 'maap', 'yaa']","['bagus_sihh_hape', 'gitu_lho_maap', 'hape_jadul_lag', 'jadul_lag_gitu', 'lag_gitu_lho', 'lho_maap_yaa', 'sihh_hape_jadul']"
['oke'],[]
"['semua', 'punya', 'buruk', 'mending', 'balik', 'emel', 'sana', 'gg', 'mas', 'menang', 'gg', 'binatang', 'menang', 'alias', 'ramah', 'based', 'cocok', 'indo', 'sedikit', 'alias', 'sepi', 'mending', 'emel', 'meski', 'kalah', 'grafik', 'tetap', 'happy', 'grafik', 'bagus', 'banyak', 'skin', 'gratis', 'playernya', 'stres', 'binatang', 'lebih']","['alias_ramah_based', 'alias_sepi_mending', 'bagus_banyak_skin', 'balik_emel_sana', 'banyak_skin_gratis', 'based_cocok_indo', 'binatang_menang_alias', 'buruk_mending_balik', 'cocok_indo_sedikit', 'emel_meski_kalah', 'emel_sana_gg', 'gg_binatang_menang', 'gg_mas_menang', 'grafik_bagus_banyak', 'grafik_tetap_happy', 'gratis_playernya_stres', 'happy_grafik_bagus', 'indo_sedikit_alias', 'kalah_grafik_tetap', 'mas_menang_gg', 'menang_alias_ramah', 'menang_gg_binatang', 'mending_balik_emel', 'mending_emel_meski', 'meski_kalah_grafik', 'playernya_stres_binatang', 'punya_buruk_mending', 'ramah_based_cocok', 'sana_gg_mas', 'sedikit_alias_sepi', 'semua_punya_buruk', 'sepi_mending_emel', 'skin_gratis_playernya', 'stres_binatang_lebih', 'tetap_happy_grafik']"
"['android', 'sudah', 'kuat', 'banyak', 'bug', 'paksa', 'hapus', 'bengkak', 'ruang']","['android_sudah_kuat', 'banyak_bug_paksa', 'bug_paksa_hapus', 'hapus_bengkak_ruang', 'kuat_banyak_bug', 'paksa_hapus_bengkak', 'sudah_kuat_banyak']"
['baik'],[]
"['bagus', 'karakter', 'gratis']",['bagus_karakter_gratis']
"['ngiklan', 'tempat', 'sepi']",['ngiklan_tempat_sepi']
"['sanga', 'bagus']",[]
"['verry', 'good']",[]
"['dear', 'timi', 'kenapa', 'poin', 'tambah', 'kurang', 'sudah', 'riset']","['dear_timi_kenapa', 'kenapa_poin_tambah', 'kurang_sudah_riset', 'poin_tambah_kurang', 'tambah_kurang_sudah', 'timi_kenapa_poin']"
"['nggk', 'jelas', 'report', 'nggk', 'deteksi', 'dia', 'masalah', 'jelas', 'nggk', 'kontribusi', 'gitu', 'ngerasa', 'karakter', 'lemah', 'banget', 'item', 'adu', 'damage', 'tetap', 'kalah', 'item', 'tetap', 'damage', 'tipis', 'item', 'sesuai', 'kondisi', 'lawan', 'enak', 'critical', 'nggk', 'enak', 'kalah', 'kritikal', 'nggk', 'keluar', 'asa', 'nggk', 'jelas']","['adu_damage_tetap', 'asa_nggk_jelas', 'banget_item_adu', 'critical_nggk_enak', 'damage_tetap_kalah', 'damage_tipis_item', 'deteksi_dia_masalah', 'dia_masalah_jelas', 'enak_critical_nggk', 'enak_kalah_kritikal', 'gitu_ngerasa_karakter', 'item_adu_damage', 'item_sesuai_kondisi', 'item_tetap_damage', 'jelas_nggk_kontribusi', 'jelas_report_nggk', 'kalah_item_tetap', 'kalah_kritikal_nggk', 'karakter_lemah_banget', 'keluar_asa_nggk', 'kondisi_lawan_enak', 'kontribusi_gitu_ngerasa', 'kritikal_nggk_keluar', 'lawan_enak_critical', 'lemah_banget_item', 'masalah_jelas_nggk', 'ngerasa_karakter_lemah', 'nggk_deteksi_dia', 'nggk_enak_kalah', 'nggk_jelas_report', 'nggk_keluar_asa', 'nggk_kontribusi_gitu', 'report_nggk_deteksi', 'sesuai_kondisi_lawan', 'tetap_damage_tipis', 'tetap_kalah_item', 'tipis_item_sesuai']"
"['beratt', 'banget']",[]
"['overall', 'bagus', 'kendala', 'sinyal', 'masalah', 'hitung']","['bagus_kendala_sinyal', 'kendala_sinyal_masalah', 'overall_bagus_kendala', 'sinyal_masalah_hitung']"
"['bagus', 'banget', 'pernah', 'coba']","['bagus_banget_pernah', 'banget_pernah_coba']"
"['terlalu', 'dermawan']",[]
"['selalu', 'lawan', 'jago', 'adil']","['lawan_jago_adil', 'selalu_lawan_jago']"
"['makin', 'report', 'makin', 'sampah']","['makin_report_makin', 'report_makin_sampah']"
"['done', 'minimal', 'sudah']",['done_minimal_sudah']
"['bagus', 'suka', 'meyene']",['bagus_suka_meyene']
"['tuntut', 'biar', 'lenyap']",['tuntut_biar_lenyap']
"['banyak', 'bug', 'contoh', 'bug', 'suruh', 'unduh', 'baik', 'bug', 'developer']","['baik_bug_developer', 'banyak_bug_contoh', 'bug_contoh_bug', 'bug_suruh_unduh', 'contoh_bug_suruh', 'suruh_unduh_baik', 'unduh_baik_bug']"
"['klw', 'beri', 'jgn', 'bot', 'gaadil', 'gitu', 'musuh', 'proplayer', 'tom', 'bot']","['beri_jgn_bot', 'bot_gaadil_gitu', 'gaadil_gitu_musuh', 'gitu_musuh_proplayer', 'jgn_bot_gaadil', 'klw_beri_jgn', 'musuh_proplayer_tom', 'proplayer_tom_bot']"
"['aneh', 'akun', 'facebook', 'gerak', 'nunggu', 'lama', 'tetap', 'masuk', 'harap', 'baik', 'masalah']","['akun_facebook_gerak', 'aneh_akun_facebook', 'facebook_gerak_nunggu', 'gerak_nunggu_lama', 'harap_baik_masalah', 'lama_tetap_masuk', 'masuk_harap_baik', 'nunggu_lama_tetap', 'tetap_masuk_harap']"
"['bagus', 'l']",[]
"['bagus', 'seru', 'cantik', 'ganteng', 'mabar', 'teman', 'pasti', 'seru', 'yuk', 'coba']","['bagus_seru_cantik', 'cantik_ganteng_mabar', 'ganteng_mabar_teman', 'mabar_teman_pasti', 'pasti_seru_yuk', 'seru_cantik_ganteng', 'seru_yuk_coba', 'teman_pasti_seru']"
"['bagus', 'kurang', 'cuma', 'updatenya', 'biar', 'skin', 'baru', 'meski', 'baru']","['bagus_kurang_cuma', 'baru_meski_baru', 'biar_skin_baru', 'cuma_updatenya_biar', 'kurang_cuma_updatenya', 'skin_baru_meski', 'updatenya_biar_skin']"
"['andai', 'size', 'gb', 'pasti', 'v']","['andai_size_gb', 'size_gb_pasti']"
"['bahkan', 'pacar', 'china', 'suka', 'suka', 'seru']","['bahkan_pacar_china', 'china_suka_suka', 'pacar_china_suka', 'suka_suka_seru']"
"['pintar', 'roamer', 'tank', 'buta']","['pintar_roamer_tank', 'roamer_tank_buta']"
"['teman', 'jelek', 'kalah', 'rating', 'ngurang', 'bintang']","['jelek_kalah_rating', 'kalah_rating_ngurang', 'rating_ngurang_bintang', 'teman_jelek_kalah']"
"['seru', 'pernah', 'beberapa', 'pilih', 'tunjuk', 'biasa', 'masuk', 'bug', 'masuk', 'meski', 'sudah', 'tunggu', 'lama', 'tolong', 'baik', 'bug']","['beberapa_pilih_tunjuk', 'biasa_masuk_bug', 'bug_masuk_meski', 'lama_tolong_baik', 'masuk_bug_masuk', 'masuk_meski_sudah', 'meski_sudah_tunggu', 'pernah_beberapa_pilih', 'pilih_tunjuk_biasa', 'seru_pernah_beberapa', 'sudah_tunggu_lama', 'tolong_baik_bug', 'tunggu_lama_tolong', 'tunjuk_biasa_masuk']"
"['best', 'games', 'but', 'please', 'make', 'matchup', 'same', 'as', 'our', 'level', 'adapt', 'whole', 'situation', 'overall', 'best', 'and', 'enjoyable']","['adapt_whole_situation', 'as_our_level', 'best_and_enjoyable', 'best_games_but', 'but_please_make', 'games_but_please', 'level_adapt_whole', 'make_matchup_same', 'matchup_same_as', 'our_level_adapt', 'overall_best_and', 'please_make_matchup', 'same_as_our', 'situation_overall_best', 'whole_situation_overall']"
"['harap', 'jangan', 'muncul', 'iklan', 'aplikasi', 'menggangu']","['harap_jangan_muncul', 'iklan_aplikasi_menggangu', 'jangan_muncul_iklan', 'muncul_iklan_aplikasi']"
"['jelekk', 'buruk']",[]
"['engak', 'adil', 'musuh', 'terlalu', 'kuat', 'jangan', 'terlalu', 'kompetitif', 'jangan', 'tiru', 'terlalu', 'sulit']","['adil_musuh_terlalu', 'engak_adil_musuh', 'jangan_terlalu_kompetitif', 'jangan_tiru_terlalu', 'kompetitif_jangan_tiru', 'kuat_jangan_terlalu', 'musuh_terlalu_kuat', 'terlalu_kompetitif_jangan', 'terlalu_kuat_jangan', 'tiru_terlalu_sulit']"
['bagus'],[]
"['terlalu', 'banyak', 'makan', 'memory', 'tolong', 'baik']","['banyak_makan_memory', 'makan_memory_tolong', 'memory_tolong_baik', 'terlalu_banyak_makan']"
"['enak', 'lagend']",[]
"['seru', 'banget']",[]
"['sempurna', 'satu', 'males', 'ivent', 'terlalu', 'sulit', 'diam', 'ngerti', 'belum', 'liris', 'playstor', 'ivent', 'mudah', 'lama', 'lama', 'susah']","['belum_liris_playstor', 'diam_ngerti_belum', 'ivent_mudah_lama', 'ivent_terlalu_sulit', 'lama_lama_susah', 'liris_playstor_ivent', 'males_ivent_terlalu', 'mudah_lama_lama', 'ngerti_belum_liris', 'playstor_ivent_mudah', 'satu_males_ivent', 'sempurna_satu_males', 'sulit_diam_ngerti', 'terlalu_sulit_diam']"
"['bug', 'event', 'bug', 'apakah', 'nomer', 'pengaruh']","['apakah_nomer_pengaruh', 'bug_apakah_nomer', 'bug_event_bug', 'event_bug_apakah']"
['seru'],[]
"['sapa', 'minimal']",[]
"['bgus', 'bangett']",[]
"['bagus', 'kalah', 'bagus', 'lain', 'lama', 'banget', 'clasik', 'kadang', 'lama', 'tolong', 'baik']","['bagus_kalah_bagus', 'bagus_lain_lama', 'banget_clasik_kadang', 'clasik_kadang_lama', 'kadang_lama_tolong', 'kalah_bagus_lain', 'lain_lama_banget', 'lama_banget_clasik', 'lama_tolong_baik']"
"['hey', 'timi', 'tolong', 'revamp', 'nezha', 'mirip', 'nezha', 'donghua', 'biar', 'keren']","['donghua_biar_keren', 'hey_timi_tolong', 'mirip_nezha_donghua', 'nezha_donghua_biar', 'nezha_mirip_nezha', 'revamp_nezha_mirip', 'timi_tolong_revamp', 'tolong_revamp_nezha']"
"['jeleg', 'banget']",[]
['yes'],[]
"['terlalu', 'lama']",[]
"['seru', 'banyak']",[]
"['agak', 'berat', 'mungkin', 'kentang']","['agak_berat_mungkin', 'berat_mungkin_kentang']"
"['loading', 'stack']",[]
['niru'],[]
"['bintang', 'lima']",[]
['baik'],[]
"['copy', 'paste']",[]
"['copy', 'legends']",[]
"['bagus', 'bngt', 'weh', 'wajib', 'weh']","['bagus_bngt_weh', 'bngt_weh_wajib', 'weh_wajib_weh']"
"['bagus', 'ubah', 'nyata', 'lama', 'engkau', 'bahagia']","['bagus_ubah_nyata', 'lama_engkau_bahagia', 'nyata_lama_engkau', 'ubah_nyata_lama']"
"['lebih', 'enak', 'bintang', 'banyak', 'angela', 'mage', 'susah', 'cuma', 'bintang', 'mobule', 'banyak', 'gelap', 'stuck', 'epic', 'banyak', 'bintang', 'naik', 'hampir', 'mirip']","['angela_mage_susah', 'banyak_angela_mage', 'banyak_bintang_naik', 'banyak_gelap_stuck', 'bintang_banyak_angela', 'bintang_mobule_banyak', 'bintang_naik_hampir', 'cuma_bintang_mobule', 'enak_bintang_banyak', 'epic_banyak_bintang', 'gelap_stuck_epic', 'lebih_enak_bintang', 'mage_susah_cuma', 'mobule_banyak_gelap', 'naik_hampir_mirip', 'stuck_epic_banyak', 'susah_cuma_bintang']"
['bagus'],[]
"['keren', 'bngt']",[]
['good'],[]
"['naik', 'pitam', 'tolong', 'baik', 'offline', 'bot', 'terlalu', 'buruk']","['baik_offline_bot', 'bot_terlalu_buruk', 'naik_pitam_tolong', 'offline_bot_terlalu', 'pitam_tolong_baik', 'tolong_baik_offline']"
"['minimal', 'coba', 'banyak', 'banyakin', 'tutorial', 'kenal', 'skill', 'youtube', 'btw', 'donwload', 'hoknya', 'youtube', 'tutorial', 'skill', 'ultimate', 'donghuaang', 'penghianat', 'teman']","['banyak_banyakin_tutorial', 'banyakin_tutorial_kenal', 'btw_donwload_hoknya', 'coba_banyak_banyakin', 'donghuaang_penghianat_teman', 'donwload_hoknya_youtube', 'hoknya_youtube_tutorial', 'kenal_skill_youtube', 'minimal_coba_banyak', 'skill_ultimate_donghuaang', 'skill_youtube_btw', 'tutorial_kenal_skill', 'tutorial_skill_ultimate', 'ultimate_donghuaang_penghianat', 'youtube_btw_donwload', 'youtube_tutorial_skill']"
"['top', 'up', 'token', 'batas', 'hadiah', 'masuk', 'payah']","['batas_hadiah_masuk', 'hadiah_masuk_payah', 'token_batas_hadiah', 'top_up_token', 'up_token_batas']"
"['servernya', 'dibaikin']",[]
"['sungguh', 'kecewa', 'lag', 'parah']","['kecewa_lag_parah', 'sungguh_kecewa_lag']"
"['bagus', 'imbang', 'melulu', 'lawan']","['bagus_imbang_melulu', 'imbang_melulu_lawan']"
"['kerenn', 'efek']",[]
"['juluk', 'kampung']",[]
"['buruk', 'anjikk', 'rusak', 'rugi', 'pukimak']","['anjikk_rusak_rugi', 'buruk_anjikk_rusak', 'rusak_rugi_pukimak']"
"['baik', 'nilai', 'hadap', 'jungle', 'selalu', 'adil', 'sia', 'nyiakan', 'usaha', 'jalan', 'wave', 'split', 'push', 'objektif', 'lain']","['adil_sia_nyiakan', 'baik_nilai_hadap', 'hadap_jungle_selalu', 'jalan_wave_split', 'jungle_selalu_adil', 'nilai_hadap_jungle', 'nyiakan_usaha_jalan', 'push_objektif_lain', 'selalu_adil_sia', 'sia_nyiakan_usaha', 'split_push_objektif', 'usaha_jalan_wave', 'wave_split_push']"
"['macth', 'belum', 'platinum', 'star', 'turun', 'platinum', 'star']","['belum_platinum_star', 'macth_belum_platinum', 'platinum_star_turun', 'star_turun_platinum', 'turun_platinum_star']"
"['bisah', 'masalah', 'bagus']",['bisah_masalah_bagus']
"['bgus', 'dn', 'seru']",['bgus_dn_seru']
['tiru'],[]
"['makin', 'susah']",[]
['gaje'],[]
['bagus'],[]
['ngebosenin'],[]
"['lebih', 'baik']",[]
[],[]
"['mentang', 'mainland', 'kebal', 'report', 'jg', 'adil', 'sorry', 'say', 'benah', 'otw', 'uninstall']","['adil_sorry_say', 'benah_otw_uninstall', 'jg_adil_sorry', 'kebal_report_jg', 'mainland_kebal_report', 'mentang_mainland_kebal', 'report_jg_adil', 'say_benah_otw', 'sorry_say_benah']"
"['sampah', 'rekomend', 'manis', 'sudah', 'biasa', 'pasti', 'stres', 'ketemu', 'ph', 'indo', 'nyamar', 'sepuh', 'china', 'pokok', 'stres', 'lebih', 'dalam', 'inti', 'jangan', 'gamau', 'stres']","['biasa_pasti_stres', 'china_pokok_stres', 'dalam_inti_jangan', 'indo_nyamar_sepuh', 'inti_jangan_gamau', 'jangan_gamau_stres', 'ketemu_ph_indo', 'lebih_dalam_inti', 'manis_sudah_biasa', 'nyamar_sepuh_china', 'pasti_stres_ketemu', 'ph_indo_nyamar', 'pokok_stres_lebih', 'rekomend_manis_sudah', 'sampah_rekomend_manis', 'sepuh_china_pokok', 'stres_ketemu_ph', 'stres_lebih_dalam', 'sudah_biasa_pasti']"
"['kira', 'rating', 'nyata', 'bukan']","['kira_rating_nyata', 'rating_nyata_bukan']"
"['belum', 'sudah', 'lama', 'baru', 'comeback', 'cek', 'skin', 'dunhuang', 'encounter', 'yaria', 'hilang', 'ingat', 'pernah', 'skin', 'tolong', 'kasi', 'skin', 'dunhuang', 'encounter']","['baru_comeback_cek', 'belum_sudah_lama', 'cek_skin_dunhuang', 'comeback_cek_skin', 'dunhuang_encounter_yaria', 'encounter_yaria_hilang', 'hilang_ingat_pernah', 'ingat_pernah_skin', 'kasi_skin_dunhuang', 'lama_baru_comeback', 'pernah_skin_tolong', 'skin_dunhuang_encounter', 'skin_tolong_kasi', 'sudah_lama_baru', 'tolong_kasi_skin', 'yaria_hilang_ingat']"
"['ad', 'isekai']",[]
"['minimal', 'pakek', 'facebook']",['minimal_pakek_facebook']
"['really', 'really', 'like', 'it', 'graphics', 'are', 'detailed', 'and', 'action', 'varied']","['and_action_varied', 'are_detailed_and', 'detailed_and_action', 'graphics_are_detailed', 'it_graphics_are', 'like_it_graphics', 'really_like_it', 'really_really_like']"
"['event', 'diulangulang', 'event', 'koin', 'skin', 'gratis', 'terlalu', 'sulit', 'hal', 'gampang', 'sengaja', 'susah', 'gacha', 'buruk', 'worth', 'it', 'keluar', 'duit']","['buruk_worth_it', 'diulangulang_event_koin', 'event_diulangulang_event', 'event_koin_skin', 'gacha_buruk_worth', 'gampang_sengaja_susah', 'gratis_terlalu_sulit', 'hal_gampang_sengaja', 'it_keluar_duit', 'koin_skin_gratis', 'sengaja_susah_gacha', 'skin_gratis_terlalu', 'sulit_hal_gampang', 'susah_gacha_buruk', 'terlalu_sulit_hal', 'worth_it_keluar']"
"['keren', 'grafik', 'bagus', 'dll']","['grafik_bagus_dll', 'keren_grafik_bagus']"
['bagus'],[]
"['el', 'copy']",[]
"['anj', 'imbang']",[]
"['server', 'tolong', 'baik', 'jangan', 'cuma', 'skin', 'bagusin', 'lepas', 'servernya', 'busuk', 'bagus']","['bagusin_lepas_servernya', 'baik_jangan_cuma', 'cuma_skin_bagusin', 'jangan_cuma_skin', 'lepas_servernya_busuk', 'server_tolong_baik', 'servernya_busuk_bagus', 'skin_bagusin_lepas', 'tolong_baik_jangan']"
"['seru', 'banget', 'enak']",['seru_banget_enak']
"['lumayan', 'tower', 'merah', 'musuh', 'sakit', 'banget', 'tolong', 'baik']","['banget_tolong_baik', 'lumayan_tower_merah', 'merah_musuh_sakit', 'musuh_sakit_banget', 'sakit_banget_tolong', 'tower_merah_musuh']"
"['mantap', 'gan']",[]
"['banget', 'banget', 'sukaa', 'maupun', 'kalah', 'menang', 'bintang', 'selalu', 'naik', 'jujur', 'seruu', 'banget', 'bugnya', 'sinyal', 'sinyal', 'bagus', 'digame', 'sinyal', 'merahkuning', 'aneh', 'moga', 'delevovernya', 'btw', 'mula', 'cocukk', 'banget', 'digame', 'oke', 'sekian', 'gaji']","['aneh_moga_delevovernya', 'bagus_digame_sinyal', 'banget_banget_sukaa', 'banget_bugnya_sinyal', 'banget_digame_oke', 'banget_sukaa_maupun', 'bintang_selalu_naik', 'btw_mula_cocukk', 'bugnya_sinyal_sinyal', 'cocukk_banget_digame', 'delevovernya_btw_mula', 'digame_oke_sekian', 'digame_sinyal_merahkuning', 'jujur_seruu_banget', 'kalah_menang_bintang', 'maupun_kalah_menang', 'menang_bintang_selalu', 'merahkuning_aneh_moga', 'moga_delevovernya_btw', 'mula_cocukk_banget', 'naik_jujur_seruu', 'oke_sekian_gaji', 'selalu_naik_jujur', 'seruu_banget_bugnya', 'sinyal_bagus_digame', 'sinyal_merahkuning_aneh', 'sinyal_sinyal_bagus', 'sukaa_maupun_kalah']"
"['animasi', 'kelas', 'ribu', 'top', 'up']","['animasi_kelas_ribu', 'kelas_ribu_top', 'ribu_top_up']"
['suka'],[]
"['bagus', 'kalah', 'skin', 'mahal', 'hibur', 'kalah', 'niru']","['bagus_kalah_skin', 'hibur_kalah_niru', 'kalah_skin_mahal', 'mahal_hibur_kalah', 'skin_mahal_hibur']"
"['sudah', 'bagus', 'tolong', 'cepat', 'dalam', 'cari', 'playernya', 'lebih', 'imbang', 'satu', 'masa', 'tolong', 'rangin', 'pemakain', 'gb', 'kesi', 'yng', 'lain']","['bagus_tolong_cepat', 'cari_playernya_lebih', 'cepat_dalam_cari', 'dalam_cari_playernya', 'gb_kesi_yng', 'imbang_satu_masa', 'kesi_yng_lain', 'lebih_imbang_satu', 'masa_tolong_rangin', 'pemakain_gb_kesi', 'playernya_lebih_imbang', 'rangin_pemakain_gb', 'satu_masa_tolong', 'sudah_bagus_tolong', 'tolong_cepat_dalam', 'tolong_rangin_pemakain']"
"['kapan', 'skin', 'zhuanzi', 'domba', 'rilis', 'global']","['domba_rilis_global', 'kapan_skin_zhuanzi', 'skin_zhuanzi_domba', 'zhuanzi_domba_rilis']"
"['level', 'infinite', 'developer', 'harga', 'report', 'baru', 'pribadi', 'tier', 'granmaster', 'lebih', 'ketat', 'langgar', 'hitung', 'detik', 'kalah', 'langgar', 'bayar', 'salah']","['baru_pribadi_tier', 'detik_kalah_langgar', 'developer_harga_report', 'granmaster_lebih_ketat', 'harga_report_baru', 'hitung_detik_kalah', 'infinite_developer_harga', 'kalah_langgar_bayar', 'ketat_langgar_hitung', 'langgar_bayar_salah', 'langgar_hitung_detik', 'lebih_ketat_langgar', 'level_infinite_developer', 'pribadi_tier_granmaster', 'report_baru_pribadi', 'tier_granmaster_lebih']"
"['jangan', 'salah', 'kooperatif', 'teammate', 'sesuai', 'skill', 'selaku', 'seringkali', 'teammate', 'sesuai', 'kecewa', 'ikut', 'atur', 'rating', 'bintang', 'sampai', 'develop', 'perhati', 'keluh', 'bagai', 'selain', 'minim', 'kembang', 'pesat', 'monoton', 'adept']","['atur_rating_bintang', 'bagai_selain_minim', 'bintang_sampai_develop', 'develop_perhati_keluh', 'ikut_atur_rating', 'jangan_salah_kooperatif', 'kecewa_ikut_atur', 'keluh_bagai_selain', 'kembang_pesat_monoton', 'kooperatif_teammate_sesuai', 'minim_kembang_pesat', 'perhati_keluh_bagai', 'pesat_monoton_adept', 'rating_bintang_sampai', 'salah_kooperatif_teammate', 'sampai_develop_perhati', 'selain_minim_kembang', 'selaku_seringkali_teammate', 'seringkali_teammate_sesuai', 'sesuai_kecewa_ikut', 'sesuai_skill_selaku', 'skill_selaku_seringkali', 'teammate_sesuai_kecewa', 'teammate_sesuai_skill']"
"['baik', 'baru', 'mantap', 'tolong', 'masa', 'komplain', 'pass', 'saran', 'level', 'sampai', 'dapetin', 'full', 'hadiah', 'banyak', 'bahkan', 'cerah', 'banyak', 'sedia', 'lain', 'contoh', 'sekarang', 'banyak', 'ngikutin', 'pilih', 'gelar', 'bahkan', 'custom', 'tombol', 'skin']","['bahkan_cerah_banyak', 'bahkan_custom_tombol', 'baik_baru_mantap', 'banyak_bahkan_cerah', 'banyak_ngikutin_pilih', 'banyak_sedia_lain', 'baru_mantap_tolong', 'cerah_banyak_sedia', 'contoh_sekarang_banyak', 'custom_tombol_skin', 'dapetin_full_hadiah', 'full_hadiah_banyak', 'gelar_bahkan_custom', 'hadiah_banyak_bahkan', 'komplain_pass_saran', 'lain_contoh_sekarang', 'level_sampai_dapetin', 'mantap_tolong_masa', 'masa_komplain_pass', 'ngikutin_pilih_gelar', 'pass_saran_level', 'pilih_gelar_bahkan', 'sampai_dapetin_full', 'saran_level_sampai', 'sedia_lain_contoh', 'sekarang_banyak_ngikutin', 'tolong_masa_komplain']"
"['kurang', 'optimalisasi']",[]
"['loving', 'this', 'sm']",['loving_this_sm']
"['bagus', 'banget', 'sy', 'suka']","['bagus_banget_sy', 'banget_sy_suka']"
"['buruk', 'baik', 'sinyal', 'dongo', 'sinyal', 'jelek', 'sudah', 'heran', 'sinyal', 'wifi', 'bagus']","['baik_sinyal_dongo', 'buruk_baik_sinyal', 'dongo_sinyal_jelek', 'heran_sinyal_wifi', 'jelek_sudah_heran', 'sinyal_dongo_sinyal', 'sinyal_jelek_sudah', 'sinyal_wifi_bagus', 'sudah_heran_sinyal']"
"['cocok', 'mula', 'mabar', 'saudara', 'teman']","['cocok_mula_mabar', 'mabar_saudara_teman', 'mula_mabar_saudara']"
"['bagus', 'keren', 'cuma', 'item', 'erti', 'tolong', 'jelas', 'jelek', 'malas', 'kenapa', 'selalu', 'turun', 'baru', 'paling', 'malas', 'begini']","['bagus_keren_cuma', 'baru_paling_malas', 'cuma_item_erti', 'erti_tolong_jelas', 'item_erti_tolong', 'jelas_jelek_malas', 'jelek_malas_kenapa', 'kenapa_selalu_turun', 'keren_cuma_item', 'malas_kenapa_selalu', 'paling_malas_begini', 'selalu_turun_baru', 'tolong_jelas_jelek', 'turun_baru_paling']"
"['mantap', 'pol', 'zuka']",['mantap_pol_zuka']
"['suka', 'bgtt', 'seru', 'mainin', 'bosen']","['bgtt_seru_mainin', 'seru_mainin_bosen', 'suka_bgtt_seru']"
"['terlalu', 'sepi', 'jarang', 'ketemu', 'serius', 'banyakab', 'ketemu', 'bot', 'harap', 'lebih', 'ramai', 'gabung', 'chinainggris', 'mohon', 'erti', 'terimakasih']","['banyakab_ketemu_bot', 'bot_harap_lebih', 'chinainggris_mohon_erti', 'gabung_chinainggris_mohon', 'harap_lebih_ramai', 'jarang_ketemu_serius', 'ketemu_bot_harap', 'ketemu_serius_banyakab', 'lebih_ramai_gabung', 'mohon_erti_terimakasih', 'ramai_gabung_chinainggris', 'sepi_jarang_ketemu', 'serius_banyakab_ketemu', 'terlalu_sepi_jarang']"
"['pls', 'sekarang', 'ramah', 'storage']","['pls_sekarang_ramah', 'sekarang_ramah_storage']"
"['loding', 'lama']",[]
['elok'],[]
"['makin', 'susah', 'anjir', 'batas', 'ful', 'susah', 'tencen', 'kikir', 'benar', 'bayak', 'gelap', 'saran', 'baik', 'lag', 'gelap', 'tin', 'even', 'keluarin', 'kikir', 'amat', 'doak']","['anjir_batas_ful', 'baik_lag_gelap', 'batas_ful_susah', 'bayak_gelap_saran', 'benar_bayak_gelap', 'even_keluarin_kikir', 'ful_susah_tencen', 'gelap_saran_baik', 'gelap_tin_even', 'keluarin_kikir_amat', 'kikir_amat_doak', 'kikir_benar_bayak', 'lag_gelap_tin', 'makin_susah_anjir', 'saran_baik_lag', 'susah_anjir_batas', 'susah_tencen_kikir', 'tencen_kikir_benar', 'tin_even_keluarin']"
"['gamee', 'amat', 'bagus', 'banding', 'cipta', 'moontod']","['amat_bagus_banding', 'bagus_banding_cipta', 'banding_cipta_moontod', 'gamee_amat_bagus']"
"['kont', 'event', 'benar', 'ngent', 'sudah', 'undang', 'baru', 'jatoh', 'kartuu', 'jembutt']","['baru_jatoh_kartuu', 'benar_ngent_sudah', 'event_benar_ngent', 'jatoh_kartuu_jembutt', 'kont_event_benar', 'ngent_sudah_undang', 'sudah_undang_baru', 'undang_baru_jatoh']"
"['bagus', 'mes', 'mw', 'nyambung', 'server', 'lama']","['bagus_mes_mw', 'mes_mw_nyambung', 'mw_nyambung_server', 'nyambung_server_lama']"
"['lebih', 'baik', 'ai', 'hapus', 'guna', 'komplain', 'anomali', 'feeder', 'lolosin', 'afk', 'lolosin', 'anomali', 'lolosin', 'ai', 'guna', 'tolol']","['afk_lolosin_anomali', 'ai_guna_tolol', 'ai_hapus_guna', 'anomali_feeder_lolosin', 'anomali_lolosin_ai', 'baik_ai_hapus', 'feeder_lolosin_afk', 'guna_komplain_anomali', 'hapus_guna_komplain', 'komplain_anomali_feeder', 'lebih_baik_ai', 'lolosin_afk_lolosin', 'lolosin_ai_guna', 'lolosin_anomali_lolosin']"
"['bagus', 'klik', 'random', 'biar', 'asah', 'skill', 'semua']","['asah_skill_semua', 'bagus_klik_random', 'biar_asah_skill', 'klik_random_biar', 'random_biar_asah']"
"['developer', 'plinplan', 'baru', 'indonesia', 'buatin', 'skill', 'baru', 'tungguin', 'undur', 'sekarang', 'kabar', 'wadah', 'china', 'gitu', 'usah', 'gembar', 'gembor', 'asal', 'indonesia', 'kocak']","['asal_indonesia_kocak', 'baru_indonesia_buatin', 'baru_tungguin_undur', 'buatin_skill_baru', 'china_gitu_usah', 'developer_plinplan_baru', 'gembar_gembor_asal', 'gembor_asal_indonesia', 'gitu_usah_gembar', 'indonesia_buatin_skill', 'kabar_wadah_china', 'plinplan_baru_indonesia', 'sekarang_kabar_wadah', 'skill_baru_tungguin', 'tungguin_undur_sekarang', 'undur_sekarang_kabar', 'usah_gembar_gembor', 'wadah_china_gitu']"
['seru'],[]
"['tolong', 'balikin', 'kredit', 'score', 'masalah', 'jangan', 'lag', 'tolong', 'balikin', 'kredit', 'score']","['balikin_kredit_score', 'jangan_lag_tolong', 'kredit_score_masalah', 'lag_tolong_balikin', 'masalah_jangan_lag', 'score_masalah_jangan', 'tolong_balikin_kredit']"
"['laku', 'selalu', 'afk', 'tolol']","['laku_selalu_afk', 'selalu_afk_tolol']"
"['banyak', 'gift']",[]
"['udahlah', 'jelek', 'ikutin', 'mending']","['jelek_ikutin_mending', 'udahlah_jelek_ikutin']"
"['lov', 'you', 'pdhal', 'gratis', 'devnya', 'baik', 'hati', 'skin', 'gratistrus', 'gacha', 'wangy', 'pokok', 'baik', 'moga', 'rame']","['baik_hati_skin', 'baik_moga_rame', 'devnya_baik_hati', 'gacha_wangy_pokok', 'gratis_devnya_baik', 'gratistrus_gacha_wangy', 'hati_skin_gratistrus', 'lov_you_pdhal', 'pdhal_gratis_devnya', 'pokok_baik_moga', 'skin_gratistrus_gacha', 'wangy_pokok_baik', 'you_pdhal_gratis']"
"['bagus', 'mula', 'jagok', 'skin', 'gratis', 'banyak', 'update', 'seru', 'bagus', 'buah', 'semangka', 'buah', 'kedondong', 'belum', 'downloaddongpantun', 'gitu']","['bagus_buah_semangka', 'bagus_mula_jagok', 'banyak_update_seru', 'belum_downloaddongpantun_gitu', 'buah_kedondong_belum', 'buah_semangka_buah', 'gratis_banyak_update', 'jagok_skin_gratis', 'kedondong_belum_downloaddongpantun', 'mula_jagok_skin', 'semangka_buah_kedondong', 'seru_bagus_buah', 'skin_gratis_banyak', 'update_seru_bagus']"
['mantap'],[]
"['bagus', 'banget']",[]
"['hukum', 'guna', 'guna', 'jungle', 'mid', 'kurang', 'kredit', 'skor', 'minimal']","['guna_guna_jungle', 'guna_jungle_mid', 'hukum_guna_guna', 'jungle_mid_kurang', 'kredit_skor_minimal', 'kurang_kredit_skor', 'mid_kurang_kredit']"
"['aplikasi', 'bagus']",[]
['mantab'],[]
"['lag', 'bagus', 'dengerin', 'musik', 'online', 'lancaraja', 'merah', 'ubah', 'parah', 'banget', 'sihh', 'mohon', 'baik']","['bagus_dengerin_musik', 'banget_sihh_mohon', 'dengerin_musik_online', 'lag_bagus_dengerin', 'lancaraja_merah_ubah', 'merah_ubah_parah', 'musik_online_lancaraja', 'online_lancaraja_merah', 'parah_banget_sihh', 'sihh_mohon_baik', 'ubah_parah_banget']"
"['bagus', 'mantap']",[]
"['machmaking', 'buruk', 'pernah', 'even', 'skin', 'gratis', 'adil', 'baru', 'lama', 'sampah']","['adil_baru_lama', 'baru_lama_sampah', 'buruk_pernah_even', 'even_skin_gratis', 'gratis_adil_baru', 'machmaking_buruk_pernah', 'pernah_even_skin', 'skin_gratis_adil']"
['joz'],[]
['darksistem'],[]
"['bagus', 'banget']",[]
"['lot', 'skali']",[]
"['bug', 'event', 'suruh', 'ulang']","['bug_event_suruh', 'event_suruh_ulang']"
['gacor'],[]
"['semua', 'masa', 'skin', 'sungguh', 'kecewa', 'beberapa']","['masa_skin_sungguh', 'semua_masa_skin', 'skin_sungguh_kecewa', 'sungguh_kecewa_beberapa']"
['oke'],[]
"['lama', 'dowlod', 'apdet', 'ples', 'grafik']","['apdet_ples_grafik', 'dowlod_apdet_ples', 'lama_dowlod_apdet']"
"['belum', 'beri', 'ulas', 'mana', 'rekan', 'se', 'bot', 'musuh', 'asli', 'mohon', 'baik', 'relevan', 'top', 'tier', 'sedang', 'master', 'ii', 'harap', 'baik', 'sebut', 'terimakasih']","['asli_mohon_baik', 'baik_relevan_top', 'baik_sebut_terimakasih', 'belum_beri_ulas', 'beri_ulas_mana', 'bot_musuh_asli', 'harap_baik_sebut', 'ii_harap_baik', 'mana_rekan_se', 'master_ii_harap', 'mohon_baik_relevan', 'musuh_asli_mohon', 'rekan_se_bot', 'relevan_top_tier', 'se_bot_musuh', 'sedang_master_ii', 'tier_sedang_master', 'top_tier_sedang', 'ulas_mana_rekan']"
"['gaada', 'ide', 'lain', 'niru']","['gaada_ide_lain', 'ide_lain_niru']"
"['iki', 'rek', 'mirip', 'bjirr']","['iki_rek_mirip', 'rek_mirip_bjirr']"
"['cocok', 'keren', 'tanggal', 'jangan', 'arti', 'buah', 'alas', 'paling', 'enak', 'banget', 'dia', 'paling', 'enak', 'ikut', 'ikut', 'keren', 'ikut', 'sukses', 'pasang', 'siapa', 'kesel']","['alas_paling_enak', 'arti_buah_alas', 'banget_dia_paling', 'buah_alas_paling', 'cocok_keren_tanggal', 'dia_paling_enak', 'enak_banget_dia', 'enak_ikut_ikut', 'ikut_ikut_keren', 'ikut_keren_ikut', 'ikut_sukses_pasang', 'jangan_arti_buah', 'keren_ikut_sukses', 'keren_tanggal_jangan', 'paling_enak_banget', 'paling_enak_ikut', 'pasang_siapa_kesel', 'sukses_pasang_siapa', 'tanggal_jangan_arti']"
"['efek', 'visual', 'skin', 'bagus', 'banding', 'kelas', 'skin', 'epic', 'efek', 'tebal', 'jelas', 'banget', 'baik', 'tambah', 'banyak', 'skin', 'free', 'suka', 'skin', 'bruce', 'lee']","['bagus_banding_kelas', 'baik_tambah_banyak', 'banding_kelas_skin', 'banget_baik_tambah', 'banyak_skin_free', 'efek_tebal_jelas', 'efek_visual_skin', 'epic_efek_tebal', 'free_suka_skin', 'jelas_banget_baik', 'kelas_skin_epic', 'skin_bagus_banding', 'skin_bruce_lee', 'skin_epic_efek', 'skin_free_suka', 'suka_skin_bruce', 'tambah_banyak_skin', 'tebal_jelas_banget', 'visual_skin_bagus']"
"['competitive', 'themed', 'but', 'lots', 'bot', 'and', 'unfair', 'anomalies', 'it', 'just', 'make', 'this', 'not', 'competitive', 'and', 'remove', 'all', 'tournaments']","['and_remove_all', 'and_unfair_anomalies', 'anomalies_it_just', 'bot_and_unfair', 'but_lots_bot', 'competitive_and_remove', 'competitive_themed_but', 'it_just_make', 'just_make_this', 'lots_bot_and', 'make_this_not', 'not_competitive_and', 'remove_all_tournaments', 'themed_but_lots', 'this_not_competitive', 'unfair_anomalies_it']"
"['servernya', 'tolong', 'masa', 'situ', 'beri', 'sinyal', 'merah', 'suruh', 'baik', 'paket', 'full', 'banyak', 'sinyal', 'full', 'coba', 'please', 'try', 'so', 'hard']","['baik_paket_full', 'banyak_sinyal_full', 'beri_sinyal_merah', 'coba_please_try', 'full_banyak_sinyal', 'full_coba_please', 'masa_situ_beri', 'merah_suruh_baik', 'paket_full_banyak', 'please_try_so', 'servernya_tolong_masa', 'sinyal_full_coba', 'sinyal_merah_suruh', 'situ_beri_sinyal', 'suruh_baik_paket', 'tolong_masa_situ', 'try_so_hard']"
['top'],[]
"['matchup', 'sampah', 'layak', 'dimainin']","['matchup_sampah_layak', 'sampah_layak_dimainin']"
"['luar', 'biasa', 'buruk', 'balance', 'balance', 'selalu', 'feeder', 'report', 'benar', 'benar', 'gada', 'guna', 'teman', 'satu', 'feeder', 'ngga', 'report', 'aneh', 'banget', 'nilai', 'akhir', 'teman', 'satu', 'feeder', 'notabene', 'nilai', 'otamatis', 'report', 'hadeuh', 'jangan', 'nilai', 'feeder', 'b', 'sekalipun', 'belum', 'tentu', 'report', 'benar', 'benar', 'aneh']","['akhir_teman_satu', 'aneh_banget_nilai', 'balance_balance_selalu', 'balance_selalu_feeder', 'banget_nilai_akhir', 'belum_tentu_report', 'benar_benar_aneh', 'benar_benar_gada', 'benar_gada_guna', 'biasa_buruk_balance', 'buruk_balance_balance', 'feeder_ngga_report', 'feeder_notabene_nilai', 'feeder_report_benar', 'feeder_sekalipun_belum', 'gada_guna_teman', 'guna_teman_satu', 'hadeuh_jangan_nilai', 'jangan_nilai_feeder', 'luar_biasa_buruk', 'ngga_report_aneh', 'nilai_akhir_teman', 'nilai_feeder_sekalipun', 'nilai_otamatis_report', 'notabene_nilai_otamatis', 'otamatis_report_hadeuh', 'report_aneh_banget', 'report_benar_benar', 'report_hadeuh_jangan', 'satu_feeder_ngga', 'satu_feeder_notabene', 'sekalipun_belum_tentu', 'selalu_feeder_report', 'teman_satu_feeder', 'tentu_report_benar']"
"['update', 'baru', 'stuck', 'baru', 'detik', 'belum', 'pasuk', 'selesai', 'kenapa', 'begitu', 'stabil', 'lain', 'tolong', 'segera', 'baik']","['baru_detik_belum', 'baru_stuck_baru', 'begitu_stabil_lain', 'belum_pasuk_selesai', 'detik_belum_pasuk', 'kenapa_begitu_stabil', 'lain_tolong_segera', 'pasuk_selesai_kenapa', 'selesai_kenapa_begitu', 'stabil_lain_tolong', 'stuck_baru_detik', 'tolong_segera_baik', 'update_baru_stuck']"
"['guardian', 'minimal', 'jago', 'lawan', 'jago']","['guardian_minimal_jago', 'jago_lawan_jago', 'minimal_jago_lawan']"
['oke'],[]
['kren'],[]
['like'],[]
"['bagus', 'suka', 'lucu', 'lucu', 'banget', 'dowllod', 'sia', 'sia', 'dehh', 'jangan', 'bawa', 'emosi', 'kalah', 'hehehe']","['bagus_suka_lucu', 'banget_dowllod_sia', 'bawa_emosi_kalah', 'dehh_jangan_bawa', 'dowllod_sia_sia', 'emosi_kalah_hehehe', 'jangan_bawa_emosi', 'lucu_banget_dowllod', 'lucu_lucu_banget', 'sia_dehh_jangan', 'sia_sia_dehh', 'suka_lucu_lucu']"
"['moga', 'baik', 'pernah', 'erti', 'senang', 'para', 'unik', 'cute', 'sexy', 'poko', 'jangan', 'sampai', 'bosan']","['baik_pernah_erti', 'cute_sexy_poko', 'erti_senang_para', 'jangan_sampai_bosan', 'moga_baik_pernah', 'para_unik_cute', 'pernah_erti_senang', 'poko_jangan_sampai', 'senang_para_unik', 'sexy_poko_jangan', 'unik_cute_sexy']"
"['cuh', 'haram', 'makin', 'lama', 'makin', 'aneh', 'satuin', 'bayi', 'baru', 'lahir', 'ajg']","['aneh_satuin_bayi', 'baru_lahir_ajg', 'bayi_baru_lahir', 'cuh_haram_makin', 'haram_makin_lama', 'lama_makin_aneh', 'makin_aneh_satuin', 'makin_lama_makin', 'satuin_bayi_baru']"
"['bguss', 'nyaa']",[]
"['wahai', 'developer', 'hormat', 'cinta', 'mohon', 'bug', 'crastuck', 'tekan', 'menu', 'profil', 'mulai', 'tanding', 'selesai', 'tanding', 'mohon', 'segera', 'baik', 'mohon', 'kepada', 'developer', 'bug', 'ganggu', 'tempat', 'bagus', 'lo', 'dukung', 'sudah', 'report', 'masalah', 'menu', 'hubung', 'lo', 'belum', 'selesai']","['bagus_lo_dukung', 'baik_mohon_kepada', 'bug_crastuck_tekan', 'bug_ganggu_tempat', 'cinta_mohon_bug', 'crastuck_tekan_menu', 'developer_bug_ganggu', 'developer_hormat_cinta', 'dukung_sudah_report', 'ganggu_tempat_bagus', 'hormat_cinta_mohon', 'hubung_lo_belum', 'kepada_developer_bug', 'lo_belum_selesai', 'lo_dukung_sudah', 'masalah_menu_hubung', 'menu_hubung_lo', 'menu_profil_mulai', 'mohon_bug_crastuck', 'mohon_kepada_developer', 'mohon_segera_baik', 'mulai_tanding_selesai', 'profil_mulai_tanding', 'report_masalah_menu', 'segera_baik_mohon', 'selesai_tanding_mohon', 'sudah_report_masalah', 'tanding_mohon_segera', 'tanding_selesai_tanding', 'tekan_menu_profil', 'tempat_bagus_lo', 'wahai_developer_hormat']"
"['minimal', 'kenapa', 'capai', 'digoogle', 'play']","['capai_digoogle_play', 'kenapa_capai_digoogle', 'minimal_kenapa_capai']"
"['ancur', 'ngetrol', 'kena', 'sanksi']","['ancur_ngetrol_kena', 'ngetrol_kena_sanksi']"
"['parah', 'grandmaster', 'gelap', 'sampai', 'star', 'naik', 'turun', 'muluk', 'lawan', 'bagus', 'sendiri', 'bagus', 'imbang']","['bagus_sendiri_bagus', 'gelap_sampai_star', 'grandmaster_gelap_sampai', 'lawan_bagus_sendiri', 'muluk_lawan_bagus', 'naik_turun_muluk', 'parah_grandmaster_gelap', 'sampai_star_naik', 'sendiri_bagus_imbang', 'star_naik_turun', 'turun_muluk_lawan']"
"['tarik', 'filter', 'sedikit', 'banyak', 'gelap', 'negara', 'laen', 'susah', 'maennya']","['banyak_gelap_negara', 'filter_sedikit_banyak', 'gelap_negara_laen', 'laen_susah_maennya', 'negara_laen_susah', 'sedikit_banyak_gelap', 'tarik_filter_sedikit']"
"['bintang', 'bagus', 'skin', 'gratis', 'epic', 'beberapa', 'bug', 'alami', 'ranked', 'mvp', 'poin', 'kill', 'mati', 'asist', 'dapetnya', 'tolong', 'baik', 'terimakasih']","['alami_ranked_mvp', 'asist_dapetnya_tolong', 'bagus_skin_gratis', 'beberapa_bug_alami', 'bintang_bagus_skin', 'bug_alami_ranked', 'dapetnya_tolong_baik', 'epic_beberapa_bug', 'gratis_epic_beberapa', 'kill_mati_asist', 'mati_asist_dapetnya', 'mvp_poin_kill', 'poin_kill_mati', 'ranked_mvp_poin', 'skin_gratis_epic', 'tolong_baik_terimakasih']"
"['grafik', 'oke', 'bangett', 'lawan', 'kdg', 'imbang', 'smaa', 'sendiri', 'kdg', 'agak', 'lag', 'sedikit', 'lumayan', 'besar', 'overall']","['agak_lag_sedikit', 'bangett_lawan_kdg', 'grafik_oke_bangett', 'imbang_smaa_sendiri', 'kdg_agak_lag', 'kdg_imbang_smaa', 'lag_sedikit_lumayan', 'lawan_kdg_imbang', 'lumayan_besar_overall', 'oke_bangett_lawan', 'sedikit_lumayan_besar', 'sendiri_kdg_agak', 'smaa_sendiri_kdg']"
"['kurang', 'lawan', 'padan', 'sinyal', 'bagus', 'jelek', 'mohon', 'baik', 'sudah', 'habis', 'paket', 'demi', 'kecewa']","['bagus_jelek_mohon', 'baik_sudah_habis', 'habis_paket_demi', 'jelek_mohon_baik', 'kurang_lawan_padan', 'lawan_padan_sinyal', 'mohon_baik_sudah', 'padan_sinyal_bagus', 'paket_demi_kecewa', 'sinyal_bagus_jelek', 'sudah_habis_paket']"
[],[]
"['suka', 'lama', 'banget', 'tolong', 'rusak', 'bukan', 'sinyal', 'eror', 'benar', 'suka', 'gitu']","['banget_tolong_rusak', 'benar_suka_gitu', 'bukan_sinyal_eror', 'eror_benar_suka', 'lama_banget_tolong', 'rusak_bukan_sinyal', 'sinyal_eror_benar', 'suka_lama_banget', 'tolong_rusak_bukan']"
"['sempurna', 'senang']",[]
"['bagus', 'banget', 'kecuali', 'wivi']","['bagus_banget_kecuali', 'banget_kecuali_wivi']"
"['jujur', 'bagus', 'banget', 'sebelahh', 'grafik', 'bintang', 'lima', 'char', 'cantikk', 'gantengg', 'pokok', 'seru', 'banget', 'semangat', 'yaa', 'papi', 'timi']","['bagus_banget_sebelahh', 'banget_sebelahh_grafik', 'banget_semangat_yaa', 'bintang_lima_char', 'cantikk_gantengg_pokok', 'char_cantikk_gantengg', 'gantengg_pokok_seru', 'grafik_bintang_lima', 'jujur_bagus_banget', 'lima_char_cantikk', 'pokok_seru_banget', 'sebelahh_grafik_bintang', 'semangat_yaa_papi', 'seru_banget_semangat', 'yaa_papi_timi']"
"['ngebug', 'pilih', 'ngeblank', 'muncul']","['ngebug_pilih_ngeblank', 'pilih_ngeblank_muncul']"
"['bnyk', 'bug', 'boss']",['bnyk_bug_boss']
"['benar', 'suka', 'cuma', 'banget', 'update', 'item', 'saran', 'rang', 'para', 'gamer', 'daerah', 'susah', 'ikut', 'beban']","['banget_update_item', 'benar_suka_cuma', 'cuma_banget_update', 'daerah_susah_ikut', 'gamer_daerah_susah', 'item_saran_rang', 'para_gamer_daerah', 'rang_para_gamer', 'saran_rang_para', 'suka_cuma_banget', 'susah_ikut_beban', 'update_item_saran']"
['suru'],[]
"['seru', 'agak', 'lag', 'mungkin', 'sayang', 'kurang', 'dukung', 'penting', 'hd', 'banget', 'sampai', 'tagih', 'bintang', 'lima']","['agak_lag_mungkin', 'banget_sampai_tagih', 'dukung_penting_hd', 'hd_banget_sampai', 'kurang_dukung_penting', 'lag_mungkin_sayang', 'mungkin_sayang_kurang', 'penting_hd_banget', 'sampai_tagih_bintang', 'sayang_kurang_dukung', 'seru_agak_lag', 'tagih_bintang_lima']"
['kalah'],[]
"['gila', 'keren', 'banget']",['gila_keren_banget']
"['himbauan', 'install', 'imbang', 'koneksi', 'putus', 'sudah', 'banyak', 'joki', 'dalam', 'jikalau', 'seru', 'pahit', 'belakang']","['banyak_joki_dalam', 'dalam_jikalau_seru', 'himbauan_install_imbang', 'imbang_koneksi_putus', 'install_imbang_koneksi', 'jikalau_seru_pahit', 'joki_dalam_jikalau', 'koneksi_putus_sudah', 'putus_sudah_banyak', 'seru_pahit_belakang', 'sudah_banyak_joki']"
"['bagus', 'banget']",[]
['natural'],[]
"['buruk', 'update', 'truss', 'sedikit', 'update', 'updategk', 'usah', 'ngabisin', 'ruang', 'stroge', 'uninstal', 'walapun', 'stroge', 'besar', 'males', 'ngabisin', 'kouta', 'paket']","['besar_males_ngabisin', 'buruk_update_truss', 'males_ngabisin_kouta', 'ngabisin_kouta_paket', 'ngabisin_ruang_stroge', 'ruang_stroge_uninstal', 'sedikit_update_updategk', 'stroge_besar_males', 'stroge_uninstal_walapun', 'truss_sedikit_update', 'uninstal_walapun_stroge', 'update_truss_sedikit', 'update_updategk_usah', 'updategk_usah_ngabisin', 'usah_ngabisin_ruang', 'walapun_stroge_besar']"
"['cocok', 'hpku', 'hpku', 'ram', 'berat', 'versi', 'lite', 'mudah', 'lag', 'berat']","['berat_versi_lite', 'cocok_hpku_hpku', 'hpku_hpku_ram', 'hpku_ram_berat', 'lite_mudah_lag', 'mudah_lag_berat', 'ram_berat_versi', 'versi_lite_mudah']"
"['kenapa', 'facebook']",[]
"['kecewa', 'event', 'share', 'codeini', 'semua', 'event', 'code', 'tolong', 'fix', 'huruf', 'sensor', 'rugi', 'share', 'code', 'code', 'sensor', 'tolong', 'beri', 'solusi', 'entah', 'ganti', 'codesistem', 'sensor', 'hilang', 'lama', 'eventcode', 'lebih', 'banyak', 'angka', 'huruf', 'contoh', 'code', 'hdsm', 'huruf', 'sm', 'sensor', 'rugi', 'banget']","['angka_huruf_contoh', 'banyak_angka_huruf', 'beri_solusi_entah', 'code_code_sensor', 'code_hdsm_huruf', 'code_sensor_tolong', 'code_tolong_fix', 'codeini_semua_event', 'codesistem_sensor_hilang', 'contoh_code_hdsm', 'entah_ganti_codesistem', 'event_code_tolong', 'event_share_codeini', 'eventcode_lebih_banyak', 'fix_huruf_sensor', 'ganti_codesistem_sensor', 'hdsm_huruf_sm', 'hilang_lama_eventcode', 'huruf_contoh_code', 'huruf_sensor_rugi', 'huruf_sm_sensor', 'kecewa_event_share', 'lama_eventcode_lebih', 'lebih_banyak_angka', 'rugi_share_code', 'semua_event_code', 'sensor_hilang_lama', 'sensor_rugi_banget', 'sensor_rugi_share', 'sensor_tolong_beri', 'share_code_code', 'share_codeini_semua', 'sm_sensor_rugi', 'solusi_entah_ganti', 'tolong_beri_solusi', 'tolong_fix_huruf']"
"['sinyal', 'penuh', 'be', 'lag', 'heran', 'penuh', 'daerah', 'sinyal', 'bagus']","['be_lag_heran', 'daerah_sinyal_bagus', 'heran_penuh_daerah', 'lag_heran_penuh', 'penuh_be_lag', 'penuh_daerah_sinyal', 'sinyal_penuh_be']"
"['dsini', 'lebih', 'harga', 'banding', 'cuma', 'nyari', 'untung']","['banding_cuma_nyari', 'cuma_nyari_untung', 'dsini_lebih_harga', 'harga_banding_cuma', 'lebih_harga_banding']"
"['adil', 'bagi', 'menang', 'tanding', 'ikut', 'pasti', 'kalah', 'tambah', 'parah', 'sekarang', 'kalah', 'tubi', 'tubi', 'lawan', 'hadap', 'semua', 'bagus', 'skill', 'sementara', 'rekan', 'semua', 'skill', 'rendah', 'macam', 'gerak', 'server', 'banyak', 'cit', 'bot', 'semua']","['adil_bagi_menang', 'bagi_menang_tanding', 'bagus_skill_sementara', 'banyak_cit_bot', 'cit_bot_semua', 'gerak_server_banyak', 'hadap_semua_bagus', 'ikut_pasti_kalah', 'kalah_tambah_parah', 'kalah_tubi_tubi', 'lawan_hadap_semua', 'macam_gerak_server', 'menang_tanding_ikut', 'parah_sekarang_kalah', 'pasti_kalah_tambah', 'rekan_semua_skill', 'rendah_macam_gerak', 'sekarang_kalah_tubi', 'sementara_rekan_semua', 'semua_bagus_skill', 'semua_skill_rendah', 'server_banyak_cit', 'skill_rendah_macam', 'skill_sementara_rekan', 'tambah_parah_sekarang', 'tanding_ikut_pasti', 'tubi_lawan_hadap', 'tubi_tubi_lawan']"
"['moga', 'tingkat', 'performa']",['moga_tingkat_performa']
"['grafik', 'bagus', 'hina']",['grafik_bagus_hina']
"['sudah', 'bagus', 'developer', 'hormat', 'tolong', 'sedia', 'fersi', 'lite', 'hpnya', 'ram', 'gigaan', 'tanpa', 'khawatir', 'ram', 'penuh', 'sekian', 'terimakasih', 'atas', 'kerjasamanya']","['bagus_developer_hormat', 'developer_hormat_tolong', 'fersi_lite_hpnya', 'gigaan_tanpa_khawatir', 'hormat_tolong_sedia', 'hpnya_ram_gigaan', 'khawatir_ram_penuh', 'lite_hpnya_ram', 'penuh_sekian_terimakasih', 'ram_gigaan_tanpa', 'ram_penuh_sekian', 'sedia_fersi_lite', 'sekian_terimakasih_atas', 'sudah_bagus_developer', 'tanpa_khawatir_ram', 'terimakasih_atas_kerjasamanya', 'tolong_sedia_fersi']"
"['selamat', 'datang', 'kau', 'tidur', 'allah', 'home', 'schooling', 'apaapa', 'nantik', 'mlm']","['allah_home_schooling', 'apaapa_nantik_mlm', 'datang_kau_tidur', 'home_schooling_apaapa', 'kau_tidur_allah', 'schooling_apaapa_nantik', 'selamat_datang_kau', 'tidur_allah_home']"
"['ping', 'lag']",[]
"['bagus', 'entah', 'knp', 'tagih', 'sampai', 'mlm', 'henti', 'henti', 'mabar', 'brg', 'teman']","['bagus_entah_knp', 'entah_knp_tagih', 'henti_henti_mabar', 'henti_mabar_brg', 'knp_tagih_sampai', 'mabar_brg_teman', 'mlm_henti_henti', 'sampai_mlm_henti', 'tagih_sampai_mlm']"
"['bagus', 'seru', 'y']",[]
"['bot', 'sampah', 'banget', 'banyakin', 'winstreak', 'butuh', 'naik', 'master']","['banget_banyakin_winstreak', 'banyakin_winstreak_butuh', 'bot_sampah_banget', 'butuh_naik_master', 'sampah_banget_banyakin', 'winstreak_butuh_naik']"
"['bot', 'lawan', 'komputer', 'smw']","['bot_lawan_komputer', 'lawan_komputer_smw']"
"['seru', 'offline']",[]
"['lumayan', 'besar', 'banget', 'sampai', 'lag', 'haduhh', 'hapus', 'sudah']","['banget_sampai_lag', 'besar_banget_sampai', 'haduhh_hapus_sudah', 'lag_haduhh_hapus', 'lumayan_besar_banget', 'sampai_lag_haduhh']"
['seru'],[]
['lewat'],[]
['bagjs'],[]
['anja'],[]
"['cukup', 'bagus']",[]
['keren'],[]
"['appgreatnya', 'ambil', 'mehapus', 'aplikasi']","['ambil_mehapus_aplikasi', 'appgreatnya_ambil_mehapus']"
['mood'],[]
['bagus'],[]
['fomo'],[]
['bagus'],[]
"['tolong', 'developer', 'pasti', 'isi', 'sendiri', 'skin', 'hd', 'otomatis']","['developer_pasti_isi', 'isi_sendiri_skin', 'pasti_isi_sendiri', 'sendiri_skin_hd', 'skin_hd_otomatis', 'tolong_developer_pasti']"
"['tolong', 'masuk', 'fatih', 'offline', 'kapan', 'nyata', 'belum', 'kecewa', 'kapan', 'begitu', 'baru', 'masuk', 'offline', 'bohong']","['baru_masuk_offline', 'begitu_baru_masuk', 'belum_kecewa_kapan', 'fatih_offline_kapan', 'kapan_begitu_baru', 'kapan_nyata_belum', 'kecewa_kapan_begitu', 'masuk_fatih_offline', 'masuk_offline_bohong', 'nyata_belum_kecewa', 'offline_kapan_nyata', 'tolong_masuk_fatih']"
"['pantas', 'gamer']",[]
"['akun', 'utama', 'log', 'facebook', 'skrang', 'log', 'facebook', 'tolong', 'rusak', 'baru', 'naik', 'bintang', 'nanti']","['akun_utama_log', 'baru_naik_bintang', 'facebook_skrang_log', 'facebook_tolong_rusak', 'log_facebook_skrang', 'log_facebook_tolong', 'naik_bintang_nanti', 'rusak_baru_naik', 'skrang_log_facebook', 'tolong_rusak_baru', 'utama_log_facebook']"
['awertyuiopas'],[]
['coba'],[]
"['tolong', 'benar', 'masa', 'diamon', 'buta', 'buta', 'buta', 'land', 'naik', 'ngestack', 'dm', 'pasti', 'kalah', 'berapa', 'report', 'tetap', 'ayo', 'tolong', 'kompak', 'gitu', 'jangan', 'buta', 'buta', 'land']","['ayo_tolong_kompak', 'benar_masa_diamon', 'berapa_report_tetap', 'buta_buta_buta', 'buta_buta_land', 'buta_land_naik', 'diamon_buta_buta', 'dm_pasti_kalah', 'gitu_jangan_buta', 'jangan_buta_buta', 'kalah_berapa_report', 'kompak_gitu_jangan', 'land_naik_ngestack', 'masa_diamon_buta', 'naik_ngestack_dm', 'ngestack_dm_pasti', 'pasti_kalah_berapa', 'report_tetap_ayo', 'tetap_ayo_tolong', 'tolong_benar_masa', 'tolong_kompak_gitu']"
"['bagus', 'pasti', 'updatenya', 'banyak', 'skin', 'baru', 'beri', 'bintang', 'gravitasi', 'bagus', 'karakter', 'bagus', 'suka', 'sekian', 'jelas', 'informasi', 'terimakasih', 'sudah', 'datang', 'dengar', 'king', 'terimakasih', 'sudah', 'banyak', 'skin', 'baru', 'skin', 'gratis', 'terimakasih', 'semua', 'assalamualaikum']","['bagus_karakter_bagus', 'bagus_pasti_updatenya', 'bagus_suka_sekian', 'banyak_skin_baru', 'baru_beri_bintang', 'baru_skin_gratis', 'beri_bintang_gravitasi', 'bintang_gravitasi_bagus', 'datang_dengar_king', 'dengar_king_terimakasih', 'gratis_terimakasih_semua', 'gravitasi_bagus_karakter', 'informasi_terimakasih_sudah', 'jelas_informasi_terimakasih', 'karakter_bagus_suka', 'king_terimakasih_sudah', 'pasti_updatenya_banyak', 'sekian_jelas_informasi', 'skin_baru_beri', 'skin_baru_skin', 'skin_gratis_terimakasih', 'sudah_banyak_skin', 'sudah_datang_dengar', 'suka_sekian_jelas', 'terimakasih_semua_assalamualaikum', 'terimakasih_sudah_banyak', 'terimakasih_sudah_datang', 'updatenya_banyak_skin']"
"['gelap', 'matching', 'ranked', 'lihat', 'level', 'bawah', 'bareng', 'ranked', 'level', 'master', 'playernya', 'rata', 'rata', 'hancur', 'beranta', 'sistematis', 'baru']","['bareng_ranked_level', 'bawah_bareng_ranked', 'beranta_sistematis_baru', 'gelap_matching_ranked', 'hancur_beranta_sistematis', 'level_bawah_bareng', 'level_master_playernya', 'lihat_level_bawah', 'master_playernya_rata', 'matching_ranked_lihat', 'playernya_rata_rata', 'ranked_level_master', 'ranked_lihat_level', 'rata_hancur_beranta', 'rata_rata_hancur']"
['bgus'],[]
"['kenapa', 'update', 'ngga']",['kenapa_update_ngga']
"['bagus', 'kurang']",[]
[],[]
"['bagus', 'banget', 'suka', 'walaupun', 'butuh', 'memori', 'banyak', 'gp', 'bayar', 'bagus']","['bagus_banget_suka', 'banget_suka_walaupun', 'banyak_gp_bayar', 'butuh_memori_banyak', 'gp_bayar_bagus', 'memori_banyak_gp', 'suka_walaupun_butuh', 'walaupun_butuh_memori']"
"['gaem', 'seru', 'bahkan', 'viktori']","['gaem_seru_bahkan', 'seru_bahkan_viktori']"
"['lebih', 'bagus', 'auto', 'hapus']","['bagus_auto_hapus', 'lebih_bagus_auto']"
"['jujur', 'kecewa', 'buruk', 'sampai', 'hampir', 'tujuh', 'gb', 'blm', 'semua', 'grafikny', 'lumayan', 'bgus', 'beda', 'beda', 'rate', 'segitu', 'keren', 'keren', 'bnyk', 'skill', 'keren', 'cuma', 'boros']","['beda_beda_rate', 'beda_rate_segitu', 'bgus_beda_beda', 'blm_semua_grafikny', 'bnyk_skill_keren', 'buruk_sampai_hampir', 'gb_blm_semua', 'grafikny_lumayan_bgus', 'hampir_tujuh_gb', 'jujur_kecewa_buruk', 'kecewa_buruk_sampai', 'keren_bnyk_skill', 'keren_cuma_boros', 'keren_keren_bnyk', 'lumayan_bgus_beda', 'rate_segitu_keren', 'sampai_hampir_tujuh', 'segitu_keren_keren', 'semua_grafikny_lumayan', 'skill_keren_cuma', 'tujuh_gb_blm']"
['bagus'],[]
"['keysha', 'arum', 'rinjani']",['keysha_arum_rinjani']
"['mending', 'walau', 'banyak', 'gelap', 'lebih', 'seru', 'skin', 'bagus', 'grafik', 'bagus', 'hbis', 'update', 'tambah', 'lag', 'kalu', 'hampir', 'parah']","['bagus_grafik_bagus', 'bagus_hbis_update', 'banyak_gelap_lebih', 'gelap_lebih_seru', 'grafik_bagus_hbis', 'hbis_update_tambah', 'kalu_hampir_parah', 'lag_kalu_hampir', 'lebih_seru_skin', 'mending_walau_banyak', 'seru_skin_bagus', 'skin_bagus_grafik', 'tambah_lag_kalu', 'update_tambah_lag', 'walau_banyak_gelap']"
"['seru', 'banget', 'ivent', 'tarik', 'semuaa', 'pelit', 'pelit', 'nyepin', 'hoki', 'recomended', 'banget', 'love', 'youu']","['banget_ivent_tarik', 'banget_love_youu', 'hoki_recomended_banget', 'ivent_tarik_semuaa', 'nyepin_hoki_recomended', 'pelit_nyepin_hoki', 'pelit_pelit_nyepin', 'recomended_banget_love', 'semuaa_pelit_pelit', 'seru_banget_ivent', 'tarik_semuaa_pelit']"
['good'],[]
"['no', 'coment']",[]
['seru'],[]
"['habis', 'update', 'masuk', 'sudah', 'tunggu', 'lama', 'mas', 'tetap', 'masuk', 'sudah', 'bagus']","['habis_update_masuk', 'lama_mas_tetap', 'mas_tetap_masuk', 'masuk_sudah_bagus', 'masuk_sudah_tunggu', 'sudah_tunggu_lama', 'tetap_masuk_sudah', 'tunggu_lama_mas', 'update_masuk_sudah']"
"['menu', 'report', 'makin', 'buruk', 'deteksi', 'ai', 'pajang']","['buruk_deteksi_ai', 'deteksi_ai_pajang', 'makin_buruk_deteksi', 'menu_report_makin', 'report_makin_buruk']"
"['lebih', 'sempurna', 'emel']",['lebih_sempurna_emel']
"['selamat', 'siangsore', 'kembang', 'king', 'suka', 'uni', 'beda', 'jelas', 'namun', 'alami', 'masalah', 'sinyal', 'lag', 'medan', 'tempur', 'harap', 'kembang', 'baik', 'masalah', 'alam', 'lebih', 'lancar', 'senang', 'tolong', 'tetap', 'tahan', 'uni', 'jangan', 'ikut', 'lain', 'milik', 'kurang', 'terimakasih', 'atas', 'perhati', 'kerja', 'keras']","['alam_lebih_lancar', 'alami_masalah_sinyal', 'atas_perhati_kerja', 'baik_masalah_alam', 'beda_jelas_namun', 'harap_kembang_baik', 'ikut_lain_milik', 'jangan_ikut_lain', 'jelas_namun_alami', 'kembang_baik_masalah', 'kembang_king_suka', 'king_suka_uni', 'kurang_terimakasih_atas', 'lag_medan_tempur', 'lain_milik_kurang', 'lancar_senang_tolong', 'lebih_lancar_senang', 'masalah_alam_lebih', 'masalah_sinyal_lag', 'medan_tempur_harap', 'milik_kurang_terimakasih', 'namun_alami_masalah', 'perhati_kerja_keras', 'selamat_siangsore_kembang', 'senang_tolong_tetap', 'siangsore_kembang_king', 'sinyal_lag_medan', 'suka_uni_beda', 'tahan_uni_jangan', 'tempur_harap_kembang', 'terimakasih_atas_perhati', 'tetap_tahan_uni', 'tolong_tetap_tahan', 'uni_beda_jelas', 'uni_jangan_ikut']"
"['bagus', 'koneksi', 'internetnya', 'lancar', 'fps', 'turun', 'drastis', 'wifi', 'tetap', 'fpsnya', 'turun', 'sampai', 'turunin', 'grafis', 'grafis', 'dijadiin', 'standar', 'tetap', 'fps', 'ubah', 'kadang', 'keluar', 'baru', 'masuk', 'loading', 'dadak', 'keluar', 'tolong', 'developer', 'baik', 'bagi', 'fps', 'bug', 'keluar', 'bagi', 'loading', 'suka', 'dadak', 'keluar', 'sendiri']","['bagi_fps_bug', 'bagi_loading_suka', 'bagus_koneksi_internetnya', 'baik_bagi_fps', 'baru_masuk_loading', 'bug_keluar_bagi', 'dadak_keluar_sendiri', 'dadak_keluar_tolong', 'developer_baik_bagi', 'dijadiin_standar_tetap', 'drastis_wifi_tetap', 'fps_bug_keluar', 'fps_turun_drastis', 'fps_ubah_kadang', 'fpsnya_turun_sampai', 'grafis_dijadiin_standar', 'grafis_grafis_dijadiin', 'internetnya_lancar_fps', 'kadang_keluar_baru', 'keluar_bagi_loading', 'keluar_baru_masuk', 'keluar_tolong_developer', 'koneksi_internetnya_lancar', 'lancar_fps_turun', 'loading_dadak_keluar', 'loading_suka_dadak', 'masuk_loading_dadak', 'sampai_turunin_grafis', 'standar_tetap_fps', 'suka_dadak_keluar', 'tetap_fps_ubah', 'tetap_fpsnya_turun', 'tolong_developer_baik', 'turun_drastis_wifi', 'turun_sampai_turunin', 'turunin_grafis_grafis', 'ubah_kadang_keluar', 'wifi_tetap_fpsnya']"
"['sudah', 'bagus', 'banget', 'segi', 'grafik', 'and', 'sudah', 'oke', 'banget', 'update', 'size', 'naek', 'sudah', 'sudah', 'gb', 'lama', 'lama', 'size', 'sudah', 'genshin']","['and_sudah_oke', 'bagus_banget_segi', 'banget_segi_grafik', 'banget_update_size', 'gb_lama_lama', 'grafik_and_sudah', 'lama_lama_size', 'lama_size_sudah', 'naek_sudah_sudah', 'oke_banget_update', 'segi_grafik_and', 'size_naek_sudah', 'size_sudah_genshin', 'sudah_bagus_banget', 'sudah_gb_lama', 'sudah_oke_banget', 'sudah_sudah_gb', 'update_size_naek']"
['gamebabi'],[]
['tagih'],[]
"['bguz', 'bngt']",[]
"['suka', 'top', 'up', 'indomaret', 'alfamart', 'sedia', 'sebut', 'biasa', 'top', 'up', 'selalu', 'situ', 'tambakan', 'biar', 'top', 'up', 'indomaret', 'alfamart']","['alfamart_sedia_sebut', 'biar_top_up', 'biasa_top_up', 'indomaret_alfamart_sedia', 'sebut_biasa_top', 'sedia_sebut_biasa', 'selalu_situ_tambakan', 'situ_tambakan_biar', 'suka_top_up', 'tambakan_biar_top', 'top_up_indomaret', 'top_up_selalu', 'up_indomaret_alfamart', 'up_selalu_situ']"
['jelrk'],[]
"['engga', 'masuk', 'lancar', 'lag', 'engga', 'pencet', 'masuk']","['engga_masuk_lancar', 'engga_pencet_masuk', 'lag_engga_pencet', 'lancar_lag_engga', 'masuk_lancar_lag']"
"['lag', 'akhir', 'kalah', 'tolong', 'baik', 'makin', 'mkin', 'gede', 'uda', 'update', 'baharu']","['akhir_kalah_tolong', 'baik_makin_mkin', 'gede_uda_update', 'kalah_tolong_baik', 'lag_akhir_kalah', 'makin_mkin_gede', 'mkin_gede_uda', 'tolong_baik_makin', 'uda_update_baharu']"
"['berirating', 'aplikasi']",[]
"['bagus', 'duka', 'banget', 'kin']","['bagus_duka_banget', 'duka_banget_kin']"
"['ying', 'makin', 'suka', 'dia']","['makin_suka_dia', 'ying_makin_suka']"
"['bagi', 'cocok', 'hpnya', 'super', 'lag', 'pasti', 'gampang', 'kalah']","['bagi_cocok_hpnya', 'cocok_hpnya_super', 'hpnya_super_lag', 'lag_pasti_gampang', 'pasti_gampang_kalah', 'super_lag_pasti']"
"['suka', 'sesuai', 'inspirasi']",['suka_sesuai_inspirasi']
['baik'],[]
"['mantap', 'banget', 'dh']",['mantap_banget_dh']
"['bagus', 'baru', 'pertama', 'mainin', 'bingung', 'sendiri', 'tagih']","['bagus_baru_pertama', 'baru_pertama_mainin', 'bingung_sendiri_tagih', 'mainin_bingung_sendiri', 'pertama_mainin_bingung']"
"['ngajak', 'teman', 'mabar']",['ngajak_teman_mabar']
"['kereen', 'abngku', 'agak', 'lag', 'sedikit', 'kentang']","['abngku_agak_lag', 'agak_lag_sedikit', 'kereen_abngku_agak', 'lag_sedikit_kentang']"
['lumayan'],[]
['good'],[]
['bagus'],[]
"['bagus', 'masa', 'versi', 'baru', 'masa', 'donwlod', 'ngabisin', 'paket', 'iya', 'ngisi', 'banyak', 'sedikit', 'boros', 'suka', 'klok', 'enak', 'klok', 'ad', 'versi', 'baru', 'jangan', 'suru', 'danwlod', 'napa', 'capek', 'soalnyatpi', 'tetap', 'bagus', 'tetap', 'suka', 'terimakasih', 'ulas', 'terimakasih', 'bgi', 'sudah']","['ad_versi_baru', 'bagus_masa_versi', 'bagus_tetap_suka', 'banyak_sedikit_boros', 'baru_jangan_suru', 'baru_masa_donwlod', 'boros_suka_klok', 'capek_soalnyatpi_tetap', 'danwlod_napa_capek', 'donwlod_ngabisin_paket', 'enak_klok_ad', 'iya_ngisi_banyak', 'jangan_suru_danwlod', 'klok_ad_versi', 'klok_enak_klok', 'masa_donwlod_ngabisin', 'masa_versi_baru', 'napa_capek_soalnyatpi', 'ngabisin_paket_iya', 'ngisi_banyak_sedikit', 'paket_iya_ngisi', 'sedikit_boros_suka', 'soalnyatpi_tetap_bagus', 'suka_klok_enak', 'suka_terimakasih_ulas', 'suru_danwlod_napa', 'terimakasih_bgi_sudah', 'terimakasih_ulas_terimakasih', 'tetap_bagus_tetap', 'tetap_suka_terimakasih', 'ulas_terimakasih_bgi', 'versi_baru_jangan', 'versi_baru_masa']"
"['lebih', 'suka', 'licin', 'lai']","['lebih_suka_licin', 'suka_licin_lai']"
"['rusak', 'anak']",[]
"['personal', 'sedikit', 'saran', 'mungkin', 'acara', 'event', 'kbnykn', 'prizepool', 'kurang', 'guna', 'suka', 'bagaimana', 'ikut', 'event', 'selalu', 'update', 'quest', 'tanpa', 'selesai', 'quest', 'event', 'jujur', 'baru', 'minggu', 'lalu', 'mungkin', 'senang', 'event', 'quest', 'semua', 'selesai', 'semua', 'prizepool', 'peretel', 'kurang', 'guna', 'terimakasih']","['acara_event_kbnykn', 'bagaimana_ikut_event', 'baru_minggu_lalu', 'event_jujur_baru', 'event_kbnykn_prizepool', 'event_quest_semua', 'event_selalu_update', 'guna_suka_bagaimana', 'ikut_event_selalu', 'jujur_baru_minggu', 'kbnykn_prizepool_kurang', 'kurang_guna_suka', 'kurang_guna_terimakasih', 'lalu_mungkin_senang', 'minggu_lalu_mungkin', 'mungkin_acara_event', 'mungkin_senang_event', 'peretel_kurang_guna', 'personal_sedikit_saran', 'prizepool_kurang_guna', 'prizepool_peretel_kurang', 'quest_event_jujur', 'quest_semua_selesai', 'quest_tanpa_selesai', 'saran_mungkin_acara', 'sedikit_saran_mungkin', 'selalu_update_quest', 'selesai_quest_event', 'selesai_semua_prizepool', 'semua_prizepool_peretel', 'semua_selesai_semua', 'senang_event_quest', 'suka_bagaimana_ikut', 'tanpa_selesai_quest', 'update_quest_tanpa']"
"['makin', 'update', 'bukan', 'tambah', 'smoot', 'tambah', 'parah', 'makin', 'lambat', 'lag', 'parah', 'update', 'tinggal', 'berapa', 'minta', 'update', 'ulang', 'resah', 'dak', 'buang']","['berapa_minta_update', 'bukan_tambah_smoot', 'lag_parah_update', 'lambat_lag_parah', 'makin_lambat_lag', 'makin_update_bukan', 'minta_update_ulang', 'parah_makin_lambat', 'parah_update_tinggal', 'resah_dak_buang', 'smoot_tambah_parah', 'tambah_parah_makin', 'tambah_smoot_tambah', 'tinggal_berapa_minta', 'ulang_resah_dak', 'update_bukan_tambah', 'update_tinggal_berapa', 'update_ulang_resah']"
"['lag', 'banget']",[]
"['mudah', 'mudah', 'paham', 'ringan']","['mudah_mudah_paham', 'mudah_paham_ringan']"
"['masuk', 'akun', 'utama', 'banyak', 'skin', 'efek', 'recall', 'voice', 'actor', 'hilang', 'susah', 'payah', 'event', 'mohon', 'bantu', 'hal']","['actor_hilang_susah', 'akun_utama_banyak', 'banyak_skin_efek', 'efek_recall_voice', 'event_mohon_bantu', 'hilang_susah_payah', 'masuk_akun_utama', 'mohon_bantu_hal', 'payah_event_mohon', 'recall_voice_actor', 'skin_efek_recall', 'susah_payah_event', 'utama_banyak_skin', 'voice_actor_hilang']"
"['belum', 'pernah', 'bagus']",['belum_pernah_bagus']
['keren'],[]
"['bagus', 'animasi', 'terlalu', 'berat', 'lag', 'parah']","['animasi_terlalu_berat', 'bagus_animasi_terlalu', 'berat_lag_parah', 'terlalu_berat_lag']"
"['banyak', 'gelap', 'lebih', 'parah', 'kabur', 'musuh', 'butut']","['banyak_gelap_lebih', 'gelap_lebih_parah', 'kabur_musuh_butut', 'lebih_parah_kabur', 'parah_kabur_musuh']"
"['banyak', 'keluar', 'skin', 'long', 'pelit', 'amat']","['banyak_keluar_skin', 'keluar_skin_long', 'long_pelit_amat', 'skin_long_pelit']"
"['tiru', 'pantas', 'haru', 'play', 'store', 'hapus', 'dunia', 'kreatif']","['hapus_dunia_kreatif', 'haru_play_store', 'pantas_haru_play', 'play_store_hapus', 'store_hapus_dunia', 'tiru_pantas_haru']"
"['fps', 'drop', 'sampai', 'fps', 'minimal']","['drop_sampai_fps', 'fps_drop_sampai', 'sampai_fps_minimal']"
"['minimal', 'rekomendasi', 'latih', 'guna', 'skinnya', 'buka', 'semua', 'biar', 'makin', 'semangat', 'latih', 'laku', 'practice', 'latih']","['biar_makin_semangat', 'buka_semua_biar', 'guna_skinnya_buka', 'laku_practice_latih', 'latih_guna_skinnya', 'latih_laku_practice', 'makin_semangat_latih', 'minimal_rekomendasi_latih', 'rekomendasi_latih_guna', 'semangat_latih_laku', 'semua_biar_makin', 'skinnya_buka_semua']"
"['update', 'ko', 'nurun', 'tadi', 'master', 'turun', 'diamon', 'gi', 'mana']","['diamon_gi_mana', 'ko_nurun_tadi', 'master_turun_diamon', 'nurun_tadi_master', 'tadi_master_turun', 'turun_diamon_gi', 'update_ko_nurun']"
"['tolong', 'baik', 'masalah', 'bagus', 'lag', 'anehh', 'ampe', 'merah', 'pingnya', 'full', 'kadang', 'paksa', 'afk', 'parah', 'banget', 'lagnya', 'buka', 'apk', 'lain', 'lancar', 'jaya', 'lag', 'masalah', 'pernah', 'diperhatiin', 'males']","['afk_parah_banget', 'ampe_merah_pingnya', 'anehh_ampe_merah', 'apk_lain_lancar', 'bagus_lag_anehh', 'baik_masalah_bagus', 'banget_lagnya_buka', 'buka_apk_lain', 'full_kadang_paksa', 'jaya_lag_masalah', 'kadang_paksa_afk', 'lag_anehh_ampe', 'lag_masalah_pernah', 'lagnya_buka_apk', 'lain_lancar_jaya', 'lancar_jaya_lag', 'masalah_bagus_lag', 'masalah_pernah_diperhatiin', 'merah_pingnya_full', 'paksa_afk_parah', 'parah_banget_lagnya', 'pernah_diperhatiin_males', 'pingnya_full_kadang', 'tolong_baik_masalah']"
['bagus'],[]
"['coba', 'collab', 'anime', 'lain', 'fairy', 'tail', 'demon', 'slayer', 'dragonball', 'jangan', 'ngikutin', 'legends', 'bb', 'cari', 'anime', 'belum', 'collab', 'dgn']","['anime_belum_collab', 'anime_lain_fairy', 'bb_cari_anime', 'belum_collab_dgn', 'cari_anime_belum', 'coba_collab_anime', 'collab_anime_lain', 'demon_slayer_dragonball', 'dragonball_jangan_ngikutin', 'fairy_tail_demon', 'jangan_ngikutin_legends', 'lain_fairy_tail', 'legends_bb_cari', 'ngikutin_legends_bb', 'slayer_dragonball_jangan', 'tail_demon_slayer']"
"['masalah', 'buka', 'event', 'cukup', 'menggangu', 'alam', 'namun', 'overall', 'cukup', 'baik']","['alam_namun_overall', 'buka_event_cukup', 'cukup_menggangu_alam', 'event_cukup_menggangu', 'masalah_buka_event', 'menggangu_alam_namun', 'namun_overall_cukup', 'overall_cukup_baik']"
"['niru', 'niru', 'wadidaw']",['niru_niru_wadidaw']
"['grok', 'ramli', 'like', 'you', 'semua', 'tean', 'dia', 'hemat', 'bagus']","['dia_hemat_bagus', 'grok_ramli_like', 'like_you_semua', 'ramli_like_you', 'semua_tean_dia', 'tean_dia_hemat', 'you_semua_tean']"
"['kenapa', 'sandi', 'benar']",['kenapa_sandi_benar']
"['kaku', 'banget', 'bagus', 'percuma']","['banget_bagus_percuma', 'kaku_banget_bagus']"
"['wajar', 'sepi', 'bagi', 'jls', 'kdng', 'musuh', 'kuat', 'sedangkn', 'komputer', 'ap', 'klh']","['bagi_jls_kdng', 'jls_kdng_musuh', 'kdng_musuh_kuat', 'komputer_ap_klh', 'kuat_sedangkn_komputer', 'musuh_kuat_sedangkn', 'sedangkn_komputer_ap', 'sepi_bagi_jls', 'wajar_sepi_bagi']"
"['taik', 'lh', 'king', 'hampir', 'bagus', 'tolong', 'lh', 'mana', 'maju', 'keluh', 'para', 'tanggap']","['bagus_tolong_lh', 'hampir_bagus_tolong', 'keluh_para_tanggap', 'king_hampir_bagus', 'lh_king_hampir', 'lh_mana_maju', 'maju_keluh_para', 'mana_maju_keluh', 'taik_lh_king', 'tolong_lh_mana']"
"['nyoba', 'nyoba', 'baru', 'loading', 'hasil', 'tanding', 'bagus', 'banget', 'grafik', 'ultra', 'anti', 'lag', 'sayang', 'banget', 'minat', 'kurang', 'baru', 'skin', 'jujutsu']","['anti_lag_sayang', 'bagus_banget_grafik', 'banget_grafik_ultra', 'banget_minat_kurang', 'baru_loading_hasil', 'baru_skin_jujutsu', 'grafik_ultra_anti', 'hasil_tanding_bagus', 'kurang_baru_skin', 'lag_sayang_banget', 'loading_hasil_tanding', 'minat_kurang_baru', 'nyoba_baru_loading', 'nyoba_nyoba_baru', 'sayang_banget_minat', 'tanding_bagus_banget', 'ultra_anti_lag']"
"['gaperlu', 'jelasin', 'seru', 'banget']","['gaperlu_jelasin_seru', 'jelasin_seru_banget']"
"['useless', 'uninstall']",[]
"['moga', 'update', 'mendownload', 'butuh', 'size', 'king', 'lebih', 'ringan', 'bawah', 'gb']","['butuh_size_king', 'king_lebih_ringan', 'lebih_ringan_bawah', 'mendownload_butuh_size', 'moga_update_mendownload', 'ringan_bawah_gb', 'size_king_lebih', 'update_mendownload_butuh']"
"['bagus', 'banget', 'ktm', 'musuh', 'akun', 'smurfs']","['bagus_banget_ktm', 'banget_ktm_musuh', 'ktm_musuh_akun', 'musuh_akun_smurfs']"
"['seru', 'banget', 'lho', 'banyak', 'cinta']","['banget_lho_banyak', 'lho_banyak_cinta', 'seru_banget_lho']"
"['this', 'good', 'but', 'too', 'late', 'come', 'global', 'really', 'hope', 'community', 'become', 'bigger', 'bcs', 'also', 'enjoy', 'content', 'but', 'm', 'bit', 'unsure']","['also_enjoy_content', 'bcs_also_enjoy', 'become_bigger_bcs', 'bigger_bcs_also', 'but_bit_unsure', 'but_too_late', 'come_global_really', 'community_become_bigger', 'content_but_bit', 'enjoy_content_but', 'global_really_hope', 'good_but_too', 'hope_community_become', 'late_come_global', 'really_hope_community', 'this_good_but', 'too_late_come']"
"['buruk', 'efek', 'slow']",['buruk_efek_slow']
['bagus'],[]
"['musuh', 'full', 'bot', 'makin', 'makin', 'lucu', 'bang', 'beri', 'bot', 'dua', 'jangan', 'satu']","['bang_beri_bot', 'beri_bot_dua', 'bot_dua_jangan', 'bot_makin_makin', 'dua_jangan_satu', 'full_bot_makin', 'lucu_bang_beri', 'makin_lucu_bang', 'makin_makin_lucu', 'musuh_full_bot']"
['bagus'],[]
"['gax', 'ngotak', 'minimal', 'ngalirnya', 'kuota', 'mbs', 'jirr', 'mah', 'niat', 'banget', 'ngehabisin', 'dwit']","['banget_ngehabisin_dwit', 'gax_ngotak_minimal', 'jirr_mah_niat', 'kuota_mbs_jirr', 'mah_niat_banget', 'mbs_jirr_mah', 'minimal_ngalirnya_kuota', 'ngalirnya_kuota_mbs', 'ngotak_minimal_ngalirnya', 'niat_banget_ngehabisin']"
"['tolong', 'baik', 'suka', 'ngebug', 'tahap', 'menginstal', 'lama', 'tampil', 'skin', 'hd', 'hampir', 'tengah', 'nunggu', 'satu', 'kelar', 'kelar']","['baik_suka_ngebug', 'hampir_tengah_nunggu', 'hd_hampir_tengah', 'lama_tampil_skin', 'menginstal_lama_tampil', 'ngebug_tahap_menginstal', 'nunggu_satu_kelar', 'satu_kelar_kelar', 'skin_hd_hampir', 'suka_ngebug_tahap', 'tahap_menginstal_lama', 'tampil_skin_hd', 'tengah_nunggu_satu', 'tolong_baik_suka']"
"['kpd', 'developer', 'masalah', 'suara', 'audio', 'siar', 'musik', 'backsoundnya', 'putusputus', 'jelas', 'dengung', 'gaung', 'akun', 'dihack', 'sandi', 'dipakaisungguh', 'jengkel']","['akun_dihack_sandi', 'audio_siar_musik', 'backsoundnya_putusputus_jelas', 'dengung_gaung_akun', 'developer_masalah_suara', 'dihack_sandi_dipakaisungguh', 'gaung_akun_dihack', 'jelas_dengung_gaung', 'kpd_developer_masalah', 'masalah_suara_audio', 'musik_backsoundnya_putusputus', 'putusputus_jelas_dengung', 'sandi_dipakaisungguh_jengkel', 'siar_musik_backsoundnya', 'suara_audio_siar']"
"['dana', 'firman', 'maulana']",['dana_firman_maulana']
"['busuk', 'gelap', 'lawan', 'mabar', 'adil', 'cari', 'lawan', 'kawan', 'smntara', 'b', 'season', 'lanjut', 'sudah', 'benar', 'rating']","['adil_cari_lawan', 'busuk_gelap_lawan', 'cari_lawan_kawan', 'gelap_lawan_mabar', 'kawan_smntara_season', 'lanjut_sudah_benar', 'lawan_kawan_smntara', 'lawan_mabar_adil', 'mabar_adil_cari', 'season_lanjut_sudah', 'smntara_season_lanjut', 'sudah_benar_rating']"
['bagus'],[]
"['not', 'balanced', 'too', 'much', 'overlap']","['balanced_too_much', 'not_balanced_too', 'too_much_overlap']"
"['oke', 'sportif', 'adil', 'tanggung', 'jwb']","['adil_tanggung_jwb', 'oke_sportif_adil', 'sportif_adil_tanggung']"
['kerenn'],[]
"['kenapa', 'naik', 'level', 'pasti', 'lema', 'hapus', 'sampah']","['kenapa_naik_level', 'lema_hapus_sampah', 'level_pasti_lema', 'naik_level_pasti', 'pasti_lema_hapus']"
"['bagus', 'kyk', 'moga', 'makin']","['bagus_kyk_moga', 'kyk_moga_makin']"
"['iya', 'skin', 'gratis', 'lebih', 'enak', 'gitu', 'tooll']","['enak_gitu_tooll', 'gratis_lebih_enak', 'iya_skin_gratis', 'lebih_enak_gitu', 'skin_gratis_lebih']"
['lumayan'],[]
"['kecewa', 'akun', 'hilang', 'gmail', 'lupa', 'password', 'verifikasi', 'langkah', 'sedang', 'rusak', 'mati', 'total', 'coba', 'pulih', 'akun', 'tolak', 'asih', 'bukti', 'mampu', 'nomor', 'telepon', 'gmail', 'kenapa', 'log', 'gmail', 'akun', 'sayang', 'hilang', 'begitu', 'sampah', 'suka', 'kecewa']","['akun_hilang_gmail', 'akun_sayang_hilang', 'akun_tolak_asih', 'asih_bukti_mampu', 'begitu_sampah_suka', 'bukti_mampu_nomor', 'coba_pulih_akun', 'gmail_akun_sayang', 'gmail_kenapa_log', 'gmail_lupa_password', 'hilang_begitu_sampah', 'hilang_gmail_lupa', 'kecewa_akun_hilang', 'kenapa_log_gmail', 'langkah_sedang_rusak', 'log_gmail_akun', 'lupa_password_verifikasi', 'mampu_nomor_telepon', 'mati_total_coba', 'nomor_telepon_gmail', 'password_verifikasi_langkah', 'pulih_akun_tolak', 'rusak_mati_total', 'sampah_suka_kecewa', 'sayang_hilang_begitu', 'sedang_rusak_mati', 'telepon_gmail_kenapa', 'tolak_asih_bukti', 'total_coba_pulih', 'verifikasi_langkah_sedang']"
"['bagus', 'plagiat']",[]
['mantap'],[]
[],[]
"['semua', 'bagus', 'baik', 'featured', 'unique', 'thing', 'etc', 'namun', 'mohon', 'filenya', 'pisah', 'kompetitor', 'filenya', 'update', 'pisah', 'didownload', 'belum', 'rilis', 'ganggu', 'tibatiba', 'ganggu', 'tunggu', 'patch', 'baru', 'lama', 'periksa', 'sumber', 'daya', 'harap', 'patch', 'baru', 'belum', 'rilis', 'kga', 'tunggu']","['bagus_baik_featured', 'baik_featured_unique', 'baru_belum_rilis', 'baru_lama_periksa', 'belum_rilis_ganggu', 'belum_rilis_kga', 'daya_harap_patch', 'didownload_belum_rilis', 'etc_namun_mohon', 'featured_unique_thing', 'filenya_pisah_kompetitor', 'filenya_update_pisah', 'ganggu_tibatiba_ganggu', 'ganggu_tunggu_patch', 'harap_patch_baru', 'kompetitor_filenya_update', 'lama_periksa_sumber', 'mohon_filenya_pisah', 'namun_mohon_filenya', 'patch_baru_belum', 'patch_baru_lama', 'periksa_sumber_daya', 'pisah_didownload_belum', 'pisah_kompetitor_filenya', 'rilis_ganggu_tibatiba', 'rilis_kga_tunggu', 'semua_bagus_baik', 'sumber_daya_harap', 'thing_etc_namun', 'tibatiba_ganggu_tunggu', 'tunggu_patch_baru', 'unique_thing_etc', 'update_pisah_didownload']"
"['loadingnya', 'lama', 'banget']",['loadingnya_lama_banget']
"['bagus', 'matan', 'voic', 'busuk']","['bagus_matan_voic', 'matan_voic_busuk']"
['bagus'],[]
"['anjing', 'banyak', 'update', 'tolol', 'lama', 'kyk']","['anjing_banyak_update', 'banyak_update_tolol', 'tolol_lama_kyk', 'update_tolol_lama']"
['ayik'],[]
"['lebih', 'seru']",[]
"['masalah', 'belum', 'sudah', 'selesai', 'masalahbug', 'baru', 'satu', 'suruh', 'ulang', 'cek', 'info', 'aplikasi', 'ukur', 'semua', 'gb', 'full', 'suruh']","['aplikasi_ukur_semua', 'baru_satu_suruh', 'belum_sudah_selesai', 'cek_info_aplikasi', 'gb_full_suruh', 'info_aplikasi_ukur', 'masalah_belum_sudah', 'masalahbug_baru_satu', 'satu_suruh_ulang', 'selesai_masalahbug_baru', 'semua_gb_full', 'sudah_selesai_masalahbug', 'suruh_ulang_cek', 'ukur_semua_gb', 'ulang_cek_info']"
"['fomo', 'bukan', 'seru', 'lebih', 'bagus']","['bukan_seru_lebih', 'fomo_bukan_seru', 'seru_lebih_bagus']"
"['aga', 'lol', 'pindah', 'hahaha', 'enyah', 'lo']","['aga_lol_pindah', 'hahaha_enyah_lo', 'lol_pindah_hahaha', 'pindah_hahaha_enyah']"
"['bagus', 'nyangkut', 'masuk', 'muat', 'harap', 'tunggu']","['bagus_nyangkut_masuk', 'masuk_muat_harap', 'muat_harap_tunggu', 'nyangkut_masuk_muat']"
"['baru', 'instal', 'langsung', 'bosan', 'lawan', 'terlalu', 'jago', 'sementara', 'bot']","['baru_instal_langsung', 'bosan_lawan_terlalu', 'instal_langsung_bosan', 'jago_sementara_bot', 'langsung_bosan_lawan', 'lawan_terlalu_jago', 'terlalu_jago_sementara']"
"['banyak', 'update', 'unduh', 'dalam', 'sudah', 'stuck', 'kencang', 'suruh', 'usah']","['banyak_update_unduh', 'dalam_sudah_stuck', 'kencang_suruh_usah', 'stuck_kencang_suruh', 'sudah_stuck_kencang', 'unduh_dalam_sudah', 'update_unduh_dalam']"
['bagus'],[]
['bagus'],[]
"['update', 'lama', 'pasang', 'sudah', 'njir']","['lama_pasang_sudah', 'pasang_sudah_njir', 'update_lama_pasang']"
['burir'],[]
"['habis', 'reset', 'season', 'fps', 'susah', 'banget', 'stabil', 'belum', 'reset', 'stabil', 'fps', 'sekarang', 'drop', 'bahkan', 'lebih', 'rendah', 'jalanjalan', 'ngefreeze', 'detik', 'fix', 'dev']","['bahkan_lebih_rendah', 'banget_stabil_belum', 'belum_reset_stabil', 'detik_fix_dev', 'drop_bahkan_lebih', 'fps_sekarang_drop', 'fps_susah_banget', 'habis_reset_season', 'jalanjalan_ngefreeze_detik', 'lebih_rendah_jalanjalan', 'ngefreeze_detik_fix', 'rendah_jalanjalan_ngefreeze', 'reset_season_fps', 'reset_stabil_fps', 'season_fps_susah', 'sekarang_drop_bahkan', 'stabil_belum_reset', 'stabil_fps_sekarang', 'susah_banget_stabil']"
['kerenn'],[]
"['njirlah', 'cok', 'kalah', 'menang', 'ngentod', 'banget']","['cok_kalah_menang', 'kalah_menang_ngentod', 'menang_ngentod_banget', 'njirlah_cok_kalah']"
"['detail', 'lengkap']",[]
"['mu', 'baik', 'selalu', 'ketemu', 'noob', 'satu', 'bot', 'satu', 'latih', 'tolong', 'lebih', 'pinter', 'jangan', 'tolol', 'tolol', 'banget', 'napa']","['baik_selalu_ketemu', 'bot_satu_latih', 'jangan_tolol_tolol', 'ketemu_noob_satu', 'latih_tolong_lebih', 'lebih_pinter_jangan', 'mu_baik_selalu', 'noob_satu_bot', 'pinter_jangan_tolol', 'satu_bot_satu', 'satu_latih_tolong', 'selalu_ketemu_noob', 'tolol_banget_napa', 'tolol_tolol_banget', 'tolong_lebih_pinter']"
"['paling', 'soft', 'spoken', 'love', 'you', 'baru', 'sudah', 'sambut', 'donlod', 'respect']","['baru_sudah_sambut', 'love_you_baru', 'paling_soft_spoken', 'sambut_donlod_respect', 'soft_spoken_love', 'spoken_love_you', 'sudah_sambut_donlod', 'you_baru_sudah']"
"['berat', 'minimal', 'wkwk', 'kuat']","['berat_minimal_wkwk', 'minimal_wkwk_kuat']"
['mantap'],[]
['king'],[]
"['top', 'up', 'tetapi', 'token', 'masuk', 'bagaimana']","['tetapi_token_masuk', 'token_masuk_bagaimana', 'top_up_tetapi', 'up_tetapi_token']"
['tiru'],[]
['avfdc'],[]
['baik'],[]
"['bagus', 'banget', 'grafik', 'bagus']","['bagus_banget_grafik', 'banget_grafik_bagus']"
"['upload', 'foto', 'profil', 'perangkat', 'kocak']","['foto_profil_perangkat', 'profil_perangkat_kocak', 'upload_foto_profil']"
"['seru', 'banget', 'sampai', 'tengah', 'malam']","['banget_sampai_tengah', 'sampai_tengah_malam', 'seru_banget_sampai']"
"['maksa', 'amatt', 'jig']",['maksa_amatt_jig']
"['baharu', 'sampah', 'cumak', 'muter', 'jelas', 'buruk']","['baharu_sampah_cumak', 'cumak_muter_jelas', 'muter_jelas_buruk', 'sampah_cumak_muter']"
"['seru', 'benar', 'benar', 'seru']","['benar_benar_seru', 'seru_benar_benar']"
['bagus'],[]
"['mantap', 'king', 'cihuy', 'keren', 'mantep', 'keren', 'banget']","['cihuy_keren_mantep', 'keren_mantep_keren', 'king_cihuy_keren', 'mantap_king_cihuy', 'mantep_keren_banget']"
"['sakit', 'season', 'frame', 'drop', 'settingan', 'grafis', 'standar', 'grafis', 'rata', 'kanan', 'sengaja', 'standar', 'lama', 'irit', 'daya', 'bukan', 'salah', 'forum', 'banyak']","['bukan_salah_forum', 'daya_bukan_salah', 'drop_settingan_grafis', 'frame_drop_settingan', 'grafis_rata_kanan', 'grafis_standar_grafis', 'irit_daya_bukan', 'kanan_sengaja_standar', 'lama_irit_daya', 'rata_kanan_sengaja', 'sakit_season_frame', 'salah_forum_banyak', 'season_frame_drop', 'sengaja_standar_lama', 'settingan_grafis_standar', 'standar_grafis_rata', 'standar_lama_irit']"
['mantap'],[]
"['sudah', 'update', 'makin', 'mirip', 'bahkan', 'karakter', 'mirip']","['bahkan_karakter_mirip', 'makin_mirip_bahkan', 'mirip_bahkan_karakter', 'sudah_update_makin', 'update_makin_mirip']"
"['tak', 'suka']",[]
"['buruk', 'lebih', 'bagus']",['buruk_lebih_bagus']
['bagus'],[]
"['strategi', 'luar', 'biasa', 'grafik', 'bagus', 'bagus', 'agak', 'lag', 'sedikit']","['agak_lag_sedikit', 'bagus_agak_lag', 'bagus_bagus_agak', 'biasa_grafik_bagus', 'grafik_bagus_bagus', 'luar_biasa_grafik', 'strategi_luar_biasa']"
"['niru', 'bejir']",[]
"['kangen', 'jungler', 'bintang']",['kangen_jungler_bintang']
"['suka', 'nonton', 'sound', 'horek']","['nonton_sound_horek', 'suka_nonton_sound']"
