stopwords_removed,unigrams_hok
"['keren', 'banget']","[('keren',), ('banget',)]"
"['buruk', 'baik', 'hubung', 'ulang', 'tunggu', 'beberapa']","[('buruk',), ('baik',), ('hubung',), ('ulang',), ('tunggu',), ('beberapa',)]"
['layak'],"[('layak',)]"
"['seru', 'banyak', 'jago', 'biasa', 'buruk', 'musuh', 'hebat', 'tantang']","[('seru',), ('banyak',), ('jago',), ('biasa',), ('buruk',), ('musuh',), ('hebat',), ('tantang',)]"
"['terimakasih', 'bagus', 'jujur', 'ikan', 'kepada', 'bagus']","[('terimakasih',), ('bagus',), ('jujur',), ('ikan',), ('kepada',), ('bagus',)]"
"['mending', 'legeng']","[('mending',), ('legeng',)]"
"['seru', 'asik', 'gabut', 'laik']","[('seru',), ('asik',), ('gabut',), ('laik',)]"
"['gelap', 'very', 'crazy', 'jika', 'kalah', 'lebih', 'banyak', 'lebih', 'baik', 'bonus', 'bintang', 'menang']","[('gelap',), ('very',), ('crazy',), ('jika',), ('kalah',), ('lebih',), ('banyak',), ('lebih',), ('baik',), ('bonus',), ('bintang',), ('menang',)]"
['lelett'],"[('lelett',)]"
['diamond'],"[('diamond',)]"
"['animasi', 'delay', 'skill', 'gera', 'cepat', 'beberapa', 'licin', 'talu', 'banyak', 'stun', 'item', 'kurang', 'cc', 'selain', 'sepatu', 'kelas', 'sangguan', 'ulti', 'reset', 'bila', 'kill', 'musuh', 'gantung', 'ulti', 'beberapa', 'terlalu', 'butuh', 'ulti', 'balance', 'biar', 'agak', 'sedikit', 'sustand', 'fight', 'arcana', 'tambahin', 'spellvamp', 'physical', 'masuk', 'terimakasih']","[('animasi',), ('delay',), ('skill',), ('gera',), ('cepat',), ('beberapa',), ('licin',), ('talu',), ('banyak',), ('stun',), ('item',), ('kurang',), ('cc',), ('selain',), ('sepatu',), ('kelas',), ('sangguan',), ('ulti',), ('reset',), ('bila',), ('kill',), ('musuh',), ('gantung',), ('ulti',), ('beberapa',), ('terlalu',), ('butuh',), ('ulti',), ('balance',), ('biar',), ('agak',), ('sedikit',), ('sustand',), ('fight',), ('arcana',), ('tambahin',), ('spellvamp',), ('physical',), ('masuk',), ('terimakasih',)]"
"['tolong', 'baik', 'masalh', 'menggangu']","[('tolong',), ('baik',), ('masalh',), ('menggangu',)]"
"['bagus', 'samsung', 'samsung', 'apakah', 'kuat']","[('bagus',), ('samsung',), ('samsung',), ('apakah',), ('kuat',)]"
"['banyak', 'bug', 'rusak']","[('banyak',), ('bug',), ('rusak',)]"
"['bagus', 'banget', 'hewan', 'lucu', 'pula']","[('bagus',), ('banget',), ('hewan',), ('lucu',), ('pula',)]"
['seru'],"[('seru',)]"
"['cocok', 'bagi', 'ls']","[('cocok',), ('bagi',), ('ls',)]"
['suka'],"[('suka',)]"
"['cheater', 'kena', 'report', 'payah']","[('cheater',), ('kena',), ('report',), ('payah',)]"
"['bagus', 'tarik', 'banget']","[('bagus',), ('tarik',), ('banget',)]"
"['buruk', 'bintangc']","[('buruk',), ('bintangc',)]"
"['sekarang', 'wifi', 'lancar']","[('sekarang',), ('wifi',), ('lancar',)]"
"['bug', 'masalah', 'hukum', 'malam', 'adil', 'auh', 'gelap']","[('bug',), ('masalah',), ('hukum',), ('malam',), ('adil',), ('auh',), ('gelap',)]"
['next'],"[('next',)]"
"['nanti', 'comeback', 'lgi']","[('nanti',), ('comeback',), ('lgi',)]"
['bagus'],"[('bagus',)]"
"['uninstall', 'lag', 'v']","[('uninstall',), ('lag',), ('v',)]"
['tolol'],"[('tolol',)]"
"['bagus', 'grafik', 'bagus', 'tolong', 'boros', 'mana', 'mana', 'tolong', 'lam', 'tolong']","[('bagus',), ('grafik',), ('bagus',), ('tolong',), ('boros',), ('mana',), ('mana',), ('tolong',), ('lam',), ('tolong',)]"
"['tolong', 'ringan', 'dihp', 'kentang']","[('tolong',), ('ringan',), ('dihp',), ('kentang',)]"
"['wah', 'gratis', 'sedikit', 'banget', 'untung', 'rotasi', 'minggu', 'sempat', 'minggu']","[('wah',), ('gratis',), ('sedikit',), ('banget',), ('untung',), ('rotasi',), ('minggu',), ('sempat',), ('minggu',)]"
"['lawan', 'bot', 'bosen', 'musuh', 'kabur', 'darah', 'sekarat', 'tengah', 'teman', 'banyak', 'males', 'buriq']","[('lawan',), ('bot',), ('bosen',), ('musuh',), ('kabur',), ('darah',), ('sekarat',), ('tengah',), ('teman',), ('banyak',), ('males',), ('buriq',)]"
"['ta', 'event', 'epik', 'drbian', 'sudah', 'gaca', 'kga', 'event', 'jgn', 'sosial', 'mending', 'sudah']","[('ta',), ('event',), ('epik',), ('drbian',), ('sudah',), ('gaca',), ('kga',), ('event',), ('jgn',), ('sosial',), ('mending',), ('sudah',)]"
"['butuh', 'gambar', 'lore', 'lebih', 'jelas', 'susah', 'paham', 'lore', 'lebih', 'fokus', 'bahkan', 'gambar', 'primeara', 'tak', 'tulis', 'jelas', 'banyak', 'mi', 'cukup', 'susah', 'paham', 'lore', 'harap', 'gambar', 'lore', 'lebih', 'jelas', 'lain']","[('butuh',), ('gambar',), ('lore',), ('lebih',), ('jelas',), ('susah',), ('paham',), ('lore',), ('lebih',), ('fokus',), ('bahkan',), ('gambar',), ('primeara',), ('tak',), ('tulis',), ('jelas',), ('banyak',), ('mi',), ('cukup',), ('susah',), ('paham',), ('lore',), ('harap',), ('gambar',), ('lore',), ('lebih',), ('jelas',), ('lain',)]"
"['force', 'close', 'update', 'begini']","[('force',), ('close',), ('update',), ('begini',)]"
"['t', 'l', 'l', 'mending', 'legends']","[('t',), ('l',), ('l',), ('mending',), ('legends',)]"
"['fiturnya', 'tolong', 'baik']","[('fiturnya',), ('tolong',), ('baik',)]"
"['good', 'application']","[('good',), ('application',)]"
"['rusak', 'saranin', 'jangan']","[('rusak',), ('saranin',), ('jangan',)]"
"['minimal', 'itel', 'p', 'problem', 'ngebug', 'random', 'force', 'close', 'melulu', 'tolong', 'baik']","[('minimal',), ('itel',), ('p',), ('problem',), ('ngebug',), ('random',), ('force',), ('close',), ('melulu',), ('tolong',), ('baik',)]"
['seru'],"[('seru',)]"
"['free', 'skin']","[('free',), ('skin',)]"
['seru'],"[('seru',)]"
"['gila', 'mana', 'kena', 'penalti', 'makin', 'aneh']","[('gila',), ('mana',), ('kena',), ('penalti',), ('makin',), ('aneh',)]"
"['up', 'harga', 'roamer', 'hitung', 'adil', 'bahkan', 'dg', 'samasama', 'dg', 'statistik', 'jauh', 'atas', 'lain', 'roamer', 'tdk', 'dominan', 'mvp', 'its', 'not', 'fair', 'for', 'programmer', 'hitung', 'mu', 'kurang', 'akurat', 'kda', 'selisih', 'jauh', 'unggul', 'kuasa', 'unggul', 'damage', 'terimakasih', 'unggul', 'dominan', 'non', 'roamer', 'mvp']","[('up',), ('harga',), ('roamer',), ('hitung',), ('adil',), ('bahkan',), ('dg',), ('samasama',), ('dg',), ('statistik',), ('jauh',), ('atas',), ('lain',), ('roamer',), ('tdk',), ('dominan',), ('mvp',), ('its',), ('not',), ('fair',), ('for',), ('programmer',), ('hitung',), ('mu',), ('kurang',), ('akurat',), ('kda',), ('selisih',), ('jauh',), ('unggul',), ('kuasa',), ('unggul',), ('damage',), ('terimakasih',), ('unggul',), ('dominan',), ('non',), ('roamer',), ('mvp',)]"
"['tolong', 'matching', 'rusak', 'masa', 'ketemu', 'philipina', 'mesti', 'kalah']","[('tolong',), ('matching',), ('rusak',), ('masa',), ('ketemu',), ('philipina',), ('mesti',), ('kalah',)]"
"['baik', 'walau', 'lawan', 'susah']","[('baik',), ('walau',), ('lawan',), ('susah',)]"
['adil'],"[('adil',)]"
"['akun', 'kena', 'hack']","[('akun',), ('kena',), ('hack',)]"
['seru'],"[('seru',)]"
"['kenapa', 'mental', 'keluar', 'sendiri', 'masuk', 'lama', 'masuk', 'afk', 'segaja']","[('kenapa',), ('mental',), ('keluar',), ('sendiri',), ('masuk',), ('lama',), ('masuk',), ('afk',), ('segaja',)]"
"['cacat', 'lawan', 'bot', 'teman', 'bot', 'rusak', 'uninstal']","[('cacat',), ('lawan',), ('bot',), ('teman',), ('bot',), ('rusak',), ('uninstal',)]"
"['bagus', 'kurang', 'adil', 'bagi', 'akhir', 'kda', 'kurang', 'arti']","[('bagus',), ('kurang',), ('adil',), ('bagi',), ('akhir',), ('kda',), ('kurang',), ('arti',)]"
"['mirip', 'mobil']","[('mirip',), ('mobil',)]"
"['kasa', 'lancar', 'sengaya', 'keluar', 'lowding', 'lama', 'banget']","[('kasa',), ('lancar',), ('sengaya',), ('keluar',), ('lowding',), ('lama',), ('banget',)]"
"['tetap', 'diamon', 'gelap', 'pusing', 'ah']","[('tetap',), ('diamon',), ('gelap',), ('pusing',), ('ah',)]"
"['jarigan', 'stabil', 'banyak', 'bug', 'soryy', 'rerting', 'bintang', 'satu', 'iya']","[('jarigan',), ('stabil',), ('banyak',), ('bug',), ('soryy',), ('rerting',), ('bintang',), ('satu',), ('iya',)]"
"['pernah', 'coba', 'bagus', 'nyoba']","[('pernah',), ('coba',), ('bagus',), ('nyoba',)]"
"['gg', 'seru', 'bagus', 'gratis']","[('gg',), ('seru',), ('bagus',), ('gratis',)]"
"['moga', 'ngecewain', 'jangan', 'mole']","[('moga',), ('ngecewain',), ('jangan',), ('mole',)]"
"['bagus', 'trash', 'makin', 'update', 'makin', 'jelek']","[('bagus',), ('trash',), ('makin',), ('update',), ('makin',), ('jelek',)]"
"['semua', 'coba', 'cuma', 'jaringanya', 'pasti', 'arti', 'lag', 'wifi', 'lancar', 'sinyal', 'full', 'oke', 'lag', 'seakanakan', 'belum', 'server', 'global', 'sekian', 'terimakasih', 'hal', 'lain', 'puas', 'nyaman', 'paling', 'utama', 'mohon', 'kerja', 'rusak', 'sinyal', 'jika', 'tolong', 'periksa', 'otomatis', 'bagi', 'mungkin', 'mengunakan', 'plungin', 'dll']","[('semua',), ('coba',), ('cuma',), ('jaringanya',), ('pasti',), ('arti',), ('lag',), ('wifi',), ('lancar',), ('sinyal',), ('full',), ('oke',), ('lag',), ('seakanakan',), ('belum',), ('server',), ('global',), ('sekian',), ('terimakasih',), ('hal',), ('lain',), ('puas',), ('nyaman',), ('paling',), ('utama',), ('mohon',), ('kerja',), ('rusak',), ('sinyal',), ('jika',), ('tolong',), ('periksa',), ('otomatis',), ('bagi',), ('mungkin',), ('mengunakan',), ('plungin',), ('dll',)]"
"['lebih', 'keren']","[('lebih',), ('keren',)]"
"['jelas', 'sudah', 'dua', 'tetap', 'taik', 'buang', 'babi', 'baru', 'paket', 'gb', 'tadi', 'sore', 'satu', 'hbs', 'tinggal', 'paket', 'yutop', 'gilak', 'parah', 'makan']","[('jelas',), ('sudah',), ('dua',), ('tetap',), ('taik',), ('buang',), ('babi',), ('baru',), ('paket',), ('gb',), ('tadi',), ('sore',), ('satu',), ('hbs',), ('tinggal',), ('paket',), ('yutop',), ('gilak',), ('parah',), ('makan',)]"
[],[]
"['season', 'sekarang', 'kenapa', 'lag', 'minimal', 'lain', 'aman', 'ingame', 'lag', 'males', 'banget', 'server', 'brazil', 'baru', 'lag', 'bukan', 'sendiri']","[('season',), ('sekarang',), ('kenapa',), ('lag',), ('minimal',), ('lain',), ('aman',), ('ingame',), ('lag',), ('males',), ('banget',), ('server',), ('brazil',), ('baru',), ('lag',), ('bukan',), ('sendiri',)]"
['oke'],"[('oke',)]"
"['animasi', 'kurah', 'hidup', 'bagus']","[('animasi',), ('kurah',), ('hidup',), ('bagus',)]"
"['sinyal', 'kenapa', 'jelek']","[('sinyal',), ('kenapa',), ('jelek',)]"
"['bagus', 'seru']","[('bagus',), ('seru',)]"
['keren'],"[('keren',)]"
"['update', 'belum', 'normal', 'normal', 'gede', 'banget', 'sekitar', 'gban']","[('update',), ('belum',), ('normal',), ('normal',), ('gede',), ('banget',), ('sekitar',), ('gban',)]"
['jelek'],"[('jelek',)]"
"['jadul', 'banget', 'buruk']","[('jadul',), ('banget',), ('buruk',)]"
['baik'],"[('baik',)]"
[],[]
"['android', 'baik']","[('android',), ('baik',)]"
"['tier', 'paling', 'niat']","[('tier',), ('paling',), ('niat',)]"
"['my', 'little', 'soda', 'pop']","[('my',), ('little',), ('soda',), ('pop',)]"
['keren'],"[('keren',)]"
"['anggita', 'nurhassanah']","[('anggita',), ('nurhassanah',)]"
"['lumayan', 'seru', 'cuma', 'ngerti', 'item', 'maka', 'bintang']","[('lumayan',), ('seru',), ('cuma',), ('ngerti',), ('item',), ('maka',), ('bintang',)]"
"['baik', 'tier', 'atas', 'bnyak', 'gelap', 'systemnya', 'ketemu', 'asing', 'anehh', 'gameplaynya']","[('baik',), ('tier',), ('atas',), ('bnyak',), ('gelap',), ('systemnya',), ('ketemu',), ('asing',), ('anehh',), ('gameplaynya',)]"
"['candu', 'banget', 'satu', 'walaupun', 'colong', 'samsung', 'j', 'biarin', 'penting', 'kompatibel']","[('candu',), ('banget',), ('satu',), ('walaupun',), ('colong',), ('samsung',), ('j',), ('biarin',), ('penting',), ('kompatibel',)]"
['bagus'],"[('bagus',)]"
"['report', 'makin', 'jelek', 'semenjak', 'gimmick', 'ai', 'ngetroll', 'nyuri', 'kena']","[('report',), ('makin',), ('jelek',), ('semenjak',), ('gimmick',), ('ai',), ('ngetroll',), ('nyuri',), ('kena',)]"
"['timya', 'bloon']","[('timya',), ('bloon',)]"
['inimudah'],"[('inimudah',)]"
"['apresiasi', 'banyak', 'skin', 'gratis', 'bukan', 'skin', 'basic', 'elif', 'bahkan', 'epic', 'njir', 'laa', 'mana', 'paling', 'beri', 'skin', 'basic', 'awok']","[('apresiasi',), ('banyak',), ('skin',), ('gratis',), ('bukan',), ('skin',), ('basic',), ('elif',), ('bahkan',), ('epic',), ('njir',), ('laa',), ('mana',), ('paling',), ('beri',), ('skin',), ('basic',), ('awok',)]"
"['hallo', 'dev', 'edit', 'ulas', 'sedikit', 'keluh', 'agak', 'bingung', 'imbang', 'push', 'musuh', 'lebih', 'tinggi', 'tiernya', 'ketimbang', 'alhasil', 'defeat', 'ketimbang', 'win', 'moga', 'cari', 'imbang', 'tier', 'masing', 'sukses']","[('hallo',), ('dev',), ('edit',), ('ulas',), ('sedikit',), ('keluh',), ('agak',), ('bingung',), ('imbang',), ('push',), ('musuh',), ('lebih',), ('tinggi',), ('tiernya',), ('ketimbang',), ('alhasil',), ('defeat',), ('ketimbang',), ('win',), ('moga',), ('cari',), ('imbang',), ('tier',), ('masing',), ('sukses',)]"
"['selalu', 'jelek', 'jarang', 'banget', 'bagus']","[('selalu',), ('jelek',), ('jarang',), ('banget',), ('bagus',)]"
['niruin'],"[('niruin',)]"
['good'],"[('good',)]"
"['tolong', 'update', 'versi', 'lag', 'banget', 'semenjak', 'spriteling', 'tambah', 'lag']","[('tolong',), ('update',), ('versi',), ('lag',), ('banget',), ('semenjak',), ('spriteling',), ('tambah',), ('lag',)]"
"['bagus', 'jugaa', 'sukaa']","[('bagus',), ('jugaa',), ('sukaa',)]"
"['berharihari', 'kalah', 'ngestack', 'sampah', 'mending', 'balik', 'adil']","[('berharihari',), ('kalah',), ('ngestack',), ('sampah',), ('mending',), ('balik',), ('adil',)]"
"['tarik', 'luar', 'biasa']","[('tarik',), ('luar',), ('biasa',)]"
"['bag', 'wifi', 'bagus', 'bagus', 'nyaman', 'tolong', 'rusak']","[('bag',), ('wifi',), ('bagus',), ('bagus',), ('nyaman',), ('tolong',), ('rusak',)]"
"['seru', 'lag']","[('seru',), ('lag',)]"
"['bang', 'tepat', 'janji', 'mu', 'banyak', 'skin', 'gratis', 'cuma', 'kasi', 'skin', 'banyak', 'jarak', 'jauh', 'iklan', 'banyak', 'skin', 'gratis', 'bajingngan']","[('bang',), ('tepat',), ('janji',), ('mu',), ('banyak',), ('skin',), ('gratis',), ('cuma',), ('kasi',), ('skin',), ('banyak',), ('jarak',), ('jauh',), ('iklan',), ('banyak',), ('skin',), ('gratis',), ('bajingngan',)]"
['mantap'],"[('mantap',)]"
"['feel', 'dalam', 'kurang', 'asa', 'sehingga', 'enjoyble', 'dalam']","[('feel',), ('dalam',), ('kurang',), ('asa',), ('sehingga',), ('enjoyble',), ('dalam',)]"
"['kurang', 'bagus', 'baru', 'sudah', 'patah', 'patah', 'bagus', 'lo', 'bagus', 'lag', 'patah', 'patah', 'kocak']","[('kurang',), ('bagus',), ('baru',), ('sudah',), ('patah',), ('patah',), ('bagus',), ('lo',), ('bagus',), ('lag',), ('patah',), ('patah',), ('kocak',)]"
"['boot', 'menang', 'pernah', 'payah', 'imbang']","[('boot',), ('menang',), ('pernah',), ('payah',), ('imbang',)]"
"['bagus', 'seru']","[('bagus',), ('seru',)]"
"['please', 'make', 'fairer']","[('please',), ('make',), ('fairer',)]"
"['bagus', 'banget', 'mana', 'offline']","[('bagus',), ('banget',), ('mana',), ('offline',)]"
"['nilai', 'hukum', 'masuk', 'akal', 'force', 'close', 'signal', 'towing']","[('nilai',), ('hukum',), ('masuk',), ('akal',), ('force',), ('close',), ('signal',), ('towing',)]"
"['bintang', 'lama', 'ken', 'akun', 'hilang', 'akun', 'google', 'ingat', 'nyambungin', 'mana', 'agak', 'kesal', 'akun', 'kerenlevel', 'infinity', 'jaga', 'signature', 'nyabuat', 'pensi', 'haru', 'pensi', 'habis', 'kapan', 'hapus', 'akun', 'agak', 'nyesel', 'pernah', 'sumpah', 'muak', 'gimana']","[('bintang',), ('lama',), ('ken',), ('akun',), ('hilang',), ('akun',), ('google',), ('ingat',), ('nyambungin',), ('mana',), ('agak',), ('kesal',), ('akun',), ('kerenlevel',), ('infinity',), ('jaga',), ('signature',), ('nyabuat',), ('pensi',), ('haru',), ('pensi',), ('habis',), ('kapan',), ('hapus',), ('akun',), ('agak',), ('nyesel',), ('pernah',), ('sumpah',), ('muak',), ('gimana',)]"
"['heran', 'lawan', 'terlalu', 'kuat', 'dage', 'lawan', 'terlalu', 'tinggi', 'satu', 'serang', 'langsung', 'mati']","[('heran',), ('lawan',), ('terlalu',), ('kuat',), ('dage',), ('lawan',), ('terlalu',), ('tinggi',), ('satu',), ('serang',), ('langsung',), ('mati',)]"
"['berat', 'banget', 'ui', 'fc', 'belum', 'optimal']","[('berat',), ('banget',), ('ui',), ('fc',), ('belum',), ('optimal',)]"
"['oke', 'matsmeking', 'sudah', 'bagus', 'tanks', 'respon', 'cepet', 'lajutkan', 'mets', 'meking', 'adil', 'vs', 'jan', 'skin', 'bayakin', 'metsmeking', 'ancur', 'bintang', 'metsmeking']","[('oke',), ('matsmeking',), ('sudah',), ('bagus',), ('tanks',), ('respon',), ('cepet',), ('lajutkan',), ('mets',), ('meking',), ('adil',), ('vs',), ('jan',), ('skin',), ('bayakin',), ('metsmeking',), ('ancur',), ('bintang',), ('metsmeking',)]"
"['masalah', 'yahh', 'lag', 'sendiri', 'ping', 'hijau', 'truss', 'crash', 'sudah', 'gtu', 'langsung', 'kluar', 'dri', 'sendiri', 'sudah', 'turunin', 'grafik', 'ttep', 'gda', 'masalah', 'dri']","[('masalah',), ('yahh',), ('lag',), ('sendiri',), ('ping',), ('hijau',), ('truss',), ('crash',), ('sudah',), ('gtu',), ('langsung',), ('kluar',), ('dri',), ('sendiri',), ('sudah',), ('turunin',), ('grafik',), ('ttep',), ('gda',), ('masalah',), ('dri',)]"
['kacau'],"[('kacau',)]"
"['makin', 'jelas', 'report', 'sengaja', 'laku', 'feeding', 'nilai', 'sapa', 'laku', 'feeding']","[('makin',), ('jelas',), ('report',), ('sengaja',), ('laku',), ('feeding',), ('nilai',), ('sapa',), ('laku',), ('feeding',)]"
"['suka', 'walaupun', 'suka', 'bug', 'tetapi', 'keren', 'banget', 'mohon', 'maaf', 'bugnge', 'lag', 'tolong', 'baik', 'biar', 'semua', 'senang', 'hati', 'terimakasih', 'sudah']","[('suka',), ('walaupun',), ('suka',), ('bug',), ('tetapi',), ('keren',), ('banget',), ('mohon',), ('maaf',), ('bugnge',), ('lag',), ('tolong',), ('baik',), ('biar',), ('semua',), ('senang',), ('hati',), ('terimakasih',), ('sudah',)]"
"['kurang', 'update', 'jika']","[('kurang',), ('update',), ('jika',)]"
"['baik', 'buruk', 'anomali', 'butuh', 'saran', 'butuh', 'sedikit', 'ubah']","[('baik',), ('buruk',), ('anomali',), ('butuh',), ('saran',), ('butuh',), ('sedikit',), ('ubah',)]"
"['makin', 'sinyal', 'makin', 'buruk', 'masa', 'sinyal', 'hijau', 'lag', 'patah', 'bukan', 'patah', 'masalah', 'masalah']","[('makin',), ('sinyal',), ('makin',), ('buruk',), ('masa',), ('sinyal',), ('hijau',), ('lag',), ('patah',), ('bukan',), ('patah',), ('masalah',), ('masalah',)]"
"['musuh', 'benar', 'jangan', 'buruk', 'musuh', 'ngotak', 'skill', 'satu', 'khusus', 'gold', 'gold', 'jangan', 'campur', 'burikk', 'sudah', 'rekomen']","[('musuh',), ('benar',), ('jangan',), ('buruk',), ('musuh',), ('ngotak',), ('skill',), ('satu',), ('khusus',), ('gold',), ('gold',), ('jangan',), ('campur',), ('burikk',), ('sudah',), ('rekomen',)]"
"['draft', 'mu', 'nyatuin', 'bot', 'trs', 'nob', 'stres', 'mantan', 'gm', 'kecewa', 'pngen']","[('draft',), ('mu',), ('nyatuin',), ('bot',), ('trs',), ('nob',), ('stres',), ('mantan',), ('gm',), ('kecewa',), ('pngen',)]"
"['bagus', 'sampai', 'papa', 'adik', 'pokok', 'bagus', 'bintang']","[('bagus',), ('sampai',), ('papa',), ('adik',), ('pokok',), ('bagus',), ('bintang',)]"
"['pisahin', 'ph', 'server', 'lain', 'isi', 'troll', 'egois', 'semua', 'separty', 'cari', 'untung', 'sendiri', 'gapeduli', 'sudah', 'gaada', 'uba', 'nyoba', 'maksa', 'rebut', 'sesuai', 'afk', 'dll', 'konyol', 'ngetroll', 'egois', 'mvp', 'sementara', 'pontang', 'panting', 'deffend', 'tower', 'sana', 'kena', 'penalty', 'kurang', 'brengsek', 'ha']","[('pisahin',), ('ph',), ('server',), ('lain',), ('isi',), ('troll',), ('egois',), ('semua',), ('separty',), ('cari',), ('untung',), ('sendiri',), ('gapeduli',), ('sudah',), ('gaada',), ('uba',), ('nyoba',), ('maksa',), ('rebut',), ('sesuai',), ('afk',), ('dll',), ('konyol',), ('ngetroll',), ('egois',), ('mvp',), ('sementara',), ('pontang',), ('panting',), ('deffend',), ('tower',), ('sana',), ('kena',), ('penalty',), ('kurang',), ('brengsek',), ('ha',)]"
"['keren', 'banget', 'cok']","[('keren',), ('banget',), ('cok',)]"
['keren'],"[('keren',)]"
"['naik', 'turun', 'duit', 'tolong', 'ndak', 'paham', 'tolong', 'jangan', 'hapus', 'dua', 'lipat', 'no', 'oking', 'dua', 'lipat', 'kisah', 'juang']","[('naik',), ('turun',), ('duit',), ('tolong',), ('ndak',), ('paham',), ('tolong',), ('jangan',), ('hapus',), ('dua',), ('lipat',), ('no',), ('oking',), ('dua',), ('lipat',), ('kisah',), ('juang',)]"
"['cacat', 'curi', 'sekarang', 'legal']","[('cacat',), ('curi',), ('sekarang',), ('legal',)]"
"['bagus', 'banget']","[('bagus',), ('banget',)]"
"['bagus', 'banget']","[('bagus',), ('banget',)]"
"['frame', 'parah', 'sekarang', 'tambah', 'sinyal', 'jumping']","[('frame',), ('parah',), ('sekarang',), ('tambah',), ('sinyal',), ('jumping',)]"
"['pensi', 'musuh', 'bot']","[('pensi',), ('musuh',), ('bot',)]"
"['asik', 'baru', 'donlowad', 'langsung', 'ulas', 'moga', 'hemat', 'kuota', 'beri', 'musuh', 'adil']","[('asik',), ('baru',), ('donlowad',), ('langsung',), ('ulas',), ('moga',), ('hemat',), ('kuota',), ('beri',), ('musuh',), ('adil',)]"
"['tolol', 'make', 'bukan', 'line', 'ngak', 'anggap', 'pelanggaan', 'report', 'stuck', 'blank']","[('tolol',), ('make',), ('bukan',), ('line',), ('ngak',), ('anggap',), ('pelanggaan',), ('report',), ('stuck',), ('blank',)]"
"['overall', 'good', 'but', 'camera', 'too', 'close']","[('overall',), ('good',), ('but',), ('camera',), ('too',), ('close',)]"
"['aneh', 'nulis', 'pocong', 'hunter', 'ketemu', 'buruk', 'bahkan', 'lebih', 'buruk', 'ff']","[('aneh',), ('nulis',), ('pocong',), ('hunter',), ('ketemu',), ('buruk',), ('bahkan',), ('lebih',), ('buruk',), ('ff',)]"
"['suka', 'banget', 'seru', 'asyik', 'banyak', 'suka']","[('suka',), ('banget',), ('seru',), ('asyik',), ('banyak',), ('suka',)]"
"['fps', 'naik', 'tibatiba', 'momen', 'krusial', 'lain', 'bagus', 'device', 'dukung']","[('fps',), ('naik',), ('tibatiba',), ('momen',), ('krusial',), ('lain',), ('bagus',), ('device',), ('dukung',)]"
['bagus'],"[('bagus',)]"
"['gameku', 'bintang', 'skin', 'gratis', 'coy', 'mungkin', 'ngonten', 'nanti', 'besar', 'meski', 'ngikutan', 'bagus', 'lebih', 'kualitas', 'neng', 'kadang', 'serlok', 'takparani', 'striker', 'sendiri', 'kelas', 'banget', 'by']","[('gameku',), ('bintang',), ('skin',), ('gratis',), ('coy',), ('mungkin',), ('ngonten',), ('nanti',), ('besar',), ('meski',), ('ngikutan',), ('bagus',), ('lebih',), ('kualitas',), ('neng',), ('kadang',), ('serlok',), ('takparani',), ('striker',), ('sendiri',), ('kelas',), ('banget',), ('by',)]"
"['boros', 'korban', 'king', 'cuma', 'modal', 'unduh', 'cuma', 'satu', 'habis', 'baru', 'gb', 'sumber', 'daya', 'play', 'emblem', 'semua', 'susa', 'mudah', 'offline', 'masukin', 'paksa', 'update', 'update', 'tunda', 'offline', 'langsung', 'mainin', 'loading', 'unduh', 'lama', 'skill', 'tebel', 'kentang', 'efek', 'kunci', 'skill', 'musuh', 'nyesel', 'unduh']","[('boros',), ('korban',), ('king',), ('cuma',), ('modal',), ('unduh',), ('cuma',), ('satu',), ('habis',), ('baru',), ('gb',), ('sumber',), ('daya',), ('play',), ('emblem',), ('semua',), ('susa',), ('mudah',), ('offline',), ('masukin',), ('paksa',), ('update',), ('update',), ('tunda',), ('offline',), ('langsung',), ('mainin',), ('loading',), ('unduh',), ('lama',), ('skill',), ('tebel',), ('kentang',), ('efek',), ('kunci',), ('skill',), ('musuh',), ('nyesel',), ('unduh',)]"
"['ketemu', 'musuh', 'bahkan', 'bilang', 'lebih', 'banyak', 'kalah', 'menang', 'gimana', 'win', 'and', 'lost', 'banyak', 'lostkalah', 'baru', 'menang', 'kalah', 'menang', 'kalah', 'asa', 'dimoba', 'lain', 'terlalu', 'begini', 'jujur', 'tolong', 'harga']","[('ketemu',), ('musuh',), ('bahkan',), ('bilang',), ('lebih',), ('banyak',), ('kalah',), ('menang',), ('gimana',), ('win',), ('and',), ('lost',), ('banyak',), ('lostkalah',), ('baru',), ('menang',), ('kalah',), ('menang',), ('kalah',), ('asa',), ('dimoba',), ('lain',), ('terlalu',), ('begini',), ('jujur',), ('tolong',), ('harga',)]"
"['bodoh', 'akun', 'ban', 'permanent', 'banyak', 'jasa', 'joki', 'akun', 'kalah', 'feeder', 'sengaja', 'pura', 'pura', 'serang', 'demi', 'musuh', 'menang', 'dapatin', 'top', 'tup', 'skin', 'mahal', 'mending', 'uninstall', 'nanti', 'bulan']","[('bodoh',), ('akun',), ('ban',), ('permanent',), ('banyak',), ('jasa',), ('joki',), ('akun',), ('kalah',), ('feeder',), ('sengaja',), ('pura',), ('pura',), ('serang',), ('demi',), ('musuh',), ('menang',), ('dapatin',), ('top',), ('tup',), ('skin',), ('mahal',), ('mending',), ('uninstall',), ('nanti',), ('bulan',)]"
"['tolong', 'buatin', 'versi', 'litenya', 'indonesia', 'pliss', 'hpku', 'halang', 'ram']","[('tolong',), ('buatin',), ('versi',), ('litenya',), ('indonesia',), ('pliss',), ('hpku',), ('halang',), ('ram',)]"
"['buruk', 'pernah', 'sesal', 'donwload', 'serasa', 'komputer', 'mending', 'stun', 'ngotak', 'lama', 'benar', 'diem', 'sampai', 'habis', 'nyawa', 'baru', 'gerak', 'anjur', 'dragsistem']","[('buruk',), ('pernah',), ('sesal',), ('donwload',), ('serasa',), ('komputer',), ('mending',), ('stun',), ('ngotak',), ('lama',), ('benar',), ('diem',), ('sampai',), ('habis',), ('nyawa',), ('baru',), ('gerak',), ('anjur',), ('dragsistem',)]"
"['aneh', 'lain', 'minta', 'tuker', 'kena', 'report', 'ambil']","[('aneh',), ('lain',), ('minta',), ('tuker',), ('kena',), ('report',), ('ambil',)]"
['suka'],"[('suka',)]"
"['busuk', 'sinyal', 'bagus', 'gerak']","[('busuk',), ('sinyal',), ('bagus',), ('gerak',)]"
"['bug', 'mlu', 'kyak']","[('bug',), ('mlu',), ('kyak',)]"
"['damage', 'turet', 'kurang', 'kurang', 'kurang', 'kurang', 'sakit', 'base']","[('damage',), ('turet',), ('kurang',), ('kurang',), ('kurang',), ('kurang',), ('sakit',), ('base',)]"
"['jangan', 'banyak', 'tolol', 'utama', 'philipne', 'ngabisin', 'kuota', 'kesel', 'lose', 'nanti', 'alas', 'usai', 'gacha', 'random', 'alas', 'adminya', 'keluh', 'cuekin', 'negri', 'konoha', 'percaya', 'cek', 'sendiri', 'uda', 'tier', 'atas', 'banting']","[('jangan',), ('banyak',), ('tolol',), ('utama',), ('philipne',), ('ngabisin',), ('kuota',), ('kesel',), ('lose',), ('nanti',), ('alas',), ('usai',), ('gacha',), ('random',), ('alas',), ('adminya',), ('keluh',), ('cuekin',), ('negri',), ('konoha',), ('percaya',), ('cek',), ('sendiri',), ('uda',), ('tier',), ('atas',), ('banting',)]"
"['seluruh', 'spektakuler', 'sendiri', 'tenchent', 'games', 'beri', 'pasti', 'nguras', 'banyak', 'baget', 'cuy', 'tapiya', 'dia', 'beri', 'grafis', 'manja', 'mata', 'semua', 'tanks', 'developer', 'utama', 'tenchen', 'salut', 'lo', 'gagal', 'saran', 'ngehidupin', 'chess', 'rush', 'tolong', 'developer', 'terimakasih']","[('seluruh',), ('spektakuler',), ('sendiri',), ('tenchent',), ('games',), ('beri',), ('pasti',), ('nguras',), ('banyak',), ('baget',), ('cuy',), ('tapiya',), ('dia',), ('beri',), ('grafis',), ('manja',), ('mata',), ('semua',), ('tanks',), ('developer',), ('utama',), ('tenchen',), ('salut',), ('lo',), ('gagal',), ('saran',), ('ngehidupin',), ('chess',), ('rush',), ('tolong',), ('developer',), ('terimakasih',)]"
"['saran', 'diupdate', 'sesuai', 'tinggi', 'sebut', 'ketemu', 'mana', 'tinggi', 'mid', 'dia', 'jungle', 'sedang', 'mid', 'tinggi', 'support', 'imbang', 'ujung', 'ajang', 'coba', 'coba']","[('saran',), ('diupdate',), ('sesuai',), ('tinggi',), ('sebut',), ('ketemu',), ('mana',), ('tinggi',), ('mid',), ('dia',), ('jungle',), ('sedang',), ('mid',), ('tinggi',), ('support',), ('imbang',), ('ujung',), ('ajang',), ('coba',), ('coba',)]"
"['oke', 'pokok']","[('oke',), ('pokok',)]"
"['rusak', 'kalah']","[('rusak',), ('kalah',)]"
"['coba', 'oke', 'banget', 'normal', 'sudah', 'sampai', 'gold', 'masuk', 'ranked', 'selalu', 'putus', 'normal', 'lancar', 'ranked', 'selalu', 'putus', 'tolong', 'baik', 'hapus', 'mending', 'laen']","[('coba',), ('oke',), ('banget',), ('normal',), ('sudah',), ('sampai',), ('gold',), ('masuk',), ('ranked',), ('selalu',), ('putus',), ('normal',), ('lancar',), ('ranked',), ('selalu',), ('putus',), ('tolong',), ('baik',), ('hapus',), ('mending',), ('laen',)]"
"['gajelas', 'masa', 'duo', 'teman', 'ketemu', 'master', 'sedang', 'tmn', 'sudah', 'gm', 'musuh', 'gm', 'smua', 'sampai', 'mitik', 'mana', 'biasa', 'ngetrol', 'ampe', 'lose', 'gaada', 'naik', 'naik', 'minimal', 'kalah', 'kasi', 'musuh', 'gampang', 'gm', 'bintang', 'turun', 'ampe', 'master', 'bintang', 'biasa', 'new', 'baru']","[('gajelas',), ('masa',), ('duo',), ('teman',), ('ketemu',), ('master',), ('sedang',), ('tmn',), ('sudah',), ('gm',), ('musuh',), ('gm',), ('smua',), ('sampai',), ('mitik',), ('mana',), ('biasa',), ('ngetrol',), ('ampe',), ('lose',), ('gaada',), ('naik',), ('naik',), ('minimal',), ('kalah',), ('kasi',), ('musuh',), ('gampang',), ('gm',), ('bintang',), ('turun',), ('ampe',), ('master',), ('bintang',), ('biasa',), ('new',), ('baru',)]"
"['terlalu', 'buruk', 'terlalu', 'barufeeding', 'bahkan', 'jika', 'mabar', 'dua', 'tiga', 'diamond', 'master', 'report', 'otomatis', 'buruk', 'dasar', 'nilai', 'akhir', 'bukan', 'kerja', 'bahkan', 'jika', 'laku', 'report', 'dua', 'gagal', 'hukum', 'berat', 'skill', 'delay', 'keluar', 'entah', 'bug', 'sengaja', 'tetapi', 'kaku', 'grafik', 'bagus']","[('terlalu',), ('buruk',), ('terlalu',), ('barufeeding',), ('bahkan',), ('jika',), ('mabar',), ('dua',), ('tiga',), ('diamond',), ('master',), ('report',), ('otomatis',), ('buruk',), ('dasar',), ('nilai',), ('akhir',), ('bukan',), ('kerja',), ('bahkan',), ('jika',), ('laku',), ('report',), ('dua',), ('gagal',), ('hukum',), ('berat',), ('skill',), ('delay',), ('keluar',), ('entah',), ('bug',), ('sengaja',), ('tetapi',), ('kaku',), ('grafik',), ('bagus',)]"
"['ping', 'buruk', 'ah', 'sudah']","[('ping',), ('buruk',), ('ah',), ('sudah',)]"
"['seruh', 'banget']","[('seruh',), ('banget',)]"
"['bagus', 'grafik', 'bagustapi', 'mohon', 'bug', 'hilangin', 'animasi', 'tolong', 'diperbaikisudah', 'segitu', 'terimakasih']","[('bagus',), ('grafik',), ('bagustapi',), ('mohon',), ('bug',), ('hilangin',), ('animasi',), ('tolong',), ('diperbaikisudah',), ('segitu',), ('terimakasih',)]"
"['tolong', 'developer', 'stabil', 'router', 'walaupun', 'bagus', 'tetapi', 'kurang', 'stabil', 'banned', 'cheat', 'lebih', 'level', 'max', 'sehingga', 'rugi', 'lain', 'kecewa']","[('tolong',), ('developer',), ('stabil',), ('router',), ('walaupun',), ('bagus',), ('tetapi',), ('kurang',), ('stabil',), ('banned',), ('cheat',), ('lebih',), ('level',), ('max',), ('sehingga',), ('rugi',), ('lain',), ('kecewa',)]"
"['bintang', 'duku', 'bug', 'sinyal', 'bagus', 'tolong', 'baik', 'biar', 'enak']","[('bintang',), ('duku',), ('bug',), ('sinyal',), ('bagus',), ('tolong',), ('baik',), ('biar',), ('enak',)]"
"['gemnya', 'mantap']","[('gemnya',), ('mantap',)]"
"['sempat', 'henti', 'jaringanya', 'lag', 'sekarang', 'coba', 'suka', 'lag', 'wifi', 'lag', 'lag', 'keluar', 'd', 'baik', 'masalah', 'jaringanya', 'lumayan', 'enak', 'd', 'mainin', 'terimakasih']","[('sempat',), ('henti',), ('jaringanya',), ('lag',), ('sekarang',), ('coba',), ('suka',), ('lag',), ('wifi',), ('lag',), ('lag',), ('keluar',), ('d',), ('baik',), ('masalah',), ('jaringanya',), ('lumayan',), ('enak',), ('d',), ('mainin',), ('terimakasih',)]"
"['gacor', 'kang']","[('gacor',), ('kang',)]"
['bagus'],"[('bagus',)]"
"['selalu', 'kalah', 'sampai', 'turun', 'bintang', 'bodo', 'amat']","[('selalu',), ('kalah',), ('sampai',), ('turun',), ('bintang',), ('bodo',), ('amat',)]"
"['beri', 'pacar', 'ngotak', 'pacar', 'bot', 'gila', 'ish']","[('beri',), ('pacar',), ('ngotak',), ('pacar',), ('bot',), ('gila',), ('ish',)]"
"['sudah', 'bagus', 'sekadar', 'saran', 'cinta', 'studios', 'usahain', 'update', 'guna', 'jangan', 'terlalu', 'besar', 'banyak', 'keluh', 'banyak', 'kuras', 'semenjak', 'update', 'tolong', 'jangan', 'terlalu', 'banyak', 'makan', 'kasihan', 'ken', 'halang', 'device']","[('sudah',), ('bagus',), ('sekadar',), ('saran',), ('cinta',), ('studios',), ('usahain',), ('update',), ('guna',), ('jangan',), ('terlalu',), ('besar',), ('banyak',), ('keluh',), ('banyak',), ('kuras',), ('semenjak',), ('update',), ('tolong',), ('jangan',), ('terlalu',), ('banyak',), ('makan',), ('kasihan',), ('ken',), ('halang',), ('device',)]"
"['sudah', 'mantap', 'performa', 'mantap', 'kualitas', 'skin', 'or', 'mantap', 'neko', 'rata', 'kiri', 'kentang', 'lancar', 'brutal', 'event', 'gausah', 'tanya', 'mantap', 'abizz', 'kritik', 'dev', 'ntah', 'knpa', 'mabar', 'teman', 'ping', 'buruk', 'naik', 'turun', 'an', 'sumpah', 'ganggu', 'bngt', 'posisi', 'aman', 'jarang', 'buruk']","[('sudah',), ('mantap',), ('performa',), ('mantap',), ('kualitas',), ('skin',), ('or',), ('mantap',), ('neko',), ('rata',), ('kiri',), ('kentang',), ('lancar',), ('brutal',), ('event',), ('gausah',), ('tanya',), ('mantap',), ('abizz',), ('kritik',), ('dev',), ('ntah',), ('knpa',), ('mabar',), ('teman',), ('ping',), ('buruk',), ('naik',), ('turun',), ('an',), ('sumpah',), ('ganggu',), ('bngt',), ('posisi',), ('aman',), ('jarang',), ('buruk',)]"
['bagus'],"[('bagus',)]"
"['skin', 'banyak']","[('skin',), ('banyak',)]"
['keren'],"[('keren',)]"
"['izin', 'comeback', 'minimal']","[('izin',), ('comeback',), ('minimal',)]"
"['cukup', 'tarik']","[('cukup',), ('tarik',)]"
"['lelah', 'algoritma', 'habis', 'winstreak', 'terbit', 'losestreak', 'kadang', 'winlosewinlose', 'capek', 'malam', 'cuma', 'nambah', 'bintang']","[('lelah',), ('algoritma',), ('habis',), ('winstreak',), ('terbit',), ('losestreak',), ('kadang',), ('winlosewinlose',), ('capek',), ('malam',), ('cuma',), ('nambah',), ('bintang',)]"
"['tolong', 'report', 'ubah', 'ajah', 'sekarang', 'guna', 'banyak', 'anomali', 'jelas', 'kelar', 'report', 'kena', 'report', 'sluruhan', 'bagus', 'banget', 'banyak', 'event', 'skin', 'gratis', 'ajah', 'saran', 'tolong', 'report', 'ubah', 'ajah']","[('tolong',), ('report',), ('ubah',), ('ajah',), ('sekarang',), ('guna',), ('banyak',), ('anomali',), ('jelas',), ('kelar',), ('report',), ('kena',), ('report',), ('sluruhan',), ('bagus',), ('banget',), ('banyak',), ('event',), ('skin',), ('gratis',), ('ajah',), ('saran',), ('tolong',), ('report',), ('ubah',), ('ajah',)]"
"['bagus', 'bahasa', 'lumayan', 'gaul', 'baik', 'pernah']","[('bagus',), ('bahasa',), ('lumayan',), ('gaul',), ('baik',), ('pernah',)]"
"['seru', 'tarik']","[('seru',), ('tarik',)]"
"['lumayan', 'seru', 'ketimbang']","[('lumayan',), ('seru',), ('ketimbang',)]"
"['rusak', 'noob', 'sampai', 'gm', 'best']","[('rusak',), ('noob',), ('sampai',), ('gm',), ('best',)]"
"['walau', 'stres', 'sukadisitulah', 'letak', 'asiknya']","[('walau',), ('stres',), ('sukadisitulah',), ('letak',), ('asiknya',)]"
"['gimana', 'beri', 'kode', 'kirim', 'sosial', 'sensor']","[('gimana',), ('beri',), ('kode',), ('kirim',), ('sosial',), ('sensor',)]"
"['anj', 'lain', 'lag', 'lag', 'banget', 'loading', 'lama', 'banget', 'kesel', 'emosi']","[('anj',), ('lain',), ('lag',), ('lag',), ('banget',), ('loading',), ('lama',), ('banget',), ('kesel',), ('emosi',)]"
"['gemnya', 'haram']","[('gemnya',), ('haram',)]"
"['sinyal', 'full', 'mesti', 'lag']","[('sinyal',), ('full',), ('mesti',), ('lag',)]"
"['buruk', 'mending']","[('buruk',), ('mending',)]"
"['gila', 'cuy', 'keren', 'cuma', 'kentang', 'lag']","[('gila',), ('cuy',), ('keren',), ('cuma',), ('kentang',), ('lag',)]"
"['ken', 'memori', 'cukup', 'lag']","[('ken',), ('memori',), ('cukup',), ('lag',)]"
"['seru', 'buruk', 'pay', 'win', 'mending', 'legends', 'buruk', 'jangan', 'donload', 'guys']","[('seru',), ('buruk',), ('pay',), ('win',), ('mending',), ('legends',), ('buruk',), ('jangan',), ('donload',), ('guys',)]"
"['hahaha', 'copyan', 'ge', 'deuh', 'sgala', 'pjang', 'iklan', 'wkwkw']","[('hahaha',), ('copyan',), ('ge',), ('deuh',), ('sgala',), ('pjang',), ('iklan',), ('wkwkw',)]"
"['enggak', 'suka', 'bintang', 'proteksi', 'poin', 'tetap', 'turun', 'bintang', 'aman', 'minimal', 'lebih', 'suka', 'bintang', 'lama']","[('enggak',), ('suka',), ('bintang',), ('proteksi',), ('poin',), ('tetap',), ('turun',), ('bintang',), ('aman',), ('minimal',), ('lebih',), ('suka',), ('bintang',), ('lama',)]"
['enak'],"[('enak',)]"
"['dlu', 'kya', 'kluar', 'sndri', 'parah', 'buruk']","[('dlu',), ('kya',), ('kluar',), ('sndri',), ('parah',), ('buruk',)]"
"['event', 'cukup', 'sulit', 'jatuhin', 'kartu', 'tari', 'sampai', 'kelar', 'event', 'pernah', 'mohon', 'mudah', 'trimaksih']","[('event',), ('cukup',), ('sulit',), ('jatuhin',), ('kartu',), ('tari',), ('sampai',), ('kelar',), ('event',), ('pernah',), ('mohon',), ('mudah',), ('trimaksih',)]"
"['suka', 'skill', 'mantap', 'mantap', 'bahkan', 'mvp']","[('suka',), ('skill',), ('mantap',), ('mantap',), ('bahkan',), ('mvp',)]"
['nice'],"[('nice',)]"
"['update', 'happy', 'mod', 'king', 'happy', 'mod']","[('update',), ('happy',), ('mod',), ('king',), ('happy',), ('mod',)]"
[],[]
"['grafik', 'tolong', 'tingkat']","[('grafik',), ('tolong',), ('tingkat',)]"
['seru'],"[('seru',)]"
"['tolong', 'rendahin']","[('tolong',), ('rendahin',)]"
"['benci', 'update', 'seaon', 'stuck', 'loding', 'screen', 'masuk', 'dalam', 'sampai', 'reinstall', 'benar', 'rugi']","[('benci',), ('update',), ('seaon',), ('stuck',), ('loding',), ('screen',), ('masuk',), ('dalam',), ('sampai',), ('reinstall',), ('benar',), ('rugi',)]"
"['tolol', 'b', 'mvpkonyol']","[('tolol',), ('b',), ('mvpkonyol',)]"
"['baik', 'jangan', 'cuma', 'skin', 'gacha', 'melulu', 'peduli', 'tetap', 'stay']","[('baik',), ('jangan',), ('cuma',), ('skin',), ('gacha',), ('melulu',), ('peduli',), ('tetap',), ('stay',)]"
"['tolong', 'fix', 'bagi', 'fps', 'dimensity', 'ultra', 'biasa', 'fps', 'maks', 'kenapa', 'lock', 'fps']","[('tolong',), ('fix',), ('bagi',), ('fps',), ('dimensity',), ('ultra',), ('biasa',), ('fps',), ('maks',), ('kenapa',), ('lock',), ('fps',)]"
"['banyak', 'bug']","[('banyak',), ('bug',)]"
"['gj', 'merah', 'kalah', 'mlu', 'biru', 'menang', 'knp', 'merah', 'kalah']","[('gj',), ('merah',), ('kalah',), ('mlu',), ('biru',), ('menang',), ('knp',), ('merah',), ('kalah',)]"
"['baik', 'seluruh', 'dunia']","[('baik',), ('seluruh',), ('dunia',)]"
"['barang', 'bagus']","[('barang',), ('bagus',)]"
"['tolong', 'management', 'masa', 'kalah', 'nambah', 'bintang', 'sedang', 'menang', 'kadang', 'nambah', 'bintang', 'kesel', 'jengkel', 'tolong', 'baik']","[('tolong',), ('management',), ('masa',), ('kalah',), ('nambah',), ('bintang',), ('sedang',), ('menang',), ('kadang',), ('nambah',), ('bintang',), ('kesel',), ('jengkel',), ('tolong',), ('baik',)]"
"['mana', 'masuk', 'tanding', 'pakek', 'wifi', 'selalu', 'wifi', 'lancar', 'biasa', 'rnk', 'tolong', 'baik', 'bintang', 'satu']","[('mana',), ('masuk',), ('tanding',), ('pakek',), ('wifi',), ('selalu',), ('wifi',), ('lancar',), ('biasa',), ('rnk',), ('tolong',), ('baik',), ('bintang',), ('satu',)]"
['sampah'],"[('sampah',)]"
"['sudah', 'bagus', 'selalu', 'notih', 'server', 'merespon', 'ngeselin']","[('sudah',), ('bagus',), ('selalu',), ('notih',), ('server',), ('merespon',), ('ngeselin',)]"
"['makin', 'makin', 'menjadijadi', 'kocak', 'pensiun', 'begitu']","[('makin',), ('makin',), ('menjadijadi',), ('kocak',), ('pensiun',), ('begitu',)]"
"['keren', 'kalah', 'bagus', 'tolong', 'bug', 'y', 'hilang', 'cukup', 'terimakasih']","[('keren',), ('kalah',), ('bagus',), ('tolong',), ('bug',), ('y',), ('hilang',), ('cukup',), ('terimakasih',)]"
"['ganti', 'happy', 'coin', 'ganti']","[('ganti',), ('happy',), ('coin',), ('ganti',)]"
"['bagus', 'tolong', 'diturunin', 'sedikit', 'donk', 'kentang', 'kadang', 'muat', 'tolong', 'ringan', 'hapus', 'file', 'dalam', 'nurun', 'tetap', 'gb']","[('bagus',), ('tolong',), ('diturunin',), ('sedikit',), ('donk',), ('kentang',), ('kadang',), ('muat',), ('tolong',), ('ringan',), ('hapus',), ('file',), ('dalam',), ('nurun',), ('tetap',), ('gb',)]"
['deeh'],"[('deeh',)]"
"['kenapa', 'ngga', 'jelas', 'mana', 'selalu', 'musuh', 'jago']","[('kenapa',), ('ngga',), ('jelas',), ('mana',), ('selalu',), ('musuh',), ('jago',)]"
['ganti'],"[('ganti',)]"
"['baik', 'hobi', 'ngebahagiain', 'efek', 'kualitas', 'bagus', 'skin', 'mahal', 'gratis', 'musuh', 'imbang', 'jago', 'enggak', 'beban', 'engga', 'top', 'up', 'duit', 'kurang', 'pokok', 'terimakasih', 'banget', 'developer', 'terbest', 'bintang']","[('baik',), ('hobi',), ('ngebahagiain',), ('efek',), ('kualitas',), ('bagus',), ('skin',), ('mahal',), ('gratis',), ('musuh',), ('imbang',), ('jago',), ('enggak',), ('beban',), ('engga',), ('top',), ('up',), ('duit',), ('kurang',), ('pokok',), ('terimakasih',), ('banget',), ('developer',), ('terbest',), ('bintang',)]"
"['sekarang', 'darksystem', 'anjeng']","[('sekarang',), ('darksystem',), ('anjeng',)]"
['sampah'],"[('sampah',)]"
"['kenapa', 'suka', 'keluar', 'sendiri', 'bagus', 'spek', 'kentang', 'amat', 'keluar', 'sendiri', 'suka', 'bete', 'push']","[('kenapa',), ('suka',), ('keluar',), ('sendiri',), ('bagus',), ('spek',), ('kentang',), ('amat',), ('keluar',), ('sendiri',), ('suka',), ('bete',), ('push',)]"
"['developer', 'perhati', 'masuk']","[('developer',), ('perhati',), ('masuk',)]"
"['bintang', 'ajg', 'mackingnya', 'jelek', 'babi']","[('bintang',), ('ajg',), ('mackingnya',), ('jelek',), ('babi',)]"
['keren'],"[('keren',)]"
"['sampah', 'hina', 'banget', 'pentol', 'pinoy', 'asu', 'capek', 'mending', 'pisah', 'ph']","[('sampah',), ('hina',), ('banget',), ('pentol',), ('pinoy',), ('asu',), ('capek',), ('mending',), ('pisah',), ('ph',)]"
"['tolol', 'banyak', 'spell', 'guna', 'paling', 'berisik']","[('tolol',), ('banyak',), ('spell',), ('guna',), ('paling',), ('berisik',)]"
"['sudah', 'oke', 'logis', 'musuh', 'kuat', 'tolong', 'baik']","[('sudah',), ('oke',), ('logis',), ('musuh',), ('kuat',), ('tolong',), ('baik',)]"
"['keren', 'event', 'banyak', 'skin', 'gratis', 'banyak', 'mantep', 'mending', 'hapus', 'kikir', 'cok', 'ls', 'mvp', 'lose', 'cuma', 'winmending', 'sudah', 'aseli', 'mah', 'saran', 'tuntut', 'tu', 'moontod', 'banyak', 'plagiat', 'cik', 'aseli']","[('keren',), ('event',), ('banyak',), ('skin',), ('gratis',), ('banyak',), ('mantep',), ('mending',), ('hapus',), ('kikir',), ('cok',), ('ls',), ('mvp',), ('lose',), ('cuma',), ('winmending',), ('sudah',), ('aseli',), ('mah',), ('saran',), ('tuntut',), ('tu',), ('moontod',), ('banyak',), ('plagiat',), ('cik',), ('aseli',)]"
['bagus'],"[('bagus',)]"
"['kampanh', 'suka', 'lag']","[('kampanh',), ('suka',), ('lag',)]"
"['kenapa', 'animasi', 'gerak', 'profil', 'maupun', 'diem']","[('kenapa',), ('animasi',), ('gerak',), ('profil',), ('maupun',), ('diem',)]"
"['bagus', 'sesuai', 'gera', 'karakter', 'agak', 'patah', 'patah', 'gitu', 'gera', 'terimakasih']","[('bagus',), ('sesuai',), ('gera',), ('karakter',), ('agak',), ('patah',), ('patah',), ('gitu',), ('gera',), ('terimakasih',)]"
"['jauh', 'jika', 'banding', 'vainofglory']","[('jauh',), ('jika',), ('banding',), ('vainofglory',)]"
['bagus'],"[('bagus',)]"
"['cukup', 'bagus', 'masuk', 'lama', 'tunggu']","[('cukup',), ('bagus',), ('masuk',), ('lama',), ('tunggu',)]"
"['keren', 'butuh', 'strategi', 'mateng', 'asal', 'nabrak', 'playernya', 'ngetroll', 'kya']","[('keren',), ('butuh',), ('strategi',), ('mateng',), ('asal',), ('nabrak',), ('playernya',), ('ngetroll',), ('kya',)]"
['suka'],"[('suka',)]"
"['matchingnya', 'jelek']","[('matchingnya',), ('jelek',)]"
"['kantau', 'jelek', 'buruk', 'banget', 'banyak', 'banget', 'uras', 'paket', 'sehingga', 'mendownload', 'butuh', 'paket', 'banyak', 'tolong', 'baik', 'jelek', 'tolol', 'banyak', 'pokok', 'bagus', 'buruk']","[('kantau',), ('jelek',), ('buruk',), ('banget',), ('banyak',), ('banget',), ('uras',), ('paket',), ('sehingga',), ('mendownload',), ('butuh',), ('paket',), ('banyak',), ('tolong',), ('baik',), ('jelek',), ('tolol',), ('banyak',), ('pokok',), ('bagus',), ('buruk',)]"
"['jelek', 'banyak', 'bag', 'putus', 'putus', 'makan', 'banyak', 'berfikir', 'hapus', 'mending', 'legends', 'nguras', 'dalam']","[('jelek',), ('banyak',), ('bag',), ('putus',), ('putus',), ('makan',), ('banyak',), ('berfikir',), ('hapus',), ('mending',), ('legends',), ('nguras',), ('dalam',)]"
"['anjinkada', 'atur', 'gold', 'masuk', 'diamondmana', 'musuh', 'diamond', 'semua', 'd', 'goldlogikanya', 'pay', 'win', 'anjinkkagak', 'imbang', 'babi', 'rusak', 'jangan', 'selalu', 'bilang', 'cocok', 'masinghalah', 'bacot', 'doangkami', 'bukan', 'lo', 'developer']","[('anjinkada',), ('atur',), ('gold',), ('masuk',), ('diamondmana',), ('musuh',), ('diamond',), ('semua',), ('d',), ('goldlogikanya',), ('pay',), ('win',), ('anjinkkagak',), ('imbang',), ('babi',), ('rusak',), ('jangan',), ('selalu',), ('bilang',), ('cocok',), ('masinghalah',), ('bacot',), ('doangkami',), ('bukan',), ('lo',), ('developer',)]"
"['mantap', 'seru']","[('mantap',), ('seru',)]"
"['jembot', 'noob', 'kadang', 'buta', 'kadang', 'jg', 'ketemu', 'mabar', 'enak', 'jg', 'benar', 'kadang', 'satuin', 'bot', 'pula', 'jembot']","[('jembot',), ('noob',), ('kadang',), ('buta',), ('kadang',), ('jg',), ('ketemu',), ('mabar',), ('enak',), ('jg',), ('benar',), ('kadang',), ('satuin',), ('bot',), ('pula',), ('jembot',)]"
['jelas'],"[('jelas',)]"
"['bagus', 'segi', 'skin', 'item', 'dll', 'moga', 'developer', 'ide', 'ide', 'baru', 'baru', 'dll', 'biar', 'salah', 'satu', 'dg', 'paling', 'gerguna', 'niru', 'bintang', 'anggota', 'developer', 'lain', 'terimakasih']","[('bagus',), ('segi',), ('skin',), ('item',), ('dll',), ('moga',), ('developer',), ('ide',), ('ide',), ('baru',), ('baru',), ('dll',), ('biar',), ('salah',), ('satu',), ('dg',), ('paling',), ('gerguna',), ('niru',), ('bintang',), ('anggota',), ('developer',), ('lain',), ('terimakasih',)]"
"['games', 'bagus', 'keluh', 'masalah', 'selalu', 'lot', 'log', 'tolong', 'baik']","[('games',), ('bagus',), ('keluh',), ('masalah',), ('selalu',), ('lot',), ('log',), ('tolong',), ('baik',)]"
"['sekian', 'benarbenar', 'kecewa', 'bukan', 'seru', 'tetapi', 'stres', 'panjang', 'alas', 'cocok', 'antara', 'ranked', 'peak', 'turnamen', 'imbang', 'pihak', 'bilang', 'sudah', 'sesuai', 'sesuai', 'harap', 'playernya', 'derita', 'benarbenar', 'paling', 'parah', 'peak', 'turnamen', 'imbang', 'benarbenar', 'kecewa']","[('sekian',), ('benarbenar',), ('kecewa',), ('bukan',), ('seru',), ('tetapi',), ('stres',), ('panjang',), ('alas',), ('cocok',), ('antara',), ('ranked',), ('peak',), ('turnamen',), ('imbang',), ('pihak',), ('bilang',), ('sudah',), ('sesuai',), ('sesuai',), ('harap',), ('playernya',), ('derita',), ('benarbenar',), ('paling',), ('parah',), ('peak',), ('turnamen',), ('imbang',), ('benarbenar',), ('kecewa',)]"
"['bro', 'bagaimana', 'nomor', 'hape', 'akun', 'level', 'taut', 'nomor', 'hape', 'akun', 'gimana', 'kendala', 'hal', 'sebut']","[('bro',), ('bagaimana',), ('nomor',), ('hape',), ('akun',), ('level',), ('taut',), ('nomor',), ('hape',), ('akun',), ('gimana',), ('kendala',), ('hal',), ('sebut',)]"
"['ho', 'iya', 'kenapa', 'burung', 'gold', 'len', 'paun', 'spaun', 'uda', 'matiin', 'paun', 'nyelesain', 'tutorial', 'burung', 'vinik', 'ka', 'paun', 'spaun', 'kanapaya', 'per', 'baikin']","[('ho',), ('iya',), ('kenapa',), ('burung',), ('gold',), ('len',), ('paun',), ('spaun',), ('uda',), ('matiin',), ('paun',), ('nyelesain',), ('tutorial',), ('burung',), ('vinik',), ('ka',), ('paun',), ('spaun',), ('kanapaya',), ('per',), ('baikin',)]"
"['makin', 'up', 'makin', 'sulit', 'mana', 'baru', 'ajar']","[('makin',), ('up',), ('makin',), ('sulit',), ('mana',), ('baru',), ('ajar',)]"
"['tindak', 'lanjut', 'hadap', 'laku', 'trolling', 'mulai', 'point', 'tetap', 'kurang', 'jika', 'jalan', 'yakin', 'banyak', 'tahan', 'tanggap', 'guna']","[('tindak',), ('lanjut',), ('hadap',), ('laku',), ('trolling',), ('mulai',), ('point',), ('tetap',), ('kurang',), ('jika',), ('jalan',), ('yakin',), ('banyak',), ('tahan',), ('tanggap',), ('guna',)]"
['keren'],"[('keren',)]"
['mamtul'],"[('mamtul',)]"
['oke'],"[('oke',)]"
"['ancur', 'nyoba', 'nyoba', 'emosi']","[('ancur',), ('nyoba',), ('nyoba',), ('emosi',)]"
['suka'],"[('suka',)]"
['oke'],"[('oke',)]"
['keren'],"[('keren',)]"
"['very', 'good']","[('very',), ('good',)]"
['sampah'],"[('sampah',)]"
['adita'],"[('adita',)]"
"['habis', 'update', 'framedrop', 'snapdragon', 'elite', 'bayangin', 'powerfull', 'ngeframe', 'sampai', 'fps', 'otak', 'sial']","[('habis',), ('update',), ('framedrop',), ('snapdragon',), ('elite',), ('bayangin',), ('powerfull',), ('ngeframe',), ('sampai',), ('fps',), ('otak',), ('sial',)]"
"['seru', 'banget']","[('seru',), ('banget',)]"
"['jelek', 'upadate', 'banyak', 'bug']","[('jelek',), ('upadate',), ('banyak',), ('bug',)]"
"['bagus', 'bageut', 'co', 'seru']","[('bagus',), ('bageut',), ('co',), ('seru',)]"
"['kil', 'banyak', 'mvp', 'mati', 'banyak', 'kil', 'mvp', 'jelas']","[('kil',), ('banyak',), ('mvp',), ('mati',), ('banyak',), ('kil',), ('mvp',), ('jelas',)]"
"['iklan', 'darah', 'tinggi']","[('iklan',), ('darah',), ('tinggi',)]"
"['spike', 'iklan', 'ganggu', 'sumpah', 'iklan', 'pasti', 'kalah']","[('spike',), ('iklan',), ('ganggu',), ('sumpah',), ('iklan',), ('pasti',), ('kalah',)]"
[],[]
"['banyak', 'ngikutin', 'aov', 'plagiat', 'kah']","[('banyak',), ('ngikutin',), ('aov',), ('plagiat',), ('kah',)]"
"['tu', 'latih', 'masuk', 'lebih', 'hard']","[('tu',), ('latih',), ('masuk',), ('lebih',), ('hard',)]"
"['pelit', 'matchnya', 'kurang', 'bagus', 'banget', 'bagi', 'susah', 'kadang', 'kadang', 'kadang', 'menang', 'kadang', 'kalah', 'kalah', 'kira', 'satu', 'dua', 'tiga', 'sampai', 'lebih', 'kadang', 'master', 'nyoba', 'diranked', 'mikir', 'gimana', 'kira', 'bintang', 'kurang', 'kalah', 'salah', 'besar', 'jangan', 'pernah', 'nyoba', 'diranked', 'simulasi', 'mikirlah', 'siapa']","[('pelit',), ('matchnya',), ('kurang',), ('bagus',), ('banget',), ('bagi',), ('susah',), ('kadang',), ('kadang',), ('kadang',), ('menang',), ('kadang',), ('kalah',), ('kalah',), ('kira',), ('satu',), ('dua',), ('tiga',), ('sampai',), ('lebih',), ('kadang',), ('master',), ('nyoba',), ('diranked',), ('mikir',), ('gimana',), ('kira',), ('bintang',), ('kurang',), ('kalah',), ('salah',), ('besar',), ('jangan',), ('pernah',), ('nyoba',), ('diranked',), ('simulasi',), ('mikirlah',), ('siapa',)]"
"['wei', 'ngotak', 'sedikit', 'masa', 'range', 'gold', 'lawan', 'ngga', 'ngotak', 'temn', 'bego', 'iya', 'lama', 'baru', 'donlod', 'lawa', 'gila']","[('wei',), ('ngotak',), ('sedikit',), ('masa',), ('range',), ('gold',), ('lawan',), ('ngga',), ('ngotak',), ('temn',), ('bego',), ('iya',), ('lama',), ('baru',), ('donlod',), ('lawa',), ('gila',)]"
['bagus'],"[('bagus',)]"
['bagus'],"[('bagus',)]"
"['seru', 'banget', 'mirip', 'legends', 'mudah', 'banget', 'maininnya', 'bagus', 'bagus', 'pentakill', 'nyaa']","[('seru',), ('banget',), ('mirip',), ('legends',), ('mudah',), ('banget',), ('maininnya',), ('bagus',), ('bagus',), ('pentakill',), ('nyaa',)]"
"['tolong', 'baik', 'biar', 'force', 'close']","[('tolong',), ('baik',), ('biar',), ('force',), ('close',)]"
"['jawab', 'ngehabis', 'kuota', 'mana', 'banyak', 'ngehabis', 'kuota', 'bocil']","[('jawab',), ('ngehabis',), ('kuota',), ('mana',), ('banyak',), ('ngehabis',), ('kuota',), ('bocil',)]"
"['musik', 'tema', 'aneh', 'nyambung', 'musik', 'tema', 'lain', 'tambahin', 'baru', 'jangan', 'bosen']","[('musik',), ('tema',), ('aneh',), ('nyambung',), ('musik',), ('tema',), ('lain',), ('tambahin',), ('baru',), ('jangan',), ('bosen',)]"
"['grafik', 'bagus', 'bangat']","[('grafik',), ('bagus',), ('bangat',)]"
"['kalah', 'turun', 'turun', 'trs', 'mana', 'gitu', 'banget', 'bkn', 'kesel']","[('kalah',), ('turun',), ('turun',), ('trs',), ('mana',), ('gitu',), ('banget',), ('bkn',), ('kesel',)]"
"['ketemu', 'musuh', 'jago', 'banget', 'kecil']","[('ketemu',), ('musuh',), ('jago',), ('banget',), ('kecil',)]"
['baru'],"[('baru',)]"
"['bagus', 'tarik', 'keren', 'legends', 'gila', 'jelek']","[('bagus',), ('tarik',), ('keren',), ('legends',), ('gila',), ('jelek',)]"
"['ngerti', 'season', 'kasi', 'ngetrol', 'roam', 'daji', 'lahh', 'segala', 'macam']","[('ngerti',), ('season',), ('kasi',), ('ngetrol',), ('roam',), ('daji',), ('lahh',), ('segala',), ('macam',)]"
['peler'],"[('peler',)]"
['terimakasih'],"[('terimakasih',)]"
"['tolong', 'baik', 'bugnya', 'contoh', 'file', 'skin', 'hilang', 'sudah', 'skinnya', 'sperti', 'skin', 'guiguzi', 'jjk', 'skin', 'mayene', 'food', 'fodie', 'spend', 'token', 'akhir', 'tanggap', 'moga', 'file', 'ski', 'cepat']","[('tolong',), ('baik',), ('bugnya',), ('contoh',), ('file',), ('skin',), ('hilang',), ('sudah',), ('skinnya',), ('sperti',), ('skin',), ('guiguzi',), ('jjk',), ('skin',), ('mayene',), ('food',), ('fodie',), ('spend',), ('token',), ('akhir',), ('tanggap',), ('moga',), ('file',), ('ski',), ('cepat',)]"
['ycca'],"[('ycca',)]"
"['tolong', 'optimasi', 'minimal', 'grafik', 'rendah', 'bahkan', 'rata', 'kiri', 'msih', 'suka', 'panas', 'framedrop', 'emng', 'mid', 'low', 'cuma', 'msih', 'usaha', 'tahan', 'digame', 'minimal', 'masa', 'gugur']","[('tolong',), ('optimasi',), ('minimal',), ('grafik',), ('rendah',), ('bahkan',), ('rata',), ('kiri',), ('msih',), ('suka',), ('panas',), ('framedrop',), ('emng',), ('mid',), ('low',), ('cuma',), ('msih',), ('usaha',), ('tahan',), ('digame',), ('minimal',), ('masa',), ('gugur',)]"
"['mohon', 'maaf', 'delovoper', 'king', 'guna', 'wifi', 'tetapi', 'pilih', 'suruh', 'tunggu', 'tunggu', 'sudah', 'selesai', 'tetapi', 'masuk', 'tolong', 'jika', 'bug', 'segera', 'benar', 'reputasi', 'turun', 'jujur', 'seru']","[('mohon',), ('maaf',), ('delovoper',), ('king',), ('guna',), ('wifi',), ('tetapi',), ('pilih',), ('suruh',), ('tunggu',), ('tunggu',), ('sudah',), ('selesai',), ('tetapi',), ('masuk',), ('tolong',), ('jika',), ('bug',), ('segera',), ('benar',), ('reputasi',), ('turun',), ('jujur',), ('seru',)]"
"['beri', 'bintang']","[('beri',), ('bintang',)]"
"['bagus', 'banget']","[('bagus',), ('banget',)]"
"['server', 'coba', 'lihat', 'komentar', 'chandra', 'chan', 'total', 'e', 'gb', 'sudah', 'bukti', 'komentar', 'chandra', 'chan', 'suka', 'banget', 'tsb', 'kuota', 'seluler', 'capai', 'segitu', 'besar', 'wifi', 'seluler', 'mengunakan', 'gigabyte', 'wifi', 'lot']","[('server',), ('coba',), ('lihat',), ('komentar',), ('chandra',), ('chan',), ('total',), ('e',), ('gb',), ('sudah',), ('bukti',), ('komentar',), ('chandra',), ('chan',), ('suka',), ('banget',), ('tsb',), ('kuota',), ('seluler',), ('capai',), ('segitu',), ('besar',), ('wifi',), ('seluler',), ('mengunakan',), ('gigabyte',), ('wifi',), ('lot',)]"
"['buruk', 'kopi', 'bang', 'bang', 'gacocok', 'king', 'kingnya', 'elo', 'raja', 'tuhan', 'tuhan', 'allah', 'swt']","[('buruk',), ('kopi',), ('bang',), ('bang',), ('gacocok',), ('king',), ('kingnya',), ('elo',), ('raja',), ('tuhan',), ('tuhan',), ('allah',), ('swt',)]"
"['mending', 'genshin']","[('mending',), ('genshin',)]"
[],[]
"['buruk', 'matchnya', 'ajg', 'stres', 'banyak', 'mula', 'baru', 'banget', 'sementara', 'musuh', 'veteran', 'semua', 'peak', 'nyaman', 'banget', 'gimana', 'solusi']","[('buruk',), ('matchnya',), ('ajg',), ('stres',), ('banyak',), ('mula',), ('baru',), ('banget',), ('sementara',), ('musuh',), ('veteran',), ('semua',), ('peak',), ('nyaman',), ('banget',), ('gimana',), ('solusi',)]"
"['mohon', 'baik', 'pakek', 'wifi', 'sinyal', 'merah', 'nanti', 'klok', 'sudah', 'setabil', 'tambah', 'bintang']","[('mohon',), ('baik',), ('pakek',), ('wifi',), ('sinyal',), ('merah',), ('nanti',), ('klok',), ('sudah',), ('setabil',), ('tambah',), ('bintang',)]"
"['update', 'lag', 'belum', 'lancar']","[('update',), ('lag',), ('belum',), ('lancar',)]"
"['bagus', 'namun', 'mb', 'besar', 'tolong', 'mb', 'kurang']","[('bagus',), ('namun',), ('mb',), ('besar',), ('tolong',), ('mb',), ('kurang',)]"
['seru'],"[('seru',)]"
"['tolong', 'baik', 'gm', 'full', 'master', 'sampah', 'banget', 'kagak', 'jelas']","[('tolong',), ('baik',), ('gm',), ('full',), ('master',), ('sampah',), ('banget',), ('kagak',), ('jelas',)]"
"['kuat', 'anj']","[('kuat',), ('anj',)]"
"['bagus', 'kucing', 'imut', 'banget', 'bintang', 'lima']","[('bagus',), ('kucing',), ('imut',), ('banget',), ('bintang',), ('lima',)]"
"['kapan', 'collab', 'demon', 'slayer', 'music', 'entrance', 'infinity', 'castle']","[('kapan',), ('collab',), ('demon',), ('slayer',), ('music',), ('entrance',), ('infinity',), ('castle',)]"
"['lumayan', 'mantap']","[('lumayan',), ('mantap',)]"
"['adil', 'setting', 'banyak', 'kalah', 'kompak', 'sedang', 'musuh', 'kompak', 'rusak']","[('adil',), ('setting',), ('banyak',), ('kalah',), ('kompak',), ('sedang',), ('musuh',), ('kompak',), ('rusak',)]"
['tiru'],"[('tiru',)]"
"['enak', 'banget', 'sumpah', 'no', 'tipu', 'tipu']","[('enak',), ('banget',), ('sumpah',), ('no',), ('tipu',), ('tipu',)]"
['bagus'],"[('bagus',)]"
"['baru', 'pelit', 'bagi', 'skin', 'gerat']","[('baru',), ('pelit',), ('bagi',), ('skin',), ('gerat',)]"
"['bagus', 'banget']","[('bagus',), ('banget',)]"
['gacor'],"[('gacor',)]"
"['lain', 'feeder', 'b', 'jelas', 'mati', 'salah']","[('lain',), ('feeder',), ('b',), ('jelas',), ('mati',), ('salah',)]"
"['pernah', 'seru', 'banget', 'bahkan', 'lawan', 'banyak', 'musuh']","[('pernah',), ('seru',), ('banget',), ('bahkan',), ('lawan',), ('banyak',), ('musuh',)]"
"['developer', 'semangat', 'kembang', 'sekin', 'gerat', 'hemm', 'oh', 'iya', 'matchamaking', 'terimakasih', 'nyata', 'benar', 'teman', 'lebih', 'seru', 'bosan', 'agak', 'sepi', 'hem', 'sepi', 'dalam', 'gelap', 'hemm', 'moga', 'developer', 'beri', 'sekin', 'gerat', 'limpah', 'makin', 'semangat', 'hehehe', 'gimana', 'tolong', 'atas', 'baik']","[('developer',), ('semangat',), ('kembang',), ('sekin',), ('gerat',), ('hemm',), ('oh',), ('iya',), ('matchamaking',), ('terimakasih',), ('nyata',), ('benar',), ('teman',), ('lebih',), ('seru',), ('bosan',), ('agak',), ('sepi',), ('hem',), ('sepi',), ('dalam',), ('gelap',), ('hemm',), ('moga',), ('developer',), ('beri',), ('sekin',), ('gerat',), ('limpah',), ('makin',), ('semangat',), ('hehehe',), ('gimana',), ('tolong',), ('atas',), ('baik',)]"
"['tetap', 'keluar', 'paksa', 'dalam', 'tanding', 'kena', 'report', 'afk', 'parah', 'jelas', 'banget', 'saran', 'grafik', 'sudah', 'rendah', 'tetap', 'benar', 'coba', 'teman', 'bagus', 'tetap', 'begini', 'paksa', 'keluar', 'dalam', 'tanding', 'lebih', 'parah', 'walaupun', 'cash', 'pernah', 'keluar', 'paksa', 'dalam', 'sebut', 'kecewa', 'butuh', 'bukti', 'ss', 'akhir', 'keluar', 'paksa', 'dalam', 'tanding', 'kena', 'report']","[('tetap',), ('keluar',), ('paksa',), ('dalam',), ('tanding',), ('kena',), ('report',), ('afk',), ('parah',), ('jelas',), ('banget',), ('saran',), ('grafik',), ('sudah',), ('rendah',), ('tetap',), ('benar',), ('coba',), ('teman',), ('bagus',), ('tetap',), ('begini',), ('paksa',), ('keluar',), ('dalam',), ('tanding',), ('lebih',), ('parah',), ('walaupun',), ('cash',), ('pernah',), ('keluar',), ('paksa',), ('dalam',), ('sebut',), ('kecewa',), ('butuh',), ('bukti',), ('ss',), ('akhir',), ('keluar',), ('paksa',), ('dalam',), ('tanding',), ('kena',), ('report',)]"
"['jangan', 'mula', 'semua']","[('jangan',), ('mula',), ('semua',)]"
['suka'],"[('suka',)]"
"['halah', 'tiru', 'dasar', 'buruk', 'moga', 'mati']","[('halah',), ('tiru',), ('dasar',), ('buruk',), ('moga',), ('mati',)]"
"['seru', 'bang', 'et']","[('seru',), ('bang',), ('et',)]"
['bagus'],"[('bagus',)]"
"['lostreak', 'ganti']","[('lostreak',), ('ganti',)]"
['bagus'],"[('bagus',)]"
"['iklan', 'nyenggol', 'kualitas', 'bgus', 'amat', 'diupdate', 'lobby', 'mlu', 'urusin', 'noh', 'sudah', 'update', 'gaguna', 'lag', 'mending', 'dri', 'pda', 'jangan', 'didownload', 'guyss']","[('iklan',), ('nyenggol',), ('kualitas',), ('bgus',), ('amat',), ('diupdate',), ('lobby',), ('mlu',), ('urusin',), ('noh',), ('sudah',), ('update',), ('gaguna',), ('lag',), ('mending',), ('dri',), ('pda',), ('jangan',), ('didownload',), ('guyss',)]"
"['keren', 'log', 'sebentar', 'tiktok']","[('keren',), ('log',), ('sebentar',), ('tiktok',)]"
"['bagus', 'banget', 'walau', 'niru']","[('bagus',), ('banget',), ('walau',), ('niru',)]"
['mantap'],"[('mantap',)]"
"['ukur', 'kecil', 'minimal', 'tambah', 'otomatis', 'skin', 'efek', 'animasi', 'butuh', 'hilang']","[('ukur',), ('kecil',), ('minimal',), ('tambah',), ('otomatis',), ('skin',), ('efek',), ('animasi',), ('butuh',), ('hilang',)]"
"['seru', 'sayang', 'niru']","[('seru',), ('sayang',), ('niru',)]"
"['bagus', 'lebih', 'bagus', 'bintang', 'lebih', 'kembang']","[('bagus',), ('lebih',), ('bagus',), ('bintang',), ('lebih',), ('kembang',)]"
"['grafik', 'sudah', 'bagus', 'skin', 'bagus', 'suka']","[('grafik',), ('sudah',), ('bagus',), ('skin',), ('bagus',), ('suka',)]"
['bagus'],"[('bagus',)]"
"['tiga', 'nanti', 'nyesel', 'takut', 'musuh', 'musuh', 'suka', 'keroyokan']","[('tiga',), ('nanti',), ('nyesel',), ('takut',), ('musuh',), ('musuh',), ('suka',), ('keroyokan',)]"
['bagus'],"[('bagus',)]"
"['bagus', 'lahh']","[('bagus',), ('lahh',)]"
"['drop', 'fps', 'update', 'banding', 'belum', 'update', 'fps', 'stabil', 'mohon', 'optimalisasi']","[('drop',), ('fps',), ('update',), ('banding',), ('belum',), ('update',), ('fps',), ('stabil',), ('mohon',), ('optimalisasi',)]"
"['baik', 'mact', 'tolong', 'baik']","[('baik',), ('mact',), ('tolong',), ('baik',)]"
['sukah'],"[('sukah',)]"
['ngebug'],"[('ngebug',)]"
"['enk', 'banget', 'karakter', 'bagus']","[('enk',), ('banget',), ('karakter',), ('bagus',)]"
['bagus'],"[('bagus',)]"
"['sumpaahh', 'seru', 'pwwool', 'aaik', 'karakter', 'lucu', 'cantik', 'ganteng', 'kuat', 'pula', 'cocok', 'mula', 'mb', 'banyak', 'lag', 'pliss', 'mb', 'turunin', 'biar', 'makin', 'suka', 'terimakasih', 'sudah', 'suka']","[('sumpaahh',), ('seru',), ('pwwool',), ('aaik',), ('karakter',), ('lucu',), ('cantik',), ('ganteng',), ('kuat',), ('pula',), ('cocok',), ('mula',), ('mb',), ('banyak',), ('lag',), ('pliss',), ('mb',), ('turunin',), ('biar',), ('makin',), ('suka',), ('terimakasih',), ('sudah',), ('suka',)]"
"['lebih', 'bagus']","[('lebih',), ('bagus',)]"
['keren'],"[('keren',)]"
"['baru', 'nich']","[('baru',), ('nich',)]"
"['bagus', 'but', 'rekomend', 'patah', 'patah']","[('bagus',), ('but',), ('rekomend',), ('patah',), ('patah',)]"
"['bagus', 'banget', 'banyak', 'skin', 'skin', 'bagus', 'lebih', 'nomor', 'indonesia']","[('bagus',), ('banget',), ('banyak',), ('skin',), ('skin',), ('bagus',), ('lebih',), ('nomor',), ('indonesia',)]"
"['suka', 'semenjak', 'instal', 'lama', 'suara', 'hilang', 'kuat', 'kebel', 'sendiri', 'kumpulin', 'skin', 'tolong', 'baik']","[('suka',), ('semenjak',), ('instal',), ('lama',), ('suara',), ('hilang',), ('kuat',), ('kebel',), ('sendiri',), ('kumpulin',), ('skin',), ('tolong',), ('baik',)]"
"['seru', 'banget']","[('seru',), ('banget',)]"
"['seru', 'gampang', 'menang', 'moga', 'tagih']","[('seru',), ('gampang',), ('menang',), ('moga',), ('tagih',)]"
"['bagus', 'ukur', 'terlalu', 'besar', 'lebih', 'tolong', 'versi', 'gb', 'gb']","[('bagus',), ('ukur',), ('terlalu',), ('besar',), ('lebih',), ('tolong',), ('versi',), ('gb',), ('gb',)]"
"['dancok', 'sinyal', 'lancar', 'fps', 'turun', 'sinyal', 'lag', 'fps', 'naik', 'tolol']","[('dancok',), ('sinyal',), ('lancar',), ('fps',), ('turun',), ('sinyal',), ('lag',), ('fps',), ('naik',), ('tolol',)]"
"['play', 'lumayan', 'mirip', 'satu', 'kurang', 'yaitu', 'walupun', 'begus', 'tetetapi', 'tetap', 'lag', 'banyak', 'banget', 'loading', 'keluar', 'sendiri', 'bagaimana', 'play', 'tetap', 'bagus', 'bintang']","[('play',), ('lumayan',), ('mirip',), ('satu',), ('kurang',), ('yaitu',), ('walupun',), ('begus',), ('tetetapi',), ('tetap',), ('lag',), ('banyak',), ('banget',), ('loading',), ('keluar',), ('sendiri',), ('bagaimana',), ('play',), ('tetap',), ('bagus',), ('bintang',)]"
"['seru', 'banget']","[('seru',), ('banget',)]"
"['keren', 'bagus', 'mantap']","[('keren',), ('bagus',), ('mantap',)]"
['seru'],"[('seru',)]"
['tolol'],"[('tolol',)]"
"['admin', 'server', 'sial', 'cuma', 'satu', 'menang', 'bangst', 'kenapa', 'tolol', 'diamond', 'turun', 'gold', 'wajar', 'ajg', 'bug', 'harap', 'dinotice', 'sudah', 'terlalu']","[('admin',), ('server',), ('sial',), ('cuma',), ('satu',), ('menang',), ('bangst',), ('kenapa',), ('tolol',), ('diamond',), ('turun',), ('gold',), ('wajar',), ('ajg',), ('bug',), ('harap',), ('dinotice',), ('sudah',), ('terlalu',)]"
"['kenapa', 'season', 'musuh', 'jauh', 'lebih', 'baik', 'tanding', 'selalu', 'imbang']","[('kenapa',), ('season',), ('musuh',), ('jauh',), ('lebih',), ('baik',), ('tanding',), ('selalu',), ('imbang',)]"
"['minimal', 'kentang', 'dh', 'kuat', 'makanya', 'pensi', 'sorry', 'minimal', 'misal', 'anggap', 'jelek', 'maksud', 'agak', 'ringan']","[('minimal',), ('kentang',), ('dh',), ('kuat',), ('makanya',), ('pensi',), ('sorry',), ('minimal',), ('misal',), ('anggap',), ('jelek',), ('maksud',), ('agak',), ('ringan',)]"
"['seru', 'tarik']","[('seru',), ('tarik',)]"
"['suka', 'banget', 'banyak', 'skin', 'dewa', 'china']","[('suka',), ('banget',), ('banyak',), ('skin',), ('dewa',), ('china',)]"
"['sinyal', 'bagus', 'suka', 'lag', 'downlodan', 'beres', 'tolong', 'selesai', 'duku']","[('sinyal',), ('bagus',), ('suka',), ('lag',), ('downlodan',), ('beres',), ('tolong',), ('selesai',), ('duku',)]"
"['bagus', 'tier', 'makin', 'tinggi', 'lawan', 'makin', 'jago', 'makin', 'tolol']","[('bagus',), ('tier',), ('makin',), ('tinggi',), ('lawan',), ('makin',), ('jago',), ('makin',), ('tolol',)]"
['kontl'],"[('kontl',)]"
"['bug', 'warna', 'pink', 'semua', 'sudah', 'nenerapa', 'maon', 'warna', 'pink', 'semua', 'baru', 'langsung', 'bug', 'pink', 'lg', 'auto', 'afk']","[('bug',), ('warna',), ('pink',), ('semua',), ('sudah',), ('nenerapa',), ('maon',), ('warna',), ('pink',), ('semua',), ('baru',), ('langsung',), ('bug',), ('pink',), ('lg',), ('auto',), ('afk',)]"
"['sudah', 'update', 'cepat', 'panas', 'belum', 'oke']","[('sudah',), ('update',), ('cepat',), ('panas',), ('belum',), ('oke',)]"
"['developer', 'maksud', 'gimana', 'komputer', 'saling', 'kerja', 'percuma', 'bintang', 'naik', 'satu', 'tadi', 'kalah', 'beda', 'jauh', 'habis', 'magrib', 'sampai', 'sekarang', 'bukan', 'naik', 'bintang', 'turun', 'naik', 'balikin', 'ksih', 'bintang', 'biar', 'lo', 'pad', 'neng', 'inti', 'beda', 'hilangin', 'stres', 'tambah', 'gedek']","[('developer',), ('maksud',), ('gimana',), ('komputer',), ('saling',), ('kerja',), ('percuma',), ('bintang',), ('naik',), ('satu',), ('tadi',), ('kalah',), ('beda',), ('jauh',), ('habis',), ('magrib',), ('sampai',), ('sekarang',), ('bukan',), ('naik',), ('bintang',), ('turun',), ('naik',), ('balikin',), ('ksih',), ('bintang',), ('biar',), ('lo',), ('pad',), ('neng',), ('inti',), ('beda',), ('hilangin',), ('stres',), ('tambah',), ('gedek',)]"
"['iklan', 'diimana', 'mana']","[('iklan',), ('diimana',), ('mana',)]"
['good'],"[('good',)]"
"['selamat', 'soremalam', 'ceo', 'para', 'admin', 'tolong', 'rusak', 'jangan', 'mikirin', 'jual', 'beri', 'skin', 'gratis', 'tolong', 'turet', 'shild', 'damage', 'lebih', 'sakit', 'baru', 'belum', 'menit', 'turet', 'hancur', 'semua', 'tinggal', 'turet', 'utama', 'pdahal', 'tampa', 'minion', 'kocak', 'sesuai', 'sesuai', 'jngn', 'asal', 'beri', 'beri', 'baru', 'terimakasih', 'saran', 'moga', 'dengar', 'saran', 'moga', 'lebih', 'baik']","[('selamat',), ('soremalam',), ('ceo',), ('para',), ('admin',), ('tolong',), ('rusak',), ('jangan',), ('mikirin',), ('jual',), ('beri',), ('skin',), ('gratis',), ('tolong',), ('turet',), ('shild',), ('damage',), ('lebih',), ('sakit',), ('baru',), ('belum',), ('menit',), ('turet',), ('hancur',), ('semua',), ('tinggal',), ('turet',), ('utama',), ('pdahal',), ('tampa',), ('minion',), ('kocak',), ('sesuai',), ('sesuai',), ('jngn',), ('asal',), ('beri',), ('beri',), ('baru',), ('terimakasih',), ('saran',), ('moga',), ('dengar',), ('saran',), ('moga',), ('lebih',), ('baik',)]"
['bagus'],"[('bagus',)]"
['bagus'],"[('bagus',)]"
"['rusak', 'ketemu', 'duo', 'gimna', 'cerita']","[('rusak',), ('ketemu',), ('duo',), ('gimna',), ('cerita',)]"
"['bab', 'indikator', 'asasin', 'simayi', 'lam', 'indikator', 'skill', 'yangg', 'skill', 'diarahin', 'sekarang', 'bisaa', 'sima', 'yi', 'salah', 'lock', 'anj', 'ayo', 'balikin', 'indikator', 'skill']","[('bab',), ('indikator',), ('asasin',), ('simayi',), ('lam',), ('indikator',), ('skill',), ('yangg',), ('skill',), ('diarahin',), ('sekarang',), ('bisaa',), ('sima',), ('yi',), ('salah',), ('lock',), ('anj',), ('ayo',), ('balikin',), ('indikator',), ('skill',)]"
"['seru', 'banget', 'coo', 'stres', 'kyk']","[('seru',), ('banget',), ('coo',), ('stres',), ('kyk',)]"
"['update', 'baru', 'buruk', 'selalu', 'lag', 'keluar', 'sendiri', 'sehingga', 'selalu', 'kena', 'langgar']","[('update',), ('baru',), ('buruk',), ('selalu',), ('lag',), ('keluar',), ('sendiri',), ('sehingga',), ('selalu',), ('kena',), ('langgar',)]"
"['mantep', 'gatau']","[('mantep',), ('gatau',)]"
"['masukin', 'florentino', 'asik', 'florentino', 'tambahin', 'florentino', 'harap', 'florentino']","[('masukin',), ('florentino',), ('asik',), ('florentino',), ('tambahin',), ('florentino',), ('harap',), ('florentino',)]"
"['bagus', 'ngeselin']","[('bagus',), ('ngeselin',)]"
"['semua', 'bagus', 'bagus', 'mulai', 'event', 'bagus', 'semua', 'tolong', 'minimal', 'masa', 'bot', 'farm', 'line', 'magenya', 'mage', 'clash', 'lanenya', 'dongoo', 'clash', 'junggling', 'junggling', 'farm', 'line', 'dongonya', 'sampai', 'ubun', 'ubun', 'tolong', 'minimal']","[('semua',), ('bagus',), ('bagus',), ('mulai',), ('event',), ('bagus',), ('semua',), ('tolong',), ('minimal',), ('masa',), ('bot',), ('farm',), ('line',), ('magenya',), ('mage',), ('clash',), ('lanenya',), ('dongoo',), ('clash',), ('junggling',), ('junggling',), ('farm',), ('line',), ('dongonya',), ('sampai',), ('ubun',), ('ubun',), ('tolong',), ('minimal',)]"
"['frame', 'drop', 'parah', 'banget']","[('frame',), ('drop',), ('parah',), ('banget',)]"
"['wu', 'niru', 'dahh', 'wu', 'palagiat']","[('wu',), ('niru',), ('dahh',), ('wu',), ('palagiat',)]"
"['bagus', 'banget', 'kurang', 'gede', 'mb', 'ajah', 'suka', 'skin', 'ditail', 'banget', 'gitu', 'ramah', 'ramah', 'bagus', 'banget', 'walupun', 'mb', 'besar', 'wortid', 'banget']","[('bagus',), ('banget',), ('kurang',), ('gede',), ('mb',), ('ajah',), ('suka',), ('skin',), ('ditail',), ('banget',), ('gitu',), ('ramah',), ('ramah',), ('bagus',), ('banget',), ('walupun',), ('mb',), ('besar',), ('wortid',), ('banget',)]"
"['bagus', 'unik', 'grafik', 'bagus', 'banget', 'berat', 'paksa', 'uninstall', 'cukup']","[('bagus',), ('unik',), ('grafik',), ('bagus',), ('banget',), ('berat',), ('paksa',), ('uninstall',), ('cukup',)]"
['bagus'],"[('bagus',)]"
"['bsgus', 'try', 'hard']","[('bsgus',), ('try',), ('hard',)]"
"['bagus', 'ping', 'tinggi', 'sinyal', 'bagus', 'buka', 'lain', 'lancar']","[('bagus',), ('ping',), ('tinggi',), ('sinyal',), ('bagus',), ('buka',), ('lain',), ('lancar',)]"
['mending'],"[('mending',)]"
"['jelas', 'sendiri', 'selalu', 'jago', 'banding', 'musuh']","[('jelas',), ('sendiri',), ('selalu',), ('jago',), ('banding',), ('musuh',)]"
['seru'],"[('seru',)]"
['nice'],"[('nice',)]"
"['tolol', 'jelas']","[('tolol',), ('jelas',)]"
"['sumpah', 'pernah', 'kesal', 'gwe', 'semenjak', 'update', 'macthmaking', 'lama', 'banget', 'ampe', 'menit', 'lebih', 'lo', 'emosey', 'banget', 'gwe']","[('sumpah',), ('pernah',), ('kesal',), ('gwe',), ('semenjak',), ('update',), ('macthmaking',), ('lama',), ('banget',), ('ampe',), ('menit',), ('lebih',), ('lo',), ('emosey',), ('banget',), ('gwe',)]"
"['halo', 'semua', 'gratis', 'bagus', 'banget']","[('halo',), ('semua',), ('gratis',), ('bagus',), ('banget',)]"
"['karakter', 'ilang', 'semua']","[('karakter',), ('ilang',), ('semua',)]"
"['update', 'lag', 'parah', 'drop', 'ms', 'sampai', 'sinyal', 'bagus']","[('update',), ('lag',), ('parah',), ('drop',), ('ms',), ('sampai',), ('sinyal',), ('bagus',)]"
['bagus'],"[('bagus',)]"
['bagus'],"[('bagus',)]"
"['keren', 'bngt', 'semuaanya', 'gratis']","[('keren',), ('bngt',), ('semuaanya',), ('gratis',)]"
"['baru', 'pertama', 'langsung', 'lag', 'bagus', 'kenapa', 'ganti', 'tolong', 'developer', 'hokhonor', 'per', 'baik', 'seru', 'gratis']","[('baru',), ('pertama',), ('langsung',), ('lag',), ('bagus',), ('kenapa',), ('ganti',), ('tolong',), ('developer',), ('hokhonor',), ('per',), ('baik',), ('seru',), ('gratis',)]"
"['mantap', 'lebih', 'adil', 'tanding']","[('mantap',), ('lebih',), ('adil',), ('tanding',)]"
['bagus'],"[('bagus',)]"
"['matchnya', 'makin', 'jelek', 'imbang']","[('matchnya',), ('makin',), ('jelek',), ('imbang',)]"
"['banyak', 'skin', 'gratis']","[('banyak',), ('skin',), ('gratis',)]"
"['tolong', 'minimal', 'kredit', 'skor', 'kurang', 'jangan', 'lawan', 'bot', 'begitu', 'pula', 'naik', 'jelas']","[('tolong',), ('minimal',), ('kredit',), ('skor',), ('kurang',), ('jangan',), ('lawan',), ('bot',), ('begitu',), ('pula',), ('naik',), ('jelas',)]"
"['tolong', 'kah', 'dev', 'tolong', 'banget', 'jangan', 'temuin', 'oh', 'cape', 'kena', 'troll', 'sudah', 'ngasal', 'gjls', 'pisah', 'oh', 'server', 'sendiri', 'beban', 'global']","[('tolong',), ('kah',), ('dev',), ('tolong',), ('banget',), ('jangan',), ('temuin',), ('oh',), ('cape',), ('kena',), ('troll',), ('sudah',), ('ngasal',), ('gjls',), ('pisah',), ('oh',), ('server',), ('sendiri',), ('beban',), ('global',)]"
"['mantep', 'banget', 'gan']","[('mantep',), ('banget',), ('gan',)]"
"['dajihao', 'balik', 'akun', 'akun', 'sudah', 'ngumpulin', 'skin', 'sampai', 'hilang', 'begitu', 'inginn', 'akun', 'satu', 'tanpa', 'file', 'cheat', 'mana', 'please', 'balik', 'akun', 'sudah', 'kait', 'google']","[('dajihao',), ('balik',), ('akun',), ('akun',), ('sudah',), ('ngumpulin',), ('skin',), ('sampai',), ('hilang',), ('begitu',), ('inginn',), ('akun',), ('satu',), ('tanpa',), ('file',), ('cheat',), ('mana',), ('please',), ('balik',), ('akun',), ('sudah',), ('kait',), ('google',)]"
"['bagus', 'memori', 'sudah', 'penuh', 'belum', 'mendownload', 'semua', 'v']","[('bagus',), ('memori',), ('sudah',), ('penuh',), ('belum',), ('mendownload',), ('semua',), ('v',)]"
"['hi', 'developer', 'hapus', 'spriteling', 'pilih', 'utama', 'gapernah', 'ratarata', 'chinese', 'begitu', 'skin', 'dinasti', 'kaisar', 'ukyo', 'tachibanacharlottemai', 'shiranui', 'gabisa', 'event', 'gimana', 'dapetinya']","[('hi',), ('developer',), ('hapus',), ('spriteling',), ('pilih',), ('utama',), ('gapernah',), ('ratarata',), ('chinese',), ('begitu',), ('skin',), ('dinasti',), ('kaisar',), ('ukyo',), ('tachibanacharlottemai',), ('shiranui',), ('gabisa',), ('event',), ('gimana',), ('dapetinya',)]"
"['lag', 'parah', 'merah', 'jelas', 'kapan', 'rusak', 'kira', 'semua', 'punya', 'wifi']","[('lag',), ('parah',), ('merah',), ('jelas',), ('kapan',), ('rusak',), ('kira',), ('semua',), ('punya',), ('wifi',)]"
['good'],"[('good',)]"
['bagus'],"[('bagus',)]"
"['paham', 'banyak', 'banget', 'rugi']","[('paham',), ('banyak',), ('banget',), ('rugi',)]"
['bagus'],"[('bagus',)]"
"['ukur', 'terlalu', 'besar']","[('ukur',), ('terlalu',), ('besar',)]"
"['report', 'makin', 'kacau', 'jelas', 'lain', 'curi', 'line', 'kurang', 'kredit', 'skor', 'tambah', 'aneh']","[('report',), ('makin',), ('kacau',), ('jelas',), ('lain',), ('curi',), ('line',), ('kurang',), ('kredit',), ('skor',), ('tambah',), ('aneh',)]"
"['banyak', 'bot']","[('banyak',), ('bot',)]"
"['m', 'likes']","[('m',), ('likes',)]"
['bagus'],"[('bagus',)]"
"['beri', 'adil', 'gjls']","[('beri',), ('adil',), ('gjls',)]"
[],[]
"['k', 'o', 'n', 't', 'o', 'l', 'please', 'guys', 'jangan', 'downlod', 'ngamuk', 'masuk', 'tolol', 'banget', 'demi', 'jangan', 'demi', 'sehat', 'mental', 'lo']","[('k',), ('o',), ('n',), ('t',), ('o',), ('l',), ('please',), ('guys',), ('jangan',), ('downlod',), ('ngamuk',), ('masuk',), ('tolol',), ('banget',), ('demi',), ('jangan',), ('demi',), ('sehat',), ('mental',), ('lo',)]"
"['sekian', 'banyak', 'dunia', 'rata', 'tiongkok', 'beberapa', 'event', 'tentu', 'belum', 'tentu', 'event', 'muncul', 'snk', 'mas', 'guna', 'arcana', 'mengumpulkanmenukar', 'bukan', 'rune', 'pilih', 'bagi', 'kuasa', 'lebih', 'dahulu', 'bruhh', 'seriously']","[('sekian',), ('banyak',), ('dunia',), ('rata',), ('tiongkok',), ('beberapa',), ('event',), ('tentu',), ('belum',), ('tentu',), ('event',), ('muncul',), ('snk',), ('mas',), ('guna',), ('arcana',), ('mengumpulkanmenukar',), ('bukan',), ('rune',), ('pilih',), ('bagi',), ('kuasa',), ('lebih',), ('dahulu',), ('bruhh',), ('seriously',)]"
"['pel', 'ram', 'jangan', 'banyak', 'banyak', 'masa', 'ram', 'langsung', 'penuh', 'ram', 'mas', 'sedikit', 'langsung', 'penuh', 'pel', 'ram', 'jangan', 'banyak', 'banyak', 'pel', 'tolong', 'sekian', 'terimakasih']","[('pel',), ('ram',), ('jangan',), ('banyak',), ('banyak',), ('masa',), ('ram',), ('langsung',), ('penuh',), ('ram',), ('mas',), ('sedikit',), ('langsung',), ('penuh',), ('pel',), ('ram',), ('jangan',), ('banyak',), ('banyak',), ('pel',), ('tolong',), ('sekian',), ('terimakasih',)]"
['good'],"[('good',)]"
"['seru', 'banget', 'woy']","[('seru',), ('banget',), ('woy',)]"
"['bagus', 'anak', 'mula', 'belum', 'danbsgus', 'mainin']","[('bagus',), ('anak',), ('mula',), ('belum',), ('danbsgus',), ('mainin',)]"
"['minimal', 'maaf', 'bintang', 'buah', 'bug', 'bagi', 'tutorial', 'farming', 'sekian', 'terimakasih', 'moga', 'lekas', 'baik', 'bug', 'ntar', 'baru', 'tambah', 'bintang']","[('minimal',), ('maaf',), ('bintang',), ('buah',), ('bug',), ('bagi',), ('tutorial',), ('farming',), ('sekian',), ('terimakasih',), ('moga',), ('lekas',), ('baik',), ('bug',), ('ntar',), ('baru',), ('tambah',), ('bintang',)]"
"['minimal', 'sekarang', 'drop', 'sinyal', 'maren', 'maren', 'kaga', 'drop', 'buka', 'laen', 'aman', 'buka', 'drop', 'dh', 'gitu', 'ms', 'nyaman', 'banyak', 'lag', 'sinyal', 'dh', 'fps', 'tolong', 'minimal', 'pensi', 'dh']","[('minimal',), ('sekarang',), ('drop',), ('sinyal',), ('maren',), ('maren',), ('kaga',), ('drop',), ('buka',), ('laen',), ('aman',), ('buka',), ('drop',), ('dh',), ('gitu',), ('ms',), ('nyaman',), ('banyak',), ('lag',), ('sinyal',), ('dh',), ('fps',), ('tolong',), ('minimal',), ('pensi',), ('dh',)]"
"['bosen', 'skin', 'gratis', 'tetap', 'top', 'up', 'makanya', 'bintang', 'satu', 'mending', 'jgn', 'menuh', 'menuhin', 'memori']","[('bosen',), ('skin',), ('gratis',), ('tetap',), ('top',), ('up',), ('makanya',), ('bintang',), ('satu',), ('mending',), ('jgn',), ('menuh',), ('menuhin',), ('memori',)]"
"['sudah', 'bagus', 'namun', 'kurang', 'suka', 'animasi', 'lag', 'sinyal', 'wifi', 'masalah', 'mohon', 'baik']","[('sudah',), ('bagus',), ('namun',), ('kurang',), ('suka',), ('animasi',), ('lag',), ('sinyal',), ('wifi',), ('masalah',), ('mohon',), ('baik',)]"
['kikir'],"[('kikir',)]"
"['banyak', 'feeder']","[('banyak',), ('feeder',)]"
"['seru', 'banget']","[('seru',), ('banget',)]"
"['kasi', 'bintang', 'langsung', 'biar', 'dev', 'makin', 'bagus', 'laku', 'update', 'jangan', 'kalah', 'banyak', 'darksystem']","[('kasi',), ('bintang',), ('langsung',), ('biar',), ('dev',), ('makin',), ('bagus',), ('laku',), ('update',), ('jangan',), ('kalah',), ('banyak',), ('darksystem',)]"
"['jujur', 'bagus', 'banget', 'skinnya', 'murah', 'mewah', 'grafik', 'bagus', 'banget']","[('jujur',), ('bagus',), ('banget',), ('skinnya',), ('murah',), ('mewah',), ('grafik',), ('bagus',), ('banget',)]"
"['ql', 'd', 'js', 'mys']","[('ql',), ('d',), ('js',), ('mys',)]"
"['lag', 'kesel', 'banget', 'knp', 'eksekusi', 'masalah', 'kerja', 'masa', 'masalah', 'eksekusi', 'cepat']","[('lag',), ('kesel',), ('banget',), ('knp',), ('eksekusi',), ('masalah',), ('kerja',), ('masa',), ('masalah',), ('eksekusi',), ('cepat',)]"
"['ganyah', 'bagus', 'satu', 'kurang', 'yaitu', 'musuh', 'mudah', 'kalah', 'harap', 'musuhnyah', 'susah']","[('ganyah',), ('bagus',), ('satu',), ('kurang',), ('yaitu',), ('musuh',), ('mudah',), ('kalah',), ('harap',), ('musuhnyah',), ('susah',)]"
['bagus'],"[('bagus',)]"
"['wel', 'terlalu', 'suka', 'banyak', 'bot', 'bagus']","[('wel',), ('terlalu',), ('suka',), ('banyak',), ('bot',), ('bagus',)]"
"['bug', 'anjing', 'loding', 'lama']","[('bug',), ('anjing',), ('loding',), ('lama',)]"
"['komen', 'rate', 'binatang', 'pihak', 'kembang', 'developer', 'komen', 'kalah', 'bintang', 'satu', 'bot', 'bintang', 'grandmaster', 'bot', 'sengaja', 'gimana']","[('komen',), ('rate',), ('binatang',), ('pihak',), ('kembang',), ('developer',), ('komen',), ('kalah',), ('bintang',), ('satu',), ('bot',), ('bintang',), ('grandmaster',), ('bot',), ('sengaja',), ('gimana',)]"
['keren'],"[('keren',)]"
"['gimana', 'kurang', 'greget']","[('gimana',), ('kurang',), ('greget',)]"
"['update', 'september', 'so', 'far', 'semua', 'aman', 'kecuali', 'kendala', 'cukup', 'ganggu', 'yaitu', 'pingsinyal', 'lag', 'stabil', 'biasa', 'amanaman', 'stabil', 'mohon', 'ditindaklanjuti', 'kendala', 'para', 'nyaman', 'senang', 'dalam', 'terimakasih']","[('update',), ('september',), ('so',), ('far',), ('semua',), ('aman',), ('kecuali',), ('kendala',), ('cukup',), ('ganggu',), ('yaitu',), ('pingsinyal',), ('lag',), ('stabil',), ('biasa',), ('amanaman',), ('stabil',), ('mohon',), ('ditindaklanjuti',), ('kendala',), ('para',), ('nyaman',), ('senang',), ('dalam',), ('terimakasih',)]"
"['banyak', 'bug', 'tengah', 'tengah', 'keluar', 'tibatiba', 'off', 'makin', 'buruk', 'buruk']","[('banyak',), ('bug',), ('tengah',), ('tengah',), ('keluar',), ('tibatiba',), ('off',), ('makin',), ('buruk',), ('buruk',)]"
"['bagus', 'banget', 'suka']","[('bagus',), ('banget',), ('suka',)]"
"['terlalu', 'berat']","[('terlalu',), ('berat',)]"
['oke'],"[('oke',)]"
"['bagus', 'banget', 'baru', 'dowload', 'king', 'hadiah', 'event', 'tarik', 'sudah', 'lewat', 'tolong', 'skin', 'epik', 'shanhai', 'yaria', 'reasale', 'banget', 'skin', 'skin', 'pasti', 'betah', 'banget', 'king', 'papi', 'skin', 'incar', 'skin', 'gratis', 'banget']","[('bagus',), ('banget',), ('baru',), ('dowload',), ('king',), ('hadiah',), ('event',), ('tarik',), ('sudah',), ('lewat',), ('tolong',), ('skin',), ('epik',), ('shanhai',), ('yaria',), ('reasale',), ('banget',), ('skin',), ('skin',), ('pasti',), ('betah',), ('banget',), ('king',), ('papi',), ('skin',), ('incar',), ('skin',), ('gratis',), ('banget',)]"
['gb'],"[('gb',)]"
['mantep'],"[('mantep',)]"
"['bagus', 'grafik', 'mantap', 'tolong', 'perhati', 'ketemu', 'darksystem']","[('bagus',), ('grafik',), ('mantap',), ('tolong',), ('perhati',), ('ketemu',), ('darksystem',)]"
"['gebrak', 'putusin', 'ws', 'putusin', 'bagus', 'banget', 'force', 'close', 'tahan', 'loading', 'akhir', 'kena', 'sanksi', 'kocak']","[('gebrak',), ('putusin',), ('ws',), ('putusin',), ('bagus',), ('banget',), ('force',), ('close',), ('tahan',), ('loading',), ('akhir',), ('kena',), ('sanksi',), ('kocak',)]"
['good'],"[('good',)]"
"['copy', 'paste', 'buruk']","[('copy',), ('paste',), ('buruk',)]"
"['nerf', 'daji']","[('nerf',), ('daji',)]"
"['jujur', 'seru', 'banget', 'legends', 'umum', 'tetapi', 'beda', 'suka', 'bahkan', 'favorite', 'terimakasih', 'sudah', 'cipta', 'bagus']","[('jujur',), ('seru',), ('banget',), ('legends',), ('umum',), ('tetapi',), ('beda',), ('suka',), ('bahkan',), ('favorite',), ('terimakasih',), ('sudah',), ('cipta',), ('bagus',)]"
['mending'],"[('mending',)]"
"['seru', 'sudah', 'sampai', 'sultan']","[('seru',), ('sudah',), ('sampai',), ('sultan',)]"
"['m', 'tired', 've', 'tried', 'play', 'my', 'best', 'but', 'my', 'teammates', 'always', 'get', 'way', 'winning', 'have', 'suggestion', 'tightened', 'apart', 'from', 'average', 'win', 'rate', 'it', 'better', 'for', 'all', 'teams', 'be', 'equal', 'know', 'problem', 'not', 'with', 'players', 'but', 'with', 'wrong', 'roles', 'you', 'can', 'prevent', 'all', 'players', 'from', 'getting', 'their', 'favorite', 'roles', 'and', 'please', 'if', 'you', 'are', 'having', 'fun', 'playing', 'role', 'then', 'do', 'nt', 'suddenly', 'change', 'secondary', 'role']","[('m',), ('tired',), ('ve',), ('tried',), ('play',), ('my',), ('best',), ('but',), ('my',), ('teammates',), ('always',), ('get',), ('way',), ('winning',), ('have',), ('suggestion',), ('tightened',), ('apart',), ('from',), ('average',), ('win',), ('rate',), ('it',), ('better',), ('for',), ('all',), ('teams',), ('be',), ('equal',), ('know',), ('problem',), ('not',), ('with',), ('players',), ('but',), ('with',), ('wrong',), ('roles',), ('you',), ('can',), ('prevent',), ('all',), ('players',), ('from',), ('getting',), ('their',), ('favorite',), ('roles',), ('and',), ('please',), ('if',), ('you',), ('are',), ('having',), ('fun',), ('playing',), ('role',), ('then',), ('do',), ('nt',), ('suddenly',), ('change',), ('secondary',), ('role',)]"
"['bantu', 'bantu']","[('bantu',), ('bantu',)]"
"['tambahin', 'd', 'luar', 'biar', 'bosen', 'nungguny']","[('tambahin',), ('d',), ('luar',), ('biar',), ('bosen',), ('nungguny',)]"
['muach'],"[('muach',)]"
"['suka', 'lag']","[('suka',), ('lag',)]"
"['semua', 'manipulatif']","[('semua',), ('manipulatif',)]"
['jelek'],"[('jelek',)]"
"['dikirimin', 'feedback', 'bug', 'pict', 'gada', 'tanggepannya']","[('dikirimin',), ('feedback',), ('bug',), ('pict',), ('gada',), ('tanggepannya',)]"
"['sinyal', 'tdk', 'jelas', 'apk', 'lain', 'normal', 'lancar', 'lag', 'lag', 'bingungkeselin', 'yaitu', 'perang', 'lag', 'parah', 'santai', 'lag', 'apakah', 'sengaja', 'kesel', 'tolong', 'baik', 'salah', 'lose', 'streak', 'pernah', 'win', 'satu', 'musuh', 'gampang', 'gampang', 'sinyal', 'selalu', 'merah', 'selalu', 'ledekin', 'rekan', 'gara', 'gara', 'beban', 'libur', 'minggu', 'lama', 'lama', 'hapus', 'ud', 'gguna']","[('sinyal',), ('tdk',), ('jelas',), ('apk',), ('lain',), ('normal',), ('lancar',), ('lag',), ('lag',), ('bingungkeselin',), ('yaitu',), ('perang',), ('lag',), ('parah',), ('santai',), ('lag',), ('apakah',), ('sengaja',), ('kesel',), ('tolong',), ('baik',), ('salah',), ('lose',), ('streak',), ('pernah',), ('win',), ('satu',), ('musuh',), ('gampang',), ('gampang',), ('sinyal',), ('selalu',), ('merah',), ('selalu',), ('ledekin',), ('rekan',), ('gara',), ('gara',), ('beban',), ('libur',), ('minggu',), ('lama',), ('lama',), ('hapus',), ('ud',), ('gguna',)]"
"['bagus', 'mah', 'jelek', 'sampah', 'tolol', 'ih', 'najis', 'banget', 'kwwkwkkwk', 'sampah', 'sampah', 'dunia']","[('bagus',), ('mah',), ('jelek',), ('sampah',), ('tolol',), ('ih',), ('najis',), ('banget',), ('kwwkwkkwk',), ('sampah',), ('sampah',), ('dunia',)]"
"['susah', 'naikin', 'lawan', 'lawan', 'pda', 'kuat', 'tlong', 'dev', 'mudah', 'naikin', 'rang', 'mohon', 'dev', 'tambah', 'koim']","[('susah',), ('naikin',), ('lawan',), ('lawan',), ('pda',), ('kuat',), ('tlong',), ('dev',), ('mudah',), ('naikin',), ('rang',), ('mohon',), ('dev',), ('tambah',), ('koim',)]"
['nice'],"[('nice',)]"
"['gimana', 'pasti', 'ingame', 'gada', 'internet', 'sinyal', 'wifi', 'penuh', 'bolak', 'balik', 'gitu', 'gimana', 'mood', 'uda', 'mainn', 'riliss', 'gitu']","[('gimana',), ('pasti',), ('ingame',), ('gada',), ('internet',), ('sinyal',), ('wifi',), ('penuh',), ('bolak',), ('balik',), ('gitu',), ('gimana',), ('mood',), ('uda',), ('mainn',), ('riliss',), ('gitu',)]"
"['binatang', 'ph', 'ngambil', 'role', 'mm', 'dia', 'ambil', 'roam', 'kena', 'report', 'samsak', 'babi', 'rusak', 'sesuai', 'role', 'kena', 'report', 'babi']","[('binatang',), ('ph',), ('ngambil',), ('role',), ('mm',), ('dia',), ('ambil',), ('roam',), ('kena',), ('report',), ('samsak',), ('babi',), ('rusak',), ('sesuai',), ('role',), ('kena',), ('report',), ('babi',)]"
[],[]
"['tolong', 'jangan', 'macet']","[('tolong',), ('jangan',), ('macet',)]"
['mantap'],"[('mantap',)]"
"['minimal', 'khusus', 'servernya', 'indonesia', 'bareng', 'server', 'luar', 'lag', 'walaupun', 'sudah', 'sinyal', 'wifi', 'live', 'tiktok', 'ganggu', 'banget']","[('minimal',), ('khusus',), ('servernya',), ('indonesia',), ('bareng',), ('server',), ('luar',), ('lag',), ('walaupun',), ('sudah',), ('sinyal',), ('wifi',), ('live',), ('tiktok',), ('ganggu',), ('banget',)]"
"['gwa', 'uninstall', 'kendala', 'kagak', 'punya', 'skin', 'bagus', 'favorit', 'gwa', 'kong', 'ming', 'sek', 'mahal', 'semua', 'parah']","[('gwa',), ('uninstall',), ('kendala',), ('kagak',), ('punya',), ('skin',), ('bagus',), ('favorit',), ('gwa',), ('kong',), ('ming',), ('sek',), ('mahal',), ('semua',), ('parah',)]"
"['makin', 'sedikit', 'kak', 'gitu', 'gajelas', 'lag', 'benci', 'copy', 'maaf']","[('makin',), ('sedikit',), ('kak',), ('gitu',), ('gajelas',), ('lag',), ('benci',), ('copy',), ('maaf',)]"
['god'],"[('god',)]"
"['gameplaynya', 'jelek', 'beri', 'bot', 'kompak', 'gold', 'susah', 'teman', 'justru', 'beri', 'bot', 'semua', 'laku', 'feeding', 'pihak', 'kembang', 'busuk', 'sudah', 'disetting', 'demikian', 'rupa', 'pihak', 'kembang', 'utk', 'sulit', 'bagi', 'baru', 'maka', 'saran', 'gratis', 'ujung', 'wr', 'hancur', 'baru', 'naik', 'diamon']","[('gameplaynya',), ('jelek',), ('beri',), ('bot',), ('kompak',), ('gold',), ('susah',), ('teman',), ('justru',), ('beri',), ('bot',), ('semua',), ('laku',), ('feeding',), ('pihak',), ('kembang',), ('busuk',), ('sudah',), ('disetting',), ('demikian',), ('rupa',), ('pihak',), ('kembang',), ('utk',), ('sulit',), ('bagi',), ('baru',), ('maka',), ('saran',), ('gratis',), ('ujung',), ('wr',), ('hancur',), ('baru',), ('naik',), ('diamon',)]"
"['matching', 'busuk', 'baru', 'naik', 'gm', 'musuh', 'epic', 'duo', 'bucin', 'beban', 'lower', 'kadang', 'platinum', 'masuk', 'musuh', 'isi', 'upper', 'party', 'musuh', 'upper', 'protes', 'dukung', 'sesuai', 'matching', 'gimana', 'nambah', 'bintang', 'matchingnya', 'gitu', 'cuma', 'naik', 'turun', 'master', 'gm', 'makin', 'lama', 'makin', 'gajelas', 'matching']","[('matching',), ('busuk',), ('baru',), ('naik',), ('gm',), ('musuh',), ('epic',), ('duo',), ('bucin',), ('beban',), ('lower',), ('kadang',), ('platinum',), ('masuk',), ('musuh',), ('isi',), ('upper',), ('party',), ('musuh',), ('upper',), ('protes',), ('dukung',), ('sesuai',), ('matching',), ('gimana',), ('nambah',), ('bintang',), ('matchingnya',), ('gitu',), ('cuma',), ('naik',), ('turun',), ('master',), ('gm',), ('makin',), ('lama',), ('makin',), ('gajelas',), ('matching',)]"
"['xxnnm', 'ko']","[('xxnnm',), ('ko',)]"
"['matching', 'jelek', 'prilaku', 'langgar', 'tindak', 'sus', 'kurang', 'laku', 'troling']","[('matching',), ('jelek',), ('prilaku',), ('langgar',), ('tindak',), ('sus',), ('kurang',), ('laku',), ('troling',)]"
"['masuk', 'akal', 'kenapa', 'sesuai', 'tier', 'grandmaster', 'kena', 'lose', 'streak', 'sampai', 'master', 'ii', 'gara', 'gara', 'teman', 'se', 'tolol', 'minta', 'ampun', 'tier', 'grandmaster', 'teman', 'tier', 'platinum', 'maaf', 'uninstal']","[('masuk',), ('akal',), ('kenapa',), ('sesuai',), ('tier',), ('grandmaster',), ('kena',), ('lose',), ('streak',), ('sampai',), ('master',), ('ii',), ('gara',), ('gara',), ('teman',), ('se',), ('tolol',), ('minta',), ('ampun',), ('tier',), ('grandmaster',), ('teman',), ('tier',), ('platinum',), ('maaf',), ('uninstal',)]"
['bagus'],"[('bagus',)]"
"['banyak', 'gelap', 'mending']","[('banyak',), ('gelap',), ('mending',)]"
"['semua', 'indah']","[('semua',), ('indah',)]"
"['best', 'papih']","[('best',), ('papih',)]"
['nicee'],"[('nicee',)]"
['mantap'],"[('mantap',)]"
"['bagus', 'blum', 'ngerti', 'item']","[('bagus',), ('blum',), ('ngerti',), ('item',)]"
['bagus'],"[('bagus',)]"
"['there', 'no', 'winning', 'ranked', 'games', 'it', 'went', 'from', 'because', 'was', 'given', 'trash', 'with', 'good', 'skin', 'capital', 'while', 'bad', 'skill', 'but', 'enemy', 'was', 'given', 'solid', 'compact', 'that', 'understands', 'please', 'improve', 'first', 'so', 'it', 'will', 'be', 'more', 'exciting']","[('there',), ('no',), ('winning',), ('ranked',), ('games',), ('it',), ('went',), ('from',), ('because',), ('was',), ('given',), ('trash',), ('with',), ('good',), ('skin',), ('capital',), ('while',), ('bad',), ('skill',), ('but',), ('enemy',), ('was',), ('given',), ('solid',), ('compact',), ('that',), ('understands',), ('please',), ('improve',), ('first',), ('so',), ('it',), ('will',), ('be',), ('more',), ('exciting',)]"
['bintang'],"[('bintang',)]"
"['report', 'tolol', 'afk', 'tindak', 'tegas', 'curi', 'cur', 'kena', 'report', 'gegara', 'farming', 'direcokin', 'curi', 'feeding', 'report', 'feed', 'abis', 'tolol', 'suruh', 'report', 'digame', 'tolol', 'feed', 'kirim', 'mana', 'email', 'biar', 'kirim', 'screenshot', 'babik']","[('report',), ('tolol',), ('afk',), ('tindak',), ('tegas',), ('curi',), ('cur',), ('kena',), ('report',), ('gegara',), ('farming',), ('direcokin',), ('curi',), ('feeding',), ('report',), ('feed',), ('abis',), ('tolol',), ('suruh',), ('report',), ('digame',), ('tolol',), ('feed',), ('kirim',), ('mana',), ('email',), ('biar',), ('kirim',), ('screenshot',), ('babik',)]"
"['ntap', 'btw', 'ram', 'mas', 'kaga', 'minimal']","[('ntap',), ('btw',), ('ram',), ('mas',), ('kaga',), ('minimal',)]"
"['nyah', 'seru', 'banget', 'sayang', 'banget', 'nyah', 'anomali', 'semua', 'tba', 'tba', 'ms', 'sendiri', 'bodoh', 'nyah', 'ketulungan', 'musuh', 'mantan', 'paham', 'season', 'skrang', 'bbrpa', 'mentok', 'diamond', 'padhal', 'slalu', 'dpet', 'maap', 'uninstall', 'mnding', 'anomali', 'nyah', 'parah', 'dsini']","[('nyah',), ('seru',), ('banget',), ('sayang',), ('banget',), ('nyah',), ('anomali',), ('semua',), ('tba',), ('tba',), ('ms',), ('sendiri',), ('bodoh',), ('nyah',), ('ketulungan',), ('musuh',), ('mantan',), ('paham',), ('season',), ('skrang',), ('bbrpa',), ('mentok',), ('diamond',), ('padhal',), ('slalu',), ('dpet',), ('maap',), ('uninstall',), ('mnding',), ('anomali',), ('nyah',), ('parah',), ('dsini',)]"
['seru'],"[('seru',)]"
"['lebih', 'bagus', 'legends', 'legends', 'kalah', 'aneh', 'stres']","[('lebih',), ('bagus',), ('legends',), ('legends',), ('kalah',), ('aneh',), ('stres',)]"
"['seru', 'banget']","[('seru',), ('banget',)]"
"['tolong', 'masukin', 'voice', 'jepang', 'ying', 'icon', 'anak', 'tiri']","[('tolong',), ('masukin',), ('voice',), ('jepang',), ('ying',), ('icon',), ('anak',), ('tiri',)]"
"['qiana', 'almahyra']","[('qiana',), ('almahyra',)]"
['baik'],"[('baik',)]"
"['macthh', 'jelek', 'mulai', 'atur', 'hokk', 'dngan', 'yidak', 'adill']","[('macthh',), ('jelek',), ('mulai',), ('atur',), ('hokk',), ('dngan',), ('yidak',), ('adill',)]"
"['baru', 'coba', 'bagus', 'jika', 'bagus', 'beri', 'ulas', 'lain', 'bintang', 'rangin']","[('baru',), ('coba',), ('bagus',), ('jika',), ('bagus',), ('beri',), ('ulas',), ('lain',), ('bintang',), ('rangin',)]"
"['skin', 'lny', 'kapan', 'resell']","[('skin',), ('lny',), ('kapan',), ('resell',)]"
"['kenapa', 'semua', 'offline', 'mayene', 'offline', 'harap', 'update', 'dalam', 'offline']","[('kenapa',), ('semua',), ('offline',), ('mayene',), ('offline',), ('harap',), ('update',), ('dalam',), ('offline',)]"
"['lebih', 'seru']","[('lebih',), ('seru',)]"
"['bintang', 'agak', 'sedikit', 'percaya', 'kalah', 'kurang', 'naik', 'nanti', 'benar', 'bintang']","[('bintang',), ('agak',), ('sedikit',), ('percaya',), ('kalah',), ('kurang',), ('naik',), ('nanti',), ('benar',), ('bintang',)]"
"['mantap', 'tarung', 'alam']","[('mantap',), ('tarung',), ('alam',)]"
"['imbang', 'sepi', 'sampai', 'balenc', 'gtu']","[('imbang',), ('sepi',), ('sampai',), ('balenc',), ('gtu',)]"
['tiru'],"[('tiru',)]"
"['bagus', 'top', 'up', 'mahal', 'darksysytem', 'lebih', 'bagus', 'bagus']","[('bagus',), ('top',), ('up',), ('mahal',), ('darksysytem',), ('lebih',), ('bagus',), ('bagus',)]"
"['dasar', 'apalikasi', 'sampah', 'lag', 'emosi', 'enggak', 'patas', 'play', 'stor', 'dasar', 'apalikasi', 'sampah', 'hpus', 'play', 'stor', 'oiya', 'jangan', 'dj', 'dowlod', 'gais']","[('dasar',), ('apalikasi',), ('sampah',), ('lag',), ('emosi',), ('enggak',), ('patas',), ('play',), ('stor',), ('dasar',), ('apalikasi',), ('sampah',), ('hpus',), ('play',), ('stor',), ('oiya',), ('jangan',), ('dj',), ('dowlod',), ('gais',)]"
"['gamesnya', 'seru', 'bangetdan', 'lebih', 'keren']","[('gamesnya',), ('seru',), ('bangetdan',), ('lebih',), ('keren',)]"
"['maksa', 'suka', 'niru']","[('maksa',), ('suka',), ('niru',)]"
"['puas', 'banyak', 'feed']","[('puas',), ('banyak',), ('feed',)]"
"['agak', 'kecewa', 'hadiah', 'vs', 'merchant', 'reward', 'sepenuh', 'gratiskarena', 'hadiah', 'sebut', 'kirim', 'negara', 'asal', 'nyata', 'bayar', 'pajak', 'bea', 'cukai', 'biaya', 'admin', 'besar', 'k', 'total']","[('agak',), ('kecewa',), ('hadiah',), ('vs',), ('merchant',), ('reward',), ('sepenuh',), ('gratiskarena',), ('hadiah',), ('sebut',), ('kirim',), ('negara',), ('asal',), ('nyata',), ('bayar',), ('pajak',), ('bea',), ('cukai',), ('biaya',), ('admin',), ('besar',), ('k',), ('total',)]"
"['adil', 'musuh', 'bagus', 'sedang', 'buruk', 'cari', 'lawan', 'tak', 'adil', 'musuh', 'semua', 'sudah', 'pernah', 'lewat', 'grand', 'master', 'sedang', 'diamond', 'tak', 'adil', 'tak', 'urus', 'baik', 'mati']","[('adil',), ('musuh',), ('bagus',), ('sedang',), ('buruk',), ('cari',), ('lawan',), ('tak',), ('adil',), ('musuh',), ('semua',), ('sudah',), ('pernah',), ('lewat',), ('grand',), ('master',), ('sedang',), ('diamond',), ('tak',), ('adil',), ('tak',), ('urus',), ('baik',), ('mati',)]"
"['bubar', 'gaje', 'isi', 'poke']","[('bubar',), ('gaje',), ('isi',), ('poke',)]"
['oke'],"[('oke',)]"
"['banget', 'update', 'habis', 'update', 'bosen']","[('banget',), ('update',), ('habis',), ('update',), ('bosen',)]"
"['nyq', 'mangkin', 'jelek', 'mangkin', 'banyak', 'gelap', 'sitem']","[('nyq',), ('mangkin',), ('jelek',), ('mangkin',), ('banyak',), ('gelap',), ('sitem',)]"
['bagus'],"[('bagus',)]"
['bagus'],"[('bagus',)]"
"['seruu', 'lama', 'luang', 'lebih', 'seru', 'poko', 'sudah', 'nyesell']","[('seruu',), ('lama',), ('luang',), ('lebih',), ('seru',), ('poko',), ('sudah',), ('nyesell',)]"
"['bagus', 'bangett']","[('bagus',), ('bangett',)]"
"['sudah', 'bagus', 'developer', 'sedikit', 'ringan']","[('sudah',), ('bagus',), ('developer',), ('sedikit',), ('ringan',)]"
"['bagus', 'kualitas', 'kuat', 'ram', 'gb']","[('bagus',), ('kualitas',), ('kuat',), ('ram',), ('gb',)]"
"['cash', 'rewar', 'pernah', 'masuk', 'tarik', 'sampai', 'nunggu', 'blnpun', 'sekarang', 'bisaa', 'makanya', 'tambah', 'sepi', 'cht', 'admin', 'sana', 'bahan', 'sosial', 'media', 'cht', 'semua', 'responya', 'suruh', 'ngulang', 'teruss', 'padahalpostingnku', 'selalu', 'rame']","[('cash',), ('rewar',), ('pernah',), ('masuk',), ('tarik',), ('sampai',), ('nunggu',), ('blnpun',), ('sekarang',), ('bisaa',), ('makanya',), ('tambah',), ('sepi',), ('cht',), ('admin',), ('sana',), ('bahan',), ('sosial',), ('media',), ('cht',), ('semua',), ('responya',), ('suruh',), ('ngulang',), ('teruss',), ('padahalpostingnku',), ('selalu',), ('rame',)]"
"['lebih', 'bagus', 'ketimbang', 'hokmok']","[('lebih',), ('bagus',), ('ketimbang',), ('hokmok',)]"
['suka'],"[('suka',)]"
['bgs'],"[('bgs',)]"
"['tambahin', 'spasi', 'nickname', 'susah', 'banget', 'mikirin', 'nickname', 'bagus', 'gabisa', 'spasi']","[('tambahin',), ('spasi',), ('nickname',), ('susah',), ('banget',), ('mikirin',), ('nickname',), ('bagus',), ('gabisa',), ('spasi',)]"
"['capek', 'ma', 'darksistem']","[('capek',), ('ma',), ('darksistem',)]"
"['bagus', 'banget']","[('bagus',), ('banget',)]"
"['anjingg', 'season', 'baru', 'kalah', 'sengaja', 'beri', 'kalah', 'matching', 'selalu', 'filipina', 'notabene', 'noob', 'mid', 'sengaja', 'beri', 'kalah', 'akun', 'upa', 'darah', 'boros', 'skill', 'tekan', 'beberapa', 'baru', 'aktif', 'sinyal', 'bagus', 'rekomendasi', 'sampah']","[('anjingg',), ('season',), ('baru',), ('kalah',), ('sengaja',), ('beri',), ('kalah',), ('matching',), ('selalu',), ('filipina',), ('notabene',), ('noob',), ('mid',), ('sengaja',), ('beri',), ('kalah',), ('akun',), ('upa',), ('darah',), ('boros',), ('skill',), ('tekan',), ('beberapa',), ('baru',), ('aktif',), ('sinyal',), ('bagus',), ('rekomendasi',), ('sampah',)]"
"['suka', 'kolaborasi', 'tung', 'tung', 'sahur', 'and', 'gank', 'harap', 'langsung', 'batal', 'kolaborasi', 'netral']","[('suka',), ('kolaborasi',), ('tung',), ('tung',), ('sahur',), ('and',), ('gank',), ('harap',), ('langsung',), ('batal',), ('kolaborasi',), ('netral',)]"
"['ayo', 'bagus', 'minta', 'skin', 'milik', 'guna', 'dalam', 'offline']","[('ayo',), ('bagus',), ('minta',), ('skin',), ('milik',), ('guna',), ('dalam',), ('offline',)]"
"['musuh', 'poke', 'semua']","[('musuh',), ('poke',), ('semua',)]"
['bagus'],"[('bagus',)]"
"['kenapa', 'hapus', 'foto', 'kena']","[('kenapa',), ('hapus',), ('foto',), ('kena',)]"
"['bagus', 'developer', 'tolong', 'buatin', 'lite', 'biar', 'lancar', 'penuh', 'plss']","[('bagus',), ('developer',), ('tolong',), ('buatin',), ('lite',), ('biar',), ('lancar',), ('penuh',), ('plss',)]"
"['buruk', 'sesal', 'spend', 'uang', 'balench', 'bot', 'mending', 'tutup', 'sudah', 'urusin', 'tu', 'aov', 'epic', 'bot', 'ma', 'buruk', 'nobles', 'refun', 'vochernya', 'tambah', 'habis', 'update', 'bug', 'mana', 'mulai', 'sampek', 'tampil']","[('buruk',), ('sesal',), ('spend',), ('uang',), ('balench',), ('bot',), ('mending',), ('tutup',), ('sudah',), ('urusin',), ('tu',), ('aov',), ('epic',), ('bot',), ('ma',), ('buruk',), ('nobles',), ('refun',), ('vochernya',), ('tambah',), ('habis',), ('update',), ('bug',), ('mana',), ('mulai',), ('sampek',), ('tampil',)]"
"['nomor', 'king', 'soon']","[('nomor',), ('king',), ('soon',)]"
"['ma', 'bagus', 'mantap', 'mainin', 'gravik', 'bagus', 'bintang']","[('ma',), ('bagus',), ('mantap',), ('mainin',), ('gravik',), ('bagus',), ('bintang',)]"
"['bagus', 'suka']","[('bagus',), ('suka',)]"
['seru'],"[('seru',)]"
"['lebih', 'bagus']","[('lebih',), ('bagus',)]"
['niru'],"[('niru',)]"
['bagus'],"[('bagus',)]"
"['gema', 'buruk', 'hampir', 'pecahin', 'sendiri', 'gara', 'gara', 'gema', 'an']","[('gema',), ('buruk',), ('hampir',), ('pecahin',), ('sendiri',), ('gara',), ('gara',), ('gema',), ('an',)]"
"['this', 'good', 'gitu', 'suka', 'adu', 'domba']","[('this',), ('good',), ('gitu',), ('suka',), ('adu',), ('domba',)]"
"['wareg', 'bansos', 'minus', 'server', 'terlalu', 'berat', 'sehingga', 'bagi', 'beban', 'tanggung', 'lag', 'crash', 'pisah', 'server', 'china', 'global']","[('wareg',), ('bansos',), ('minus',), ('server',), ('terlalu',), ('berat',), ('sehingga',), ('bagi',), ('beban',), ('tanggung',), ('lag',), ('crash',), ('pisah',), ('server',), ('china',), ('global',)]"
['suka'],"[('suka',)]"
"['hampir', 'mirip', 'lebih', 'banyak', 'mana', 'diomand', 'koin']","[('hampir',), ('mirip',), ('lebih',), ('banyak',), ('mana',), ('diomand',), ('koin',)]"
"['mantap', 'jiwa', 'bos']","[('mantap',), ('jiwa',), ('bos',)]"
"['bagus', 'asik', 'bosenin', 'teman', 'luar', 'negri']","[('bagus',), ('asik',), ('bosenin',), ('teman',), ('luar',), ('negri',)]"
"['mobil', 'lenjes']","[('mobil',), ('lenjes',)]"
['bagus'],"[('bagus',)]"
[],[]
"['it', 'sbb', 'nak', 'hukum', 'krn', 'kluar', 'app', 'sndiri']","[('it',), ('sbb',), ('nak',), ('hukum',), ('krn',), ('kluar',), ('app',), ('sndiri',)]"
"['semua', 'bagus', 'kecuali', 'suka', 'tibatiba', 'ngefreez', 'lama', 'detik', 'momen', 'crusial', 'mati', 'tolong', 'baik', 'masalah', 'fps', 'drop', 'masuk', 'akal']","[('semua',), ('bagus',), ('kecuali',), ('suka',), ('tibatiba',), ('ngefreez',), ('lama',), ('detik',), ('momen',), ('crusial',), ('mati',), ('tolong',), ('baik',), ('masalah',), ('fps',), ('drop',), ('masuk',), ('akal',)]"
"['sru', 'banget']","[('sru',), ('banget',)]"
['ciplak'],"[('ciplak',)]"
"['bagus', 'seru']","[('bagus',), ('seru',)]"
"['masalah', 'wifi', 'tambah', 'seluler', 'ajar', 'sana', 'kau', 'hina', 'hina', 'masalah']","[('masalah',), ('wifi',), ('tambah',), ('seluler',), ('ajar',), ('sana',), ('kau',), ('hina',), ('hina',), ('masalah',)]"
"['mohon', 'kecil', 'versi', 'lite', 'ponsel', 'lebih', 'rendah', 'lebih', 'lancar']","[('mohon',), ('kecil',), ('versi',), ('lite',), ('ponsel',), ('lebih',), ('rendah',), ('lebih',), ('lancar',)]"
"['adil', 'terlalu', 'frustasi', 'jamin', 'menang', 'skin', 'gratis', 'bundle', 'murah', 'banget']","[('adil',), ('terlalu',), ('frustasi',), ('jamin',), ('menang',), ('skin',), ('gratis',), ('bundle',), ('murah',), ('banget',)]"
"['games', 'bagus', 'tampil', 'bagus', 'banyak', 'toxic', 'gelap']","[('games',), ('bagus',), ('tampil',), ('bagus',), ('banyak',), ('toxic',), ('gelap',)]"
['senang'],"[('senang',)]"
"['bagus', 'suka', 'banget', 'model', 'skinnya', 'tutorial', 'bantu']","[('bagus',), ('suka',), ('banget',), ('model',), ('skinnya',), ('tutorial',), ('bantu',)]"
"['kemarin', 'master', 'l', 'diupdate', 'turun', 'diamond', 'v', 'parah', 'eror', 'banget']","[('kemarin',), ('master',), ('l',), ('diupdate',), ('turun',), ('diamond',), ('v',), ('parah',), ('eror',), ('banget',)]"
"['so', 'fun']","[('so',), ('fun',)]"
"['bagus', 'banget', 'tingkat', 'moga', 'moda', 'ofline']","[('bagus',), ('banget',), ('tingkat',), ('moga',), ('moda',), ('ofline',)]"
"['adil', 'gausa', 'bales']","[('adil',), ('gausa',), ('bales',)]"
['seru'],"[('seru',)]"
"['kebut', 'siupdatenya', 'biar', 'server', 'china']","[('kebut',), ('siupdatenya',), ('biar',), ('server',), ('china',)]"
['good'],"[('good',)]"
"['tolong', 'tambah', 'makin', 'seru']","[('tolong',), ('tambah',), ('makin',), ('seru',)]"
"['bagus', 'grafik', 'gta', 'salah', 'mungkin']","[('bagus',), ('grafik',), ('gta',), ('salah',), ('mungkin',)]"
"['bagus', 'minimal', 'milik', 'alam', 'buruk', 'yaitu', 'musuh', 'padan', 'lagcrash', 'pasuk', 'tanding', 'akhir', 'tanding', 'dar', 'saran', 'minimal', 'tolong', 'versi', 'kentang', 'minimal', 'pasuk', 'ui', 'sinyal', 'asa', 'lag', 'buka', 'apk', 'lain', 'youtube', 'lancar', 'moga', 'saran', 'dengar', 'good', 'job', 'selalu']","[('bagus',), ('minimal',), ('milik',), ('alam',), ('buruk',), ('yaitu',), ('musuh',), ('padan',), ('lagcrash',), ('pasuk',), ('tanding',), ('akhir',), ('tanding',), ('dar',), ('saran',), ('minimal',), ('tolong',), ('versi',), ('kentang',), ('minimal',), ('pasuk',), ('ui',), ('sinyal',), ('asa',), ('lag',), ('buka',), ('apk',), ('lain',), ('youtube',), ('lancar',), ('moga',), ('saran',), ('dengar',), ('good',), ('job',), ('selalu',)]"
"['sekarang', 'mayan', 'bagus', 'matchnya', 'masalah', 'contoh', 'ketidakseimbangan', 'noob', 'musuh', 'pro', 'semua', 'walau', 'rusak', 'sejak', 'masuk', 'indonesia', 'server', 'lain', 'imbang']","[('sekarang',), ('mayan',), ('bagus',), ('matchnya',), ('masalah',), ('contoh',), ('ketidakseimbangan',), ('noob',), ('musuh',), ('pro',), ('semua',), ('walau',), ('rusak',), ('sejak',), ('masuk',), ('indonesia',), ('server',), ('lain',), ('imbang',)]"
"['susah', 'selalu', 'ditroll', 'hukum', 'sesuai', 'sampah']","[('susah',), ('selalu',), ('ditroll',), ('hukum',), ('sesuai',), ('sampah',)]"
"['suka', 'menyerurakan', 'suka', 'jelas', 'bagus', 'yaitu', 'kalah', 'bitang', 'turun', 'naek', 'aneh', 'mending', 'hapus']","[('suka',), ('menyerurakan',), ('suka',), ('jelas',), ('bagus',), ('yaitu',), ('kalah',), ('bitang',), ('turun',), ('naek',), ('aneh',), ('mending',), ('hapus',)]"
"['tambah', 'keren', 'gamesugoi']","[('tambah',), ('keren',), ('gamesugoi',)]"
"['play', 'seru', 'banyak', 'bot', 'event', 'scam', 'push', 'lose', 'streak', 'gm', 'master', 'll', 'push', 'pagi', 'sampai', 'nyesel', 'report', 'aneh', 'dia', 'support', 'mm', 'alhasil', 'kalah', 'report', 'kena', 'hukum', 'kocak', 'benar', 'jangan', 'buang']","[('play',), ('seru',), ('banyak',), ('bot',), ('event',), ('scam',), ('push',), ('lose',), ('streak',), ('gm',), ('master',), ('ll',), ('push',), ('pagi',), ('sampai',), ('nyesel',), ('report',), ('aneh',), ('dia',), ('support',), ('mm',), ('alhasil',), ('kalah',), ('report',), ('kena',), ('hukum',), ('kocak',), ('benar',), ('jangan',), ('buang',)]"
"['lucu', 'seru']","[('lucu',), ('seru',)]"
"['sampah', 'gera', 'kaku', 'mustahil', 'menang', 'silver', 'mvp', 'kalah', 'mending', 'uninstall', 'sudah']","[('sampah',), ('gera',), ('kaku',), ('mustahil',), ('menang',), ('silver',), ('mvp',), ('kalah',), ('mending',), ('uninstall',), ('sudah',)]"
"['baik', 'mention', 'moment', 'gapernah', 'bangke']","[('baik',), ('mention',), ('moment',), ('gapernah',), ('bangke',)]"
"['idioott', 'cem', 'taekk', 'idiot', 'banget', 'lawan', 'jago', 'jago', 'sampah']","[('idioott',), ('cem',), ('taekk',), ('idiot',), ('banget',), ('lawan',), ('jago',), ('jago',), ('sampah',)]"
"['no', 'komen', 'bintang', 'poko']","[('no',), ('komen',), ('bintang',), ('poko',)]"
"['tolong', 'baik', 'masa', 'ketemu', 'jelas', 'mungkin', 'death', 'jika', 'begini', 'bahkan', 'lebih', 'parah']","[('tolong',), ('baik',), ('masa',), ('ketemu',), ('jelas',), ('mungkin',), ('death',), ('jika',), ('begini',), ('bahkan',), ('lebih',), ('parah',)]"
"['tolong', 'henti', 'rubah', 'sperti', 'prince', 'lanling', 'gao', 'changgong', 'princess', 'forst', 'wang', 'zaojung', 'chines', 'sulit', 'hafal']","[('tolong',), ('henti',), ('rubah',), ('sperti',), ('prince',), ('lanling',), ('gao',), ('changgong',), ('princess',), ('forst',), ('wang',), ('zaojung',), ('chines',), ('sulit',), ('hafal',)]"
"['asli', 'tagih', 'cuma', 'lama', 'lama', 'size', 'bengkak', 'segi', 'grafik', 'skin', 'paling', 'favorit', 'mantap', 'nyesel', 'skin', 'suka', 'banget', 'story', 'heroheronya', 'selain', 'cakep', 'mudah', 'ajar', 'minus', 'cuma', 'ketemu', 'server', 'luar', 'lag', 'parah', 'banget', 'baik', 'kembang']","[('asli',), ('tagih',), ('cuma',), ('lama',), ('lama',), ('size',), ('bengkak',), ('segi',), ('grafik',), ('skin',), ('paling',), ('favorit',), ('mantap',), ('nyesel',), ('skin',), ('suka',), ('banget',), ('story',), ('heroheronya',), ('selain',), ('cakep',), ('mudah',), ('ajar',), ('minus',), ('cuma',), ('ketemu',), ('server',), ('luar',), ('lag',), ('parah',), ('banget',), ('baik',), ('kembang',)]"
"['tolong', 'bug', 'keluar', 'sendiri', 'baik', 'fps', 'kadang', 'buruk', 'fps', 'fps', 'keluar', 'sendiri', 'update', 'sekarang', 'terlalu', 'berat', 'midrange', 'suka', 'forclose', 'satu', 'aplikasi', 'lain', 'tutup']","[('tolong',), ('bug',), ('keluar',), ('sendiri',), ('baik',), ('fps',), ('kadang',), ('buruk',), ('fps',), ('fps',), ('keluar',), ('sendiri',), ('update',), ('sekarang',), ('terlalu',), ('berat',), ('midrange',), ('suka',), ('forclose',), ('satu',), ('aplikasi',), ('lain',), ('tutup',)]"
['taek'],"[('taek',)]"
"['bagus', 'bett', 'nyaa']","[('bagus',), ('bett',), ('nyaa',)]"
"['kecewa', 'bug', 'profile', 'sampai', 'sekarang', 'nga', 'rusak', 'upload', 'foto', 'profil', 'galeri', 'susah', 'nga', 'rusak', 'bug', 'gitu']","[('kecewa',), ('bug',), ('profile',), ('sampai',), ('sekarang',), ('nga',), ('rusak',), ('upload',), ('foto',), ('profil',), ('galeri',), ('susah',), ('nga',), ('rusak',), ('bug',), ('gitu',)]"
"['bagus', 'bantu', 'kenal', 'lain']","[('bagus',), ('bantu',), ('kenal',), ('lain',)]"
"['asik', 'hibur']","[('asik',), ('hibur',)]"
"['bagus', 'bagus', 'letak', 'karakter', 'mirip', 'mohon', 'king', 'agak', 'rubah', 'beda', 'bukan', 'singgung', 'beri', 'saran', 'mohon', 'maaf', 'besar', 'besanya', 'komentar', 'singgung', 'sindir', 'pem', 'king', 'mohon', 'maaf', 'maaf', 'maaf', 'maaf', 'besar', 'besar', 'maaf', 'maaf', 'maaf', 'maaf', 'maaf', 'maaf', 'maaf', 'maaf']","[('bagus',), ('bagus',), ('letak',), ('karakter',), ('mirip',), ('mohon',), ('king',), ('agak',), ('rubah',), ('beda',), ('bukan',), ('singgung',), ('beri',), ('saran',), ('mohon',), ('maaf',), ('besar',), ('besanya',), ('komentar',), ('singgung',), ('sindir',), ('pem',), ('king',), ('mohon',), ('maaf',), ('maaf',), ('maaf',), ('maaf',), ('besar',), ('besar',), ('maaf',), ('maaf',), ('maaf',), ('maaf',), ('maaf',), ('maaf',), ('maaf',), ('maaf',)]"
"['suka', 'bagus', 'bagus']","[('suka',), ('bagus',), ('bagus',)]"
['good'],"[('good',)]"
"['mantap', 'jiwa', 'mempeson', 'suka', 'seru', 'banget']","[('mantap',), ('jiwa',), ('mempeson',), ('suka',), ('seru',), ('banget',)]"
"['skarang', 'ngelaig', 'karuan', 'lodibg', 'lelet']","[('skarang',), ('ngelaig',), ('karuan',), ('lodibg',), ('lelet',)]"
"['sy', 'bagus', 'mana', 'offline', 'behh', 'menyalaa']","[('sy',), ('bagus',), ('mana',), ('offline',), ('behh',), ('menyalaa',)]"
"['good', 'banyak', 'gratis', 'skin']","[('good',), ('banyak',), ('gratis',), ('skin',)]"
"['seru', 'banget', 'mainin']","[('seru',), ('banget',), ('mainin',)]"
"['betul', 'cukup', 'suka', 'tetapi', 'matching', 'jelek', 'terlalu', 'barufeeding', 'sedang', 'musuh', 'sudah', 'ratus', 'makin', 'buruk', 'hukum', 'kurang', 'berat', 'report', 'ubah', 'otomatis', 'meski', 'tambah', 'report', 'dua', 'tetapi', 'gagal', 'kena', 'hukum', 'entah', 'feeding', 'curi', 'sesuai', 'rolenya', 'isi', 'mid', 'tetapi', 'ambil', 'jungle', 'tanpa', 'jaga', 'mid']","[('betul',), ('cukup',), ('suka',), ('tetapi',), ('matching',), ('jelek',), ('terlalu',), ('barufeeding',), ('sedang',), ('musuh',), ('sudah',), ('ratus',), ('makin',), ('buruk',), ('hukum',), ('kurang',), ('berat',), ('report',), ('ubah',), ('otomatis',), ('meski',), ('tambah',), ('report',), ('dua',), ('tetapi',), ('gagal',), ('kena',), ('hukum',), ('entah',), ('feeding',), ('curi',), ('sesuai',), ('rolenya',), ('isi',), ('mid',), ('tetapi',), ('ambil',), ('jungle',), ('tanpa',), ('jaga',), ('mid',)]"
[],[]
"['kelamin', 'wanita', 'jujur', 'kecewa', 'berat', 'cocok', 'lawan', 'kawan', 'berat', 'kelamin', 'priakalau', 'beri', 'benar', 'kelamin', 'pria', 'apakah', 'terlalu', 'sepi', 'lalu', 'teman', 'asli', 'ganti', 'ai', 'aneh', 'percuma', 'gait', 'banyak', 'event', 'kyk', 'kelamin', 'pria', 'cocok', 'sampah', 'biasa', 'tolong', 'lh', 'belum', 'sudah', 'sudah', 'cukup', 'sabar', 'cukup', 'sudah']","[('kelamin',), ('wanita',), ('jujur',), ('kecewa',), ('berat',), ('cocok',), ('lawan',), ('kawan',), ('berat',), ('kelamin',), ('priakalau',), ('beri',), ('benar',), ('kelamin',), ('pria',), ('apakah',), ('terlalu',), ('sepi',), ('lalu',), ('teman',), ('asli',), ('ganti',), ('ai',), ('aneh',), ('percuma',), ('gait',), ('banyak',), ('event',), ('kyk',), ('kelamin',), ('pria',), ('cocok',), ('sampah',), ('biasa',), ('tolong',), ('lh',), ('belum',), ('sudah',), ('sudah',), ('cukup',), ('sabar',), ('cukup',), ('sudah',)]"
"['menganggu', 'banget', 'iklan']","[('menganggu',), ('banget',), ('iklan',)]"
"['dalam', 'ping', 'bagus', 'lag', 'paksa', 'uninstal']","[('dalam',), ('ping',), ('bagus',), ('lag',), ('paksa',), ('uninstal',)]"
"['bagus', 'sihh', 'hape', 'jadul', 'lag', 'gitu', 'lho', 'maap', 'yaa']","[('bagus',), ('sihh',), ('hape',), ('jadul',), ('lag',), ('gitu',), ('lho',), ('maap',), ('yaa',)]"
['oke'],"[('oke',)]"
"['semua', 'punya', 'buruk', 'mending', 'balik', 'emel', 'sana', 'gg', 'mas', 'menang', 'gg', 'binatang', 'menang', 'alias', 'ramah', 'based', 'cocok', 'indo', 'sedikit', 'alias', 'sepi', 'mending', 'emel', 'meski', 'kalah', 'grafik', 'tetap', 'happy', 'grafik', 'bagus', 'banyak', 'skin', 'gratis', 'playernya', 'stres', 'binatang', 'lebih']","[('semua',), ('punya',), ('buruk',), ('mending',), ('balik',), ('emel',), ('sana',), ('gg',), ('mas',), ('menang',), ('gg',), ('binatang',), ('menang',), ('alias',), ('ramah',), ('based',), ('cocok',), ('indo',), ('sedikit',), ('alias',), ('sepi',), ('mending',), ('emel',), ('meski',), ('kalah',), ('grafik',), ('tetap',), ('happy',), ('grafik',), ('bagus',), ('banyak',), ('skin',), ('gratis',), ('playernya',), ('stres',), ('binatang',), ('lebih',)]"
"['android', 'sudah', 'kuat', 'banyak', 'bug', 'paksa', 'hapus', 'bengkak', 'ruang']","[('android',), ('sudah',), ('kuat',), ('banyak',), ('bug',), ('paksa',), ('hapus',), ('bengkak',), ('ruang',)]"
['baik'],"[('baik',)]"
"['bagus', 'karakter', 'gratis']","[('bagus',), ('karakter',), ('gratis',)]"
"['ngiklan', 'tempat', 'sepi']","[('ngiklan',), ('tempat',), ('sepi',)]"
"['sanga', 'bagus']","[('sanga',), ('bagus',)]"
"['verry', 'good']","[('verry',), ('good',)]"
"['dear', 'timi', 'kenapa', 'poin', 'tambah', 'kurang', 'sudah', 'riset']","[('dear',), ('timi',), ('kenapa',), ('poin',), ('tambah',), ('kurang',), ('sudah',), ('riset',)]"
"['nggk', 'jelas', 'report', 'nggk', 'deteksi', 'dia', 'masalah', 'jelas', 'nggk', 'kontribusi', 'gitu', 'ngerasa', 'karakter', 'lemah', 'banget', 'item', 'adu', 'damage', 'tetap', 'kalah', 'item', 'tetap', 'damage', 'tipis', 'item', 'sesuai', 'kondisi', 'lawan', 'enak', 'critical', 'nggk', 'enak', 'kalah', 'kritikal', 'nggk', 'keluar', 'asa', 'nggk', 'jelas']","[('nggk',), ('jelas',), ('report',), ('nggk',), ('deteksi',), ('dia',), ('masalah',), ('jelas',), ('nggk',), ('kontribusi',), ('gitu',), ('ngerasa',), ('karakter',), ('lemah',), ('banget',), ('item',), ('adu',), ('damage',), ('tetap',), ('kalah',), ('item',), ('tetap',), ('damage',), ('tipis',), ('item',), ('sesuai',), ('kondisi',), ('lawan',), ('enak',), ('critical',), ('nggk',), ('enak',), ('kalah',), ('kritikal',), ('nggk',), ('keluar',), ('asa',), ('nggk',), ('jelas',)]"
"['beratt', 'banget']","[('beratt',), ('banget',)]"
"['overall', 'bagus', 'kendala', 'sinyal', 'masalah', 'hitung']","[('overall',), ('bagus',), ('kendala',), ('sinyal',), ('masalah',), ('hitung',)]"
"['bagus', 'banget', 'pernah', 'coba']","[('bagus',), ('banget',), ('pernah',), ('coba',)]"
"['terlalu', 'dermawan']","[('terlalu',), ('dermawan',)]"
"['selalu', 'lawan', 'jago', 'adil']","[('selalu',), ('lawan',), ('jago',), ('adil',)]"
"['makin', 'report', 'makin', 'sampah']","[('makin',), ('report',), ('makin',), ('sampah',)]"
"['done', 'minimal', 'sudah']","[('done',), ('minimal',), ('sudah',)]"
"['bagus', 'suka', 'meyene']","[('bagus',), ('suka',), ('meyene',)]"
"['tuntut', 'biar', 'lenyap']","[('tuntut',), ('biar',), ('lenyap',)]"
"['banyak', 'bug', 'contoh', 'bug', 'suruh', 'unduh', 'baik', 'bug', 'developer']","[('banyak',), ('bug',), ('contoh',), ('bug',), ('suruh',), ('unduh',), ('baik',), ('bug',), ('developer',)]"
"['klw', 'beri', 'jgn', 'bot', 'gaadil', 'gitu', 'musuh', 'proplayer', 'tom', 'bot']","[('klw',), ('beri',), ('jgn',), ('bot',), ('gaadil',), ('gitu',), ('musuh',), ('proplayer',), ('tom',), ('bot',)]"
"['aneh', 'akun', 'facebook', 'gerak', 'nunggu', 'lama', 'tetap', 'masuk', 'harap', 'baik', 'masalah']","[('aneh',), ('akun',), ('facebook',), ('gerak',), ('nunggu',), ('lama',), ('tetap',), ('masuk',), ('harap',), ('baik',), ('masalah',)]"
"['bagus', 'l']","[('bagus',), ('l',)]"
"['bagus', 'seru', 'cantik', 'ganteng', 'mabar', 'teman', 'pasti', 'seru', 'yuk', 'coba']","[('bagus',), ('seru',), ('cantik',), ('ganteng',), ('mabar',), ('teman',), ('pasti',), ('seru',), ('yuk',), ('coba',)]"
"['bagus', 'kurang', 'cuma', 'updatenya', 'biar', 'skin', 'baru', 'meski', 'baru']","[('bagus',), ('kurang',), ('cuma',), ('updatenya',), ('biar',), ('skin',), ('baru',), ('meski',), ('baru',)]"
"['andai', 'size', 'gb', 'pasti', 'v']","[('andai',), ('size',), ('gb',), ('pasti',), ('v',)]"
"['bahkan', 'pacar', 'china', 'suka', 'suka', 'seru']","[('bahkan',), ('pacar',), ('china',), ('suka',), ('suka',), ('seru',)]"
"['pintar', 'roamer', 'tank', 'buta']","[('pintar',), ('roamer',), ('tank',), ('buta',)]"
"['teman', 'jelek', 'kalah', 'rating', 'ngurang', 'bintang']","[('teman',), ('jelek',), ('kalah',), ('rating',), ('ngurang',), ('bintang',)]"
"['seru', 'pernah', 'beberapa', 'pilih', 'tunjuk', 'biasa', 'masuk', 'bug', 'masuk', 'meski', 'sudah', 'tunggu', 'lama', 'tolong', 'baik', 'bug']","[('seru',), ('pernah',), ('beberapa',), ('pilih',), ('tunjuk',), ('biasa',), ('masuk',), ('bug',), ('masuk',), ('meski',), ('sudah',), ('tunggu',), ('lama',), ('tolong',), ('baik',), ('bug',)]"
"['best', 'games', 'but', 'please', 'make', 'matchup', 'same', 'as', 'our', 'level', 'adapt', 'whole', 'situation', 'overall', 'best', 'and', 'enjoyable']","[('best',), ('games',), ('but',), ('please',), ('make',), ('matchup',), ('same',), ('as',), ('our',), ('level',), ('adapt',), ('whole',), ('situation',), ('overall',), ('best',), ('and',), ('enjoyable',)]"
"['harap', 'jangan', 'muncul', 'iklan', 'aplikasi', 'menggangu']","[('harap',), ('jangan',), ('muncul',), ('iklan',), ('aplikasi',), ('menggangu',)]"
"['jelekk', 'buruk']","[('jelekk',), ('buruk',)]"
"['engak', 'adil', 'musuh', 'terlalu', 'kuat', 'jangan', 'terlalu', 'kompetitif', 'jangan', 'tiru', 'terlalu', 'sulit']","[('engak',), ('adil',), ('musuh',), ('terlalu',), ('kuat',), ('jangan',), ('terlalu',), ('kompetitif',), ('jangan',), ('tiru',), ('terlalu',), ('sulit',)]"
['bagus'],"[('bagus',)]"
"['terlalu', 'banyak', 'makan', 'memory', 'tolong', 'baik']","[('terlalu',), ('banyak',), ('makan',), ('memory',), ('tolong',), ('baik',)]"
"['enak', 'lagend']","[('enak',), ('lagend',)]"
"['seru', 'banget']","[('seru',), ('banget',)]"
"['sempurna', 'satu', 'males', 'ivent', 'terlalu', 'sulit', 'diam', 'ngerti', 'belum', 'liris', 'playstor', 'ivent', 'mudah', 'lama', 'lama', 'susah']","[('sempurna',), ('satu',), ('males',), ('ivent',), ('terlalu',), ('sulit',), ('diam',), ('ngerti',), ('belum',), ('liris',), ('playstor',), ('ivent',), ('mudah',), ('lama',), ('lama',), ('susah',)]"
"['bug', 'event', 'bug', 'apakah', 'nomer', 'pengaruh']","[('bug',), ('event',), ('bug',), ('apakah',), ('nomer',), ('pengaruh',)]"
['seru'],"[('seru',)]"
"['sapa', 'minimal']","[('sapa',), ('minimal',)]"
"['bgus', 'bangett']","[('bgus',), ('bangett',)]"
"['bagus', 'kalah', 'bagus', 'lain', 'lama', 'banget', 'clasik', 'kadang', 'lama', 'tolong', 'baik']","[('bagus',), ('kalah',), ('bagus',), ('lain',), ('lama',), ('banget',), ('clasik',), ('kadang',), ('lama',), ('tolong',), ('baik',)]"
"['hey', 'timi', 'tolong', 'revamp', 'nezha', 'mirip', 'nezha', 'donghua', 'biar', 'keren']","[('hey',), ('timi',), ('tolong',), ('revamp',), ('nezha',), ('mirip',), ('nezha',), ('donghua',), ('biar',), ('keren',)]"
"['jeleg', 'banget']","[('jeleg',), ('banget',)]"
['yes'],"[('yes',)]"
"['terlalu', 'lama']","[('terlalu',), ('lama',)]"
"['seru', 'banyak']","[('seru',), ('banyak',)]"
"['agak', 'berat', 'mungkin', 'kentang']","[('agak',), ('berat',), ('mungkin',), ('kentang',)]"
"['loading', 'stack']","[('loading',), ('stack',)]"
['niru'],"[('niru',)]"
"['bintang', 'lima']","[('bintang',), ('lima',)]"
['baik'],"[('baik',)]"
"['copy', 'paste']","[('copy',), ('paste',)]"
"['copy', 'legends']","[('copy',), ('legends',)]"
"['bagus', 'bngt', 'weh', 'wajib', 'weh']","[('bagus',), ('bngt',), ('weh',), ('wajib',), ('weh',)]"
"['bagus', 'ubah', 'nyata', 'lama', 'engkau', 'bahagia']","[('bagus',), ('ubah',), ('nyata',), ('lama',), ('engkau',), ('bahagia',)]"
"['lebih', 'enak', 'bintang', 'banyak', 'angela', 'mage', 'susah', 'cuma', 'bintang', 'mobule', 'banyak', 'gelap', 'stuck', 'epic', 'banyak', 'bintang', 'naik', 'hampir', 'mirip']","[('lebih',), ('enak',), ('bintang',), ('banyak',), ('angela',), ('mage',), ('susah',), ('cuma',), ('bintang',), ('mobule',), ('banyak',), ('gelap',), ('stuck',), ('epic',), ('banyak',), ('bintang',), ('naik',), ('hampir',), ('mirip',)]"
['bagus'],"[('bagus',)]"
"['keren', 'bngt']","[('keren',), ('bngt',)]"
['good'],"[('good',)]"
"['naik', 'pitam', 'tolong', 'baik', 'offline', 'bot', 'terlalu', 'buruk']","[('naik',), ('pitam',), ('tolong',), ('baik',), ('offline',), ('bot',), ('terlalu',), ('buruk',)]"
"['minimal', 'coba', 'banyak', 'banyakin', 'tutorial', 'kenal', 'skill', 'youtube', 'btw', 'donwload', 'hoknya', 'youtube', 'tutorial', 'skill', 'ultimate', 'donghuaang', 'penghianat', 'teman']","[('minimal',), ('coba',), ('banyak',), ('banyakin',), ('tutorial',), ('kenal',), ('skill',), ('youtube',), ('btw',), ('donwload',), ('hoknya',), ('youtube',), ('tutorial',), ('skill',), ('ultimate',), ('donghuaang',), ('penghianat',), ('teman',)]"
"['top', 'up', 'token', 'batas', 'hadiah', 'masuk', 'payah']","[('top',), ('up',), ('token',), ('batas',), ('hadiah',), ('masuk',), ('payah',)]"
"['servernya', 'dibaikin']","[('servernya',), ('dibaikin',)]"
"['sungguh', 'kecewa', 'lag', 'parah']","[('sungguh',), ('kecewa',), ('lag',), ('parah',)]"
"['bagus', 'imbang', 'melulu', 'lawan']","[('bagus',), ('imbang',), ('melulu',), ('lawan',)]"
"['kerenn', 'efek']","[('kerenn',), ('efek',)]"
"['juluk', 'kampung']","[('juluk',), ('kampung',)]"
"['buruk', 'anjikk', 'rusak', 'rugi', 'pukimak']","[('buruk',), ('anjikk',), ('rusak',), ('rugi',), ('pukimak',)]"
"['baik', 'nilai', 'hadap', 'jungle', 'selalu', 'adil', 'sia', 'nyiakan', 'usaha', 'jalan', 'wave', 'split', 'push', 'objektif', 'lain']","[('baik',), ('nilai',), ('hadap',), ('jungle',), ('selalu',), ('adil',), ('sia',), ('nyiakan',), ('usaha',), ('jalan',), ('wave',), ('split',), ('push',), ('objektif',), ('lain',)]"
"['macth', 'belum', 'platinum', 'star', 'turun', 'platinum', 'star']","[('macth',), ('belum',), ('platinum',), ('star',), ('turun',), ('platinum',), ('star',)]"
"['bisah', 'masalah', 'bagus']","[('bisah',), ('masalah',), ('bagus',)]"
"['bgus', 'dn', 'seru']","[('bgus',), ('dn',), ('seru',)]"
['tiru'],"[('tiru',)]"
"['makin', 'susah']","[('makin',), ('susah',)]"
['gaje'],"[('gaje',)]"
['bagus'],"[('bagus',)]"
['ngebosenin'],"[('ngebosenin',)]"
"['lebih', 'baik']","[('lebih',), ('baik',)]"
[],[]
"['mentang', 'mainland', 'kebal', 'report', 'jg', 'adil', 'sorry', 'say', 'benah', 'otw', 'uninstall']","[('mentang',), ('mainland',), ('kebal',), ('report',), ('jg',), ('adil',), ('sorry',), ('say',), ('benah',), ('otw',), ('uninstall',)]"
"['sampah', 'rekomend', 'manis', 'sudah', 'biasa', 'pasti', 'stres', 'ketemu', 'ph', 'indo', 'nyamar', 'sepuh', 'china', 'pokok', 'stres', 'lebih', 'dalam', 'inti', 'jangan', 'gamau', 'stres']","[('sampah',), ('rekomend',), ('manis',), ('sudah',), ('biasa',), ('pasti',), ('stres',), ('ketemu',), ('ph',), ('indo',), ('nyamar',), ('sepuh',), ('china',), ('pokok',), ('stres',), ('lebih',), ('dalam',), ('inti',), ('jangan',), ('gamau',), ('stres',)]"
"['kira', 'rating', 'nyata', 'bukan']","[('kira',), ('rating',), ('nyata',), ('bukan',)]"
"['belum', 'sudah', 'lama', 'baru', 'comeback', 'cek', 'skin', 'dunhuang', 'encounter', 'yaria', 'hilang', 'ingat', 'pernah', 'skin', 'tolong', 'kasi', 'skin', 'dunhuang', 'encounter']","[('belum',), ('sudah',), ('lama',), ('baru',), ('comeback',), ('cek',), ('skin',), ('dunhuang',), ('encounter',), ('yaria',), ('hilang',), ('ingat',), ('pernah',), ('skin',), ('tolong',), ('kasi',), ('skin',), ('dunhuang',), ('encounter',)]"
"['ad', 'isekai']","[('ad',), ('isekai',)]"
"['minimal', 'pakek', 'facebook']","[('minimal',), ('pakek',), ('facebook',)]"
"['really', 'really', 'like', 'it', 'graphics', 'are', 'detailed', 'and', 'action', 'varied']","[('really',), ('really',), ('like',), ('it',), ('graphics',), ('are',), ('detailed',), ('and',), ('action',), ('varied',)]"
"['event', 'diulangulang', 'event', 'koin', 'skin', 'gratis', 'terlalu', 'sulit', 'hal', 'gampang', 'sengaja', 'susah', 'gacha', 'buruk', 'worth', 'it', 'keluar', 'duit']","[('event',), ('diulangulang',), ('event',), ('koin',), ('skin',), ('gratis',), ('terlalu',), ('sulit',), ('hal',), ('gampang',), ('sengaja',), ('susah',), ('gacha',), ('buruk',), ('worth',), ('it',), ('keluar',), ('duit',)]"
"['keren', 'grafik', 'bagus', 'dll']","[('keren',), ('grafik',), ('bagus',), ('dll',)]"
['bagus'],"[('bagus',)]"
"['el', 'copy']","[('el',), ('copy',)]"
"['anj', 'imbang']","[('anj',), ('imbang',)]"
"['server', 'tolong', 'baik', 'jangan', 'cuma', 'skin', 'bagusin', 'lepas', 'servernya', 'busuk', 'bagus']","[('server',), ('tolong',), ('baik',), ('jangan',), ('cuma',), ('skin',), ('bagusin',), ('lepas',), ('servernya',), ('busuk',), ('bagus',)]"
"['seru', 'banget', 'enak']","[('seru',), ('banget',), ('enak',)]"
"['lumayan', 'tower', 'merah', 'musuh', 'sakit', 'banget', 'tolong', 'baik']","[('lumayan',), ('tower',), ('merah',), ('musuh',), ('sakit',), ('banget',), ('tolong',), ('baik',)]"
"['mantap', 'gan']","[('mantap',), ('gan',)]"
"['banget', 'banget', 'sukaa', 'maupun', 'kalah', 'menang', 'bintang', 'selalu', 'naik', 'jujur', 'seruu', 'banget', 'bugnya', 'sinyal', 'sinyal', 'bagus', 'digame', 'sinyal', 'merahkuning', 'aneh', 'moga', 'delevovernya', 'btw', 'mula', 'cocukk', 'banget', 'digame', 'oke', 'sekian', 'gaji']","[('banget',), ('banget',), ('sukaa',), ('maupun',), ('kalah',), ('menang',), ('bintang',), ('selalu',), ('naik',), ('jujur',), ('seruu',), ('banget',), ('bugnya',), ('sinyal',), ('sinyal',), ('bagus',), ('digame',), ('sinyal',), ('merahkuning',), ('aneh',), ('moga',), ('delevovernya',), ('btw',), ('mula',), ('cocukk',), ('banget',), ('digame',), ('oke',), ('sekian',), ('gaji',)]"
"['animasi', 'kelas', 'ribu', 'top', 'up']","[('animasi',), ('kelas',), ('ribu',), ('top',), ('up',)]"
['suka'],"[('suka',)]"
"['bagus', 'kalah', 'skin', 'mahal', 'hibur', 'kalah', 'niru']","[('bagus',), ('kalah',), ('skin',), ('mahal',), ('hibur',), ('kalah',), ('niru',)]"
"['sudah', 'bagus', 'tolong', 'cepat', 'dalam', 'cari', 'playernya', 'lebih', 'imbang', 'satu', 'masa', 'tolong', 'rangin', 'pemakain', 'gb', 'kesi', 'yng', 'lain']","[('sudah',), ('bagus',), ('tolong',), ('cepat',), ('dalam',), ('cari',), ('playernya',), ('lebih',), ('imbang',), ('satu',), ('masa',), ('tolong',), ('rangin',), ('pemakain',), ('gb',), ('kesi',), ('yng',), ('lain',)]"
"['kapan', 'skin', 'zhuanzi', 'domba', 'rilis', 'global']","[('kapan',), ('skin',), ('zhuanzi',), ('domba',), ('rilis',), ('global',)]"
"['level', 'infinite', 'developer', 'harga', 'report', 'baru', 'pribadi', 'tier', 'granmaster', 'lebih', 'ketat', 'langgar', 'hitung', 'detik', 'kalah', 'langgar', 'bayar', 'salah']","[('level',), ('infinite',), ('developer',), ('harga',), ('report',), ('baru',), ('pribadi',), ('tier',), ('granmaster',), ('lebih',), ('ketat',), ('langgar',), ('hitung',), ('detik',), ('kalah',), ('langgar',), ('bayar',), ('salah',)]"
"['jangan', 'salah', 'kooperatif', 'teammate', 'sesuai', 'skill', 'selaku', 'seringkali', 'teammate', 'sesuai', 'kecewa', 'ikut', 'atur', 'rating', 'bintang', 'sampai', 'develop', 'perhati', 'keluh', 'bagai', 'selain', 'minim', 'kembang', 'pesat', 'monoton', 'adept']","[('jangan',), ('salah',), ('kooperatif',), ('teammate',), ('sesuai',), ('skill',), ('selaku',), ('seringkali',), ('teammate',), ('sesuai',), ('kecewa',), ('ikut',), ('atur',), ('rating',), ('bintang',), ('sampai',), ('develop',), ('perhati',), ('keluh',), ('bagai',), ('selain',), ('minim',), ('kembang',), ('pesat',), ('monoton',), ('adept',)]"
"['baik', 'baru', 'mantap', 'tolong', 'masa', 'komplain', 'pass', 'saran', 'level', 'sampai', 'dapetin', 'full', 'hadiah', 'banyak', 'bahkan', 'cerah', 'banyak', 'sedia', 'lain', 'contoh', 'sekarang', 'banyak', 'ngikutin', 'pilih', 'gelar', 'bahkan', 'custom', 'tombol', 'skin']","[('baik',), ('baru',), ('mantap',), ('tolong',), ('masa',), ('komplain',), ('pass',), ('saran',), ('level',), ('sampai',), ('dapetin',), ('full',), ('hadiah',), ('banyak',), ('bahkan',), ('cerah',), ('banyak',), ('sedia',), ('lain',), ('contoh',), ('sekarang',), ('banyak',), ('ngikutin',), ('pilih',), ('gelar',), ('bahkan',), ('custom',), ('tombol',), ('skin',)]"
"['kurang', 'optimalisasi']","[('kurang',), ('optimalisasi',)]"
"['loving', 'this', 'sm']","[('loving',), ('this',), ('sm',)]"
"['bagus', 'banget', 'sy', 'suka']","[('bagus',), ('banget',), ('sy',), ('suka',)]"
"['buruk', 'baik', 'sinyal', 'dongo', 'sinyal', 'jelek', 'sudah', 'heran', 'sinyal', 'wifi', 'bagus']","[('buruk',), ('baik',), ('sinyal',), ('dongo',), ('sinyal',), ('jelek',), ('sudah',), ('heran',), ('sinyal',), ('wifi',), ('bagus',)]"
"['cocok', 'mula', 'mabar', 'saudara', 'teman']","[('cocok',), ('mula',), ('mabar',), ('saudara',), ('teman',)]"
"['bagus', 'keren', 'cuma', 'item', 'erti', 'tolong', 'jelas', 'jelek', 'malas', 'kenapa', 'selalu', 'turun', 'baru', 'paling', 'malas', 'begini']","[('bagus',), ('keren',), ('cuma',), ('item',), ('erti',), ('tolong',), ('jelas',), ('jelek',), ('malas',), ('kenapa',), ('selalu',), ('turun',), ('baru',), ('paling',), ('malas',), ('begini',)]"
"['mantap', 'pol', 'zuka']","[('mantap',), ('pol',), ('zuka',)]"
"['suka', 'bgtt', 'seru', 'mainin', 'bosen']","[('suka',), ('bgtt',), ('seru',), ('mainin',), ('bosen',)]"
"['terlalu', 'sepi', 'jarang', 'ketemu', 'serius', 'banyakab', 'ketemu', 'bot', 'harap', 'lebih', 'ramai', 'gabung', 'chinainggris', 'mohon', 'erti', 'terimakasih']","[('terlalu',), ('sepi',), ('jarang',), ('ketemu',), ('serius',), ('banyakab',), ('ketemu',), ('bot',), ('harap',), ('lebih',), ('ramai',), ('gabung',), ('chinainggris',), ('mohon',), ('erti',), ('terimakasih',)]"
"['pls', 'sekarang', 'ramah', 'storage']","[('pls',), ('sekarang',), ('ramah',), ('storage',)]"
"['loding', 'lama']","[('loding',), ('lama',)]"
['elok'],"[('elok',)]"
"['makin', 'susah', 'anjir', 'batas', 'ful', 'susah', 'tencen', 'kikir', 'benar', 'bayak', 'gelap', 'saran', 'baik', 'lag', 'gelap', 'tin', 'even', 'keluarin', 'kikir', 'amat', 'doak']","[('makin',), ('susah',), ('anjir',), ('batas',), ('ful',), ('susah',), ('tencen',), ('kikir',), ('benar',), ('bayak',), ('gelap',), ('saran',), ('baik',), ('lag',), ('gelap',), ('tin',), ('even',), ('keluarin',), ('kikir',), ('amat',), ('doak',)]"
"['gamee', 'amat', 'bagus', 'banding', 'cipta', 'moontod']","[('gamee',), ('amat',), ('bagus',), ('banding',), ('cipta',), ('moontod',)]"
"['kont', 'event', 'benar', 'ngent', 'sudah', 'undang', 'baru', 'jatoh', 'kartuu', 'jembutt']","[('kont',), ('event',), ('benar',), ('ngent',), ('sudah',), ('undang',), ('baru',), ('jatoh',), ('kartuu',), ('jembutt',)]"
"['bagus', 'mes', 'mw', 'nyambung', 'server', 'lama']","[('bagus',), ('mes',), ('mw',), ('nyambung',), ('server',), ('lama',)]"
"['lebih', 'baik', 'ai', 'hapus', 'guna', 'komplain', 'anomali', 'feeder', 'lolosin', 'afk', 'lolosin', 'anomali', 'lolosin', 'ai', 'guna', 'tolol']","[('lebih',), ('baik',), ('ai',), ('hapus',), ('guna',), ('komplain',), ('anomali',), ('feeder',), ('lolosin',), ('afk',), ('lolosin',), ('anomali',), ('lolosin',), ('ai',), ('guna',), ('tolol',)]"
"['bagus', 'klik', 'random', 'biar', 'asah', 'skill', 'semua']","[('bagus',), ('klik',), ('random',), ('biar',), ('asah',), ('skill',), ('semua',)]"
"['developer', 'plinplan', 'baru', 'indonesia', 'buatin', 'skill', 'baru', 'tungguin', 'undur', 'sekarang', 'kabar', 'wadah', 'china', 'gitu', 'usah', 'gembar', 'gembor', 'asal', 'indonesia', 'kocak']","[('developer',), ('plinplan',), ('baru',), ('indonesia',), ('buatin',), ('skill',), ('baru',), ('tungguin',), ('undur',), ('sekarang',), ('kabar',), ('wadah',), ('china',), ('gitu',), ('usah',), ('gembar',), ('gembor',), ('asal',), ('indonesia',), ('kocak',)]"
['seru'],"[('seru',)]"
"['tolong', 'balikin', 'kredit', 'score', 'masalah', 'jangan', 'lag', 'tolong', 'balikin', 'kredit', 'score']","[('tolong',), ('balikin',), ('kredit',), ('score',), ('masalah',), ('jangan',), ('lag',), ('tolong',), ('balikin',), ('kredit',), ('score',)]"
"['laku', 'selalu', 'afk', 'tolol']","[('laku',), ('selalu',), ('afk',), ('tolol',)]"
"['banyak', 'gift']","[('banyak',), ('gift',)]"
"['udahlah', 'jelek', 'ikutin', 'mending']","[('udahlah',), ('jelek',), ('ikutin',), ('mending',)]"
"['lov', 'you', 'pdhal', 'gratis', 'devnya', 'baik', 'hati', 'skin', 'gratistrus', 'gacha', 'wangy', 'pokok', 'baik', 'moga', 'rame']","[('lov',), ('you',), ('pdhal',), ('gratis',), ('devnya',), ('baik',), ('hati',), ('skin',), ('gratistrus',), ('gacha',), ('wangy',), ('pokok',), ('baik',), ('moga',), ('rame',)]"
"['bagus', 'mula', 'jagok', 'skin', 'gratis', 'banyak', 'update', 'seru', 'bagus', 'buah', 'semangka', 'buah', 'kedondong', 'belum', 'downloaddongpantun', 'gitu']","[('bagus',), ('mula',), ('jagok',), ('skin',), ('gratis',), ('banyak',), ('update',), ('seru',), ('bagus',), ('buah',), ('semangka',), ('buah',), ('kedondong',), ('belum',), ('downloaddongpantun',), ('gitu',)]"
['mantap'],"[('mantap',)]"
"['bagus', 'banget']","[('bagus',), ('banget',)]"
"['hukum', 'guna', 'guna', 'jungle', 'mid', 'kurang', 'kredit', 'skor', 'minimal']","[('hukum',), ('guna',), ('guna',), ('jungle',), ('mid',), ('kurang',), ('kredit',), ('skor',), ('minimal',)]"
"['aplikasi', 'bagus']","[('aplikasi',), ('bagus',)]"
['mantab'],"[('mantab',)]"
"['lag', 'bagus', 'dengerin', 'musik', 'online', 'lancaraja', 'merah', 'ubah', 'parah', 'banget', 'sihh', 'mohon', 'baik']","[('lag',), ('bagus',), ('dengerin',), ('musik',), ('online',), ('lancaraja',), ('merah',), ('ubah',), ('parah',), ('banget',), ('sihh',), ('mohon',), ('baik',)]"
"['bagus', 'mantap']","[('bagus',), ('mantap',)]"
"['machmaking', 'buruk', 'pernah', 'even', 'skin', 'gratis', 'adil', 'baru', 'lama', 'sampah']","[('machmaking',), ('buruk',), ('pernah',), ('even',), ('skin',), ('gratis',), ('adil',), ('baru',), ('lama',), ('sampah',)]"
['joz'],"[('joz',)]"
['darksistem'],"[('darksistem',)]"
"['bagus', 'banget']","[('bagus',), ('banget',)]"
"['lot', 'skali']","[('lot',), ('skali',)]"
"['bug', 'event', 'suruh', 'ulang']","[('bug',), ('event',), ('suruh',), ('ulang',)]"
['gacor'],"[('gacor',)]"
"['semua', 'masa', 'skin', 'sungguh', 'kecewa', 'beberapa']","[('semua',), ('masa',), ('skin',), ('sungguh',), ('kecewa',), ('beberapa',)]"
['oke'],"[('oke',)]"
"['lama', 'dowlod', 'apdet', 'ples', 'grafik']","[('lama',), ('dowlod',), ('apdet',), ('ples',), ('grafik',)]"
"['belum', 'beri', 'ulas', 'mana', 'rekan', 'se', 'bot', 'musuh', 'asli', 'mohon', 'baik', 'relevan', 'top', 'tier', 'sedang', 'master', 'ii', 'harap', 'baik', 'sebut', 'terimakasih']","[('belum',), ('beri',), ('ulas',), ('mana',), ('rekan',), ('se',), ('bot',), ('musuh',), ('asli',), ('mohon',), ('baik',), ('relevan',), ('top',), ('tier',), ('sedang',), ('master',), ('ii',), ('harap',), ('baik',), ('sebut',), ('terimakasih',)]"
"['gaada', 'ide', 'lain', 'niru']","[('gaada',), ('ide',), ('lain',), ('niru',)]"
"['iki', 'rek', 'mirip', 'bjirr']","[('iki',), ('rek',), ('mirip',), ('bjirr',)]"
"['cocok', 'keren', 'tanggal', 'jangan', 'arti', 'buah', 'alas', 'paling', 'enak', 'banget', 'dia', 'paling', 'enak', 'ikut', 'ikut', 'keren', 'ikut', 'sukses', 'pasang', 'siapa', 'kesel']","[('cocok',), ('keren',), ('tanggal',), ('jangan',), ('arti',), ('buah',), ('alas',), ('paling',), ('enak',), ('banget',), ('dia',), ('paling',), ('enak',), ('ikut',), ('ikut',), ('keren',), ('ikut',), ('sukses',), ('pasang',), ('siapa',), ('kesel',)]"
"['efek', 'visual', 'skin', 'bagus', 'banding', 'kelas', 'skin', 'epic', 'efek', 'tebal', 'jelas', 'banget', 'baik', 'tambah', 'banyak', 'skin', 'free', 'suka', 'skin', 'bruce', 'lee']","[('efek',), ('visual',), ('skin',), ('bagus',), ('banding',), ('kelas',), ('skin',), ('epic',), ('efek',), ('tebal',), ('jelas',), ('banget',), ('baik',), ('tambah',), ('banyak',), ('skin',), ('free',), ('suka',), ('skin',), ('bruce',), ('lee',)]"
"['competitive', 'themed', 'but', 'lots', 'bot', 'and', 'unfair', 'anomalies', 'it', 'just', 'make', 'this', 'not', 'competitive', 'and', 'remove', 'all', 'tournaments']","[('competitive',), ('themed',), ('but',), ('lots',), ('bot',), ('and',), ('unfair',), ('anomalies',), ('it',), ('just',), ('make',), ('this',), ('not',), ('competitive',), ('and',), ('remove',), ('all',), ('tournaments',)]"
"['servernya', 'tolong', 'masa', 'situ', 'beri', 'sinyal', 'merah', 'suruh', 'baik', 'paket', 'full', 'banyak', 'sinyal', 'full', 'coba', 'please', 'try', 'so', 'hard']","[('servernya',), ('tolong',), ('masa',), ('situ',), ('beri',), ('sinyal',), ('merah',), ('suruh',), ('baik',), ('paket',), ('full',), ('banyak',), ('sinyal',), ('full',), ('coba',), ('please',), ('try',), ('so',), ('hard',)]"
['top'],"[('top',)]"
"['matchup', 'sampah', 'layak', 'dimainin']","[('matchup',), ('sampah',), ('layak',), ('dimainin',)]"
"['luar', 'biasa', 'buruk', 'balance', 'balance', 'selalu', 'feeder', 'report', 'benar', 'benar', 'gada', 'guna', 'teman', 'satu', 'feeder', 'ngga', 'report', 'aneh', 'banget', 'nilai', 'akhir', 'teman', 'satu', 'feeder', 'notabene', 'nilai', 'otamatis', 'report', 'hadeuh', 'jangan', 'nilai', 'feeder', 'b', 'sekalipun', 'belum', 'tentu', 'report', 'benar', 'benar', 'aneh']","[('luar',), ('biasa',), ('buruk',), ('balance',), ('balance',), ('selalu',), ('feeder',), ('report',), ('benar',), ('benar',), ('gada',), ('guna',), ('teman',), ('satu',), ('feeder',), ('ngga',), ('report',), ('aneh',), ('banget',), ('nilai',), ('akhir',), ('teman',), ('satu',), ('feeder',), ('notabene',), ('nilai',), ('otamatis',), ('report',), ('hadeuh',), ('jangan',), ('nilai',), ('feeder',), ('b',), ('sekalipun',), ('belum',), ('tentu',), ('report',), ('benar',), ('benar',), ('aneh',)]"
"['update', 'baru', 'stuck', 'baru', 'detik', 'belum', 'pasuk', 'selesai', 'kenapa', 'begitu', 'stabil', 'lain', 'tolong', 'segera', 'baik']","[('update',), ('baru',), ('stuck',), ('baru',), ('detik',), ('belum',), ('pasuk',), ('selesai',), ('kenapa',), ('begitu',), ('stabil',), ('lain',), ('tolong',), ('segera',), ('baik',)]"
"['guardian', 'minimal', 'jago', 'lawan', 'jago']","[('guardian',), ('minimal',), ('jago',), ('lawan',), ('jago',)]"
['oke'],"[('oke',)]"
['kren'],"[('kren',)]"
['like'],"[('like',)]"
"['bagus', 'suka', 'lucu', 'lucu', 'banget', 'dowllod', 'sia', 'sia', 'dehh', 'jangan', 'bawa', 'emosi', 'kalah', 'hehehe']","[('bagus',), ('suka',), ('lucu',), ('lucu',), ('banget',), ('dowllod',), ('sia',), ('sia',), ('dehh',), ('jangan',), ('bawa',), ('emosi',), ('kalah',), ('hehehe',)]"
"['moga', 'baik', 'pernah', 'erti', 'senang', 'para', 'unik', 'cute', 'sexy', 'poko', 'jangan', 'sampai', 'bosan']","[('moga',), ('baik',), ('pernah',), ('erti',), ('senang',), ('para',), ('unik',), ('cute',), ('sexy',), ('poko',), ('jangan',), ('sampai',), ('bosan',)]"
"['cuh', 'haram', 'makin', 'lama', 'makin', 'aneh', 'satuin', 'bayi', 'baru', 'lahir', 'ajg']","[('cuh',), ('haram',), ('makin',), ('lama',), ('makin',), ('aneh',), ('satuin',), ('bayi',), ('baru',), ('lahir',), ('ajg',)]"
"['bguss', 'nyaa']","[('bguss',), ('nyaa',)]"
"['wahai', 'developer', 'hormat', 'cinta', 'mohon', 'bug', 'crastuck', 'tekan', 'menu', 'profil', 'mulai', 'tanding', 'selesai', 'tanding', 'mohon', 'segera', 'baik', 'mohon', 'kepada', 'developer', 'bug', 'ganggu', 'tempat', 'bagus', 'lo', 'dukung', 'sudah', 'report', 'masalah', 'menu', 'hubung', 'lo', 'belum', 'selesai']","[('wahai',), ('developer',), ('hormat',), ('cinta',), ('mohon',), ('bug',), ('crastuck',), ('tekan',), ('menu',), ('profil',), ('mulai',), ('tanding',), ('selesai',), ('tanding',), ('mohon',), ('segera',), ('baik',), ('mohon',), ('kepada',), ('developer',), ('bug',), ('ganggu',), ('tempat',), ('bagus',), ('lo',), ('dukung',), ('sudah',), ('report',), ('masalah',), ('menu',), ('hubung',), ('lo',), ('belum',), ('selesai',)]"
"['minimal', 'kenapa', 'capai', 'digoogle', 'play']","[('minimal',), ('kenapa',), ('capai',), ('digoogle',), ('play',)]"
"['ancur', 'ngetrol', 'kena', 'sanksi']","[('ancur',), ('ngetrol',), ('kena',), ('sanksi',)]"
"['parah', 'grandmaster', 'gelap', 'sampai', 'star', 'naik', 'turun', 'muluk', 'lawan', 'bagus', 'sendiri', 'bagus', 'imbang']","[('parah',), ('grandmaster',), ('gelap',), ('sampai',), ('star',), ('naik',), ('turun',), ('muluk',), ('lawan',), ('bagus',), ('sendiri',), ('bagus',), ('imbang',)]"
"['tarik', 'filter', 'sedikit', 'banyak', 'gelap', 'negara', 'laen', 'susah', 'maennya']","[('tarik',), ('filter',), ('sedikit',), ('banyak',), ('gelap',), ('negara',), ('laen',), ('susah',), ('maennya',)]"
"['bintang', 'bagus', 'skin', 'gratis', 'epic', 'beberapa', 'bug', 'alami', 'ranked', 'mvp', 'poin', 'kill', 'mati', 'asist', 'dapetnya', 'tolong', 'baik', 'terimakasih']","[('bintang',), ('bagus',), ('skin',), ('gratis',), ('epic',), ('beberapa',), ('bug',), ('alami',), ('ranked',), ('mvp',), ('poin',), ('kill',), ('mati',), ('asist',), ('dapetnya',), ('tolong',), ('baik',), ('terimakasih',)]"
"['grafik', 'oke', 'bangett', 'lawan', 'kdg', 'imbang', 'smaa', 'sendiri', 'kdg', 'agak', 'lag', 'sedikit', 'lumayan', 'besar', 'overall']","[('grafik',), ('oke',), ('bangett',), ('lawan',), ('kdg',), ('imbang',), ('smaa',), ('sendiri',), ('kdg',), ('agak',), ('lag',), ('sedikit',), ('lumayan',), ('besar',), ('overall',)]"
"['kurang', 'lawan', 'padan', 'sinyal', 'bagus', 'jelek', 'mohon', 'baik', 'sudah', 'habis', 'paket', 'demi', 'kecewa']","[('kurang',), ('lawan',), ('padan',), ('sinyal',), ('bagus',), ('jelek',), ('mohon',), ('baik',), ('sudah',), ('habis',), ('paket',), ('demi',), ('kecewa',)]"
[],[]
"['suka', 'lama', 'banget', 'tolong', 'rusak', 'bukan', 'sinyal', 'eror', 'benar', 'suka', 'gitu']","[('suka',), ('lama',), ('banget',), ('tolong',), ('rusak',), ('bukan',), ('sinyal',), ('eror',), ('benar',), ('suka',), ('gitu',)]"
"['sempurna', 'senang']","[('sempurna',), ('senang',)]"
"['bagus', 'banget', 'kecuali', 'wivi']","[('bagus',), ('banget',), ('kecuali',), ('wivi',)]"
"['jujur', 'bagus', 'banget', 'sebelahh', 'grafik', 'bintang', 'lima', 'char', 'cantikk', 'gantengg', 'pokok', 'seru', 'banget', 'semangat', 'yaa', 'papi', 'timi']","[('jujur',), ('bagus',), ('banget',), ('sebelahh',), ('grafik',), ('bintang',), ('lima',), ('char',), ('cantikk',), ('gantengg',), ('pokok',), ('seru',), ('banget',), ('semangat',), ('yaa',), ('papi',), ('timi',)]"
"['ngebug', 'pilih', 'ngeblank', 'muncul']","[('ngebug',), ('pilih',), ('ngeblank',), ('muncul',)]"
"['bnyk', 'bug', 'boss']","[('bnyk',), ('bug',), ('boss',)]"
"['benar', 'suka', 'cuma', 'banget', 'update', 'item', 'saran', 'rang', 'para', 'gamer', 'daerah', 'susah', 'ikut', 'beban']","[('benar',), ('suka',), ('cuma',), ('banget',), ('update',), ('item',), ('saran',), ('rang',), ('para',), ('gamer',), ('daerah',), ('susah',), ('ikut',), ('beban',)]"
['suru'],"[('suru',)]"
"['seru', 'agak', 'lag', 'mungkin', 'sayang', 'kurang', 'dukung', 'penting', 'hd', 'banget', 'sampai', 'tagih', 'bintang', 'lima']","[('seru',), ('agak',), ('lag',), ('mungkin',), ('sayang',), ('kurang',), ('dukung',), ('penting',), ('hd',), ('banget',), ('sampai',), ('tagih',), ('bintang',), ('lima',)]"
['kalah'],"[('kalah',)]"
"['gila', 'keren', 'banget']","[('gila',), ('keren',), ('banget',)]"
"['himbauan', 'install', 'imbang', 'koneksi', 'putus', 'sudah', 'banyak', 'joki', 'dalam', 'jikalau', 'seru', 'pahit', 'belakang']","[('himbauan',), ('install',), ('imbang',), ('koneksi',), ('putus',), ('sudah',), ('banyak',), ('joki',), ('dalam',), ('jikalau',), ('seru',), ('pahit',), ('belakang',)]"
"['bagus', 'banget']","[('bagus',), ('banget',)]"
['natural'],"[('natural',)]"
"['buruk', 'update', 'truss', 'sedikit', 'update', 'updategk', 'usah', 'ngabisin', 'ruang', 'stroge', 'uninstal', 'walapun', 'stroge', 'besar', 'males', 'ngabisin', 'kouta', 'paket']","[('buruk',), ('update',), ('truss',), ('sedikit',), ('update',), ('updategk',), ('usah',), ('ngabisin',), ('ruang',), ('stroge',), ('uninstal',), ('walapun',), ('stroge',), ('besar',), ('males',), ('ngabisin',), ('kouta',), ('paket',)]"
"['cocok', 'hpku', 'hpku', 'ram', 'berat', 'versi', 'lite', 'mudah', 'lag', 'berat']","[('cocok',), ('hpku',), ('hpku',), ('ram',), ('berat',), ('versi',), ('lite',), ('mudah',), ('lag',), ('berat',)]"
"['kenapa', 'facebook']","[('kenapa',), ('facebook',)]"
"['kecewa', 'event', 'share', 'codeini', 'semua', 'event', 'code', 'tolong', 'fix', 'huruf', 'sensor', 'rugi', 'share', 'code', 'code', 'sensor', 'tolong', 'beri', 'solusi', 'entah', 'ganti', 'codesistem', 'sensor', 'hilang', 'lama', 'eventcode', 'lebih', 'banyak', 'angka', 'huruf', 'contoh', 'code', 'hdsm', 'huruf', 'sm', 'sensor', 'rugi', 'banget']","[('kecewa',), ('event',), ('share',), ('codeini',), ('semua',), ('event',), ('code',), ('tolong',), ('fix',), ('huruf',), ('sensor',), ('rugi',), ('share',), ('code',), ('code',), ('sensor',), ('tolong',), ('beri',), ('solusi',), ('entah',), ('ganti',), ('codesistem',), ('sensor',), ('hilang',), ('lama',), ('eventcode',), ('lebih',), ('banyak',), ('angka',), ('huruf',), ('contoh',), ('code',), ('hdsm',), ('huruf',), ('sm',), ('sensor',), ('rugi',), ('banget',)]"
"['sinyal', 'penuh', 'be', 'lag', 'heran', 'penuh', 'daerah', 'sinyal', 'bagus']","[('sinyal',), ('penuh',), ('be',), ('lag',), ('heran',), ('penuh',), ('daerah',), ('sinyal',), ('bagus',)]"
"['dsini', 'lebih', 'harga', 'banding', 'cuma', 'nyari', 'untung']","[('dsini',), ('lebih',), ('harga',), ('banding',), ('cuma',), ('nyari',), ('untung',)]"
"['adil', 'bagi', 'menang', 'tanding', 'ikut', 'pasti', 'kalah', 'tambah', 'parah', 'sekarang', 'kalah', 'tubi', 'tubi', 'lawan', 'hadap', 'semua', 'bagus', 'skill', 'sementara', 'rekan', 'semua', 'skill', 'rendah', 'macam', 'gerak', 'server', 'banyak', 'cit', 'bot', 'semua']","[('adil',), ('bagi',), ('menang',), ('tanding',), ('ikut',), ('pasti',), ('kalah',), ('tambah',), ('parah',), ('sekarang',), ('kalah',), ('tubi',), ('tubi',), ('lawan',), ('hadap',), ('semua',), ('bagus',), ('skill',), ('sementara',), ('rekan',), ('semua',), ('skill',), ('rendah',), ('macam',), ('gerak',), ('server',), ('banyak',), ('cit',), ('bot',), ('semua',)]"
"['moga', 'tingkat', 'performa']","[('moga',), ('tingkat',), ('performa',)]"
"['grafik', 'bagus', 'hina']","[('grafik',), ('bagus',), ('hina',)]"
"['sudah', 'bagus', 'developer', 'hormat', 'tolong', 'sedia', 'fersi', 'lite', 'hpnya', 'ram', 'gigaan', 'tanpa', 'khawatir', 'ram', 'penuh', 'sekian', 'terimakasih', 'atas', 'kerjasamanya']","[('sudah',), ('bagus',), ('developer',), ('hormat',), ('tolong',), ('sedia',), ('fersi',), ('lite',), ('hpnya',), ('ram',), ('gigaan',), ('tanpa',), ('khawatir',), ('ram',), ('penuh',), ('sekian',), ('terimakasih',), ('atas',), ('kerjasamanya',)]"
"['selamat', 'datang', 'kau', 'tidur', 'allah', 'home', 'schooling', 'apaapa', 'nantik', 'mlm']","[('selamat',), ('datang',), ('kau',), ('tidur',), ('allah',), ('home',), ('schooling',), ('apaapa',), ('nantik',), ('mlm',)]"
"['ping', 'lag']","[('ping',), ('lag',)]"
"['bagus', 'entah', 'knp', 'tagih', 'sampai', 'mlm', 'henti', 'henti', 'mabar', 'brg', 'teman']","[('bagus',), ('entah',), ('knp',), ('tagih',), ('sampai',), ('mlm',), ('henti',), ('henti',), ('mabar',), ('brg',), ('teman',)]"
"['bagus', 'seru', 'y']","[('bagus',), ('seru',), ('y',)]"
"['bot', 'sampah', 'banget', 'banyakin', 'winstreak', 'butuh', 'naik', 'master']","[('bot',), ('sampah',), ('banget',), ('banyakin',), ('winstreak',), ('butuh',), ('naik',), ('master',)]"
"['bot', 'lawan', 'komputer', 'smw']","[('bot',), ('lawan',), ('komputer',), ('smw',)]"
"['seru', 'offline']","[('seru',), ('offline',)]"
"['lumayan', 'besar', 'banget', 'sampai', 'lag', 'haduhh', 'hapus', 'sudah']","[('lumayan',), ('besar',), ('banget',), ('sampai',), ('lag',), ('haduhh',), ('hapus',), ('sudah',)]"
['seru'],"[('seru',)]"
['lewat'],"[('lewat',)]"
['bagjs'],"[('bagjs',)]"
['anja'],"[('anja',)]"
"['cukup', 'bagus']","[('cukup',), ('bagus',)]"
['keren'],"[('keren',)]"
"['appgreatnya', 'ambil', 'mehapus', 'aplikasi']","[('appgreatnya',), ('ambil',), ('mehapus',), ('aplikasi',)]"
['mood'],"[('mood',)]"
['bagus'],"[('bagus',)]"
['fomo'],"[('fomo',)]"
['bagus'],"[('bagus',)]"
"['tolong', 'developer', 'pasti', 'isi', 'sendiri', 'skin', 'hd', 'otomatis']","[('tolong',), ('developer',), ('pasti',), ('isi',), ('sendiri',), ('skin',), ('hd',), ('otomatis',)]"
"['tolong', 'masuk', 'fatih', 'offline', 'kapan', 'nyata', 'belum', 'kecewa', 'kapan', 'begitu', 'baru', 'masuk', 'offline', 'bohong']","[('tolong',), ('masuk',), ('fatih',), ('offline',), ('kapan',), ('nyata',), ('belum',), ('kecewa',), ('kapan',), ('begitu',), ('baru',), ('masuk',), ('offline',), ('bohong',)]"
"['pantas', 'gamer']","[('pantas',), ('gamer',)]"
"['akun', 'utama', 'log', 'facebook', 'skrang', 'log', 'facebook', 'tolong', 'rusak', 'baru', 'naik', 'bintang', 'nanti']","[('akun',), ('utama',), ('log',), ('facebook',), ('skrang',), ('log',), ('facebook',), ('tolong',), ('rusak',), ('baru',), ('naik',), ('bintang',), ('nanti',)]"
['awertyuiopas'],"[('awertyuiopas',)]"
['coba'],"[('coba',)]"
"['tolong', 'benar', 'masa', 'diamon', 'buta', 'buta', 'buta', 'land', 'naik', 'ngestack', 'dm', 'pasti', 'kalah', 'berapa', 'report', 'tetap', 'ayo', 'tolong', 'kompak', 'gitu', 'jangan', 'buta', 'buta', 'land']","[('tolong',), ('benar',), ('masa',), ('diamon',), ('buta',), ('buta',), ('buta',), ('land',), ('naik',), ('ngestack',), ('dm',), ('pasti',), ('kalah',), ('berapa',), ('report',), ('tetap',), ('ayo',), ('tolong',), ('kompak',), ('gitu',), ('jangan',), ('buta',), ('buta',), ('land',)]"
"['bagus', 'pasti', 'updatenya', 'banyak', 'skin', 'baru', 'beri', 'bintang', 'gravitasi', 'bagus', 'karakter', 'bagus', 'suka', 'sekian', 'jelas', 'informasi', 'terimakasih', 'sudah', 'datang', 'dengar', 'king', 'terimakasih', 'sudah', 'banyak', 'skin', 'baru', 'skin', 'gratis', 'terimakasih', 'semua', 'assalamualaikum']","[('bagus',), ('pasti',), ('updatenya',), ('banyak',), ('skin',), ('baru',), ('beri',), ('bintang',), ('gravitasi',), ('bagus',), ('karakter',), ('bagus',), ('suka',), ('sekian',), ('jelas',), ('informasi',), ('terimakasih',), ('sudah',), ('datang',), ('dengar',), ('king',), ('terimakasih',), ('sudah',), ('banyak',), ('skin',), ('baru',), ('skin',), ('gratis',), ('terimakasih',), ('semua',), ('assalamualaikum',)]"
"['gelap', 'matching', 'ranked', 'lihat', 'level', 'bawah', 'bareng', 'ranked', 'level', 'master', 'playernya', 'rata', 'rata', 'hancur', 'beranta', 'sistematis', 'baru']","[('gelap',), ('matching',), ('ranked',), ('lihat',), ('level',), ('bawah',), ('bareng',), ('ranked',), ('level',), ('master',), ('playernya',), ('rata',), ('rata',), ('hancur',), ('beranta',), ('sistematis',), ('baru',)]"
['bgus'],"[('bgus',)]"
"['kenapa', 'update', 'ngga']","[('kenapa',), ('update',), ('ngga',)]"
"['bagus', 'kurang']","[('bagus',), ('kurang',)]"
[],[]
"['bagus', 'banget', 'suka', 'walaupun', 'butuh', 'memori', 'banyak', 'gp', 'bayar', 'bagus']","[('bagus',), ('banget',), ('suka',), ('walaupun',), ('butuh',), ('memori',), ('banyak',), ('gp',), ('bayar',), ('bagus',)]"
"['gaem', 'seru', 'bahkan', 'viktori']","[('gaem',), ('seru',), ('bahkan',), ('viktori',)]"
"['lebih', 'bagus', 'auto', 'hapus']","[('lebih',), ('bagus',), ('auto',), ('hapus',)]"
"['jujur', 'kecewa', 'buruk', 'sampai', 'hampir', 'tujuh', 'gb', 'blm', 'semua', 'grafikny', 'lumayan', 'bgus', 'beda', 'beda', 'rate', 'segitu', 'keren', 'keren', 'bnyk', 'skill', 'keren', 'cuma', 'boros']","[('jujur',), ('kecewa',), ('buruk',), ('sampai',), ('hampir',), ('tujuh',), ('gb',), ('blm',), ('semua',), ('grafikny',), ('lumayan',), ('bgus',), ('beda',), ('beda',), ('rate',), ('segitu',), ('keren',), ('keren',), ('bnyk',), ('skill',), ('keren',), ('cuma',), ('boros',)]"
['bagus'],"[('bagus',)]"
"['keysha', 'arum', 'rinjani']","[('keysha',), ('arum',), ('rinjani',)]"
"['mending', 'walau', 'banyak', 'gelap', 'lebih', 'seru', 'skin', 'bagus', 'grafik', 'bagus', 'hbis', 'update', 'tambah', 'lag', 'kalu', 'hampir', 'parah']","[('mending',), ('walau',), ('banyak',), ('gelap',), ('lebih',), ('seru',), ('skin',), ('bagus',), ('grafik',), ('bagus',), ('hbis',), ('update',), ('tambah',), ('lag',), ('kalu',), ('hampir',), ('parah',)]"
"['seru', 'banget', 'ivent', 'tarik', 'semuaa', 'pelit', 'pelit', 'nyepin', 'hoki', 'recomended', 'banget', 'love', 'youu']","[('seru',), ('banget',), ('ivent',), ('tarik',), ('semuaa',), ('pelit',), ('pelit',), ('nyepin',), ('hoki',), ('recomended',), ('banget',), ('love',), ('youu',)]"
['good'],"[('good',)]"
"['no', 'coment']","[('no',), ('coment',)]"
['seru'],"[('seru',)]"
"['habis', 'update', 'masuk', 'sudah', 'tunggu', 'lama', 'mas', 'tetap', 'masuk', 'sudah', 'bagus']","[('habis',), ('update',), ('masuk',), ('sudah',), ('tunggu',), ('lama',), ('mas',), ('tetap',), ('masuk',), ('sudah',), ('bagus',)]"
"['menu', 'report', 'makin', 'buruk', 'deteksi', 'ai', 'pajang']","[('menu',), ('report',), ('makin',), ('buruk',), ('deteksi',), ('ai',), ('pajang',)]"
"['lebih', 'sempurna', 'emel']","[('lebih',), ('sempurna',), ('emel',)]"
"['selamat', 'siangsore', 'kembang', 'king', 'suka', 'uni', 'beda', 'jelas', 'namun', 'alami', 'masalah', 'sinyal', 'lag', 'medan', 'tempur', 'harap', 'kembang', 'baik', 'masalah', 'alam', 'lebih', 'lancar', 'senang', 'tolong', 'tetap', 'tahan', 'uni', 'jangan', 'ikut', 'lain', 'milik', 'kurang', 'terimakasih', 'atas', 'perhati', 'kerja', 'keras']","[('selamat',), ('siangsore',), ('kembang',), ('king',), ('suka',), ('uni',), ('beda',), ('jelas',), ('namun',), ('alami',), ('masalah',), ('sinyal',), ('lag',), ('medan',), ('tempur',), ('harap',), ('kembang',), ('baik',), ('masalah',), ('alam',), ('lebih',), ('lancar',), ('senang',), ('tolong',), ('tetap',), ('tahan',), ('uni',), ('jangan',), ('ikut',), ('lain',), ('milik',), ('kurang',), ('terimakasih',), ('atas',), ('perhati',), ('kerja',), ('keras',)]"
"['bagus', 'koneksi', 'internetnya', 'lancar', 'fps', 'turun', 'drastis', 'wifi', 'tetap', 'fpsnya', 'turun', 'sampai', 'turunin', 'grafis', 'grafis', 'dijadiin', 'standar', 'tetap', 'fps', 'ubah', 'kadang', 'keluar', 'baru', 'masuk', 'loading', 'dadak', 'keluar', 'tolong', 'developer', 'baik', 'bagi', 'fps', 'bug', 'keluar', 'bagi', 'loading', 'suka', 'dadak', 'keluar', 'sendiri']","[('bagus',), ('koneksi',), ('internetnya',), ('lancar',), ('fps',), ('turun',), ('drastis',), ('wifi',), ('tetap',), ('fpsnya',), ('turun',), ('sampai',), ('turunin',), ('grafis',), ('grafis',), ('dijadiin',), ('standar',), ('tetap',), ('fps',), ('ubah',), ('kadang',), ('keluar',), ('baru',), ('masuk',), ('loading',), ('dadak',), ('keluar',), ('tolong',), ('developer',), ('baik',), ('bagi',), ('fps',), ('bug',), ('keluar',), ('bagi',), ('loading',), ('suka',), ('dadak',), ('keluar',), ('sendiri',)]"
"['sudah', 'bagus', 'banget', 'segi', 'grafik', 'and', 'sudah', 'oke', 'banget', 'update', 'size', 'naek', 'sudah', 'sudah', 'gb', 'lama', 'lama', 'size', 'sudah', 'genshin']","[('sudah',), ('bagus',), ('banget',), ('segi',), ('grafik',), ('and',), ('sudah',), ('oke',), ('banget',), ('update',), ('size',), ('naek',), ('sudah',), ('sudah',), ('gb',), ('lama',), ('lama',), ('size',), ('sudah',), ('genshin',)]"
['gamebabi'],"[('gamebabi',)]"
['tagih'],"[('tagih',)]"
"['bguz', 'bngt']","[('bguz',), ('bngt',)]"
"['suka', 'top', 'up', 'indomaret', 'alfamart', 'sedia', 'sebut', 'biasa', 'top', 'up', 'selalu', 'situ', 'tambakan', 'biar', 'top', 'up', 'indomaret', 'alfamart']","[('suka',), ('top',), ('up',), ('indomaret',), ('alfamart',), ('sedia',), ('sebut',), ('biasa',), ('top',), ('up',), ('selalu',), ('situ',), ('tambakan',), ('biar',), ('top',), ('up',), ('indomaret',), ('alfamart',)]"
['jelrk'],"[('jelrk',)]"
"['engga', 'masuk', 'lancar', 'lag', 'engga', 'pencet', 'masuk']","[('engga',), ('masuk',), ('lancar',), ('lag',), ('engga',), ('pencet',), ('masuk',)]"
"['lag', 'akhir', 'kalah', 'tolong', 'baik', 'makin', 'mkin', 'gede', 'uda', 'update', 'baharu']","[('lag',), ('akhir',), ('kalah',), ('tolong',), ('baik',), ('makin',), ('mkin',), ('gede',), ('uda',), ('update',), ('baharu',)]"
"['berirating', 'aplikasi']","[('berirating',), ('aplikasi',)]"
"['bagus', 'duka', 'banget', 'kin']","[('bagus',), ('duka',), ('banget',), ('kin',)]"
"['ying', 'makin', 'suka', 'dia']","[('ying',), ('makin',), ('suka',), ('dia',)]"
"['bagi', 'cocok', 'hpnya', 'super', 'lag', 'pasti', 'gampang', 'kalah']","[('bagi',), ('cocok',), ('hpnya',), ('super',), ('lag',), ('pasti',), ('gampang',), ('kalah',)]"
"['suka', 'sesuai', 'inspirasi']","[('suka',), ('sesuai',), ('inspirasi',)]"
['baik'],"[('baik',)]"
"['mantap', 'banget', 'dh']","[('mantap',), ('banget',), ('dh',)]"
"['bagus', 'baru', 'pertama', 'mainin', 'bingung', 'sendiri', 'tagih']","[('bagus',), ('baru',), ('pertama',), ('mainin',), ('bingung',), ('sendiri',), ('tagih',)]"
"['ngajak', 'teman', 'mabar']","[('ngajak',), ('teman',), ('mabar',)]"
"['kereen', 'abngku', 'agak', 'lag', 'sedikit', 'kentang']","[('kereen',), ('abngku',), ('agak',), ('lag',), ('sedikit',), ('kentang',)]"
['lumayan'],"[('lumayan',)]"
['good'],"[('good',)]"
['bagus'],"[('bagus',)]"
"['bagus', 'masa', 'versi', 'baru', 'masa', 'donwlod', 'ngabisin', 'paket', 'iya', 'ngisi', 'banyak', 'sedikit', 'boros', 'suka', 'klok', 'enak', 'klok', 'ad', 'versi', 'baru', 'jangan', 'suru', 'danwlod', 'napa', 'capek', 'soalnyatpi', 'tetap', 'bagus', 'tetap', 'suka', 'terimakasih', 'ulas', 'terimakasih', 'bgi', 'sudah']","[('bagus',), ('masa',), ('versi',), ('baru',), ('masa',), ('donwlod',), ('ngabisin',), ('paket',), ('iya',), ('ngisi',), ('banyak',), ('sedikit',), ('boros',), ('suka',), ('klok',), ('enak',), ('klok',), ('ad',), ('versi',), ('baru',), ('jangan',), ('suru',), ('danwlod',), ('napa',), ('capek',), ('soalnyatpi',), ('tetap',), ('bagus',), ('tetap',), ('suka',), ('terimakasih',), ('ulas',), ('terimakasih',), ('bgi',), ('sudah',)]"
"['lebih', 'suka', 'licin', 'lai']","[('lebih',), ('suka',), ('licin',), ('lai',)]"
"['rusak', 'anak']","[('rusak',), ('anak',)]"
"['personal', 'sedikit', 'saran', 'mungkin', 'acara', 'event', 'kbnykn', 'prizepool', 'kurang', 'guna', 'suka', 'bagaimana', 'ikut', 'event', 'selalu', 'update', 'quest', 'tanpa', 'selesai', 'quest', 'event', 'jujur', 'baru', 'minggu', 'lalu', 'mungkin', 'senang', 'event', 'quest', 'semua', 'selesai', 'semua', 'prizepool', 'peretel', 'kurang', 'guna', 'terimakasih']","[('personal',), ('sedikit',), ('saran',), ('mungkin',), ('acara',), ('event',), ('kbnykn',), ('prizepool',), ('kurang',), ('guna',), ('suka',), ('bagaimana',), ('ikut',), ('event',), ('selalu',), ('update',), ('quest',), ('tanpa',), ('selesai',), ('quest',), ('event',), ('jujur',), ('baru',), ('minggu',), ('lalu',), ('mungkin',), ('senang',), ('event',), ('quest',), ('semua',), ('selesai',), ('semua',), ('prizepool',), ('peretel',), ('kurang',), ('guna',), ('terimakasih',)]"
"['makin', 'update', 'bukan', 'tambah', 'smoot', 'tambah', 'parah', 'makin', 'lambat', 'lag', 'parah', 'update', 'tinggal', 'berapa', 'minta', 'update', 'ulang', 'resah', 'dak', 'buang']","[('makin',), ('update',), ('bukan',), ('tambah',), ('smoot',), ('tambah',), ('parah',), ('makin',), ('lambat',), ('lag',), ('parah',), ('update',), ('tinggal',), ('berapa',), ('minta',), ('update',), ('ulang',), ('resah',), ('dak',), ('buang',)]"
"['lag', 'banget']","[('lag',), ('banget',)]"
"['mudah', 'mudah', 'paham', 'ringan']","[('mudah',), ('mudah',), ('paham',), ('ringan',)]"
"['masuk', 'akun', 'utama', 'banyak', 'skin', 'efek', 'recall', 'voice', 'actor', 'hilang', 'susah', 'payah', 'event', 'mohon', 'bantu', 'hal']","[('masuk',), ('akun',), ('utama',), ('banyak',), ('skin',), ('efek',), ('recall',), ('voice',), ('actor',), ('hilang',), ('susah',), ('payah',), ('event',), ('mohon',), ('bantu',), ('hal',)]"
"['belum', 'pernah', 'bagus']","[('belum',), ('pernah',), ('bagus',)]"
['keren'],"[('keren',)]"
"['bagus', 'animasi', 'terlalu', 'berat', 'lag', 'parah']","[('bagus',), ('animasi',), ('terlalu',), ('berat',), ('lag',), ('parah',)]"
"['banyak', 'gelap', 'lebih', 'parah', 'kabur', 'musuh', 'butut']","[('banyak',), ('gelap',), ('lebih',), ('parah',), ('kabur',), ('musuh',), ('butut',)]"
"['banyak', 'keluar', 'skin', 'long', 'pelit', 'amat']","[('banyak',), ('keluar',), ('skin',), ('long',), ('pelit',), ('amat',)]"
"['tiru', 'pantas', 'haru', 'play', 'store', 'hapus', 'dunia', 'kreatif']","[('tiru',), ('pantas',), ('haru',), ('play',), ('store',), ('hapus',), ('dunia',), ('kreatif',)]"
"['fps', 'drop', 'sampai', 'fps', 'minimal']","[('fps',), ('drop',), ('sampai',), ('fps',), ('minimal',)]"
"['minimal', 'rekomendasi', 'latih', 'guna', 'skinnya', 'buka', 'semua', 'biar', 'makin', 'semangat', 'latih', 'laku', 'practice', 'latih']","[('minimal',), ('rekomendasi',), ('latih',), ('guna',), ('skinnya',), ('buka',), ('semua',), ('biar',), ('makin',), ('semangat',), ('latih',), ('laku',), ('practice',), ('latih',)]"
"['update', 'ko', 'nurun', 'tadi', 'master', 'turun', 'diamon', 'gi', 'mana']","[('update',), ('ko',), ('nurun',), ('tadi',), ('master',), ('turun',), ('diamon',), ('gi',), ('mana',)]"
"['tolong', 'baik', 'masalah', 'bagus', 'lag', 'anehh', 'ampe', 'merah', 'pingnya', 'full', 'kadang', 'paksa', 'afk', 'parah', 'banget', 'lagnya', 'buka', 'apk', 'lain', 'lancar', 'jaya', 'lag', 'masalah', 'pernah', 'diperhatiin', 'males']","[('tolong',), ('baik',), ('masalah',), ('bagus',), ('lag',), ('anehh',), ('ampe',), ('merah',), ('pingnya',), ('full',), ('kadang',), ('paksa',), ('afk',), ('parah',), ('banget',), ('lagnya',), ('buka',), ('apk',), ('lain',), ('lancar',), ('jaya',), ('lag',), ('masalah',), ('pernah',), ('diperhatiin',), ('males',)]"
['bagus'],"[('bagus',)]"
"['coba', 'collab', 'anime', 'lain', 'fairy', 'tail', 'demon', 'slayer', 'dragonball', 'jangan', 'ngikutin', 'legends', 'bb', 'cari', 'anime', 'belum', 'collab', 'dgn']","[('coba',), ('collab',), ('anime',), ('lain',), ('fairy',), ('tail',), ('demon',), ('slayer',), ('dragonball',), ('jangan',), ('ngikutin',), ('legends',), ('bb',), ('cari',), ('anime',), ('belum',), ('collab',), ('dgn',)]"
"['masalah', 'buka', 'event', 'cukup', 'menggangu', 'alam', 'namun', 'overall', 'cukup', 'baik']","[('masalah',), ('buka',), ('event',), ('cukup',), ('menggangu',), ('alam',), ('namun',), ('overall',), ('cukup',), ('baik',)]"
"['niru', 'niru', 'wadidaw']","[('niru',), ('niru',), ('wadidaw',)]"
"['grok', 'ramli', 'like', 'you', 'semua', 'tean', 'dia', 'hemat', 'bagus']","[('grok',), ('ramli',), ('like',), ('you',), ('semua',), ('tean',), ('dia',), ('hemat',), ('bagus',)]"
"['kenapa', 'sandi', 'benar']","[('kenapa',), ('sandi',), ('benar',)]"
"['kaku', 'banget', 'bagus', 'percuma']","[('kaku',), ('banget',), ('bagus',), ('percuma',)]"
"['wajar', 'sepi', 'bagi', 'jls', 'kdng', 'musuh', 'kuat', 'sedangkn', 'komputer', 'ap', 'klh']","[('wajar',), ('sepi',), ('bagi',), ('jls',), ('kdng',), ('musuh',), ('kuat',), ('sedangkn',), ('komputer',), ('ap',), ('klh',)]"
"['taik', 'lh', 'king', 'hampir', 'bagus', 'tolong', 'lh', 'mana', 'maju', 'keluh', 'para', 'tanggap']","[('taik',), ('lh',), ('king',), ('hampir',), ('bagus',), ('tolong',), ('lh',), ('mana',), ('maju',), ('keluh',), ('para',), ('tanggap',)]"
"['nyoba', 'nyoba', 'baru', 'loading', 'hasil', 'tanding', 'bagus', 'banget', 'grafik', 'ultra', 'anti', 'lag', 'sayang', 'banget', 'minat', 'kurang', 'baru', 'skin', 'jujutsu']","[('nyoba',), ('nyoba',), ('baru',), ('loading',), ('hasil',), ('tanding',), ('bagus',), ('banget',), ('grafik',), ('ultra',), ('anti',), ('lag',), ('sayang',), ('banget',), ('minat',), ('kurang',), ('baru',), ('skin',), ('jujutsu',)]"
"['gaperlu', 'jelasin', 'seru', 'banget']","[('gaperlu',), ('jelasin',), ('seru',), ('banget',)]"
"['useless', 'uninstall']","[('useless',), ('uninstall',)]"
"['moga', 'update', 'mendownload', 'butuh', 'size', 'king', 'lebih', 'ringan', 'bawah', 'gb']","[('moga',), ('update',), ('mendownload',), ('butuh',), ('size',), ('king',), ('lebih',), ('ringan',), ('bawah',), ('gb',)]"
"['bagus', 'banget', 'ktm', 'musuh', 'akun', 'smurfs']","[('bagus',), ('banget',), ('ktm',), ('musuh',), ('akun',), ('smurfs',)]"
"['seru', 'banget', 'lho', 'banyak', 'cinta']","[('seru',), ('banget',), ('lho',), ('banyak',), ('cinta',)]"
"['this', 'good', 'but', 'too', 'late', 'come', 'global', 'really', 'hope', 'community', 'become', 'bigger', 'bcs', 'also', 'enjoy', 'content', 'but', 'm', 'bit', 'unsure']","[('this',), ('good',), ('but',), ('too',), ('late',), ('come',), ('global',), ('really',), ('hope',), ('community',), ('become',), ('bigger',), ('bcs',), ('also',), ('enjoy',), ('content',), ('but',), ('m',), ('bit',), ('unsure',)]"
"['buruk', 'efek', 'slow']","[('buruk',), ('efek',), ('slow',)]"
['bagus'],"[('bagus',)]"
"['musuh', 'full', 'bot', 'makin', 'makin', 'lucu', 'bang', 'beri', 'bot', 'dua', 'jangan', 'satu']","[('musuh',), ('full',), ('bot',), ('makin',), ('makin',), ('lucu',), ('bang',), ('beri',), ('bot',), ('dua',), ('jangan',), ('satu',)]"
['bagus'],"[('bagus',)]"
"['gax', 'ngotak', 'minimal', 'ngalirnya', 'kuota', 'mbs', 'jirr', 'mah', 'niat', 'banget', 'ngehabisin', 'dwit']","[('gax',), ('ngotak',), ('minimal',), ('ngalirnya',), ('kuota',), ('mbs',), ('jirr',), ('mah',), ('niat',), ('banget',), ('ngehabisin',), ('dwit',)]"
"['tolong', 'baik', 'suka', 'ngebug', 'tahap', 'menginstal', 'lama', 'tampil', 'skin', 'hd', 'hampir', 'tengah', 'nunggu', 'satu', 'kelar', 'kelar']","[('tolong',), ('baik',), ('suka',), ('ngebug',), ('tahap',), ('menginstal',), ('lama',), ('tampil',), ('skin',), ('hd',), ('hampir',), ('tengah',), ('nunggu',), ('satu',), ('kelar',), ('kelar',)]"
"['kpd', 'developer', 'masalah', 'suara', 'audio', 'siar', 'musik', 'backsoundnya', 'putusputus', 'jelas', 'dengung', 'gaung', 'akun', 'dihack', 'sandi', 'dipakaisungguh', 'jengkel']","[('kpd',), ('developer',), ('masalah',), ('suara',), ('audio',), ('siar',), ('musik',), ('backsoundnya',), ('putusputus',), ('jelas',), ('dengung',), ('gaung',), ('akun',), ('dihack',), ('sandi',), ('dipakaisungguh',), ('jengkel',)]"
"['dana', 'firman', 'maulana']","[('dana',), ('firman',), ('maulana',)]"
"['busuk', 'gelap', 'lawan', 'mabar', 'adil', 'cari', 'lawan', 'kawan', 'smntara', 'b', 'season', 'lanjut', 'sudah', 'benar', 'rating']","[('busuk',), ('gelap',), ('lawan',), ('mabar',), ('adil',), ('cari',), ('lawan',), ('kawan',), ('smntara',), ('b',), ('season',), ('lanjut',), ('sudah',), ('benar',), ('rating',)]"
['bagus'],"[('bagus',)]"
"['not', 'balanced', 'too', 'much', 'overlap']","[('not',), ('balanced',), ('too',), ('much',), ('overlap',)]"
"['oke', 'sportif', 'adil', 'tanggung', 'jwb']","[('oke',), ('sportif',), ('adil',), ('tanggung',), ('jwb',)]"
['kerenn'],"[('kerenn',)]"
"['kenapa', 'naik', 'level', 'pasti', 'lema', 'hapus', 'sampah']","[('kenapa',), ('naik',), ('level',), ('pasti',), ('lema',), ('hapus',), ('sampah',)]"
"['bagus', 'kyk', 'moga', 'makin']","[('bagus',), ('kyk',), ('moga',), ('makin',)]"
"['iya', 'skin', 'gratis', 'lebih', 'enak', 'gitu', 'tooll']","[('iya',), ('skin',), ('gratis',), ('lebih',), ('enak',), ('gitu',), ('tooll',)]"
['lumayan'],"[('lumayan',)]"
"['kecewa', 'akun', 'hilang', 'gmail', 'lupa', 'password', 'verifikasi', 'langkah', 'sedang', 'rusak', 'mati', 'total', 'coba', 'pulih', 'akun', 'tolak', 'asih', 'bukti', 'mampu', 'nomor', 'telepon', 'gmail', 'kenapa', 'log', 'gmail', 'akun', 'sayang', 'hilang', 'begitu', 'sampah', 'suka', 'kecewa']","[('kecewa',), ('akun',), ('hilang',), ('gmail',), ('lupa',), ('password',), ('verifikasi',), ('langkah',), ('sedang',), ('rusak',), ('mati',), ('total',), ('coba',), ('pulih',), ('akun',), ('tolak',), ('asih',), ('bukti',), ('mampu',), ('nomor',), ('telepon',), ('gmail',), ('kenapa',), ('log',), ('gmail',), ('akun',), ('sayang',), ('hilang',), ('begitu',), ('sampah',), ('suka',), ('kecewa',)]"
"['bagus', 'plagiat']","[('bagus',), ('plagiat',)]"
['mantap'],"[('mantap',)]"
[],[]
"['semua', 'bagus', 'baik', 'featured', 'unique', 'thing', 'etc', 'namun', 'mohon', 'filenya', 'pisah', 'kompetitor', 'filenya', 'update', 'pisah', 'didownload', 'belum', 'rilis', 'ganggu', 'tibatiba', 'ganggu', 'tunggu', 'patch', 'baru', 'lama', 'periksa', 'sumber', 'daya', 'harap', 'patch', 'baru', 'belum', 'rilis', 'kga', 'tunggu']","[('semua',), ('bagus',), ('baik',), ('featured',), ('unique',), ('thing',), ('etc',), ('namun',), ('mohon',), ('filenya',), ('pisah',), ('kompetitor',), ('filenya',), ('update',), ('pisah',), ('didownload',), ('belum',), ('rilis',), ('ganggu',), ('tibatiba',), ('ganggu',), ('tunggu',), ('patch',), ('baru',), ('lama',), ('periksa',), ('sumber',), ('daya',), ('harap',), ('patch',), ('baru',), ('belum',), ('rilis',), ('kga',), ('tunggu',)]"
"['loadingnya', 'lama', 'banget']","[('loadingnya',), ('lama',), ('banget',)]"
"['bagus', 'matan', 'voic', 'busuk']","[('bagus',), ('matan',), ('voic',), ('busuk',)]"
['bagus'],"[('bagus',)]"
"['anjing', 'banyak', 'update', 'tolol', 'lama', 'kyk']","[('anjing',), ('banyak',), ('update',), ('tolol',), ('lama',), ('kyk',)]"
['ayik'],"[('ayik',)]"
"['lebih', 'seru']","[('lebih',), ('seru',)]"
"['masalah', 'belum', 'sudah', 'selesai', 'masalahbug', 'baru', 'satu', 'suruh', 'ulang', 'cek', 'info', 'aplikasi', 'ukur', 'semua', 'gb', 'full', 'suruh']","[('masalah',), ('belum',), ('sudah',), ('selesai',), ('masalahbug',), ('baru',), ('satu',), ('suruh',), ('ulang',), ('cek',), ('info',), ('aplikasi',), ('ukur',), ('semua',), ('gb',), ('full',), ('suruh',)]"
"['fomo', 'bukan', 'seru', 'lebih', 'bagus']","[('fomo',), ('bukan',), ('seru',), ('lebih',), ('bagus',)]"
"['aga', 'lol', 'pindah', 'hahaha', 'enyah', 'lo']","[('aga',), ('lol',), ('pindah',), ('hahaha',), ('enyah',), ('lo',)]"
"['bagus', 'nyangkut', 'masuk', 'muat', 'harap', 'tunggu']","[('bagus',), ('nyangkut',), ('masuk',), ('muat',), ('harap',), ('tunggu',)]"
"['baru', 'instal', 'langsung', 'bosan', 'lawan', 'terlalu', 'jago', 'sementara', 'bot']","[('baru',), ('instal',), ('langsung',), ('bosan',), ('lawan',), ('terlalu',), ('jago',), ('sementara',), ('bot',)]"
"['banyak', 'update', 'unduh', 'dalam', 'sudah', 'stuck', 'kencang', 'suruh', 'usah']","[('banyak',), ('update',), ('unduh',), ('dalam',), ('sudah',), ('stuck',), ('kencang',), ('suruh',), ('usah',)]"
['bagus'],"[('bagus',)]"
['bagus'],"[('bagus',)]"
"['update', 'lama', 'pasang', 'sudah', 'njir']","[('update',), ('lama',), ('pasang',), ('sudah',), ('njir',)]"
['burir'],"[('burir',)]"
"['habis', 'reset', 'season', 'fps', 'susah', 'banget', 'stabil', 'belum', 'reset', 'stabil', 'fps', 'sekarang', 'drop', 'bahkan', 'lebih', 'rendah', 'jalanjalan', 'ngefreeze', 'detik', 'fix', 'dev']","[('habis',), ('reset',), ('season',), ('fps',), ('susah',), ('banget',), ('stabil',), ('belum',), ('reset',), ('stabil',), ('fps',), ('sekarang',), ('drop',), ('bahkan',), ('lebih',), ('rendah',), ('jalanjalan',), ('ngefreeze',), ('detik',), ('fix',), ('dev',)]"
['kerenn'],"[('kerenn',)]"
"['njirlah', 'cok', 'kalah', 'menang', 'ngentod', 'banget']","[('njirlah',), ('cok',), ('kalah',), ('menang',), ('ngentod',), ('banget',)]"
"['detail', 'lengkap']","[('detail',), ('lengkap',)]"
"['mu', 'baik', 'selalu', 'ketemu', 'noob', 'satu', 'bot', 'satu', 'latih', 'tolong', 'lebih', 'pinter', 'jangan', 'tolol', 'tolol', 'banget', 'napa']","[('mu',), ('baik',), ('selalu',), ('ketemu',), ('noob',), ('satu',), ('bot',), ('satu',), ('latih',), ('tolong',), ('lebih',), ('pinter',), ('jangan',), ('tolol',), ('tolol',), ('banget',), ('napa',)]"
"['paling', 'soft', 'spoken', 'love', 'you', 'baru', 'sudah', 'sambut', 'donlod', 'respect']","[('paling',), ('soft',), ('spoken',), ('love',), ('you',), ('baru',), ('sudah',), ('sambut',), ('donlod',), ('respect',)]"
"['berat', 'minimal', 'wkwk', 'kuat']","[('berat',), ('minimal',), ('wkwk',), ('kuat',)]"
['mantap'],"[('mantap',)]"
['king'],"[('king',)]"
"['top', 'up', 'tetapi', 'token', 'masuk', 'bagaimana']","[('top',), ('up',), ('tetapi',), ('token',), ('masuk',), ('bagaimana',)]"
['tiru'],"[('tiru',)]"
['avfdc'],"[('avfdc',)]"
['baik'],"[('baik',)]"
"['bagus', 'banget', 'grafik', 'bagus']","[('bagus',), ('banget',), ('grafik',), ('bagus',)]"
"['upload', 'foto', 'profil', 'perangkat', 'kocak']","[('upload',), ('foto',), ('profil',), ('perangkat',), ('kocak',)]"
"['seru', 'banget', 'sampai', 'tengah', 'malam']","[('seru',), ('banget',), ('sampai',), ('tengah',), ('malam',)]"
"['maksa', 'amatt', 'jig']","[('maksa',), ('amatt',), ('jig',)]"
"['baharu', 'sampah', 'cumak', 'muter', 'jelas', 'buruk']","[('baharu',), ('sampah',), ('cumak',), ('muter',), ('jelas',), ('buruk',)]"
"['seru', 'benar', 'benar', 'seru']","[('seru',), ('benar',), ('benar',), ('seru',)]"
['bagus'],"[('bagus',)]"
"['mantap', 'king', 'cihuy', 'keren', 'mantep', 'keren', 'banget']","[('mantap',), ('king',), ('cihuy',), ('keren',), ('mantep',), ('keren',), ('banget',)]"
"['sakit', 'season', 'frame', 'drop', 'settingan', 'grafis', 'standar', 'grafis', 'rata', 'kanan', 'sengaja', 'standar', 'lama', 'irit', 'daya', 'bukan', 'salah', 'forum', 'banyak']","[('sakit',), ('season',), ('frame',), ('drop',), ('settingan',), ('grafis',), ('standar',), ('grafis',), ('rata',), ('kanan',), ('sengaja',), ('standar',), ('lama',), ('irit',), ('daya',), ('bukan',), ('salah',), ('forum',), ('banyak',)]"
['mantap'],"[('mantap',)]"
"['sudah', 'update', 'makin', 'mirip', 'bahkan', 'karakter', 'mirip']","[('sudah',), ('update',), ('makin',), ('mirip',), ('bahkan',), ('karakter',), ('mirip',)]"
"['tak', 'suka']","[('tak',), ('suka',)]"
"['buruk', 'lebih', 'bagus']","[('buruk',), ('lebih',), ('bagus',)]"
['bagus'],"[('bagus',)]"
"['strategi', 'luar', 'biasa', 'grafik', 'bagus', 'bagus', 'agak', 'lag', 'sedikit']","[('strategi',), ('luar',), ('biasa',), ('grafik',), ('bagus',), ('bagus',), ('agak',), ('lag',), ('sedikit',)]"
"['niru', 'bejir']","[('niru',), ('bejir',)]"
"['kangen', 'jungler', 'bintang']","[('kangen',), ('jungler',), ('bintang',)]"
"['suka', 'nonton', 'sound', 'horek']","[('suka',), ('nonton',), ('sound',), ('horek',)]"
