stopwords_removed,1-gram
"['malas', 'nak', 'cakap', 'dh', 'enemy', 'dh', 'pro', 'dh', 'noob', 'paling', 'malas', 'rendah', 'nyasar', 'sendiri', 'sedang', 'enmy', 'sampai', 'bekas', 'immortal', 'dh', 'cam', 'sial', 'update', 'sekaranggood', 'bye', 'forever']","['bekas', 'bye', 'cakap', 'cam', 'dh', 'enemy', 'enmy', 'forever', 'immortal', 'malas', 'nak', 'noob', 'nyasar', 'paling', 'pro', 'rendah', 'sampai', 'sedang', 'sekaranggood', 'sendiri', 'sial', 'update']"
['pamaniyasarusakali'],['pamaniyasarusakali']
['yatim'],['yatim']
"['bagus', 'suka', 'ikan', 'ws', 'lebih', 'banyak']","['bagus', 'banyak', 'ikan', 'lebih', 'suka', 'ws']"
"['semenjak', 'ganti', 'season', 'baru', 'makin', 'ngaco', 'matching', 'bug', 'lag', 'sinyal', 'bagus', 'entah', 'cheat', 'sebab', 'lag', 'makin', 'jelas', 'pokok']","['bagus', 'baru', 'bug', 'cheat', 'entah', 'ganti', 'jelas', 'lag', 'makin', 'matching', 'ngaco', 'pokok', 'season', 'sebab', 'semenjak', 'sinyal']"
"['bagus', 'tolong', 'baik', 'muntun', 'renk', 'computer', 'musuh', 'serasa', 'joki', 'beri', 'lawan', 'padan', 'baik', 'pindah']","['bagus', 'baik', 'beri', 'computer', 'joki', 'lawan', 'muntun', 'musuh', 'padan', 'pindah', 'renk', 'serasa', 'tolong']"
"['minus', 'permainanan', 'se', 'imbang', 'mvp', 'kalah', 'mah', 'ilangin', 'darat', 'cape']","['cape', 'darat', 'ilangin', 'imbang', 'kalah', 'mah', 'minus', 'mvp', 'permainanan', 'se']"
"['seru', 'banget']","['banget', 'seru']"
"['buruk', 'efek', 'skin', 'biasa', 'hera', 'aneh', 'tampil', 'majapahit', 'rata', 'win', 'kalah', 'berkalikali', 'stres', 'ginian', 'banyak', 'banget', 'gelap']","['aneh', 'banget', 'banyak', 'berkalikali', 'biasa', 'buruk', 'efek', 'gelap', 'ginian', 'hera', 'kalah', 'majapahit', 'rata', 'skin', 'stres', 'tampil', 'win']"
"['kenapa', 'banyak', 'draksistem', 'capek', 'trol', 'jelas']","['banyak', 'capek', 'draksistem', 'jelas', 'kenapa', 'trol']"
"['update', 'patch', 'baru', 'sekarang', 'kk', 'stuck', 'loading', 'afk', 'sampai', 'menit', 'skoth', 'kah']","['afk', 'baru', 'kah', 'kk', 'loading', 'menit', 'patch', 'sampai', 'sekarang', 'skoth', 'stuck', 'update']"
"['tanding', 'stuck', 'lama', 'keluar', 'tanding', 'ngelakuin', 'gimana']","['gimana', 'keluar', 'lama', 'ngelakuin', 'stuck', 'tanding']"
"['knp', 'akun', 'kena', 'bug', 'verifikasi', 'langkah', 'kena', 'verifikasi', 'langkah', 'tolong', 'jawab']","['akun', 'bug', 'jawab', 'kena', 'knp', 'langkah', 'tolong', 'verifikasi']"
"['mending', 'gausah', 'banyak', 'draks', 'bag', 'tu', 'ter', 'parah', 'pernah', 'alamin', 'mending', 'ff', 'pubg', 'bloods', 'trek', 'ghenshingimana', 'mythic', 'ngesetak', 'ketemu', 'muntum', 'dia', 'lukas']","['alamin', 'bag', 'banyak', 'bloods', 'dia', 'draks', 'ff', 'gausah', 'ghenshingimana', 'ketemu', 'lukas', 'mending', 'muntum', 'mythic', 'ngesetak', 'parah', 'pernah', 'pubg', 'ter', 'trek', 'tu']"
"['bagus', 'dalam', 'segi', 'skin', 'keren', 'keren', 'kenapa', 'gimana', 'gitu', 'tinggi', 'tinggi', 'bocil', 'mityik', 'susah', 'naik']","['bagus', 'bocil', 'dalam', 'gimana', 'gitu', 'kenapa', 'keren', 'mityik', 'naik', 'segi', 'skin', 'susah', 'tinggi']"
"['sumpah', 'marah', 'pasti', 'kalah', 'maksud', 'gimana', 'sengaja', 'biar', 'kalah', 'stuck', 'ken', 'ngerasain', 'mytic', 'sampai', 'ngeluarin', 'mutiara', 'tolong', 'kerjasamanya']","['biar', 'gimana', 'kalah', 'ken', 'kerjasamanya', 'maksud', 'marah', 'mutiara', 'mytic', 'ngeluarin', 'ngerasain', 'pasti', 'sampai', 'sengaja', 'stuck', 'sumpah', 'tolong']"
"['banyak', 'update', 'baru', 'makin', 'seru', 'bug', 'alam', 'buruk', 'lancar', 'bagus', 'guna', 'dalam', 'lag', 'sudah', 'mati', 'lancar', 'asa', 'pernah', 'fix', 'masalah', 'apakah', 'pihak', 'sengaja', 'sudah', 'banyak', 'masalah', 'masalah', 'pernah', 'tanggap', 'pihak']","['alam', 'apakah', 'asa', 'bagus', 'banyak', 'baru', 'bug', 'buruk', 'dalam', 'fix', 'guna', 'lag', 'lancar', 'makin', 'masalah', 'mati', 'pernah', 'pihak', 'sengaja', 'seru', 'sudah', 'tanggap', 'update']"
"['macem', 'tolol', 'sinyal', 'hilang', 'sendiri', 'full', 'sinyal', 'dimatiin', 'gerak']","['dimatiin', 'full', 'gerak', 'hilang', 'macem', 'sendiri', 'sinyal', 'tolol']"
"['buruk', 'kontol', 'baba']","['baba', 'buruk', 'kontol']"
"['lumayan', 'dikenalin', 'emry']","['dikenalin', 'emry', 'lumayan']"
"['bodoh', 'sudah', 'top', 'up', 'banyak', 'cuma', 'kalah', 'keren']","['banyak', 'bodoh', 'cuma', 'kalah', 'keren', 'sudah', 'top', 'up']"
"['buruk', 'update', 'yng', 'sekarang', 'buruk', 'offline', 'pass', 'masuk', 'pilih', 'mulai', 'tulis', 'gitu', 'pass', 'pencet', 'oke', 'mulai', 'sendiri', 'lag', 'keluar', 'sendiri', 'baik', 'pliss', 'maaf', 'rate', 'cuma', 'dua', 'bintang', 'baik', 'terimakasih', 'maaf', 'terlalu', 'panjang']","['baik', 'bintang', 'buruk', 'cuma', 'dua', 'gitu', 'keluar', 'lag', 'maaf', 'masuk', 'mulai', 'offline', 'oke', 'panjang', 'pass', 'pencet', 'pilih', 'pliss', 'rate', 'sekarang', 'sendiri', 'terimakasih', 'terlalu', 'tulis', 'update', 'yng']"
['otak'],['otak']
"['gblk', 'beri', 'gaperna', 'benar', 'mm', 'anjg']","['anjg', 'benar', 'beri', 'gaperna', 'gblk', 'mm']"
"['lumayan', 'ngendali', 'pasti', 'seru', 'lawan', 'computer', 'maksud', 'skin', 'gratis', 'rendom']","['computer', 'gratis', 'lawan', 'lumayan', 'maksud', 'ngendali', 'pasti', 'rendom', 'seru', 'skin']"
"['buruk', 'banyak', 'cheater', 'tambah', 'tambah', 'jelek', 'kurang', 'bagus', 'sengaja', 'bintang', 'otw', 'uninstal']","['bagus', 'banyak', 'bintang', 'buruk', 'cheater', 'jelek', 'kurang', 'otw', 'sengaja', 'tambah', 'uninstal']"
"['makingg', 'adil', 'massa', 'ketemu', 'legenda', 'dmna', 'letak', 'adil', 'dri', 'dlu', 'smpee', 'skrngg', 'kya', 'gth', 'aneh']","['adil', 'aneh', 'dlu', 'dmna', 'dri', 'gth', 'ketemu', 'kya', 'legenda', 'letak', 'makingg', 'massa', 'skrngg', 'smpee']"
['mengibur'],['mengibur']
"['perbaikin', 'terlalu', 'delaylag', 'padalan', 'bagus']","['bagus', 'delaylag', 'padalan', 'perbaikin', 'terlalu']"
"['stres', 'puyeng', 'satu', 'ujung', 'losetreak', 'trs']","['losetreak', 'puyeng', 'satu', 'stres', 'trs', 'ujung']"
"['epik', 'benar', 'lahh', 'ey', 'rusak', 'dongg', 'susah', 'kalah', 'lebih', 'baik', 'bintang', 'satu']","['baik', 'benar', 'bintang', 'dongg', 'epik', 'ey', 'kalah', 'lahh', 'lebih', 'rusak', 'satu', 'susah']"
"['bagus', 'bgtt', 'walaupun', 'lag', 'gatau', 'knp', 'wifi', 'bagus', 'win', 'kalah', 'lebih', 'win', 'gara', 'gara', 'bot', 'gitu', 'thanks']","['bagus', 'bgtt', 'bot', 'gara', 'gatau', 'gitu', 'kalah', 'knp', 'lag', 'lebih', 'thanks', 'walaupun', 'wifi', 'win']"
"['kontolo', 'memek']","['kontolo', 'memek']"
"['seru', 'banget']","['banget', 'seru']"
"['ubah', 'rang']","['rang', 'ubah']"
"['suka', 'banget', 'seru']","['banget', 'seru', 'suka']"
"['terimakasih', 'teman', 'nin', 'pergi', 'lama', 'mu', 'lama', 'love', 'you', 'bye']","['bye', 'lama', 'love', 'mu', 'nin', 'pergi', 'teman', 'terimakasih', 'you']"
['seru'],['seru']
"['gg', 'coo', 'keren', 'mantap', 'lebih', 'keren', 'ff', 'awokawokawok']","['awokawokawok', 'coo', 'ff', 'gg', 'keren', 'lebih', 'mantap']"
"['tolong', 'lawan']","['lawan', 'tolong']"
['tolol'],['tolol']
"['rusak', 'bug', 'hijau', 'lag']","['bug', 'hijau', 'lag', 'rusak']"
"['maaf', 'motoon', 'inanilahi', 'mati', 'pensi', 'cpe', 'naik', 'trun', 'naik', 'trun', 'bismilah', 'mti']","['bismilah', 'cpe', 'inanilahi', 'maaf', 'mati', 'motoon', 'mti', 'naik', 'pensi', 'trun']"
"['minimal', 'lgi']","['lgi', 'minimal']"
"['tolol', 'musuh', 'susah', 'kasi', 'ws']","['kasi', 'musuh', 'susah', 'tolol', 'ws']"
"['goblog', 'pusing']","['goblog', 'pusing']"
"['ramah', 'sombong']","['ramah', 'sombong']"
['lostrek'],['lostrek']
"['hadeh', 'bayak', 'gelap', 'epik', 'gj', 'jelas', 'lus']","['bayak', 'epik', 'gelap', 'gj', 'hadeh', 'jelas', 'lus']"
"['sang', 'at', 'bail', 'mi']","['at', 'bail', 'mi', 'sang']"
"['timgak', 'amin']","['amin', 'timgak']"
['bagus'],['bagus']
"['mantap', 'sakuramba']","['mantap', 'sakuramba']"
"['pilih', 'anjg']","['anjg', 'pilih']"
"['sinyal', 'bagus', 'standart', 'kenapa', 'lag', 'akibat', 'hitung', 'afk', 'rugi', 'nyari', 'senang', 'stres']","['afk', 'akibat', 'bagus', 'hitung', 'kenapa', 'lag', 'nyari', 'rugi', 'senang', 'sinyal', 'standart', 'stres']"
"['kalah', 'gara', 'gara', 'jago', 'bae', 'musuh', 'drack', 'semua']","['bae', 'drack', 'gara', 'jago', 'kalah', 'musuh', 'semua']"
['adil'],['adil']
"['seru', 'banget']","['banget', 'seru']"
"['bagus', 'suka', 'makanya', 'jgn', 'bot', 'sudah', 'kg', 'bs', 'dongoo']","['bagus', 'bot', 'bs', 'dongoo', 'jgn', 'kg', 'makanya', 'sudah', 'suka']"
"['susah', 'banget', 'masuk', 'makin', 'berat']","['banget', 'berat', 'makin', 'masuk', 'susah']"
"['kalah', 'menang', 'sudah', 'biasa', 'kalah', 'tanpa', 'progress', 'sebal', 'baru', 'season', 'sekarang', 'alami', 'hal', 'your', 'gelap']","['alami', 'baru', 'biasa', 'gelap', 'hal', 'kalah', 'menang', 'progress', 'season', 'sebal', 'sekarang', 'sudah', 'tanpa', 'your']"
['suka'],['suka']
"['seru', 'senang', 'enak', 'dimainin', 'seru', 'banget', 'teman', 'seru', 'seru', 'seru', 'seru', 'seru', 'seru', 'seru', 'banget', 'lebih', 'seru', 'sonia', 'sun', 'sun', 'guys', 'usah', 'teman', 'lebih', 'seru', 'hujanhujanan', 'dimarahin', 'tuhan']","['banget', 'dimainin', 'dimarahin', 'enak', 'guys', 'hujanhujanan', 'lebih', 'senang', 'seru', 'sonia', 'sun', 'teman', 'tuhan', 'usah']"
['kontl'],['kontl']
"['cuma', 'fokus', 'event', 'tanpa', 'optimal', 'ubah', 'ui', 'cacat', 'serius', 'fokus', 'jual', 'merchandise', 'event', 'kikir']","['cacat', 'cuma', 'event', 'fokus', 'jual', 'kikir', 'merchandise', 'optimal', 'serius', 'tanpa', 'ubah', 'ui']"
"['stuck', 'baik', 'jg']","['baik', 'jg', 'stuck']"
"['ngga', 'guna', 'ngga', 'pernah', 'beri', 'bangus']","['bangus', 'beri', 'guna', 'ngga', 'pernah']"
"['sinyal', 'bagus', 'gerak', 'ngentod', 'niat']","['bagus', 'gerak', 'ngentod', 'niat', 'sinyal']"
"['seru', 'banyak', 'gelap', 'sytem', 'bintang', 'naik', 'legen', 'poke', 'musuh', 'top', 'globalpenjoki']","['banyak', 'bintang', 'gelap', 'globalpenjoki', 'legen', 'musuh', 'naik', 'poke', 'seru', 'sytem', 'top']"
['jembut'],['jembut']
['anjing'],['anjing']
"['banyak', 'update', 'sinyal', 'server', 'urus', 'sinyal', 'bagus', 'lag']","['bagus', 'banyak', 'lag', 'server', 'sinyal', 'update', 'urus']"
['bagus'],['bagus']
"['bagus', 'walaupun', 'ngelagketemu', 'gelap', 'situ', 'ajar', 'toxic', 'terimakasih', 'developer', 'makanya', 'dm', 'sampai', 'assalamualaikum', 'warahmatullahi', 'wabarakatuh']","['ajar', 'assalamualaikum', 'bagus', 'developer', 'dm', 'gelap', 'makanya', 'ngelagketemu', 'sampai', 'situ', 'terimakasih', 'toxic', 'wabarakatuh', 'walaupun', 'warahmatullahi']"
"['seru', 'knpa', 'beberapa', 'parah', 'banget', 'pdhl', 'bagus', 'langsung', 'parah', 'banget', 'pdhl', 'belum', 'gprnh', 'masalah', 'lg']","['bagus', 'banget', 'beberapa', 'belum', 'gprnh', 'knpa', 'langsung', 'lg', 'masalah', 'parah', 'pdhl', 'seru']"
"['rekomendasi', 'ton', 'kurang', 'gelap']","['gelap', 'kurang', 'rekomendasi', 'ton']"
"['pertama', 'terimakasih', 'cipta', 'epic', 'beri', 'saran', 'tolong', 'benah', 'minta', 'tolong', 'benah', 'matching', 'garis', 'bawah', 'sungguh', 'classic', 'lagend', 'dapetnya', 'pangkat', 'warior', 'masuk', 'akal', 'mohon', 'benah', 'begitu', 'sudah', 'maklum', 'classic', 'lebih']","['akal', 'bawah', 'begitu', 'benah', 'beri', 'cipta', 'classic', 'dapetnya', 'epic', 'garis', 'lagend', 'lebih', 'maklum', 'masuk', 'matching', 'minta', 'mohon', 'pangkat', 'pertama', 'saran', 'sudah', 'sungguh', 'terimakasih', 'tolong', 'warior']"
"['selalu', 'adil', 'mana', 'musuh', 'terlalu', 'jago', 'mula']","['adil', 'jago', 'mana', 'mula', 'musuh', 'selalu', 'terlalu']"
"['ketemu', 'bot']","['bot', 'ketemu']"
"['minimal', 'beri', 'musuh', 'sendiri', 'imbang', 'laa', 'sendiri', 'gabisaa', 'lawan', 'jago', 'gimana', 'menang']","['beri', 'gabisaa', 'gimana', 'imbang', 'jago', 'laa', 'lawan', 'menang', 'minimal', 'musuh', 'sendiri']"
"['inih', 'bagus']","['bagus', 'inih']"
"['legends', 'seruu']","['legends', 'seruu']"
['baik'],['baik']
"['kotol', 'lose', 'lose', 'moga', 'ceper', 'mati', 'nonton']","['ceper', 'kotol', 'lose', 'mati', 'moga', 'nonton']"
['tai'],['tai']
['bantu'],['bantu']
"['tolong', 'baik']","['baik', 'tolong']"
"['bagus', 'ampe', 'ratarata', 'playernya', 'sdm', 'turun']","['ampe', 'bagus', 'playernya', 'ratarata', 'sdm', 'turun']"
"['wah', 'keren', 'banget', 'ruang', 'clasik', 'brawel', 'arkade', 'tang', 'kasing', 'bintang', 'lima', 'musuh', 'botsemua', 'padaha', 'tang', 'epik', 'kenapa', 'musuh', 'bot']","['arkade', 'banget', 'bintang', 'bot', 'botsemua', 'brawel', 'clasik', 'epik', 'kasing', 'kenapa', 'keren', 'lima', 'musuh', 'padaha', 'ruang', 'tang', 'wah']"
"['babi', 'selalu', 'sampah']","['babi', 'sampah', 'selalu']"
"['hampir', 'semuah', 'gelap', 'kecewa']","['gelap', 'hampir', 'kecewa', 'semuah']"
"['rusak', 'rusak']",['rusak']
"['kenapa', 'selalu', 'bot', 'capek']","['bot', 'capek', 'kenapa', 'selalu']"
['bagong'],['bagong']
"['gelap', 'banyak']","['banyak', 'gelap']"
"['banyak', 'darksistem', 'n', 'lag']","['banyak', 'darksistem', 'lag']"
"['skrng', 'suka', 'lag', 'pdahl', 'bukak', 'apk', 'lain', 'lancaraja']","['apk', 'bukak', 'lag', 'lain', 'lancaraja', 'pdahl', 'skrng', 'suka']"
"['bagus', 'semua', 'dowlodtannya', 'selalu', 'hilang', 'tinggal', 'sekolah', 'smp', 'hilang', 'mohon', 'baik', 'moga', 'perhati', 'segitu', 'mohon', 'kerja']","['bagus', 'baik', 'dowlodtannya', 'hilang', 'kerja', 'moga', 'mohon', 'perhati', 'segitu', 'sekolah', 'selalu', 'semua', 'smp', 'tinggal']"
"['seru', 'iklann', 'skin', 'banyakk', 'lukas', 'zilong', 'lain', 'lain']","['banyakk', 'iklann', 'lain', 'lukas', 'seru', 'skin', 'zilong']"
"['makin', 'ancor', 'laq', 'sekrang', 'bagus']","['ancor', 'bagus', 'laq', 'makin', 'sekrang']"
"['makin', 'makin', 'buruk', 'selalu', 'lag', 'mulai', 'jengkel']","['buruk', 'jengkel', 'lag', 'makin', 'mulai', 'selalu']"
"['kenapa', 'musuh', 'skin', 'skin', 'gaje', 'sekarang']","['gaje', 'kenapa', 'musuh', 'sekarang', 'skin']"
"['jelas', 'sinyal', 'lag', 'dalem', 'buruk']","['buruk', 'dalem', 'jelas', 'lag', 'sinyal']"
"['kon', 'ol', 'anjg', 'lag', 'parah', 'c', 'k']","['anjg', 'kon', 'lag', 'ol', 'parah']"
"['lumayan', 'bagus', 'tipe', 'banget', 'rating', 'lebih', 'enak', 'king', 'segi', 'gamplay', 'bagus']","['bagus', 'banget', 'enak', 'gamplay', 'king', 'lebih', 'lumayan', 'rating', 'segi', 'tipe']"
['draksistem'],['draksistem']
"['jelas', 'gelap', 'semua', 'gendong']","['gelap', 'gendong', 'jelas', 'semua']"
"['ilang', 'signal']","['ilang', 'signal']"
"['woy', 'kenapa', 'makin', 'makin', 'lag', 'sinyal', 'pdhal', 'kouta', 'byk', 'sinyal', 'hijau', 'kenapa', 'lag', 'skin', 'banyak', 'lag', 'biarin']","['banyak', 'biarin', 'byk', 'hijau', 'kenapa', 'kouta', 'lag', 'makin', 'pdhal', 'sinyal', 'skin', 'woy']"
"['seru', 'baru', 'seru', 'teman', 'cuma', 'punya', 'keluh', 'masa', 'tadi', 'sudah', 'chat', 'yatim', 'random', 'moga', 'ramah', 'semua']","['baru', 'chat', 'cuma', 'keluh', 'masa', 'moga', 'punya', 'ramah', 'random', 'semua', 'seru', 'sudah', 'tadi', 'teman', 'yatim']"
"['season', 'sekarang', 'ngaco', 'auto', 'lag', 'pdhl', 'sinyal', 'wifi', 'amanalhasil', 'jd', 'kalah', 'jg', 'kacausll', 'troll']","['amanalhasil', 'auto', 'jd', 'jg', 'kacausll', 'kalah', 'lag', 'ngaco', 'pdhl', 'season', 'sekarang', 'sinyal', 'troll', 'wifi']"
"['macthmaking', 'busuk', 'jelas', 'banget', 'beban', 'report', 'sedang', 'sungguh', 'sungguh', 'nak', 'report', 'aneh', 'mtyhic', 'atas', 'aneh', 'aneh', 'atur', 'aneh', 'mending', 'uninstal']","['aneh', 'atas', 'atur', 'banget', 'beban', 'busuk', 'jelas', 'macthmaking', 'mending', 'mtyhic', 'nak', 'report', 'sedang', 'sungguh', 'uninstal']"
['bagus'],['bagus']
"['bagus', 'bget', 'ramh', 'pk']","['bagus', 'bget', 'pk', 'ramh']"
"['sinyal', 'hijau', 'lag', 'sampai', 'afk']","['afk', 'hijau', 'lag', 'sampai', 'sinyal']"
"['legends', 'sekarang', 'suka', 'lag', 'gajelas', 'bagus', 'lag', 'sendiri', 'knapa']","['bagus', 'gajelas', 'knapa', 'lag', 'legends', 'sekarang', 'sendiri', 'suka']"
"['sampah', 'jelas', 'beranta', 'ngatur', 'kikir', 'busuk']","['beranta', 'busuk', 'jelas', 'kikir', 'ngatur', 'sampah']"
"['parah', 'kena', 'kredit', 'skor', 'bs', 'ranked', 'cma', 'gara', 'gara', 'kurang', 'bs', 'sperti', 'lain', 'biar', 'lancar', 'mending', 'pindah', 'king']","['biar', 'bs', 'cma', 'gara', 'kena', 'king', 'kredit', 'kurang', 'lain', 'lancar', 'mending', 'parah', 'pindah', 'ranked', 'skor', 'sperti']"
['bagus'],['bagus']
"['ngomong', 'tosix', 'sopan', 'kasihan', 'anak', 'anak', 'bawah', 'umur', 'bilang', 'mundur', 'mundur', 'lostreek', 'kualitas', 'bagus', 'mending', 'lain', 'mati', 'suri']","['anak', 'bagus', 'bawah', 'bilang', 'kasihan', 'kualitas', 'lain', 'lostreek', 'mati', 'mending', 'mundur', 'ngomong', 'sopan', 'suri', 'tosix', 'umur']"
"['masa', 'iya', 'ketemu', 'trio', 'gitu', 'duoyg', 'imbang']","['duoyg', 'gitu', 'imbang', 'iya', 'ketemu', 'masa', 'trio']"
"['kalah', 'naik', 'legendmonton', 'kecewa']","['kalah', 'kecewa', 'legendmonton', 'naik']"
['haji'],['haji']
"['beri', 'ma', 'en', 'tolol', 'semua']","['beri', 'en', 'ma', 'semua', 'tolol']"
['lumayan'],['lumayan']
"['bento', 'banyak', 'bot']","['banyak', 'bento', 'bot']"
"['ehh', 'poke', 'punya', 'apk', 'baharu', 'update', 'tan', 'benar', 'emosi', 'ping', 'stabil', 'fress', 'kwk', 'laq', 'laku', 'lalai', 'update']","['apk', 'baharu', 'benar', 'ehh', 'emosi', 'fress', 'kwk', 'laku', 'lalai', 'laq', 'ping', 'poke', 'punya', 'stabil', 'tan', 'update']"
"['aneh', 'sekarang', 'mulai', 'mact', 'tulis', 'reconet', 'sinyal', 'bagus', 'winstrake', 'hancur', 'gara', 'gara', 'haduh', 'mohon', 'perhatianya']","['aneh', 'bagus', 'gara', 'haduh', 'hancur', 'mact', 'mohon', 'mulai', 'perhatianya', 'reconet', 'sekarang', 'sinyal', 'tulis', 'winstrake']"
"['akhir', 'bug', 'jelas', 'sampai', 'late', 'mainin', 'lancar', 'suka', 'lag', 'sungguh', 'masuk', 'akal', 'tolong', 'baik']","['akal', 'akhir', 'baik', 'bug', 'jelas', 'lag', 'lancar', 'late', 'mainin', 'masuk', 'sampai', 'suka', 'sungguh', 'tolong']"
"['coba', 'tambahin', 'ngirim', 'battle', 'poin', 'biar', 'ngirim', 'teman']","['battle', 'biar', 'coba', 'ngirim', 'poin', 'tambahin', 'teman']"
"['bagus', 'keren', 'bagus', 'bagus', 'balik', 'jembut', 'buruk', 'buruk']","['bagus', 'balik', 'buruk', 'jembut', 'keren']"
"['makin', 'makin', 'jelas', 'masalah', 'jelek', 'banget', 'stabil', 'suka', 'lag', 'tibajadi', 'makin', 'males', 'update', 'makin', 'gede', 'mb', 'baik', 'sudah', 'waras']","['baik', 'banget', 'gede', 'jelas', 'jelek', 'lag', 'makin', 'males', 'masalah', 'mb', 'stabil', 'sudah', 'suka', 'tibajadi', 'update', 'waras']"
"['waw', 'seru']","['seru', 'waw']"
"['mantap', 'bagus', 'banget', 'ws', 'alhamdulillah']","['alhamdulillah', 'bagus', 'banget', 'mantap', 'ws']"
"['bagussihh', 'tolong', 'gelap', 'hapus']","['bagussihh', 'gelap', 'hapus', 'tolong']"
"['sukak', 'user', 'franko', 'tari', 'maut', 'langsung', 'kena', 'lord']","['franko', 'kena', 'langsung', 'lord', 'maut', 'sukak', 'tari', 'user']"
"['sedot', 'makin', 'makin', 'jelek', 'makin', 'buruk', 'full', 'leq', 'bnyak', 'bug']","['bnyak', 'bug', 'buruk', 'full', 'jelek', 'leq', 'makin', 'sedot']"
"['moga', 'bagus']","['bagus', 'moga']"
"['buruk', 'banyak', 'draksistem', 'buruk', 'pernah']","['banyak', 'buruk', 'draksistem', 'pernah']"
"['makin', 'lama', 'makin', 'anj', 'bagus', 'stabil', 'gabisa', 'gerak', 'pencet', 'bilang', 'buruk', 'muncul', 'bagusstabil', 'jelas', 'musuh', 'party', 'posisi', 'menang', 'hubung', 'ulang', 'make', 'kuota']","['anj', 'bagus', 'bagusstabil', 'bilang', 'buruk', 'gabisa', 'gerak', 'hubung', 'jelas', 'kuota', 'lama', 'make', 'makin', 'menang', 'muncul', 'musuh', 'party', 'pencet', 'posisi', 'stabil', 'ulang']"
"['rusak', 'bug', 'afk', 'bodo']","['afk', 'bodo', 'bug', 'rusak']"
"['bagus', 'banget', 'bos']","['bagus', 'banget', 'bos']"
"['keri', 'gs', 'jangn', 'coba', 'adik', 'mainnin', 'lama', 'bulan', 'lebih', 'masuk', 'rumah', 'sakit', 'jiwa', 'setress', 'lebih', 'habus', 'baik', 'kesehatanmental']","['adik', 'baik', 'bulan', 'coba', 'gs', 'habus', 'jangn', 'jiwa', 'keri', 'kesehatanmental', 'lama', 'lebih', 'mainnin', 'masuk', 'rumah', 'sakit', 'setress']"
"['hadeuh', 'mah', 'seru', 'stres', 'wortit', 'banget', 'apalgi', 'sengaja', 'banget', 'kasi', 'gelap', 'gelap', 'melulu', 'tambah', 'sinyal', 'bagus', 'lag', 'lag']","['apalgi', 'bagus', 'banget', 'gelap', 'hadeuh', 'kasi', 'lag', 'mah', 'melulu', 'sengaja', 'seru', 'sinyal', 'stres', 'tambah', 'wortit']"
"['makin', 'update', 'lag', 'enak', 'khusus', 'mending', 'usah', 'maksa', 'yaudah', 'awas', 'darah', 'tinggi', 'bubarin', 'tod']","['awas', 'bubarin', 'darah', 'enak', 'khusus', 'lag', 'makin', 'maksa', 'mending', 'tinggi', 'tod', 'update', 'usah', 'yaudah']"
"['seru', 'cari', 'teman', 'pacar']","['cari', 'pacar', 'seru', 'teman']"
['seru'],['seru']
"['moga', 'sabar', 'tinggi', 'serta', 'semua', 'domzz', 'stay']","['domzz', 'moga', 'sabar', 'semua', 'serta', 'stay', 'tinggi']"
"['seru', 'epic', 'moga', 'onic']","['epic', 'moga', 'onic', 'seru']"
"['lovyu', 'muntun', 'akun', 'balik', 'cs', 'bgus', 'banget', 'banget', 'banget', 'lovyu', 'muntun']","['akun', 'balik', 'banget', 'bgus', 'cs', 'lovyu', 'muntun']"
"['jangan', 'guys', 'haram', 'isi', 'gelap', 'selalu', 'kalah', 'adil', 'scak', 'epic', 'gegera', 'gelap', 'tolong', 'pisahin', 'gelap', 'kikirr', 'emosi', 'bukan', 'ngilangin', 'stres', 'tambah', 'stres', 'haram', 'kikir', 'poke', 'adil', 'ngepus', 'sampai', 'imo', 'nyata', 'kalah', 'haram', 'tolong', 'not', 'mending', 'free', 'fire', 'lose', 'treak', 'cape', 'epic', 'tolong', 'bagus']","['adil', 'bagus', 'bukan', 'cape', 'emosi', 'epic', 'fire', 'free', 'gegera', 'gelap', 'guys', 'haram', 'imo', 'isi', 'jangan', 'kalah', 'kikir', 'kikirr', 'lose', 'mending', 'ngepus', 'ngilangin', 'not', 'nyata', 'pisahin', 'poke', 'sampai', 'scak', 'selalu', 'stres', 'tambah', 'tolong', 'treak']"
"['legends', 'nggk', 'mobil', 'aplikasi', 'nggk', 'didonwloadya', 'mungkin', 'nokia', 'hehe']","['aplikasi', 'didonwloadya', 'hehe', 'legends', 'mobil', 'mungkin', 'nggk', 'nokia']"
"['kontribusi', 'playernya', 'toxic', 'trs', 'wifi', 'lag', 'scroll', 'yt', 'tiktok', 'lag']","['kontribusi', 'lag', 'playernya', 'scroll', 'tiktok', 'toxic', 'trs', 'wifi', 'yt']"
"['makin', 'jelas', 'resah', 'tambah', 'makin', 'banyak', 'draksistem', 'adalagi', 'bila', 'bintang', 'ketemu', 'trol', 'makin', 'makin', 'bb']","['adalagi', 'banyak', 'bb', 'bila', 'bintang', 'draksistem', 'jelas', 'ketemu', 'makin', 'resah', 'tambah', 'trol']"
"['najis', 'bug', 'lol', 'emosi', 'rusak', 'bug', 'buka', 'aplikasi', 'lain', 'lancar', 'jaya', 'kocak']","['aplikasi', 'bug', 'buka', 'emosi', 'jaya', 'kocak', 'lain', 'lancar', 'lol', 'najis', 'rusak']"
"['gonta', 'ganti', 'provider', 'clasic', 'super', 'lag', 'niat', 'cari', 'hibur', 'emosi', 'uninstall', 'males']","['cari', 'clasic', 'emosi', 'ganti', 'gonta', 'hibur', 'lag', 'males', 'niat', 'provider', 'super', 'uninstall']"
"['merah', 'bgs', 'classic', 'bagus', 'kacau', 'skrng', 'bagus']","['bagus', 'bgs', 'classic', 'kacau', 'merah', 'skrng']"
"['hello', 'justin', 'yuan', 'and', 'watson', 'xu', 'zhenhua', 'will', 'never', 'read', 'letter', 'al', 'jabar', 'you', 'm', 'already', 'hurt', 'by', 'you', 'so', 'congratulations', 'on', 'what', 'will', 'happen', 'pain', 'that', 'why']","['al', 'already', 'and', 'by', 'congratulations', 'happen', 'hello', 'hurt', 'jabar', 'justin', 'letter', 'never', 'on', 'pain', 'read', 'so', 'that', 'watson', 'what', 'why', 'will', 'xu', 'you', 'yuan', 'zhenhua']"
"['kece', 'badai']","['badai', 'kece']"
"['ngasi', 'teman', 'tu', 'benar', 'gausah', 'kawan', 'epik', 'lawan', 'glory', 'imbang', 'menang', 'kalah', 'sampek', 'imbang', 'kawan', 'lawan', 'cuihh']","['benar', 'cuihh', 'epik', 'gausah', 'glory', 'imbang', 'kalah', 'kawan', 'lawan', 'menang', 'ngasi', 'sampek', 'teman', 'tu']"
"['sip', 'bagus']","['bagus', 'sip']"
"['kadang', 'kadang', 'emosi']","['emosi', 'kadang']"
['seru'],['seru']
"['lumayan', 'agak', 'agak', 'lag']","['agak', 'lag', 'lumayan']"
"['bjirr', 'baru', 'bulan', 'epic']","['baru', 'bjirr', 'bulan', 'epic']"
"['ygy', 'donlowd', 'usak', 'mentaly', 'saling', 'ngejek', 'toxic', 'recal', 'ramah', 'dikill', 'musuh', 'lansung', 'lanjut', 'cril', 'mah', 'ngetik', 'dikill', 'musuh', 'omongin', 'pou', 'recal', 'ygy', 'jgn', 'donlowd', 'banke', 'tolol', 'idiot', 'montod']","['banke', 'cril', 'dikill', 'donlowd', 'idiot', 'jgn', 'lanjut', 'lansung', 'mah', 'mentaly', 'montod', 'musuh', 'ngejek', 'ngetik', 'omongin', 'pou', 'ramah', 'recal', 'saling', 'tolol', 'toxic', 'usak', 'ygy']"
"['win', 'lose', 'gitu', 'sampai', 'tres', 'sekarang', 'sudah', 'hapus', 'tres']","['gitu', 'hapus', 'lose', 'sampai', 'sekarang', 'sudah', 'tres', 'win']"
"['buruk', 'sinyal', 'bagus', 'lag', 'lag', 'riport', 'sudah', 'bagus', 'sinyal', 'cok', 'cek', 'sudah', 'bagus', 'abang']","['abang', 'bagus', 'buruk', 'cek', 'cok', 'lag', 'riport', 'sinyal', 'sudah']"
"['ayo', 'rusak', 'enginesistem']","['ayo', 'enginesistem', 'rusak']"
"['naon', 'naon', 'minion', 'aing', 'kalah', 'nyerang', 'base', 'aing', 'tolol', 'minion', 'kanker']","['aing', 'base', 'kalah', 'kanker', 'minion', 'naon', 'nyerang', 'tolol']"
"['memng', 'mantap', 'bosan']","['bosan', 'mantap', 'memng']"
"['bagus', 'seru', 'banget', 'buru', 'coba']","['bagus', 'banget', 'buru', 'coba', 'seru']"
"['beri', 'adil', 'pensi']","['adil', 'beri', 'pensi']"
"['tolong', 'baik', 'signyal', 'full', 'patah']","['baik', 'full', 'patah', 'signyal', 'tolong']"
"['uda', 'lama', 'sekarang', 'sekarang', 'lag', 'gejalas', 'bahkan', 'sampai', 'ngga', 'gerak', 'sinyal', 'bagus', 'wifi', 'bagus', 'tolong', 'server', 'baik', 'mas', 'ngga', 'baik', 'hormat', 'uninstal']","['bagus', 'bahkan', 'baik', 'gejalas', 'gerak', 'hormat', 'lag', 'lama', 'mas', 'ngga', 'sampai', 'sekarang', 'server', 'sinyal', 'tolong', 'uda', 'uninstal', 'wifi']"
"['makin', 'devices', 'friendly', 'detik', 'sampai', 'frame', 'drop', 'fps', 'per', 'detik', 'parah', 'alhasil', 'ganti', 'emblem', 'battle', 'spell', 'bayang', 'suruh', 'fast', 'respon', 'cuma', 'detik', 'chipset', 'sd', 'kurang', 'kah']","['alhasil', 'battle', 'bayang', 'chipset', 'cuma', 'detik', 'devices', 'drop', 'emblem', 'fast', 'fps', 'frame', 'friendly', 'ganti', 'kah', 'kurang', 'makin', 'parah', 'per', 'respon', 'sampai', 'sd', 'spell', 'suruh']"
"['makin', 'makin', 'jelas', 'lag', 'selalu', 'kalah', 'untun', 'jelek']","['jelas', 'jelek', 'kalah', 'lag', 'makin', 'selalu', 'untun']"
"['jelek', 'sekarang', 'ngga', 'android']","['android', 'jelek', 'ngga', 'sekarang']"
[],[]
['gelap'],['gelap']
"['macam', 'seru', 'banget']","['banget', 'macam', 'seru']"
['bagus'],['bagus']
"['ciga', 'bagong', 'ayna', 'sia', 't', 'ngajawab', 'tanya', 'aing', 'kana', 'aing', 'sia', 'jieun', 'rem', 'najis', 'ayna', 'mah', 'aing', 'kudu', 'deui', 'ieu']","['aing', 'ayna', 'bagong', 'ciga', 'deui', 'ieu', 'jieun', 'kana', 'kudu', 'mah', 'najis', 'ngajawab', 'rem', 'sia', 'tanya']"
"['mkin', 'rusak', 'suka', 'lag', 'pdhal', 'jringan', 'hijau', 'mnding', 'usah', 'dowload']","['dowload', 'hijau', 'jringan', 'lag', 'mkin', 'mnding', 'pdhal', 'rusak', 'suka', 'usah']"
['hama'],['hama']
"['sinyal', 'bagus', 'lag', 'emosi']","['bagus', 'emosi', 'lag', 'sinyal']"
"['lag', 'wifi']","['lag', 'wifi']"
"['guna', 'jelek', 'nonton', 'yt', 'ig', 'tiktok', 'lancar', 'banget', 'asli', 'guna', 'kntol']","['asli', 'banget', 'guna', 'ig', 'jelek', 'kntol', 'lancar', 'nonton', 'tiktok', 'yt']"
"['bagus', 'bangett']","['bagus', 'bangett']"
"['makin', 'buruk', 'kagak', 'senengin', 'selalu', 'feeder', 'bot', 'tahu', 'jenis', 'item', 'emblem', 'butuh', 'terkadang', 'asal', 'pilih', 'king', 'jauh', 'lebih', 'seru']","['asal', 'bot', 'buruk', 'butuh', 'emblem', 'feeder', 'item', 'jauh', 'jenis', 'kagak', 'king', 'lebih', 'makin', 'pilih', 'selalu', 'senengin', 'seru', 'tahu', 'terkadang']"
"['buruk', 'kau', 'bagus', 'bagus', 'sikit', 'beri', 't', 'n', 'semua', 'hapus', 'play', 'store']","['bagus', 'beri', 'buruk', 'hapus', 'kau', 'play', 'semua', 'sikit', 'store']"
"['bagus', 'usia', 'baik']","['bagus', 'baik', 'usia']"
"['update', 'season', 'pernah', 'rusak', 'sinyal', 'bagus', 'lag', 'butut']","['bagus', 'butut', 'lag', 'pernah', 'rusak', 'season', 'sinyal', 'update']"
"['kalah', 'lawa', 'ngeri', 'lol']","['kalah', 'lawa', 'lol', 'ngeri']"
['aneh'],['aneh']
['buruk'],['buruk']
"['muak', 'daritadi', 'sengaja', 'kalah']","['daritadi', 'kalah', 'muak', 'sengaja']"
"['tolong', 'notice', 'milik', 'masuk', 'coba', 'tambah', 'brawl', 'brawl', 'masuk', 'semangat']","['brawl', 'coba', 'masuk', 'milik', 'notice', 'semangat', 'tambah', 'tolong']"
"['sinyal', 'down', 'pernah', 'perhati', 'complain', 'ttg', 'stabil', 'sinyal', 'update', 'baru', 'lag', 'parah']","['baru', 'complain', 'down', 'lag', 'parah', 'perhati', 'pernah', 'sinyal', 'stabil', 'ttg', 'update']"
"['jelas', 'lama', 'update', 'makin', 'parah', 'lag', 'pdhl', 'hijau', 'sinyal', 'msuk', 'lagg', 'afk', 'jelas']","['afk', 'hijau', 'jelas', 'lag', 'lagg', 'lama', 'makin', 'msuk', 'parah', 'pdhl', 'sinyal', 'update']"
"['gaje', 'glory', 'isi', 'tetp', 'banyak', 'draksisitem']","['banyak', 'draksisitem', 'gaje', 'glory', 'isi', 'tetp']"
"['mending', 'lain', 'curang']","['curang', 'lain', 'mending']"
"['munafik', 'bego', 'win', 'klh', 'dlu', 'wkwk', 'buruk', 'push', 'lama', 'stack', 'lingkar', 'setan', 'gtu', 'mending', 'pindah', 'ketimbang', 'kikir', 'stack', 'mawi', 'minimal', 'beri', 'imbang', 'sedikit', 'biadab', 'masa', 'musuh', 'pro', 'bot', 'mikir', 'bego', 'mending', 'ep', 'ep', 'ketimbang', 'kikir']","['bego', 'beri', 'biadab', 'bot', 'buruk', 'dlu', 'ep', 'gtu', 'imbang', 'ketimbang', 'kikir', 'klh', 'lama', 'lingkar', 'masa', 'mawi', 'mending', 'mikir', 'minimal', 'munafik', 'musuh', 'pindah', 'pro', 'push', 'sedikit', 'setan', 'stack', 'win', 'wkwk']"
"['makin', 'absurb', 'imbang', 'cuih', 'sampah', 'staffnya', 'ngga', 'kerja']","['absurb', 'cuih', 'imbang', 'kerja', 'makin', 'ngga', 'sampah', 'staffnya']"
"['cocok', 'bintang', 'satu', 'ws', 'ls']","['bintang', 'cocok', 'ls', 'satu', 'ws']"
"['alam', 'senang', 'bagus', 'inspirasi', 'tokohtokoh', 'nasional', 'kenal', 'negara', 'beda', 'tema', 'tarik', 'dukung', 'kembang', 'lonjak', 'drastis', 'sudah', 'masuk', 'salah', 'satu', 'favorit', 'alam', 'virtual', 'senang', 'senang', 'selalu', 'buff', 'nerf', 'sesuai', 'play', 'imbang']","['alam', 'bagus', 'beda', 'buff', 'drastis', 'dukung', 'favorit', 'imbang', 'inspirasi', 'kembang', 'kenal', 'lonjak', 'masuk', 'nasional', 'negara', 'nerf', 'play', 'salah', 'satu', 'selalu', 'senang', 'sesuai', 'sudah', 'tarik', 'tema', 'tokohtokoh', 'virtual']"
"['jelas', 'beri', 'ngotak', 'tres']","['beri', 'jelas', 'ngotak', 'tres']"
"['makin', 'ngaco', 'down', 'ms', 'naik', 'turuun', 'rating']","['down', 'makin', 'ms', 'naik', 'ngaco', 'rating', 'turuun']"
"['kadita', 'butuh', 'skin', 'epic', 'zenith', 'kadita', 'ariel', 'cocok', 'zenith']","['ariel', 'butuh', 'cocok', 'epic', 'kadita', 'skin', 'zenith']"
"['bangke', 'mending', 'urusin', 'masalah', 'bug', 'ingame', 'ngurusin', 'event', 'skin', 'siasia', 'banyak', 'event', 'skin', 'masalah', 'bug', 'urusin', 'ijo', 'lag', 'aneh']","['aneh', 'bangke', 'banyak', 'bug', 'event', 'ijo', 'ingame', 'lag', 'masalah', 'mending', 'ngurusin', 'siasia', 'skin', 'urusin']"
"['sekarang', 'aneh', 'banget', 'satuin', 'bego', 'musuh', 'op', 'malesin']","['aneh', 'banget', 'bego', 'malesin', 'musuh', 'op', 'satuin', 'sekarang']"
"['baik', 'dunia']","['baik', 'dunia']"
"['bukan', 'makin', 'bagus', 'makin', 'parah', 'lagnya', 'setting', 'speed', 'tingkat', 'masalah', 'aktif', 'selalu', 'suka', 'nonaktif', 'sendiri', 'nyalain', 'speed', 'tingkat', 'tambah', 'kira', 'masalah', 'signal', 'sendiri', 'wifi', 'cek', 'signal', 'bar', 'penuh', 'begitu', 'wifi', 'tes', 'youtube', 'lain', 'lancar', 'gimana', 'tolong', 'walau', 'merek', 'as', 'lama', 'lain', 'bagus']","['aktif', 'as', 'bagus', 'bar', 'begitu', 'bukan', 'cek', 'gimana', 'kira', 'lagnya', 'lain', 'lama', 'lancar', 'makin', 'masalah', 'merek', 'nonaktif', 'nyalain', 'parah', 'penuh', 'selalu', 'sendiri', 'setting', 'signal', 'speed', 'suka', 'tambah', 'tes', 'tingkat', 'tolong', 'walau', 'wifi', 'youtube']"
"['aneh', 'tinggi', 'teman', 'bot', 'aneh', 'bett', 'musuh', 'semua', 'sendiri', 'bott', 'buay', 'serius', 'bodoh']","['aneh', 'bett', 'bodoh', 'bot', 'bott', 'buay', 'musuh', 'semua', 'sendiri', 'serius', 'teman', 'tinggi']"
"['buruk', 'wifi', 'bagus', 'apakah', 'legends', 'rusak']","['apakah', 'bagus', 'buruk', 'legends', 'rusak', 'wifi']"
['rusak'],['rusak']
"['coba', 'baik', 'anjg', 'bagus', 'kenapa', 'lag', 'emosi', 'heran']","['anjg', 'bagus', 'baik', 'coba', 'emosi', 'heran', 'kenapa', 'lag']"
"['pliss', 'baik', 'masa', 'ie', 'lezen', 'epic', 'gara', 'gara', 'punya', 'guna', 'gelap', 'aduh']","['aduh', 'baik', 'epic', 'gara', 'gelap', 'guna', 'ie', 'lezen', 'masa', 'pliss', 'punya']"
"['kalah', 'sampai', 'menang', 'lawan', 'komputer']","['kalah', 'komputer', 'lawan', 'menang', 'sampai']"
['gjls'],['gjls']
"['makin', 'updetan', 'makin', 'jelas', 'selalu', 'lag', 'sinyal', 'bagus']","['bagus', 'jelas', 'lag', 'makin', 'selalu', 'sinyal', 'updetan']"
"['bagus', 'kikir', 'imbang', 'banyak', 'bansos', 'gacha', 'wangi', 'baik', 'wangiin', 'akun', 'moontod', 'tambahin', 'bintang', 'gacha', 'aspirant', 'pola', 'akun', 'danish']","['akun', 'aspirant', 'bagus', 'baik', 'bansos', 'banyak', 'bintang', 'danish', 'gacha', 'imbang', 'kikir', 'moontod', 'pola', 'tambahin', 'wangi', 'wangiin']"
"['sinyal', 'bagus', 'lag', 'mentok', 'loby', 'patah', 'patah', 'sudah', 'bagus', 'ram', 'besar', 'banyak', 'performa', 'asik']","['asik', 'bagus', 'banyak', 'besar', 'lag', 'loby', 'mentok', 'patah', 'performa', 'ram', 'sinyal', 'sudah']"
"['sampah', 'tolol', 'banyak', 'bocah', 'random', 'acak', 'jelas', 'tolol', 'buruk']","['acak', 'banyak', 'bocah', 'buruk', 'jelas', 'random', 'sampah', 'tolol']"
['kontol'],['kontol']
"['cocok', 'hilang', 'strees', 'strees']","['cocok', 'hilang', 'strees']"
['stres'],['stres']
"['ketemu', 'party', 'aneh', 'busuk', 'busuk']","['aneh', 'busuk', 'ketemu', 'party']"
['bagus'],['bagus']
"['tolong', 'imbang', 'troll', 'afk', 'sesuai', 'mending']","['afk', 'imbang', 'mending', 'sesuai', 'tolong', 'troll']"
['bagus'],['bagus']
"['beberapa', 'imbang', 'afk']","['afk', 'beberapa', 'imbang']"
"['susah', 'gampang']","['gampang', 'susah']"
"['pls', 'bagi', 'koin', 'teman']","['bagi', 'koin', 'pls', 'teman']"
"['benar', 'ancur', 'season', 'masa', 'full', 'ketemu', 'duo', 'trio', 'party', 'kocak', 'niat', 'happy', 'fun', 'emosi', 'saran', 'mending', 'hapus', 'dri', 'kalean']","['ancur', 'benar', 'dri', 'duo', 'emosi', 'full', 'fun', 'happy', 'hapus', 'kalean', 'ketemu', 'kocak', 'masa', 'mending', 'niat', 'party', 'saran', 'season', 'trio']"
"['babi', 'macth', 'tier', 'epic', 'atas', 'tdk', 'adil', 'tuk', 'lose', 'streak', 'percuma', 'mvp', 'tuk', 'kalah', 'dasar', 'anjing']","['adil', 'anjing', 'atas', 'babi', 'dasar', 'epic', 'kalah', 'lose', 'macth', 'mvp', 'percuma', 'streak', 'tdk', 'tier', 'tuk']"
"['jamet', 'bedahal', 'wifi', 'lancar', 'dasar', 'buruk', 'mending', 'ff']","['bedahal', 'buruk', 'dasar', 'ff', 'jamet', 'lancar', 'mending', 'wifi']"
"['buruk', 'jangan', 'gelap', 'tadi', 'sudah', 'lose', 'trik', 'pensi']","['buruk', 'gelap', 'jangan', 'lose', 'pensi', 'sudah', 'tadi', 'trik']"
"['coba', 'lag', 'simulator', 'wifi', 'plus', 'tingkat', 'aktif', 'semua', 'lag']","['aktif', 'coba', 'lag', 'plus', 'semua', 'simulator', 'tingkat', 'wifi']"
"['rusak', 'habis', 'update', 'lag', 'suka', 'ngetroll', 'rusak']","['habis', 'lag', 'ngetroll', 'rusak', 'suka', 'update']"
"['tolong', 'skin', 'dalam', 'tanding', 'gede', 'banget', 'tolong', 'biar', 'hapus', 'lain', 'guna', 'biar', 'hapus', 'berat', 'banget', 'afk', 'sanksi', 'kocak', 'salah', 'gada', 'ringan', 'kentang']","['afk', 'banget', 'berat', 'biar', 'dalam', 'gada', 'gede', 'guna', 'hapus', 'kentang', 'kocak', 'lain', 'ringan', 'salah', 'sanksi', 'skin', 'tanding', 'tolong']"
"['lag', 'parah', 'update', 'project', 'next', 'buka', 'event', 'draft', 'akhir', 'lag', 'wajar', 'kadang', 'loading', 'stuck', 'jelass']","['akhir', 'buka', 'draft', 'event', 'jelass', 'kadang', 'lag', 'loading', 'next', 'parah', 'project', 'stuck', 'update', 'wajar']"
"['makin', 'mantap']","['makin', 'mantap']"
"['kira', 'kira', 'luh', 'rangin', 'kredit', 'skor', 'afk', 'sebentar', 'kurang', 'admin', 'lol']","['admin', 'afk', 'kira', 'kredit', 'kurang', 'lol', 'luh', 'rangin', 'sebentar', 'skor']"
"['minimal', 'baik', 'sinyal', 'minimal', 'lag', 'banget', 'beta']","['baik', 'banget', 'beta', 'lag', 'minimal', 'sinyal']"
"['tani', 'sepi']","['sepi', 'tani']"
"['ng', 'bagus', 'cuma', 'tensi', 'naik']","['bagus', 'cuma', 'naik', 'ng', 'tensi']"
"['apalahh', 'signal', 'hijau', 'lag', 'olah', 'kouta', 'mana', 'moment', 'krusial', 'late', 'lose', 'akibat', 'ping', 'benar']","['akibat', 'apalahh', 'benar', 'hijau', 'kouta', 'krusial', 'lag', 'late', 'lose', 'mana', 'moment', 'olah', 'ping', 'signal']"
"['bangus', 'sip']","['bangus', 'sip']"
"['he', 'memeq', 'user', 'mm', 'sat', 'ngapa', 'exp', 'meq']","['exp', 'he', 'memeq', 'meq', 'mm', 'ngapa', 'sat', 'user']"
"['jelek', 'gelap']","['gelap', 'jelek']"
"['moontn', 'kyk', 't', 'lag', 'bett', 'hijau', 'dahh', 'ajaa', 'lahh']","['ajaa', 'bett', 'dahh', 'hijau', 'kyk', 'lag', 'lahh', 'moontn']"
"['banyak', 'ramah', 'intimidasi', 'lebih', 'rendah']","['banyak', 'intimidasi', 'lebih', 'ramah', 'rendah']"
"['tolongg', 'baik', 'ngestack', 'masalah', 'afk', 'gara', 'gara', 'masalah', 'sampai', 'jika', 'salah', 'mohon', 'koreksi', 'teman', 'teman']","['afk', 'baik', 'gara', 'jika', 'koreksi', 'masalah', 'mohon', 'ngestack', 'salah', 'sampai', 'teman', 'tolongg']"
['rusak'],['rusak']
['bagus'],['bagus']
"['update', 'busuk', 'nunggu', 'delay']","['busuk', 'delay', 'nunggu', 'update']"
"['bagus', 'banget', 'like', 'it']","['bagus', 'banget', 'it', 'like']"
['bagus'],['bagus']
"['sampah', 'kalah']","['kalah', 'sampah']"
"['kikir', 'kalah']","['kalah', 'kikir']"
"['bagus', 'sakal', 'engak', 'tarik', 'tolong', 'minta', 'konter']","['bagus', 'engak', 'konter', 'minta', 'sakal', 'tarik', 'tolong']"
"['benar', 'anj', 'masa', 'ketemu', 'trio', 'random', 'tolol', 'lawan', 'partyaan', 'lima']","['anj', 'benar', 'ketemu', 'lawan', 'lima', 'masa', 'partyaan', 'random', 'tolol', 'trio']"
"['bagus', 'hal', 'dewasa']","['bagus', 'dewasa', 'hal']"
"['kuliah', 'baru', 'ikut', 'rame', 'isi', 'kosong']","['baru', 'ikut', 'isi', 'kosong', 'kuliah', 'rame']"
"['jangan', 'dowload', 'ketemu', 'beban', 'anjg', 'kaasih', 'beban', 'cape', 'bangsat']","['anjg', 'bangsat', 'beban', 'cape', 'dowload', 'jangan', 'kaasih', 'ketemu']"
"['menit', 'kalah', 'bintang', 'lindung', 'mmr', 'turun', 'sudah', 'bagus', 'asu', 'asu', 'asu', 'buruk']","['asu', 'bagus', 'bintang', 'buruk', 'kalah', 'lindung', 'menit', 'mmr', 'sudah', 'turun']"
"['beri', 'benar']","['benar', 'beri']"
"['cuma', 'ngehabisin', 'paket', 'semua', 'afk', 'gausah']","['afk', 'cuma', 'gausah', 'ngehabisin', 'paket', 'semua']"
"['goreng', 'patut', 'lag', 'wae']","['goreng', 'lag', 'patut', 'wae']"
"['buruk', 'pernah', 'lag', 'gabisa', 'gerak', 'tolong', 'baik', 'jika', 'baik', 'mending', 'hapus', 'gane', 'rusak']","['baik', 'buruk', 'gabisa', 'gane', 'gerak', 'hapus', 'jika', 'lag', 'mending', 'pernah', 'rusak', 'tolong']"
"['banyak', 'jelas', 'mending', 'poin', 'bintang', 'coklat', 'poin', 'kurang', 'paling', 'banyak', 'mvp', 'point', 'kurang', 'masa', 'banyak', 'kalah', 'menang', 'tinggal', 'nunggu', 'baru', 'laku']","['banyak', 'baru', 'bintang', 'coklat', 'jelas', 'kalah', 'kurang', 'laku', 'masa', 'menang', 'mending', 'mvp', 'nunggu', 'paling', 'poin', 'point', 'tinggal']"
"['woyy', 'kenapa', 'gabisa', 'bukak', 'bagus']","['bagus', 'bukak', 'gabisa', 'kenapa', 'woyy']"
['bagus'],['bagus']
"['bagus', 'rangin', 'gelap']","['bagus', 'gelap', 'rangin']"
"['adil', 'banyak', 'beban']","['adil', 'banyak', 'beban']"
"['bagus', 'banget', 'terimakasih', 'bagus']","['bagus', 'banget', 'terimakasih']"
"['bagus', 'banget', 'suka']","['bagus', 'banget', 'suka']"
['bagusds'],['bagusds']
"['pesan', 'tolong', 'lh', 'ringan', 'kentang', 'jauh', 'pelosok', 'ken', 'nyaman', 'alami', 'utama', 'tarung', 'lawan', 'alami', 'lag', 'langsung', 'merah', 'stabil', 'tanya', 'kenapa', 'ad', 'musuh', 'tarung', 'baru', 'bagus', 'belum', 'bagus', 'bagus', 'kenapa', 'tolong', 'tolong', 'kasi', 'ringan', 'lh', 'kepada']","['ad', 'alami', 'bagus', 'baru', 'belum', 'jauh', 'kasi', 'ken', 'kenapa', 'kentang', 'kepada', 'lag', 'langsung', 'lawan', 'lh', 'merah', 'musuh', 'nyaman', 'pelosok', 'pesan', 'ringan', 'stabil', 'tanya', 'tarung', 'tolong', 'utama']"
['kikir'],['kikir']
"['minimal', 'tolong', 'punya', 'masuk', 'lobby', 'sinyal', 'oke', 'tibatiba', 'gm', 'bilang', 'mohon', 'maaf', 'gagal', 'sambung', 'periksa', 'jangan', 'bagus', 'minimal', 'tolong', 'baless', 'minimal']","['bagus', 'baless', 'bilang', 'gagal', 'gm', 'jangan', 'lobby', 'maaf', 'masuk', 'minimal', 'mohon', 'oke', 'periksa', 'punya', 'sambung', 'sinyal', 'tibatiba', 'tolong']"
['bagus'],['bagus']
"['apasih', 'jelas', 'bngt', 'afk', 'sebentar', 'trs', 'balik', 'lgi', 'kena', 'ingat', 'afk']","['afk', 'apasih', 'balik', 'bngt', 'ingat', 'jelas', 'kena', 'lgi', 'sebentar', 'trs']"
"['rusakk', 'beri', 'imbang', 'lawakk', 'mana', 'lag']","['beri', 'imbang', 'lag', 'lawakk', 'mana', 'rusakk']"
['baik'],['baik']
"['makin', 'buriq', 'banget', 'asli', 'sumpah', 'mending', 'unistall', 'dehh', 'mainin', 'lama', 'semakain', 'jelek', 'masa', 'bagus', 'gerak', 'skill', 'analog', 'pencet', 'utama', 'bagi', 'analog', 'kadang', 'mencet', 'sendiri', 'reccal', 'vakum']","['analog', 'asli', 'bagi', 'bagus', 'banget', 'buriq', 'dehh', 'gerak', 'jelek', 'kadang', 'lama', 'mainin', 'makin', 'masa', 'mencet', 'mending', 'pencet', 'reccal', 'semakain', 'sendiri', 'skill', 'sumpah', 'unistall', 'utama', 'vakum']"
"['love', 'this', 'for', 'not', 'having', 'ai', 'animation', 'for', 'their', 'trailer', 'pls', 'dont', 'change']","['ai', 'animation', 'change', 'dont', 'for', 'having', 'love', 'not', 'pls', 'their', 'this', 'trailer']"
"['jangan', 'akibat', 'stres', 'jarak', 'makan', 'jarang', 'sholat', 'lebih', 'parah', 'akn', 'akibat', 'marahmarah']","['akibat', 'akn', 'jangan', 'jarak', 'jarang', 'lebih', 'makan', 'marahmarah', 'parah', 'sholat', 'stres']"
['bangsat'],['bangsat']
"['seru', 'gemburik']","['gemburik', 'seru']"
"['stres', 'banyak', 'gelap', 'epik', 'buruk', 'jangan', 'sampai', 'anak', 'kecil', 'men', 'dawlod', 'ngerusakin']","['anak', 'banyak', 'buruk', 'dawlod', 'epik', 'gelap', 'jangan', 'kecil', 'men', 'ngerusakin', 'sampai', 'stres']"
"['makin', 'makin', 'jelas', 'loststeak', 'sampai', 'ditroll', 'kadang', 'lag', 'akibat', 'keluar', 'sendiri', 'masuk', 'langsung', 'afk', 'payah', 'mem', 'milih']","['afk', 'akibat', 'ditroll', 'jelas', 'kadang', 'keluar', 'lag', 'langsung', 'loststeak', 'makin', 'masuk', 'mem', 'milih', 'payah', 'sampai', 'sendiri']"
"['selalu', 'tolol', 'admin', 'masa', 'mvp', 'defeat', 'mantep', 'mind', 'biar', 'gendong', 'bocil', 'tolol']","['admin', 'biar', 'bocil', 'defeat', 'gendong', 'mantep', 'masa', 'mind', 'mvp', 'selalu', 'tolol']"
"['have', 'fun']","['fun', 'have']"
"['gemnya', 'rayan', 'seru']","['gemnya', 'rayan', 'seru']"
"['banyak', 'gelap']","['banyak', 'gelap']"
"['woy', 'lag', 'sampai', 'crash', 'dalam', 'tanding', 'rusak', 'lol']","['crash', 'dalam', 'lag', 'lol', 'rusak', 'sampai', 'tanding', 'woy']"
"['rusak', 'setan']","['rusak', 'setan']"
"['seru', 'tolong', 'draksistemnya', 'rangin', 'sya', 'selalu', 'tolol', 'tb', 'lag', 'pdhl', 'lag', 'mohon', 'muntun', 'rangin', 'tolol', 'hehh']","['draksistemnya', 'hehh', 'lag', 'mohon', 'muntun', 'pdhl', 'rangin', 'selalu', 'seru', 'sya', 'tb', 'tolol', 'tolong']"
"['wins', 'treak']","['treak', 'wins']"
"['bingung', 'saran', 'bawah', 'umur']","['bawah', 'bingung', 'saran', 'umur']"
['hibur'],['hibur']
"['jngn', 'rusak', 'sinyal', 'parah']","['jngn', 'parah', 'rusak', 'sinyal']"
"['najis', 'kalah']","['kalah', 'najis']"
"['busuk', 'skin', 'makin', 'banyak', 'kualitas', 'turun', 'benar', 'ingame', 'stuck', 'gerak', 'sinyal', 'hijau']","['banyak', 'benar', 'busuk', 'gerak', 'hijau', 'ingame', 'kualitas', 'makin', 'sinyal', 'skin', 'stuck', 'turun']"
"['gubluk', 'lolot', 'dev', 'kikir', 'cuma', 'mikirin', 'uang', 'uang', 'melulu', 'collab', 'melulu', 'benar', 'mai', 'skill', 'warrior', 'sia', 'sia', 'ranked', 'asu', 'tolong', 'tingkat', 'jgn', 'notice', 'uang', 'pernah', 'urus', 'sudah', 'gitu', 'troll', 'biasa', 'kena', 'hukum', 'ban']","['asu', 'ban', 'benar', 'biasa', 'collab', 'cuma', 'dev', 'gitu', 'gubluk', 'hukum', 'jgn', 'kena', 'kikir', 'lolot', 'mai', 'melulu', 'mikirin', 'notice', 'pernah', 'ranked', 'sia', 'skill', 'sudah', 'tingkat', 'tolong', 'troll', 'uang', 'urus', 'warrior']"
"['we', 'pontoon', 'jago', 'kasi', 'jago', 'donk']","['donk', 'jago', 'kasi', 'pontoon', 'we']"
"['kenapa', 'woy', 'sinyal', 'hijau', 'ping', 'ms', 'sambung', 'perangkat', 'babi', 'update', 'gagal', 'palah', 'rilis', 'tolol']","['babi', 'gagal', 'hijau', 'kenapa', 'ms', 'palah', 'perangkat', 'ping', 'rilis', 'sambung', 'sinyal', 'tolol', 'update', 'woy']"
['senang'],['senang']
"['oke', 'tolong', 'banget', 'beri', 'musuh', 'bukan', 'ketemu', 'musuh', 'duo', 'trio', 'benar', 'benar', 'susah', 'tolong', 'banget', 'baru', 'terimakasih']","['banget', 'baru', 'benar', 'beri', 'bukan', 'duo', 'ketemu', 'musuh', 'oke', 'susah', 'terimakasih', 'tolong', 'trio']"
"['oyy', 'jelsas', 'sedikit', 'napa', 'bias', 'sinyal', 'bagus', 'kadang', 'pin', 'gabisa', 'gerak', 'plislah', 'defeat', 'sakit', 'klw', 'banding', 'ff', 'gitu', 'lancar', 'bisah', 'gerak', 'kocak', 'makanya', 'yakin', 'masalah', 'bukan', 'sinyal', 'ingat', 'bukan']","['bagus', 'banding', 'bias', 'bisah', 'bukan', 'defeat', 'ff', 'gabisa', 'gerak', 'gitu', 'ingat', 'jelsas', 'kadang', 'klw', 'kocak', 'lancar', 'makanya', 'masalah', 'napa', 'oyy', 'pin', 'plislah', 'sakit', 'sedikit', 'sinyal', 'yakin']"
"['event', 'lg', 'bosen', 'trs', 'lg', 'event', 'lain']","['bosen', 'event', 'lain', 'lg', 'trs']"
"['otak', 'normal', 'strees']","['normal', 'otak', 'strees']"
['keren'],['keren']
"['jangan', 'curang', 'musuh', 'komputer']","['curang', 'jangan', 'komputer', 'musuh']"
['bagus'],['bagus']
['enak'],['enak']
['rusak'],['rusak']
"['selalu', 'beban', 'sengaja', 'troll', 'gelap', 'susah', 'naik', 'tahay']","['beban', 'gelap', 'naik', 'selalu', 'sengaja', 'susah', 'tahay', 'troll']"
"['bangkrut', 'baru', 'paksa', 'diamond']","['bangkrut', 'baru', 'diamond', 'paksa']"
"['brawl', 'slot']","['brawl', 'slot']"
"['seru', 'pokok']","['pokok', 'seru']"
"['juang', 'anj']","['anj', 'juang']"
"['stiap', 'ngestak', 'pdhl', 'mh', 'aman', 'tolong', 'segera', 'baik']","['aman', 'baik', 'mh', 'ngestak', 'pdhl', 'segera', 'stiap', 'tolong']"
"['season', 'baru', 'ngomong', 'paling', 'parah', 'sndiri', 'tipikal', 'pernah', 'komplen', 'emng', 'kalah', 'pasti', 'lag', 'semua', 'lag', 'parah', 'musuh', 'pasti', 'gg', 'parah', 'terlalu', 'jgn', 'donlod', 'buruk']","['baru', 'buruk', 'donlod', 'emng', 'gg', 'jgn', 'kalah', 'komplen', 'lag', 'musuh', 'ngomong', 'paling', 'parah', 'pasti', 'pernah', 'season', 'semua', 'sndiri', 'terlalu', 'tipikal']"
"['selalu', 'lag', 'tibaba', 'mati', 'baik']","['baik', 'lag', 'mati', 'selalu', 'tibaba']"
"['masa', 'full', 'baik', 'lag', 'sendiri', 'error', 'tolong', 'baik']","['baik', 'error', 'full', 'lag', 'masa', 'sendiri', 'tolong']"
"['banyak', 'banyak', 'istighfar']","['banyak', 'istighfar']"
"['haram', 'naik', 'turun', 'naik', 'turun', 'asu', 'komputer']","['asu', 'haram', 'komputer', 'naik', 'turun']"
['bagus'],['bagus']
"['teman', 'selalu', 'gelap', 'selalu', 'lag', 'buka', 'youtube', 'bagus', 'bagus', 'teman', 'gelap', 'ahk', 'benar', 'gg', 'pro', 'rating', 'satu', 'bintang', 'musuh', 'gg', 'sedang', 'bot', 'pokok', 'joki', 'proplayer', 'top', 'global']","['ahk', 'bagus', 'benar', 'bintang', 'bot', 'buka', 'gelap', 'gg', 'global', 'joki', 'lag', 'musuh', 'pokok', 'pro', 'proplayer', 'rating', 'satu', 'sedang', 'selalu', 'teman', 'top', 'youtube']"
"['bagus', 'hd', 'cakep', 'bagus', 'utama', 'obsidia']","['bagus', 'cakep', 'hd', 'obsidia', 'utama']"
['seruu'],['seruu']
"['keren', 'bagus', 'sedikit', 'kurang', 'yaitu', 'lag', 'stabil', 'harap', 'tanggap', 'ulas', 'baik']","['bagus', 'baik', 'harap', 'keren', 'kurang', 'lag', 'sedikit', 'stabil', 'tanggap', 'ulas', 'yaitu']"
"['update', 'sekarang', 'freeze', 'al', 'hasil', 'lose', 'streak', 'belum', 'update', 'lancar', 'kecewa']","['al', 'belum', 'freeze', 'hasil', 'kecewa', 'lancar', 'lose', 'sekarang', 'streak', 'update']"
"['cukup', 'seru', 'makin', 'lama', 'makin', 'berat', 'hpku', 'bukan', 'gaming', 'gampang', 'panas']","['berat', 'bukan', 'cukup', 'gaming', 'gampang', 'hpku', 'lama', 'makin', 'panas', 'seru']"
"['musuh', 'susah']","['musuh', 'susah']"
"['atas', 'teman', 'yaitu', 'samuel', 'prabowo', 'jika', 'guna', 'samar', 'anggap', 'langgar', 'atur', 'pasal', 'undangundang']","['anggap', 'atas', 'atur', 'guna', 'jika', 'langgar', 'pasal', 'prabowo', 'samar', 'samuel', 'teman', 'undangundang', 'yaitu']"
"['ngerank', 'bocil']","['bocil', 'ngerank']"
"['fikss', 'percaya', 'banyak', 'legends', 'bang', 'bang', 'pasti', 'banyak', 'ngalamin', 'bug', 'skill', 'sinyal', 'slalu', 'hilang', 'ingame', 'rating', 'b', 'tuju', 'pihak', 'bukan', 'dua', 'ngalamin', 'kyk', 'begini', 'performa', 'turun', 'bukan', 'cuma', 'banyak', 'banyak', 'pensi', 'masalah', 'bgni', 'contoh', 'teman', 'tolong', 'developer', 'baik', 'jt', 'lebih', 'wakil']","['baik', 'bang', 'banyak', 'begini', 'bgni', 'bug', 'bukan', 'contoh', 'cuma', 'developer', 'dua', 'fikss', 'hilang', 'ingame', 'jt', 'kyk', 'lebih', 'legends', 'masalah', 'ngalamin', 'pasti', 'pensi', 'percaya', 'performa', 'pihak', 'rating', 'sinyal', 'skill', 'slalu', 'teman', 'tolong', 'tuju', 'turun', 'wakil']"
"['muas', 'tolong', 'gelap', 'rangin']","['gelap', 'muas', 'rangin', 'tolong']"
"['bagus', 'reting', 'bintang']","['bagus', 'bintang', 'reting']"
"['jelek', 'banyak', 'ewean', 'hapus']","['banyak', 'ewean', 'hapus', 'jelek']"
"['punya', 'kendala', 'yaitu', 'asik', 'sinyal', 'hilang', 'tampil', 'teks', 'hubung', 'tanding', 'umum', 'kuota', 'aktif', 'ping', 'hijau', 'sekitar', 'ms', 'entah', 'knp', 'makin', 'berat', 'kentang', 'sinyal', 'makin', 'kacau', 'moga', 'lain', 'lebih', 'baik']","['aktif', 'asik', 'baik', 'berat', 'entah', 'hijau', 'hilang', 'hubung', 'kacau', 'kendala', 'kentang', 'knp', 'kuota', 'lain', 'lebih', 'makin', 'moga', 'ms', 'ping', 'punya', 'sekitar', 'sinyal', 'tampil', 'tanding', 'teks', 'umum', 'yaitu']"
"['represing', 'hilang', 'stres', 'nambah', 'stres', 'lost', 'treak', 'kon']","['hilang', 'kon', 'lost', 'nambah', 'represing', 'stres', 'treak']"
"['tolol', 'jelas']","['jelas', 'tolol']"
"['buruk', 'sinyal', 'rusak', 'buruk', 'kematen', 'update', 'skin', 'kolektor', 'sinyal', 'dadak', 'hilang', 'lping', 'atas', 'begini', 'lama', 'banyak', 'uninstal', 'gara', 'sinyal', 'hilang', 'lostreak', 'njing']","['atas', 'banyak', 'begini', 'buruk', 'dadak', 'gara', 'hilang', 'kematen', 'kolektor', 'lama', 'lostreak', 'lping', 'njing', 'rusak', 'sinyal', 'skin', 'uninstal', 'update']"
"['emng', 't', 'buka', 'neng', 'stres']","['buka', 'emng', 'neng', 'stres']"
['bagus'],['bagus']
"['keren', 'banget']","['banget', 'keren']"
"['tolong', 'jangan', 'darksistem', 'semua', 'anj', 'pen', 'mythic', 'glory', 'cok', 'liatt', 'komen']","['anj', 'cok', 'darksistem', 'glory', 'jangan', 'komen', 'liatt', 'mythic', 'pen', 'semua', 'tolong']"
"['lag', 'lag', 'mid', 'baru', 'lag', 'gimana', 'kalah', 'dominasi', 'duluan', 'musuh']","['baru', 'dominasi', 'duluan', 'gimana', 'kalah', 'lag', 'mid', 'musuh']"
"['makin', 'parah', 'lag']","['lag', 'makin', 'parah']"
"['jelas', 'gelap']","['gelap', 'jelas']"
"['minimal', 'nyepin', 'pernah', 'hoki', 'win', 'strikk', 'beri', 'komputer', 'semua', 'anj']","['anj', 'beri', 'hoki', 'komputer', 'minimal', 'nyepin', 'pernah', 'semua', 'strikk', 'win']"
['bagus'],['bagus']
"['bagi', 'skin']","['bagi', 'skin']"
"['asu', 'lag', 'sudah', 'pakek', 'wifipaket', 'dataa', 'tolol', 'babi', 'haramm']","['asu', 'babi', 'dataa', 'haramm', 'lag', 'pakek', 'sudah', 'tolol', 'wifipaket']"
"['sihh', 'gede', 'lag', 'tolol']","['gede', 'lag', 'sihh', 'tolol']"
"['tolol', 'co']","['co', 'tolol']"
"['benar', 'milih', 'lawan', 'sendiri', 'imbang', 'bukan', 'vs', 'afkjangan', 'beban', 'ranked', 'benah', 'vs', 'padan', 'menang', 'kalah', 'urus', 'nanti', 'turun', 'ketemu', 'gelap', 'vs', 'lalu', 'vs', 'gelap', 'bukan', 'kalah', 'fear', 'vs', 'gapapa', 'classic', 'ketemu', 'gelap', 'vs']","['afkjangan', 'beban', 'benah', 'benar', 'bukan', 'classic', 'fear', 'gapapa', 'gelap', 'imbang', 'kalah', 'ketemu', 'lalu', 'lawan', 'menang', 'milih', 'nanti', 'padan', 'ranked', 'sendiri', 'turun', 'urus', 'vs']"
['sampah'],['sampah']
['redy'],['redy']
"['bintang', 'bukan', 'bagus', 'jelek', 'makin', 'sekarang', 'makin', 'ngebug', 'masa', 'loby', 'warna', 'ungu', 'draf', 'suka', 'lag', 'tambah', 'bagus', 'suka', 'lag']","['bagus', 'bintang', 'bukan', 'draf', 'jelek', 'lag', 'loby', 'makin', 'masa', 'ngebug', 'sekarang', 'suka', 'tambah', 'ungu', 'warna']"
"['pencet', 'hubung', 'akun', 'wanya']","['akun', 'hubung', 'pencet', 'wanya']"
"['offline', 'bintang', 'lima', 'biasa', 'hotspot', 'tetangga', 'lag', 'marah', 'pukul', 'gitu']","['biasa', 'bintang', 'gitu', 'hotspot', 'lag', 'lima', 'marah', 'offline', 'pukul', 'tetangga']"
"['terlalu', 'banyak', 'jasa', 'joki', 'banyak', 'beban', 'ranked', 'ripot', 'pernah', 'hasil', 'walaupun', 'skor', 'gelap', 'kacau']","['banyak', 'beban', 'gelap', 'hasil', 'jasa', 'joki', 'kacau', 'pernah', 'ranked', 'ripot', 'skor', 'terlalu', 'walaupun']"
"['babi', 'benar']","['babi', 'benar']"
"['gelap', 'mlu', 'gmn', 'mles', 'hpus', 'ganti']","['ganti', 'gelap', 'gmn', 'hpus', 'mles', 'mlu']"
"['parah', 'benar', 'selalu', 'lag', 'pdahal', 'bgus', 'sinyal', 'banyak', 'bug', 'nie', 'tolong', 'baik', 'perhati']","['baik', 'banyak', 'benar', 'bgus', 'bug', 'lag', 'nie', 'parah', 'pdahal', 'perhati', 'selalu', 'sinyal', 'tolong']"
['kombeck'],['kombeck']
"['kenapaa', 'sinyalnyaa', 'sinyal', 'bagus', 'lag', 'ahh', 'rusak', 'napa']","['ahh', 'bagus', 'kenapaa', 'lag', 'napa', 'rusak', 'sinyal', 'sinyalnyaa']"
"['tolong', 'rangin', 'mb']","['mb', 'rangin', 'tolong']"
"['oii', 'awas', 'misal', 'magic', 'core', 'reset', 'bulan', 'sumpahin', 'pasti', 'blunder', 'pasti', 'makin', 'sepi', 'nanti', 'gara', 'hal']","['awas', 'blunder', 'bulan', 'core', 'gara', 'hal', 'magic', 'makin', 'misal', 'nanti', 'oii', 'pasti', 'reset', 'sepi', 'sumpahin']"
"['akun', 'kenapa', 'kaitin', 'suatu', 'salah', 'satu', 'opsi', 'akun', 'ilang', 'bind']","['akun', 'bind', 'ilang', 'kaitin', 'kenapa', 'opsi', 'salah', 'satu', 'suatu']"
"['sekarang', 'mudah', 'lag', 'loding', 'lama', 'wifi', 'masuk', 'masuk', 'afk', 'mohon', 'bantu', 'pak']","['afk', 'bantu', 'lag', 'lama', 'loding', 'masuk', 'mohon', 'mudah', 'pak', 'sekarang', 'wifi']"
['bgus'],['bgus']
"['mermerlukan', 'luar', 'biasa']","['biasa', 'luar', 'mermerlukan']"
"['bagus', 'kadang', 'masalah', 'seru', 'kesal', 'senang']","['bagus', 'kadang', 'kesal', 'masalah', 'senang', 'seru']"
"['ngawur', 'high', 'mythical', 'glory', 'tinggi', 'ketemu', 'satu', 'high', 'mythic', 'mythical', 'bintang', 'ketemu', 'trio', 'tolong', 'perhati', 'bagus']","['bagus', 'bintang', 'glory', 'high', 'ketemu', 'mythic', 'mythical', 'ngawur', 'perhati', 'satu', 'tinggi', 'tolong', 'trio']"
"['skin', 'bagus']","['bagus', 'skin']"
['anjg'],['anjg']
"['simpel', 'gc', 'jelas', 'spell', 'retri', 'mala', 'ngpus', 'minion', 'kecewa', 'banget']","['banget', 'gc', 'jelas', 'kecewa', 'mala', 'minion', 'ngpus', 'retri', 'simpel', 'spell']"
"['bagus', 'tahan', 'menara', 'tanpa', 'koneksi', 'pokok', 'bagus']","['bagus', 'koneksi', 'menara', 'pokok', 'tahan', 'tanpa']"
['rusak'],['rusak']
"['saran', 'matchnya', 'buruk']","['buruk', 'matchnya', 'saran']"
"['strees', 'relog', 'lama', 'jelek', 'banyak', 'update', 'jelek']","['banyak', 'jelek', 'lama', 'relog', 'strees', 'update']"
['nyusahin'],['nyusahin']
"['seru', 'banyak', 'lag']","['banyak', 'lag', 'seru']"
"['makas', 'sudah', 'lama', 'hibur', 'kadang', 'stres', 'banyak', 'kalah', 'gelap', 'systemnya', 'gapapa', 'bagus', 'beberapa', 'bug', 'update', 'tan', 'terimakasih']","['bagus', 'banyak', 'beberapa', 'bug', 'gapapa', 'gelap', 'hibur', 'kadang', 'kalah', 'lama', 'makas', 'stres', 'sudah', 'systemnya', 'tan', 'terimakasih', 'update']"
"['bintang', 'buruk', 'ee', 'semua']","['bintang', 'buruk', 'ee', 'semua']"
"['baga', 'buang', 'sja']","['baga', 'buang', 'sja']"
['bagus'],['bagus']
"['bagus', 'lag', 'jir']","['bagus', 'jir', 'lag']"
['seru'],['seru']
"['ta', 'akun', 'ban', 'sembarang', 'tasu']","['akun', 'ban', 'sembarang', 'ta', 'tasu']"
"['buruk', 'benar', 'anjg', 'ngasi', 'bapuk', 'benar', 'asuu', 'asu', 'boikot', 'anjg']","['anjg', 'asu', 'asuu', 'bapuk', 'benar', 'boikot', 'buruk', 'ngasi']"
"['bagus', 'banget', 'sinyal', 'baik']","['bagus', 'baik', 'banget', 'sinyal']"
"['makin', 'stres', 'koontol']","['koontol', 'makin', 'stres']"
"['sepi', 'matching', 'sampai', 'menit']","['matching', 'menit', 'sampai', 'sepi']"
['taik'],['taik']
"['benar', 'masa', 'glory', 'ketemu', 'gtu', 'aneh', 'bngtt']","['aneh', 'benar', 'bngtt', 'glory', 'gtu', 'ketemu', 'masa']"
"['percuma', 'atur', 'draft', 'beberapa', 'imbang', 'banyak', 'feedtroll', 'makin', 'mls']","['atur', 'banyak', 'beberapa', 'draft', 'feedtroll', 'imbang', 'makin', 'mls', 'percuma']"
"['bintang', 'jg', 'sudah', 'uninstall', 'hilang', 'sinyal', 'full']","['bintang', 'full', 'hilang', 'jg', 'sinyal', 'sudah', 'uninstall']"
"['opsi', 'report', 'tanding', 'guna', 'selain', 'afk', 'ayo', 'meski', 'medal', 'gold', 'bapuk', 'banyak', 'mati', 'push', 'tower', 'bagai', 'sebab', 'kalah', 'wajib', 'tindak', 'cerita', 'lebih', 'bagus', 'kemanamana', 'dalam', 'hal', 'tindak']","['afk', 'ayo', 'bagai', 'bagus', 'banyak', 'bapuk', 'cerita', 'dalam', 'gold', 'guna', 'hal', 'kalah', 'kemanamana', 'lebih', 'mati', 'medal', 'meski', 'opsi', 'push', 'report', 'sebab', 'selain', 'tanding', 'tindak', 'tower', 'wajib']"
"['terlalu', 'banyak', 'akun', 'bot']","['akun', 'banyak', 'bot', 'terlalu']"
['buruk'],['buruk']
"['matching', 'benar', 'jelas']","['benar', 'jelas', 'matching']"
"['tolong', 'baik', 'bug', 'bug', 'jangan', 'event', 'patch', 'urusin', 'bug', 'bug', 'dalam', 'biarin', 'mana', 'pensi']","['baik', 'biarin', 'bug', 'dalam', 'event', 'jangan', 'mana', 'patch', 'pensi', 'tolong', 'urusin']"
"['dongo', 'mentang', 'peringkat', 'global', 'kawan', 'bot', 'lose']","['bot', 'dongo', 'global', 'kawan', 'lose', 'mentang', 'peringkat']"
"['muntun', 'tolong', 'sinyaljaringan', 'jelek', 'paket', 'lancar', 'pernah', 'pakek', 'wifi', 'sinyal', 'tetap', 'buruk', 'kesel', 'knp', 'lag', 'gerak', 'teman', 'lancar', 'jalan', 'sinyal', 'jelek', 'otomatis', 'lihat', 'lag', 'knp', 'kesel', 'push', 'renk', 'barw', 'tolong', 'muntun', 'history', 'silver', 'coklat', 'kadang', 'afk', 'knp', 'sejak', 'ab', 'tahir', 'buruk']","['ab', 'afk', 'barw', 'buruk', 'coklat', 'gerak', 'history', 'jalan', 'jelek', 'kadang', 'kesel', 'knp', 'lag', 'lancar', 'lihat', 'muntun', 'otomatis', 'pakek', 'paket', 'pernah', 'push', 'renk', 'sejak', 'silver', 'sinyal', 'sinyaljaringan', 'tahir', 'teman', 'tetap', 'tolong', 'wifi']"
"['banyak', 'bug', 'bagi', 'ngasal']","['bagi', 'banyak', 'bug', 'ngasal']"
['oke'],['oke']
"['banyak', 'gelap']","['banyak', 'gelap']"
"['emng', 'seru', 'kadang', 'stres', 'neng', 'sdkit', 'lebih', 'banyak', 'stres', 'buka', 'bahagia', 'kasi', 'bot', 'semua', 'ngerti', 'menang', 'kalah', 'ngertii', 'walaupun', 'lama', 'kolo', 'giniin', 'bosen', 'terimakasih', 'thunny']","['bahagia', 'banyak', 'bosen', 'bot', 'buka', 'emng', 'giniin', 'kadang', 'kalah', 'kasi', 'kolo', 'lama', 'lebih', 'menang', 'neng', 'ngerti', 'ngertii', 'sdkit', 'semua', 'seru', 'stres', 'terimakasih', 'thunny', 'walaupun']"
"['pilih', 'freya', 'hadiah', 'topup', 'pertama', 'beleric']","['beleric', 'freya', 'hadiah', 'pertama', 'pilih', 'topup']"
"['musuh', 'jago', 'dongo', 'capek', 'cok', 'ngegendong', 'gendong', 'tu']","['capek', 'cok', 'dongo', 'gendong', 'jago', 'musuh', 'ngegendong', 'tu']"
"['tolong', 'baik', 'sinyalnyaping', 'selalu', 'merah', 'lelet']","['baik', 'lelet', 'merah', 'selalu', 'sinyalnyaping', 'tolong']"
['suka'],['suka']
"['neng', 'kalah', 'muluk', 'gara', 'gara', 'seim', 'bang', 'tolong', 'jangan', 'sik', 'sa']","['bang', 'gara', 'jangan', 'kalah', 'muluk', 'neng', 'sa', 'seim', 'sik', 'tolong']"
"['tolol', 'masalah', 'tulis', 'ruang', 'habis', 'banyak', 'tolol', 'gimana', 'tolol', 'banget', 'yatim']","['banget', 'banyak', 'gimana', 'habis', 'masalah', 'ruang', 'tolol', 'tulis', 'yatim']"
"['hallo', 'tolong', 'server', 'rusak', 'semenjak', 'bug', 'border', 'avatar', 'alucard', 'lag', 'parah', 'ngefrezee', 'stuck', 'tampil', 'utama', 'kalaupun', 'bintang', 'nambah', 'menang', 'invalid']","['alucard', 'avatar', 'bintang', 'border', 'bug', 'hallo', 'invalid', 'kalaupun', 'lag', 'menang', 'nambah', 'ngefrezee', 'parah', 'rusak', 'semenjak', 'server', 'stuck', 'tampil', 'tolong', 'utama']"
['oah'],['oah']
"['makin', 'makin', 'aneh', 'gelap', 'pernah', 'padan', 'opmeta', 'dipake', 'musuh', 'jago', 'bot', 'bilang', 'jago', 'bot', 'tolong']","['aneh', 'bilang', 'bot', 'dipake', 'gelap', 'jago', 'makin', 'musuh', 'opmeta', 'padan', 'pernah', 'tolong']"
"['no', 'comment']","['comment', 'no']"
"['keran', 'suka']","['keran', 'suka']"
"['ko', 'sekarang', 'susah', 'buka', 'yh', 'sayah']","['buka', 'ko', 'sayah', 'sekarang', 'susah', 'yh']"
"['turun', 'harga', 'dm']","['dm', 'harga', 'turun']"
"['cpe', 'ketemu', 'gelap', 'semua', 'jadeh', 'makin', 'banyak', 'gelap', 'banyak', 'ngtik', 'sok', 'jago', 'hadeh', 'hadeh', 'abk', 'semua', 'cpe', 'ge', 'cpe', 'gendong', 'ketemu', 'abk', 'tolong', 'abk', 'usah', 'cpe', 'dongo', 'semua', 'cpe', 'gendong', 'dongo', 'ajg']","['abk', 'ajg', 'banyak', 'cpe', 'dongo', 'ge', 'gelap', 'gendong', 'hadeh', 'jadeh', 'jago', 'ketemu', 'makin', 'ngtik', 'semua', 'sok', 'tolong', 'usah']"
['bagus'],['bagus']
"['kasi', 'yng', 'bagus', 'napa', 'capek', 'kalah', 'kontol']","['bagus', 'capek', 'kalah', 'kasi', 'kontol', 'napa', 'yng']"
"['tai', 'bot', 'mending', 'hapus']","['bot', 'hapus', 'mending', 'tai']"
"['buruk', 'ping', 'merah', 'payah', 'ubah']","['buruk', 'merah', 'payah', 'ping', 'ubah']"
"['rusak', 'mitic', 'tabrakin', 'miskirkisd']","['miskirkisd', 'mitic', 'rusak', 'tabrakin']"
"['habis', 'abdet', 'tambah', 'jelas', 'gems', 'internet', 'ilang', 'mohon', 'segera', 'perhati', 'nyaman', 'para']","['abdet', 'gems', 'habis', 'ilang', 'internet', 'jelas', 'mohon', 'nyaman', 'para', 'perhati', 'segera', 'tambah']"
"['benar', 'masa', 'layla', 'janggel', 'benar', 'baru', 'bintang', 'beban', 'asa', 'musuh', 'bagus', 'bagus', 'agak', 'jago']","['agak', 'asa', 'bagus', 'baru', 'beban', 'benar', 'bintang', 'jago', 'janggel', 'layla', 'masa', 'musuh']"
"['fider', 'ripot', 'nunggu', 'dlu', 'aneh', 'bngt', 'mending', 'epep', 'rusak']","['aneh', 'bngt', 'dlu', 'epep', 'fider', 'mending', 'nunggu', 'ripot', 'rusak']"
"['samakin', 'update', 'makin', 'busuk', 'sinyal', 'macet', 'tolong', 'prngertiannya']","['busuk', 'macet', 'makin', 'prngertiannya', 'samakin', 'sinyal', 'tolong', 'update']"
"['buruk', 'rekomendasi', 'cocok', 'buang', 'sampah']","['buang', 'buruk', 'cocok', 'rekomendasi', 'sampah']"
['favorit'],['favorit']
"['woy', 'kw', 'benar', 'lol', 'kw', 'beri', 'benar', 'ibarat', 'rombong', 'pascol', 'lawan', 'skaylar', 'tolol', 'kw', 'kalah', 'mvp', 'montan', 'capek', 'normal', 'mitic', 'hanabi', 'ispayer', 'zilong', 'roam', 'tol']","['benar', 'beri', 'capek', 'hanabi', 'ibarat', 'ispayer', 'kalah', 'kw', 'lawan', 'lol', 'mitic', 'montan', 'mvp', 'normal', 'pascol', 'roam', 'rombong', 'skaylar', 'tol', 'tolol', 'woy', 'zilong']"
"['gatel', 'teman', 'satu', 'jelek', 'buruk', 'kalah', 'kalah', 'mvp', 'satu', 'beban', 'tolong', 'bantu', 'asal', 'asal', 'ban']","['asal', 'ban', 'bantu', 'beban', 'buruk', 'gatel', 'jelek', 'kalah', 'mvp', 'satu', 'teman', 'tolong']"
"['seru', 'iy']","['iy', 'seru']"
"['lihat', 'ulas', 'banyak', 'komen', 'bahkan', 'banyak', 'celah', 'ngak', 'ppa', 'bot', 'kurang', 'faham', 'hadap', 'dalam', 'se', 'pasti', 'satu', 'bodoh', 'klu', 'begini', 'banyak', 'pindah']","['bahkan', 'banyak', 'begini', 'bodoh', 'bot', 'celah', 'dalam', 'faham', 'hadap', 'klu', 'komen', 'kurang', 'lihat', 'ngak', 'pasti', 'pindah', 'ppa', 'satu', 'se', 'ulas']"
['bagus'],['bagus']
"['adil', 'bagi']","['adil', 'bagi']"
['bagus'],['bagus']
"['abis', 'draft', 'kenapa', 'ngeframe', 'sudah', 'tengah', 'suka', 'lag']","['abis', 'draft', 'kenapa', 'lag', 'ngeframe', 'sudah', 'suka', 'tengah']"
"['heh', 'monoton', 'beri', 'benar', 'sore', 'nyampe', 'subuh', 'ubah', 'makin', 'update', 'makin', 'rusak', 'ganti', 'rusak']","['benar', 'beri', 'ganti', 'heh', 'makin', 'monoton', 'nyampe', 'rusak', 'sore', 'subuh', 'ubah', 'update']"
"['knpa', 'sekarang', 'lag', 'bagus']","['bagus', 'knpa', 'lag', 'sekarang']"
"['sll', 'teman', 'buruk', 'pdhl', 'musuh', 'pro', 'jelas', 'uninstall', 'bye', 'th', 'nyata', 'bnr', 'bukan', 'have', 'fun', 'stres']","['bnr', 'bukan', 'buruk', 'bye', 'fun', 'have', 'jelas', 'musuh', 'nyata', 'pdhl', 'pro', 'sll', 'stres', 'teman', 'th', 'uninstall']"
"['gam', 'jelas', 'server', 'lag', 'parah', 'belum', 'rusak', 'lancar', 'draf', 'pik', 'serfer', 'lag', 'rusak', 'nugini', 'nyaingin', 'enak', 'mundur', 'suara', 'dengerin', 'rusak', 'salah', 'serfer', 'muak', 'lag', 'ngek', 'begini', 'lama', 'lama', 'pindah', 'nanti', 'baru']","['baru', 'begini', 'belum', 'dengerin', 'draf', 'enak', 'gam', 'jelas', 'lag', 'lama', 'lancar', 'muak', 'mundur', 'nanti', 'ngek', 'nugini', 'nyaingin', 'parah', 'pik', 'pindah', 'rusak', 'salah', 'serfer', 'server', 'suara']"
"['nakin', 'lama', 'signal', 'makin', 'parah', 'signal', 'lancarr', 'hilang', 'frezz', 'jelas', 'banyak', 'an', 'update', 'skin', 'doank', 'perhatiin', 'unistal', 'ganti', 'rugi', 'bintang', 'minus', 'minus', 'skor']","['an', 'banyak', 'bintang', 'doank', 'frezz', 'ganti', 'hilang', 'jelas', 'lama', 'lancarr', 'makin', 'minus', 'nakin', 'parah', 'perhatiin', 'rugi', 'signal', 'skin', 'skor', 'unistal', 'update']"
"['mohon', 'bosan', 'kalah', 'menang', 'menang', 'pasti', 'lanjut', 'kalah', 'bosan', 'jika', 'punya', 'teman', 'mabar', 'rekomendasi', 'mendownload']","['bosan', 'jika', 'kalah', 'lanjut', 'mabar', 'menang', 'mendownload', 'mohon', 'pasti', 'punya', 'rekomendasi', 'teman']"
"['this', 'not', 'fair']","['fair', 'not', 'this']"
"['moga', 'meningal', 'dunia', 'aminn']","['aminn', 'dunia', 'meningal', 'moga']"
"['sinyal', 'sekarang', 'buruk', 'full']","['buruk', 'full', 'sekarang', 'sinyal']"
"['putus', 'henti', 'makin', 'lama', 'makin', 'jelas', 'tanding', 'feeder', 'lawan', 'pro', 'hibur', 'emosi', 'buruk']","['buruk', 'emosi', 'feeder', 'henti', 'hibur', 'jelas', 'lama', 'lawan', 'makin', 'pro', 'putus', 'tanding']"
"['tolol', 'anjg']","['anjg', 'tolol']"
"['aneh', 'kaga', 'pernah', 'benar', 'tolol']","['aneh', 'benar', 'kaga', 'pernah', 'tolol']"
"['games', 'filled', 'with', 'gelap', 'systems']","['filled', 'games', 'gelap', 'systems', 'with']"
"['para', 'streamer', 'pd', 'pindah', 'roblox', 'auto', 'sepi', 'rating', 'y', 'drop']","['auto', 'drop', 'para', 'pd', 'pindah', 'rating', 'roblox', 'sepi', 'streamer']"
"['punya', 'ngk', 'diri', 'tolol', 'amat', 'mentang', 'mentang', 'tolol', 'tolol', 'semua', 'haram']","['amat', 'diri', 'haram', 'mentang', 'ngk', 'punya', 'semua', 'tolol']"
"['kecewa', 'rasio', 'rusak', 'gara', 'akun', 'baru']","['akun', 'baru', 'gara', 'kecewa', 'rasio', 'rusak']"
['suka'],['suka']
"['isi', 'tolol', 'ras', 'matching', 'rusak', 'idiot']","['idiot', 'isi', 'matching', 'ras', 'rusak', 'tolol']"
"['makin', 'makin', 'jelas', 'satu', 'ktemu', 'musuh', 'keras', 'abangabang', 'imo', 'layer', 'evic', 'smua', 'jelas', 'adaada', 'lost', 'trek', 'wr', 'hancur', 'mmr', 'ancur', 'ngerti', 'sudah', 'males', 'lamalama']","['abangabang', 'adaada', 'ancur', 'evic', 'hancur', 'imo', 'jelas', 'keras', 'ktemu', 'lamalama', 'layer', 'lost', 'makin', 'males', 'mmr', 'musuh', 'ngerti', 'satu', 'smua', 'sudah', 'trek', 'wr']"
['lancar'],['lancar']
"['bug', 'bahkan', 'beri', 'deg', 'musuh', 'lipat']","['bahkan', 'beri', 'bug', 'deg', 'lipat', 'musuh']"
"['sebenernya', 'suka', 'banget', 'legand', 'cuma', 'sekarang', 'line', 'tentu', 'kurang', 'suka', 'banget', 'punya', 'banyak']","['banget', 'banyak', 'cuma', 'kurang', 'legand', 'line', 'punya', 'sebenernya', 'sekarang', 'suka', 'tentu']"
"['selalu', 'kurang', 'bagus']","['bagus', 'kurang', 'selalu']"
"['lag', 'bareng', 'beda', 'tempat', 'beda', 'beda', 'sinyal']","['bareng', 'beda', 'lag', 'sinyal', 'tempat']"
['haram'],['haram']
"['nerf', 'cici', 'cok']","['cici', 'cok', 'nerf']"
"['bodoh', 'tres', 'pemainyah', 'apdetan', 'baru', 'kecewa']","['apdetan', 'baru', 'bodoh', 'kecewa', 'pemainyah', 'tres']"
"['tolong', 'optimal', 'bagus', 'lag', 'makin', 'update', 'makin', 'perag']","['bagus', 'lag', 'makin', 'optimal', 'perag', 'tolong', 'update']"
"['terlalu', 'berat', 'pangkat', 'kecil', 'musuh', 'imbang', 'problem', 'tidahanya', 'stres', 'musuh', 'jago', 'sudah', 'lama', 'sedakan', 'baru', 'indonesia', 'cepat', 'baik', 'adil', 'benar', 'bagus', 'musuh', 'berat', 'adil', 'mohon', 'maaf', 'jika', 'sopan', 'maaf']","['adil', 'bagus', 'baik', 'baru', 'benar', 'berat', 'cepat', 'imbang', 'indonesia', 'jago', 'jika', 'kecil', 'lama', 'maaf', 'mohon', 'musuh', 'pangkat', 'problem', 'sedakan', 'sopan', 'stres', 'sudah', 'terlalu', 'tidahanya']"
"['rugi', 'bagai', 'oke', 'dpet', 'slalu', 'gajelas', 'apalgi', 'prapilih', 'role', 'maksain', 'role', 'guna', 'pilih', 'dpetnya', 'roam', 'kyaknya', 'mulai', 'mikirin', 'perihal', 'dpet', 'mvp', 'kalah', 'tetap', 'nmbah', 'bintang', 'sbagai', 'bentuk', 'apresiasi', 'rugi', 'tenaga', 'mmr', 'winrate', 'bintang', 'turun', 'mikir', 'bagus', 'win', 'cuma', 'lose', 'mvp', 'semua', 'kgak', 'nyesek', 'weh', 'mikir', 'woy', 'buruk']","['apalgi', 'apresiasi', 'bagai', 'bagus', 'bentuk', 'bintang', 'buruk', 'cuma', 'dpet', 'dpetnya', 'gajelas', 'guna', 'kalah', 'kgak', 'kyaknya', 'lose', 'maksain', 'mikir', 'mikirin', 'mmr', 'mulai', 'mvp', 'nmbah', 'nyesek', 'oke', 'perihal', 'pilih', 'prapilih', 'roam', 'role', 'rugi', 'sbagai', 'semua', 'slalu', 'tenaga', 'tetap', 'turun', 'weh', 'win', 'winrate', 'woy']"
"['admin', 'anjg', 'bot', 'trs']","['admin', 'anjg', 'bot', 'trs']"
"['banyak', 'update', 'kualitas', 'buruk', 'kikir', 'babi']","['babi', 'banyak', 'buruk', 'kikir', 'kualitas', 'update']"
"['report', 'adu', 'customer', 'servicenya', 'baik', 'jawab', 'template', 'solusi', 'parah', 'kenal', 'sampah']","['adu', 'baik', 'customer', 'jawab', 'kenal', 'parah', 'report', 'sampah', 'servicenya', 'solusi', 'template']"
"['tanya', 'perihal', 'adil', 'alami', 'kalah', 'masif', 'fair', 'selalu', 'rugi', 'rekan', 'coba', 'report', 'tindak', 'lanjut', 'jawab', 'baik', 'dar', 'minta', 'maaf', 'mungkin', 'buruk', 'pernah', 'terimakasih']","['adil', 'alami', 'baik', 'buruk', 'coba', 'dar', 'fair', 'jawab', 'kalah', 'lanjut', 'maaf', 'masif', 'minta', 'mungkin', 'perihal', 'pernah', 'rekan', 'report', 'rugi', 'selalu', 'tanya', 'terimakasih', 'tindak']"
['kontol'],['kontol']
"['tolong', 'lh', 'hapus', 'darksistem', 'lebih', 'tanding', 'stuck', 'situ', 'pasti', 'darksistem', 'capek', 'cok', 'bukan', 'have', 'fun', 'stres']","['bukan', 'capek', 'cok', 'darksistem', 'fun', 'hapus', 'have', 'lebih', 'lh', 'pasti', 'situ', 'stres', 'stuck', 'tanding', 'tolong']"
"['mikirr', 'beri', 'matching', 'romawi', 'plus', 'sedang', 'musuh', 'full', 'glory', 'emng', 'tambah', 'stres', 'heran', 'adil', 'banget', 'benar', 'benar', 'rusak', 'rusak', 'ws', 'lgsng', 'ls']","['adil', 'banget', 'benar', 'beri', 'emng', 'full', 'glory', 'heran', 'lgsng', 'ls', 'matching', 'mikirr', 'musuh', 'plus', 'romawi', 'rusak', 'sedang', 'stres', 'tambah', 'ws']"
['kranjingan'],['kranjingan']
"['jangan', 'bro', 'buang', 'buang']","['bro', 'buang', 'jangan']"
"['cari', 'imbang']","['cari', 'imbang']"
"['daerah', 'jawa', 'timur', 'jawa', 'tengah', 'mati', 'babi']","['babi', 'daerah', 'jawa', 'mati', 'tengah', 'timur']"
"['macam', 'isi', 'balita', 'gelap', 'semua']","['balita', 'gelap', 'isi', 'macam', 'semua']"
"['benar', 'benar', 'aneh', 'bagus', 'lag', 'kadang', 'hapus', 'baru']","['aneh', 'bagus', 'baru', 'benar', 'hapus', 'kadang', 'lag']"
"['aneh', 'selalu', 'gelap', 'stres', 'orng']","['aneh', 'gelap', 'orng', 'selalu', 'stres']"
"['kontol', 'lag']","['kontol', 'lag']"
"['cl', 'imbang', 'masa', 'bagai', 'beban', 'musuh', 'jago', 'skill', 'sudah', 'gitu', 'wr', 'balance', 'pula', 'kalah', 'turun', 'banyak', 'win', 'naik', 'sedikit', 'sinyal', 'turun', 'naiklag', 'jumping', 'sinyal', 'tes', 'hijau', 'masalah', 'segera', 'atas', 'tetap', 'bintang', 'satu', 'dasar', 'tambah', 'stres']","['atas', 'bagai', 'balance', 'banyak', 'beban', 'bintang', 'cl', 'dasar', 'gitu', 'hijau', 'imbang', 'jago', 'jumping', 'kalah', 'masa', 'masalah', 'musuh', 'naik', 'naiklag', 'pula', 'satu', 'sedikit', 'segera', 'sinyal', 'skill', 'stres', 'sudah', 'tambah', 'tes', 'tetap', 'turun', 'win', 'wr']"
"['abis', 'baru', 'makin', 'lag', 'bagus']","['abis', 'bagus', 'baru', 'lag', 'makin']"
"['jelek', 'bnyk', 'gelap']","['bnyk', 'gelap', 'jelek']"
['tolol'],['tolol']
"['beri', 'pernah', 'benar', 'tolol']","['benar', 'beri', 'pernah', 'tolol']"
"['tolol', 'rate', 'bagus', 'report', 'laen', 'kurang', 'ks', 'report', 'respon', 'buangsat']","['bagus', 'buangsat', 'ks', 'kurang', 'laen', 'rate', 'report', 'respon', 'tolol']"
"['waras', 'dongo', 'moontod', 'poke']","['dongo', 'moontod', 'poke', 'waras']"
"['rusak', 'stres']","['rusak', 'stres']"
"['rusak', 'sumpah']","['rusak', 'sumpah']"
"['tolong', 'ban', 'trol', 'masa', 'make', 'zilong', 'mid', 'bilang', 'menang', 'dia', 'mati', 'nyalahin', 'satu', 'teman', 'ngedukung', 'pula', 'make', 'zilong', 'mid', 'lelah', 'pepek']","['ban', 'bilang', 'dia', 'lelah', 'make', 'masa', 'mati', 'menang', 'mid', 'ngedukung', 'nyalahin', 'pepek', 'pula', 'satu', 'teman', 'tolong', 'trol', 'zilong']"
"['sportif', 'adil', 'kurang', 'sportif', 'selalu', 'anggap', 'laku', 'langgar', 'kurang', 'skor', 'poin', 'admin', 'bagus', 'sportif', 'jangan', 'cundang', 'selalu', 'pihak', 'kepada', 'lain', 'cam', 'baik', 'baik', 'ingat', 'paham']","['adil', 'admin', 'anggap', 'bagus', 'baik', 'cam', 'cundang', 'ingat', 'jangan', 'kepada', 'kurang', 'lain', 'laku', 'langgar', 'paham', 'pihak', 'poin', 'selalu', 'skor', 'sportif']"
"['reng', 'kecil', 'kasi', 'lwan', 'reng', 'tinggi', 'pasti', 'kalah']","['kalah', 'kasi', 'kecil', 'lwan', 'pasti', 'reng', 'tinggi']"
"['ngapasi', 'lag', 'make', 'kouta', 'lag', 'kontes', 'lord', 'lag']","['kontes', 'kouta', 'lag', 'lord', 'make', 'ngapasi']"
"['babi', 'gemar', 'banyak', 'pernah', 'baik', 'diam', 'mending', 'lebih', 'asik']","['asik', 'babi', 'baik', 'banyak', 'diam', 'gemar', 'lebih', 'mending', 'pernah']"
"['overall', 'bagus', 'masa', 'besar', 'iya', 'jelas', 'gajelas', 'inti', 'minggu', 'kemaren', 'menang', 'please', 'mohon', 'banget', 'baik', 'ulang', 'gi', 'grandmaster', 'kompak', 'masa', 'atas', 'susah', 'banget']","['atas', 'bagus', 'baik', 'banget', 'besar', 'gajelas', 'gi', 'grandmaster', 'inti', 'iya', 'jelas', 'kemaren', 'kompak', 'masa', 'menang', 'minggu', 'mohon', 'overall', 'please', 'susah', 'ulang']"
"['woy', 'cok', 'dancok', 'gamr', 'mu', 'koyok', 'gatell', 'asu', 'kirekk', 'dancok']","['asu', 'cok', 'dancok', 'gamr', 'gatell', 'kirekk', 'koyok', 'mu', 'woy']"
"['busuk', 'server', 'aneh', 'kalah', 'mach', 'aneh', 'busuk', 'sedang', 'musuh', 'bagus', 'sudah', 'ganti', 'akun', 'baru', 'tetap', 'grafik', 'bagusin', 'event', 'banyakin', 'play', 'benahin', 'tetap', 'busuk', 'sen', 'tolol', 'mach', 'imbang']","['akun', 'aneh', 'bagus', 'bagusin', 'banyakin', 'baru', 'benahin', 'busuk', 'event', 'ganti', 'grafik', 'imbang', 'kalah', 'mach', 'musuh', 'play', 'sedang', 'sen', 'server', 'sudah', 'tetap', 'tolol']"
['kalah'],['kalah']
"['kenapa', 'sudah', 'update', 'sekarang', 'lebih', 'terputuskoneksi', 'lambatdelayy', 'ganggu', 'kenceng', 'wifidataa']","['ganggu', 'kenapa', 'kenceng', 'lambatdelayy', 'lebih', 'sekarang', 'sudah', 'terputuskoneksi', 'update', 'wifidataa']"
"['woy', 'developer', 'makin', 'update', 'makin', 'busuk', 'bug', 'benar', 'rusak', 'server', 'busuk', 'ngaco', 'bug', 'update', 'makin', 'parah']","['benar', 'bug', 'busuk', 'developer', 'makin', 'ngaco', 'parah', 'rusak', 'server', 'update', 'woy']"
"['tolong', 'beri', 'benar']","['benar', 'beri', 'tolong']"
"['please', 'fix', 'you', 'server', 'because', 'lag', 'play', 'if', 'used', 'wify', 'and', 'plaese', 'fix', 'chaeter', 'this', 'oke', 'if', 'you', 'already', 'fix', 'lag', 'and', 'cheater', 'wa', 'nt', 'gift', 'you', 'stars', 'oke']","['already', 'and', 'because', 'chaeter', 'cheater', 'fix', 'gift', 'if', 'lag', 'nt', 'oke', 'plaese', 'play', 'please', 'server', 'stars', 'this', 'used', 'wa', 'wify', 'you']"
"['taik', 'lostrek']","['lostrek', 'taik']"
"['sumpah', 'matckingnya', 'lama', 'banget', 'cuma', 'rool', 'sumpag', 'ngotak', 'lama']","['banget', 'cuma', 'lama', 'matckingnya', 'ngotak', 'rool', 'sumpag', 'sumpah']"
"['pantes', 'ktemu', 'becus', 'sinyal', 'lag', 'sendiri', 'hapus', 'play', 'store']","['becus', 'hapus', 'ktemu', 'lag', 'pantes', 'play', 'sendiri', 'sinyal', 'store']"
"['jelas', 'lama', 'digabungin', 'semua', 'bocil', 'resah', 'gendong', 'lama', 'males', 'sumpah', 'digabungin', 'tot']","['bocil', 'digabungin', 'gendong', 'jelas', 'lama', 'males', 'resah', 'semua', 'sumpah', 'tot']"
"['knapa', 'ketemu', 'top', 'global', 'sentuh', 'top', 'provinsi', 'belum', 'blas']","['belum', 'blas', 'global', 'ketemu', 'knapa', 'provinsi', 'sentuh', 'top']"
"['tolong', 'misal', 'chat', 'masuk', 'sensitif', 'ilangin', 'minimal', 'kocak', 'biar', 'plonga', 'plongo', 'nungguin', 'balesin', 'chat', 'nyata', 'emg', 'kirim']","['balesin', 'biar', 'chat', 'emg', 'ilangin', 'kirim', 'kocak', 'masuk', 'minimal', 'misal', 'nungguin', 'nyata', 'plonga', 'plongo', 'sensitif', 'tolong']"
['tres'],['tres']
"['anjing', 'pay', 'win', 'bangsat']","['anjing', 'bangsat', 'pay', 'win']"
"['hilang', 'stres', 'selalu', 'stres', 'garagara', 'banyak', 'ngerti']","['banyak', 'garagara', 'hilang', 'ngerti', 'selalu', 'stres']"
"['bedain', 'skill', 'playernya', 'masa', 'jago', 'dongo', 'mana', 'musuh', 'jago', 'mytic', 'masa', 'nasih', 'epick', 'aneh', 'oon']","['aneh', 'bedain', 'dongo', 'epick', 'jago', 'mana', 'masa', 'musuh', 'mytic', 'nasih', 'oon', 'playernya', 'skill']"
['seru'],['seru']
"['jelek', 'banget', 'drafpick', 'oot', 'semua', 'benar']","['banget', 'benar', 'drafpick', 'jelek', 'oot', 'semua']"
"['kon', 'tol', 'lawan', 'keras', 'iya', 'kelas', 'ajg', 'naikin', 'bintang', 'susah', 'minta', 'ampun', 'kocak', 'beri', 'cacat', 'gelap', 'taeklah', 'makin', 'lama', 'seru', 'imbang', 'beri', 'dasar', 'ajg', 'moontoon', 'asu']","['ajg', 'ampun', 'asu', 'beri', 'bintang', 'cacat', 'dasar', 'gelap', 'imbang', 'iya', 'kelas', 'keras', 'kocak', 'kon', 'lama', 'lawan', 'makin', 'minta', 'moontoon', 'naikin', 'seru', 'susah', 'taeklah', 'tol']"
"['matcmaking', 'buruk', 'ktmu', 'musuh', 'jago', 'buruk', 'afk', 'dll', 'gajelas', 'banyak', 'joki', 'jd', 'sakarepmu']","['afk', 'banyak', 'buruk', 'dll', 'gajelas', 'jago', 'jd', 'joki', 'ktmu', 'matcmaking', 'musuh', 'sakarepmu']"
"['bagai', 'user', 'layla', 'kecewauntuk', 'skin', 'layla', 'tema', 'nexus', 'sea', 'jangan', 'ubah', 'skin', 'benar', 'suka', 'desain', 'skinnya', 'tolong', 'jangan', 'ubah', 'skin', 'sudah', 'nunggu', 'skin', 'layla', 'baru', 'nyata', 'serius', 'rilissaya', 'sudah', 'nunggu', 'berapa', 'bulan', 'skin', 'layla', 'desain']","['bagai', 'baru', 'benar', 'berapa', 'bulan', 'desain', 'jangan', 'kecewauntuk', 'layla', 'nexus', 'nunggu', 'nyata', 'rilissaya', 'sea', 'serius', 'skin', 'skinnya', 'sudah', 'suka', 'tema', 'tolong', 'ubah', 'user']"
"['mooton', 'makin', 'makin', 'jelas', 'ngapain', 'turun', 'season', 'segala', 'tolol', 'amat']","['amat', 'jelas', 'makin', 'mooton', 'ngapain', 'season', 'segala', 'tolol', 'turun']"
"['tahu', 'kenapa', 'bisu', 'percakapanmute', 'mulai', 'kena', 'teman', 'bagus', 'mulai', 'asik']","['asik', 'bagus', 'bisu', 'kena', 'kenapa', 'mulai', 'percakapanmute', 'tahu', 'teman']"
"['darak', 'terlalu', 'banyak']","['banyak', 'darak', 'terlalu']"
['vinagriil'],['vinagriil']
"['tambah', 'streas', 'asu', 'senggel', 'mene']","['asu', 'mene', 'senggel', 'streas', 'tambah']"
"['susah', 'naik', 'makin', 'lama', 'makin', 'bosen']","['bosen', 'lama', 'makin', 'naik', 'susah']"
['bagus'],['bagus']
"['teman', 'ngotak', 'sedikit', 'babi']","['babi', 'ngotak', 'sedikit', 'teman']"
"['babi', 'ngasi', 'gelap', 'baik', 'masa', 'pernah', 'bagus']","['babi', 'bagus', 'baik', 'gelap', 'masa', 'ngasi', 'pernah']"
"['lostrek', 'kasi', 'punya', 'betumbok']","['betumbok', 'kasi', 'lostrek', 'punya']"
"['rusak', 'ksih', 'pdhl', 'full', 'mitic', 'hdh']","['full', 'hdh', 'ksih', 'mitic', 'pdhl', 'rusak']"
"['luar', 'biasa', 'seru']","['biasa', 'luar', 'seru']"
"['babi', 'kasi', 'bintang', 'semua', 'hyper', 'bodoh', 'ban', 'akun', 'beberapa', 'biar', 'nyusahin']","['akun', 'babi', 'ban', 'beberapa', 'biar', 'bintang', 'bodoh', 'hyper', 'kasi', 'nyusahin', 'semua']"
"['gokill', 'bagi', 'skin', 'epic', 'gratis', 'makin', 'betah', 'legends']","['bagi', 'betah', 'epic', 'gokill', 'gratis', 'legends', 'makin', 'skin']"
"['darksystem', 'banyak', 'imbang', 'masuk', 'akal', 'buruk', 'musuh', 'joki', 'lo', 'laku', 'bos']","['akal', 'banyak', 'bos', 'buruk', 'darksystem', 'imbang', 'joki', 'laku', 'lo', 'masuk', 'musuh']"
"['cocok', 'santai', 'santai', 'banyak', 'gelap', 'pantas', 'dimainin', 'online', 'lawan', 'gelap']","['banyak', 'cocok', 'dimainin', 'gelap', 'lawan', 'online', 'pantas', 'santai']"
"['matching', 'banyak', 'tolol']","['banyak', 'matching', 'tolol']"
"['adil', 'musuh', 'pro', 'buruk', 'tolong', 'beri', 'adil', 'ton']","['adil', 'beri', 'buruk', 'musuh', 'pro', 'tolong', 'ton']"
"['cheat', 'vip', 'rusak', 'report', 'percuma', 'pengaruh', 'masalah', 'sinyal', 'play', 'bot', 'imbang', 'cuma', 'mikirin', 'cuan', 'kualitas', 'sinyal', 'buruk', 'banyak', 'dalam', 'sebut', 'handle', 'nyaman', 'cuma', 'mikirin', 'grafik', 'menuhi', 'demi', 'cuan', 'banyak', 'korupsi', 'sinyal', 'handle']","['banyak', 'bot', 'buruk', 'cheat', 'cuan', 'cuma', 'dalam', 'demi', 'grafik', 'handle', 'imbang', 'korupsi', 'kualitas', 'masalah', 'menuhi', 'mikirin', 'nyaman', 'pengaruh', 'percuma', 'play', 'report', 'rusak', 'sebut', 'sinyal', 'vip']"
"['ui', 'rusak']","['rusak', 'ui']"
"['walau', 'kecewa', 'gema', 'aksi', 'b', 'terlalu', 'banyak', 'joki', 'mula', 'kembang', 'mohon', 'donk', 'd', 'tindak', 'masa', 'mahal', 'atur', 'konsisten', 'serasa', 'murah']","['aksi', 'atur', 'banyak', 'donk', 'gema', 'joki', 'kecewa', 'kembang', 'konsisten', 'mahal', 'masa', 'mohon', 'mula', 'murah', 'serasa', 'terlalu', 'tindak', 'walau']"
"['makin', 'abdet', 'makin', 'lag', 'sinyal', 'cl', 'selalu', 'sinyal', 'merah', 'sudah', 'wifi', 'internet', 'tetap', 'lag', 'mohon', 'rusak', 'sinyal', 'para', 'enak', 'sinyal', 'lag', 'lain', 'enak']","['abdet', 'cl', 'enak', 'internet', 'lag', 'lain', 'makin', 'merah', 'mohon', 'para', 'rusak', 'selalu', 'sinyal', 'sudah', 'tetap', 'wifi']"
"['dongo', 'busuk', 'sedikit', 'mitik', 'emng', 'paling', 'benar', 'pindah', 'rada', 'dongo', 'semua']","['benar', 'busuk', 'dongo', 'emng', 'mitik', 'paling', 'pindah', 'rada', 'sedikit', 'semua']"
"['em', 'buruk', 'su', 'asu']","['asu', 'buruk', 'em', 'su']"
"['kontol', 'asuu']","['asuu', 'kontol']"
"['parah', 'skrang', 'lawan', 'ngak', 'imbang']","['imbang', 'lawan', 'ngak', 'parah', 'skrang']"
"['ketemu', 'satu', 'bocil', 'tolong', 'baik', 'sda', 'niat']","['baik', 'bocil', 'ketemu', 'niat', 'satu', 'sda', 'tolong']"
['kontol'],['kontol']
['tarik'],['tarik']
"['anjg', 'ls', 'bae']","['anjg', 'bae', 'ls']"
"['buruk', 'jelas', 'kalah']","['buruk', 'jelas', 'kalah']"
"['lag', 'najiss']","['lag', 'najiss']"
['suka'],['suka']
"['banyak', 'cheater', 'dalam']","['banyak', 'cheater', 'dalam']"
"['gila', 'ngotak', 'beri', 'masuk', 'mytikglory', 'setan', 'kau', 'guna']","['beri', 'gila', 'guna', 'kau', 'masuk', 'mytikglory', 'ngotak', 'setan']"
"['bagus', 'matching', 'beri', 'imbang', 'egois', 'bagus', 'sedikit', 'saran', 'bagus', 'beri', 'hukum', 'baned', 'kepada', 'sengaja', 'sadar', 'laku', 'trollfeeder', 'dalam', 'suatu', 'terimakasih', 'moga', 'salam', 'waras', 'sadar']","['bagus', 'baned', 'beri', 'dalam', 'egois', 'hukum', 'imbang', 'kepada', 'laku', 'matching', 'moga', 'sadar', 'salam', 'saran', 'sedikit', 'sengaja', 'suatu', 'terimakasih', 'trollfeeder', 'waras']"
"['lambat', 'masuk', 'lag', 'pusing']","['lag', 'lambat', 'masuk', 'pusing']"
"['banyak', 'nemu', 'musuh', 'guna', 'rw', 'rugi', 'ketemu', 'brengsek']","['banyak', 'brengsek', 'guna', 'ketemu', 'musuh', 'nemu', 'rugi', 'rw']"
"['jelek', 'sekarang', 'lag', 'parah', 'banyak', 'bug', 'patah', 'bahkan', 'chiter', 'jarang', 'ketemu']","['bahkan', 'banyak', 'bug', 'chiter', 'jarang', 'jelek', 'ketemu', 'lag', 'parah', 'patah', 'sekarang']"
"['sampah', 'adil', 'isi', 'anomali']","['adil', 'anomali', 'isi', 'sampah']"
['tres'],['tres']
"['makin', 'berat', 'semenjak', 'update', 'size', 'makin', 'besar', 'berat', 'bagi', 'device', 'ram', 'demi', 'nyaman', 'kecil', 'size', 'admin']","['admin', 'bagi', 'berat', 'besar', 'demi', 'device', 'kecil', 'makin', 'nyaman', 'ram', 'semenjak', 'size', 'update']"
['kikir'],['kikir']
"['entah', 'bingung', 'mungkin']","['bingung', 'entah', 'mungkin']"
"['we', 'ban', 'para', 'gelap', 'sistemtim', 'tolol', 'santt', 'ajg']","['ajg', 'ban', 'gelap', 'para', 'santt', 'sistemtim', 'tolol', 'we']"
"['apalh', 'masa', 'iya', 'ketemu', 'epic', 'mytic', 'kocak', 'puki', 'mending', 'kalah', 'mvp', 'bintang', 'tetap', 'naik', 'uninstall', 'ajalh', 'guna', 'mutu', 'mending', 'gaess']","['ajalh', 'apalh', 'bintang', 'epic', 'gaess', 'guna', 'iya', 'kalah', 'ketemu', 'kocak', 'masa', 'mending', 'mutu', 'mvp', 'mytic', 'naik', 'puki', 'tetap', 'uninstall']"
"['bug', 'pepek']","['bug', 'pepek']"
"['bagi', 'banding', 'jelek', 'oleng', 'sakit', 'kepala']","['bagi', 'banding', 'jelek', 'kepala', 'oleng', 'sakit']"
"['bagus', 'slalu', 'dpat', 'bapuk']","['bagus', 'bapuk', 'dpat', 'slalu']"
"['gamee', 'idiot']","['gamee', 'idiot']"
"['rusak', 'ketemu', 'stres', 'percuma', 'pilih', 'ujung', 'guna', 'tetap', 'egois']","['egois', 'guna', 'ketemu', 'percuma', 'pilih', 'rusak', 'stres', 'tetap', 'ujung']"
"['kagak', 'imbang', 'beri', 'lawan', 'stabil', 'jangan', 'beri', 'susah', 'banget', 'sengaja', 'biar', 'aing', 'ngambil', 'hak', 'lain', 'sayang', 'ginian', 'ngejar', 'bintang', 'untung', 'sat', 'aing', 'hibur', 'bukan', 'nambah', 'stres', 'sat', 'mo', 'bales', 'enggak', 'bodo', 'amat']","['aing', 'amat', 'bales', 'banget', 'beri', 'biar', 'bintang', 'bodo', 'bukan', 'enggak', 'ginian', 'hak', 'hibur', 'imbang', 'jangan', 'kagak', 'lain', 'lawan', 'mo', 'nambah', 'ngambil', 'ngejar', 'sat', 'sayang', 'sengaja', 'stabil', 'stres', 'susah', 'untung']"
"['masuk', 'akal', 'buruk', 'lawan', 'nyaa', 'banding', 'ranket', 'ketemu', 'banding']","['akal', 'banding', 'buruk', 'ketemu', 'lawan', 'masuk', 'nyaa', 'ranket']"
"['minimal', 'beri', 'jelas', 'yaa', 'sudah', 'muak', 'banget', 'demi', 'sudah']","['banget', 'beri', 'demi', 'jelas', 'minimal', 'muak', 'sudah', 'yaa']"
"['terlalu', 'lebih', 'beri', 'lawan', 'keras', 'susah', 'tolong', 'imbang', 'susah', 'menang', 'kalah', 'lebih']","['beri', 'imbang', 'kalah', 'keras', 'lawan', 'lebih', 'menang', 'susah', 'terlalu', 'tolong']"
"['makin', 'banyak', 'update', 'ingame', 'makin', 'sampah']","['banyak', 'ingame', 'makin', 'sampah', 'update']"
"['benar', 'buka', 'hepi', 'pusing', 'sampai', 'sekarang', 'bintang', 'naik', 'naik', 'turun', 'rela', 'ngerusak', 'tidur', 'demi', 'buah', 'bintang', 'lose', 'treak', 'pikir', 'ton', 'tres', 'sekarang', 'bales', 'pesan', 'gau']","['bales', 'benar', 'bintang', 'buah', 'buka', 'demi', 'gau', 'hepi', 'lose', 'naik', 'ngerusak', 'pesan', 'pikir', 'pusing', 'rela', 'sampai', 'sekarang', 'tidur', 'ton', 'treak', 'tres', 'turun']"
['kontot'],['kontot']
['butut'],['butut']
"['naik', 'mytic', 'susah', 'gimana', 'dpet', 'feeder']","['dpet', 'feeder', 'gimana', 'mytic', 'naik', 'susah']"
"['prik', 'amat', 'bukan', 'happy', 'makin', 'stres', 'patah', 'patah', 'ping', 'bagus', 'bujank', 'darah', 'tinggi', 'cocok', 'kntl']","['amat', 'bagus', 'bujank', 'bukan', 'cocok', 'darah', 'happy', 'kntl', 'makin', 'patah', 'ping', 'prik', 'stres', 'tinggi']"
['taeh'],['taeh']
"['makin', 'rusak']","['makin', 'rusak']"
"['sampah', 'babi', 'darah', 'tinggi', 'cuih']","['babi', 'cuih', 'darah', 'sampah', 'tinggi']"
"['jangan', 'dowload', 'jelas', 'cok', 'sesat', 'pindah', 'pubg']","['cok', 'dowload', 'jangan', 'jelas', 'pindah', 'pubg', 'sesat']"
"['kunyuk', 'gelap', 'mlu']","['gelap', 'kunyuk', 'mlu']"
"['makin', 'lama', 'makin', 'rusak', 'server', 'busuk']","['busuk', 'lama', 'makin', 'rusak', 'server']"
"['knp', 'celasik', 'sinyal', 'jelek', 'pin', 'ijo', 'bukan', 'merah', 'mohon', 'rusak', 'minimal', 'rugi']","['bukan', 'celasik', 'ijo', 'jelek', 'knp', 'merah', 'minimal', 'mohon', 'pin', 'rugi', 'rusak', 'sinyal']"
"['sinyal', 'busuk', 'cape', 'cape', 'naikin', 'level', 'sinyal', 'buruk', 'buruk', 'sampah', 'asu', 'dasar', 'miskin']","['asu', 'buruk', 'busuk', 'cape', 'dasar', 'level', 'miskin', 'naikin', 'sampah', 'sinyal']"
"['anjingg', 'bangsdd', 'gajelas', 'ngent']","['anjingg', 'bangsdd', 'gajelas', 'ngent']"
"['lama', 'afk', 'bentar', 'selesai', 'hitung', 'afk', 'ah', 'benrin', 'benar', 'banget']","['afk', 'ah', 'banget', 'benar', 'benrin', 'bentar', 'hitung', 'lama', 'selesai']"
"['like', 'bintang', 'kasi', 'mqin', 'musuh', 'mudah']","['bintang', 'kasi', 'like', 'mqin', 'mudah', 'musuh']"
"['tolong', 'legends', 'malas', 'sekarang', 'pasti', 'lag', 'pakek', 'wifi', 'tetap', 'lag', 'bug']","['bug', 'lag', 'legends', 'malas', 'pakek', 'pasti', 'sekarang', 'tetap', 'tolong', 'wifi']"
"['sinyal', 'jelek', 'mati', 'masuk', 'bass']","['bass', 'jelek', 'masuk', 'mati', 'sinyal']"
"['ping', 'merah', 'frame', 'drop', 'lag', 'pernah', 'tingkat', 'dengar', 'keluh']","['dengar', 'drop', 'frame', 'keluh', 'lag', 'merah', 'pernah', 'ping', 'tingkat']"
['just'],['just']
"['kurang', 'bagus', 'banyak', 'gelap']","['bagus', 'banyak', 'gelap', 'kurang']"
"['wahai', 'tolong', 'klok', 'niat', 'beri', 'naek', 'lejen', 'mending', 'ben', 'ajy', 'tres', 'cok', 'anjy']","['ajy', 'anjy', 'ben', 'beri', 'cok', 'klok', 'lejen', 'mending', 'naek', 'niat', 'tolong', 'tres', 'wahai']"
['mantapp'],['mantapp']
['sampah'],['sampah']
"['satu', 'menang', 'tiga', 'kalah', 'enggk', 'gitu', 'minimal', 'darksystembocil', 'mati', 'mulai', 'season', 'kemarin', 'mytic', 'gabisa']","['darksystembocil', 'enggk', 'gabisa', 'gitu', 'kalah', 'kemarin', 'mati', 'menang', 'minimal', 'mulai', 'mytic', 'satu', 'season', 'tiga']"
"['thing', 'best']","['best', 'thing']"
"['salah', 'bg', 'lose', 'ampe', 'gelap', 'epic']","['ampe', 'bg', 'epic', 'gelap', 'lose', 'salah']"
"['beuh', 'seru', 'bro']","['beuh', 'bro', 'seru']"
"['aplikasi', 'gelap', 'makin', 'kembang', 'bukan', 'makin', 'keren', 'makin', 'buruk', 'bubar', 'mnding', 'hps', 'plikasi', 'emosi']","['aplikasi', 'bubar', 'bukan', 'buruk', 'emosi', 'gelap', 'hps', 'kembang', 'keren', 'makin', 'mnding', 'plikasi']"
"['sampah', 'random', 'noob', 'guna', 'kill', 'banyak', 'selalu', 'kalah', 'uang', 'habis', 'skin', 'obrol', 'mute', 'melulu', 'sampah']","['banyak', 'guna', 'habis', 'kalah', 'kill', 'melulu', 'mute', 'noob', 'obrol', 'random', 'sampah', 'selalu', 'skin', 'uang']"
"['ls', 'anj']","['anj', 'ls']"
"['tolong', 'rusak', 'baru', 'kalah', 'begini', 'banyak', 'pindah']","['banyak', 'baru', 'begini', 'kalah', 'pindah', 'rusak', 'tolong']"
"['ksih', 'lh', 'turun', 'kpn', 'mnang']","['kpn', 'ksih', 'lh', 'mnang', 'turun']"
"['tolong', 'fix', 'bug', 'draft', 'lag', 'banget']","['banget', 'bug', 'draft', 'fix', 'lag', 'tolong']"
"['bagi', 'mula', 'belum', 'candu', 'jangan', 'slot', 'menang', 'kalah', 'sampai', 'rungkat', 'ketemu', 'dll']","['bagi', 'belum', 'candu', 'dll', 'jangan', 'kalah', 'ketemu', 'menang', 'mula', 'rungkat', 'sampai', 'slot']"
"['detik', 'hancur', 'aamiin', 'sdh', 'mulai', 'kurang', 'playersnya', 'salah', 'satu', 'kawan', 'sdh', 'mls', 'bodoh', 'sampah', 'adil', 'bagi', 'teamnya']","['aamiin', 'adil', 'bagi', 'bodoh', 'detik', 'hancur', 'kawan', 'kurang', 'mls', 'mulai', 'playersnya', 'salah', 'sampah', 'satu', 'sdh', 'teamnya']"
"['paling', 'jelek']","['jelek', 'paling']"
"['buruk', 'lawan', 'tu', 'padan', 'buruk', 'masa', 'kontribusi', 'apaa']","['apaa', 'buruk', 'kontribusi', 'lawan', 'masa', 'padan', 'tu']"
"['tolol', 'sudah', 'brpa', 'kalah', 'menang', 'kalah', 'sampek', 'gilak', 'gx', 'ad', 'otak', 'besok', 'baik', 'lg', 'jangan', 'gitu', 'nyengsarain']","['ad', 'baik', 'besok', 'brpa', 'gilak', 'gitu', 'gx', 'jangan', 'kalah', 'lg', 'menang', 'nyengsarain', 'otak', 'sampek', 'sudah', 'tolol']"
"['bintang', 'pilih', 'kurang', 'tegas', 'hadap', 'niat', 'ngefeed', 'dalam']","['bintang', 'dalam', 'hadap', 'kurang', 'ngefeed', 'niat', 'pilih', 'tegas']"
['kontol'],['kontol']
"['stres', 'menang', 'kalah', 'sampai', 'imbang', 'adil', 'beda', 'bagus', 'sekarang', 'anj']","['adil', 'anj', 'bagus', 'beda', 'imbang', 'kalah', 'menang', 'sampai', 'sekarang', 'stres']"
"['makin', 'makin', 'ruksak', 'masalah', 'lobby', 'hijau', 'drapick', 'hijau', 'masuk', 'freeze', 'putus', 'ampun', 'parah', 'benar', 'makin', 'ponsel', 'luas', 'alhasil', 'apk', 'nyaman', 'muak', 'gitu']","['alhasil', 'ampun', 'apk', 'benar', 'drapick', 'freeze', 'gitu', 'hijau', 'lobby', 'luas', 'makin', 'masalah', 'masuk', 'muak', 'nyaman', 'parah', 'ponsel', 'putus', 'ruksak']"
"['jelas', 'banyak', 'bot']","['banyak', 'bot', 'jelas']"
['kontol'],['kontol']
"['knpa', 'skrng', 'jringn', 'bgus', 'lag', 'jringan', 'ijo', 'klau', 'merah', 'slh', 'mh', 'hijo', 'jringn', 'merah']","['bgus', 'hijo', 'ijo', 'jringan', 'jringn', 'klau', 'knpa', 'lag', 'merah', 'mh', 'skrng', 'slh']"
"['tanding', 'atur', 'biar', 'naikini', 'paling', 'jengkel']","['atur', 'biar', 'jengkel', 'naikini', 'paling', 'tanding']"
"['pernah', 'adil', 'dalam', 'tanding', 'gajelas', 'dalam', 'rankednya', 'lawan', 'tier', 'ranknya']","['adil', 'dalam', 'gajelas', 'lawan', 'pernah', 'rankednya', 'ranknya', 'tanding', 'tier']"
"['kecewa', 'masa', 'musuh', 'jago', 'sendiri', 'lolot', 'lag', 'parah']","['jago', 'kecewa', 'lag', 'lolot', 'masa', 'musuh', 'parah', 'sendiri']"
"['cape', 'ketemu', 'poke', 'musuh', 'jago', 'jangan', 'gamau', 'stres']","['cape', 'gamau', 'jago', 'jangan', 'ketemu', 'musuh', 'poke', 'stres']"
"['sampah', 'gelap', 'pisah', 'partian', 'anj', 'busuk']","['anj', 'busuk', 'gelap', 'partian', 'pisah', 'sampah']"
"['yangg', 'bot', 'musuh', 'jagoo', 'gakk', 'suu']","['bot', 'gakk', 'jagoo', 'musuh', 'suu', 'yangg']"
"['sinya', 'penuh', 'ngeleh', 'tolol', 'tolol', 'asu']","['asu', 'ngeleh', 'penuh', 'sinya', 'tolol']"
"['jelek', 'ls', 'buruk']","['buruk', 'jelek', 'ls']"
"['babi', 'stak', 'epik', 'babi', 'klonnga', 'musuh', 'full', 'mitik', 'begok']","['babi', 'begok', 'epik', 'full', 'klonnga', 'mitik', 'musuh', 'stak']"
"['punya', 'hati', 'jelas', 'menang', 'kalah', 'ngilangin', 'stres']","['hati', 'jelas', 'kalah', 'menang', 'ngilangin', 'punya', 'stres']"
"['lawan', 'menang', 'kalah', 'apapa', 'masalah']","['apapa', 'kalah', 'lawan', 'masalah', 'menang']"
"['buruk', 'merah', 'pdhl', 'nonton', 'yt', 'roblox', 'lancar', 'jaya', 'buruk', 'ubah']","['buruk', 'jaya', 'lancar', 'merah', 'nonton', 'pdhl', 'roblox', 'ubah', 'yt']"
"['porno', 'rusak', 'mental', 'pikir']","['mental', 'pikir', 'porno', 'rusak']"
"['kagak', 'adil', 'kontol', 'asu']","['adil', 'asu', 'kagak', 'kontol']"
"['gamek', 'ontol', 'lag', 'ngentod']","['gamek', 'lag', 'ngentod', 'ontol']"
"['woy', 'musnah']","['musnah', 'woy']"
"['tahu', 'jika', 'tagih', 'sportif', 'curang', 'curang', 'beri', 'teman', 'komputer', 'sendiri', 'nickname', 'hampir', 'biasa', 'angkanyakalau', 'laku', 'curang', 'tagih', 'salah', 'justru', 'hapus']","['angkanyakalau', 'beri', 'biasa', 'curang', 'hampir', 'hapus', 'jika', 'justru', 'komputer', 'laku', 'nickname', 'salah', 'sendiri', 'sportif', 'tagih', 'tahu', 'teman']"
"['kontol', 'anjing']","['anjing', 'kontol']"
['mantap'],['mantap']
"['kasi', 'baik', 'muntun', 'jgan', 'kasi', 'gelap', 'lahh']","['baik', 'gelap', 'jgan', 'kasi', 'lahh', 'muntun']"
"['bane', 'mohon', 'sesuikan']","['bane', 'mohon', 'sesuikan']"
"['hehh', 'bagus', 'capek', 'bintang', 'bagus', 'kau', 'bagus', 'kau', 'bintang']","['bagus', 'bintang', 'capek', 'hehh', 'kau']"
"['masalah', 'imbang', 'total', 'tanding', 'k', 'ketemu', 'sampai', 'kocak', 'rusak']","['imbang', 'ketemu', 'kocak', 'masalah', 'rusak', 'sampai', 'tanding', 'total']"
"['yey', 'ws', 'smaa', 'mimin', 'syg', 'mimin']","['mimin', 'smaa', 'syg', 'ws', 'yey']"
"['akun', 'kena', 'ban']","['akun', 'ban', 'kena']"
"['bagus', 'tolong', 'baik', 'machmaking', 'sampah', 'mythic', 'masa', 'ketemu', 'sedang', 'pihak', 'lawan', 'mythic', 'tolong', 'baik', 'machmaking', 'adil']","['adil', 'bagus', 'baik', 'ketemu', 'lawan', 'machmaking', 'masa', 'mythic', 'pihak', 'sampah', 'sedang', 'tolong']"
"['seru', 'santai']","['santai', 'seru']"
"['bodoh', 'rusak', 'tolo', 'tolo']","['bodoh', 'rusak', 'tolo']"
['busuk'],['busuk']
"['culas', 'busuk', 'wajar', 'ketemu', 'musuh', 'buruk', 'gerak', 'mati', 'langsung', 'lancar']","['buruk', 'busuk', 'culas', 'gerak', 'ketemu', 'lancar', 'langsung', 'mati', 'musuh', 'wajar']"
"['akun', 'hubung', 'sudah', 'beberapa', 'coba', 'tetap', 'hubung', 'tolong', 'arah']","['akun', 'arah', 'beberapa', 'coba', 'hubung', 'sudah', 'tetap', 'tolong']"
"['wah', 'gmnya', 'bagus', 'gerafiknya', 'bagus', 'derak', 'bananyak', 'coba', 'banyak', 'darak', 'jamin', 'alam', 'seta', 'seson']","['alam', 'bagus', 'bananyak', 'banyak', 'coba', 'darak', 'derak', 'gerafiknya', 'gmnya', 'jamin', 'seson', 'seta', 'wah']"
['oke'],['oke']
['lacur'],['lacur']
"['ko', 'makin', 'ngeselin', 'yaa', 'lag', 'parah', 'merah', 'gerak', 'tar', 'jalan', 'sndiri', 'bunuh', 'ngeselin', 'banget', 'asli', 'buka', 'yt', 'kualitas', 'hd', 'ttp', 'jalan']","['asli', 'banget', 'buka', 'bunuh', 'gerak', 'hd', 'jalan', 'ko', 'kualitas', 'lag', 'makin', 'merah', 'ngeselin', 'parah', 'sndiri', 'tar', 'ttp', 'yaa', 'yt']"
"['musuh', 'imbang', 'adil', 'seru']","['adil', 'imbang', 'musuh', 'seru']"
"['selesai', 'draf', 'selalu', 'lag', 'parah', 'bagus']","['bagus', 'draf', 'lag', 'parah', 'selalu', 'selesai']"
"['bagus', 'suka', 'role', 'guna', 'role', 'role', 'dapt']","['bagus', 'dapt', 'guna', 'role', 'suka']"
"['sinyal', 'bagus', 'support', 'ngk', 'gerak']","['bagus', 'gerak', 'ngk', 'sinyal', 'support']"
"['fedder', 'ngk', 'imbang']","['fedder', 'imbang', 'ngk']"
"['buruk', 'benar', 'masa', 'musuh', 'sulit', 'keras', 'trol', 'feeder', 'mana', 'suka', 'lag', 'tibatiba', 'makin', 'makin', 'parah']","['benar', 'buruk', 'feeder', 'keras', 'lag', 'makin', 'mana', 'masa', 'musuh', 'parah', 'suka', 'sulit', 'tibatiba', 'trol']"
"['anjing', 'cape', 'cape', 'naekin', 'ketemu', 'epic', 'muluu']","['anjing', 'cape', 'epic', 'ketemu', 'muluu', 'naekin']"
"['hei', 'beri', 'jangan', 'duo', 'trio', 'tolol', 'duotrio', 'tolol']","['beri', 'duo', 'duotrio', 'hei', 'jangan', 'tolol', 'trio']"
"['sinyal', 'full', 'hijau', 'aneh', 'lag', 'parah', 'sampai', 'kira', 'afk', 'benar', 'benar', 'rugi']","['afk', 'aneh', 'benar', 'full', 'hijau', 'kira', 'lag', 'parah', 'rugi', 'sampai', 'sinyal']"
"['lag', 'ngentod']","['lag', 'ngentod']"
"['matching', 'gajelas']","['gajelas', 'matching']"
"['biasa', 'gelap', 'pasti', 'jumping', 'sinyal', 'oke']","['biasa', 'gelap', 'jumping', 'oke', 'pasti', 'sinyal']"
['kontoll'],['kontoll']
"['baik', 'noh', 'bug']","['baik', 'bug', 'noh']"
"['bug', 'coba', 'report', 'masalah', 'atas', 'balas', 'report']","['atas', 'balas', 'bug', 'coba', 'masalah', 'report']"
"['kasi', 'musuh', 'sm', 'musuh', 'jago', 'gabisa']","['gabisa', 'jago', 'kasi', 'musuh', 'sm']"
"['ngilangin', 'stres', 'ehh', 'tambah', 'stres', 'gaush', 'gila', 'ntr']","['ehh', 'gaush', 'gila', 'ngilangin', 'ntr', 'stres', 'tambah']"
['buruk'],['buruk']
"['ganti', 'akun', 'cuma', 'arah', 'pusat', 'akun', 'ikut', 'arah', 'customer', 'servis', 'emosi', 'kadang', 'kode', 'verifikasi', 'salah', 'ganti', 'akun', 'email', 'google', 'sudah', 'benar', 'masukin']","['akun', 'arah', 'benar', 'cuma', 'customer', 'email', 'emosi', 'ganti', 'google', 'ikut', 'kadang', 'kode', 'masukin', 'pusat', 'salah', 'servis', 'sudah', 'verifikasi']"
"['kenapa', 'suara', 'hiro', 'dalam', 'ngak', 'hilang']","['dalam', 'hilang', 'hiro', 'kenapa', 'ngak', 'suara']"
"['mikir', 'susah', 'komunikasi', 'gelap', 'aneh']","['aneh', 'gelap', 'komunikasi', 'mikir', 'susah']"
['good'],['good']
"['kenapa', 'sekarang', 'selesai', 'yapping', 'bujang', 'bungkam', 'timkukuat']","['bujang', 'bungkam', 'kenapa', 'sekarang', 'selesai', 'timkukuat', 'yapping']"
"['yatempiyatu', 'asu', 'ngekei', 'goblog', 'kabeh', 'meh', 'munggah', 'mitik', 'e', 'angel', 'e', 'asu', 'jembot']","['angel', 'asu', 'goblog', 'jembot', 'kabeh', 'meh', 'mitik', 'munggah', 'ngekei', 'yatempiyatu']"
"['jelas', 'makin', 'lama', 'makin', 'hilang', 'sampah']","['hilang', 'jelas', 'lama', 'makin', 'sampah']"
"['sudah', 'session', 'makin', 'njng', 'moontonnya', 'menang', 'lanjut', 'jangan', 'harap', 'menang', 'darksystemnya', 'ngotak', 'developer', 'selalu', 'binatang', 'buruk', 'su', 'sampai', 'kapan', 'imbang', 'dalam']","['binatang', 'buruk', 'dalam', 'darksystemnya', 'developer', 'harap', 'imbang', 'jangan', 'kapan', 'lanjut', 'makin', 'menang', 'moontonnya', 'ngotak', 'njng', 'sampai', 'selalu', 'session', 'su', 'sudah']"
['lawak'],['lawak']
"['lot', 'baru', 'rang', 'kredit', 'skor', 'babi', 'kau', 'gelap', 'parah']","['babi', 'baru', 'gelap', 'kau', 'kredit', 'lot', 'parah', 'rang', 'skor']"
"['menang', 'kalah', 'sampai', 'lima']","['kalah', 'lima', 'menang', 'sampai']"
"['peerbaiki', 'sinyal', 'jngan', 'banyak', 'event']","['banyak', 'event', 'jngan', 'peerbaiki', 'sinyal']"
"['seru', 'tantang', 'sukapake', 'lancelot']","['lancelot', 'seru', 'sukapake', 'tantang']"
['normal'],['normal']
"['makin', 'server', 'lag', 'anj']","['anj', 'lag', 'makin', 'server']"
"['kenapa', 'kalahh', 'teruss', 'ton', 'capemonton', 'kasi', 'apaa', 'kenapa', 'susang', 'benget', 'keluar', 'legendsmonton', 'gamau', 'lose', 'cape']","['apaa', 'benget', 'cape', 'capemonton', 'gamau', 'kalahh', 'kasi', 'keluar', 'kenapa', 'legendsmonton', 'lose', 'susang', 'teruss', 'ton']"
"['lag', 'ping', 'merah', 'busuk']","['busuk', 'lag', 'merah', 'ping']"
"['manajemen', 'milih', 'seluruh', 'cuma', 'indonesia', 'internetnya', 'lambat', 'paksa', 'semua', 'kentang', 'lag', 'brutal', 'pilih', 'mana', 'momen', 'penting', 'tentu', 'menang', 'buah']","['brutal', 'buah', 'cuma', 'indonesia', 'internetnya', 'kentang', 'lag', 'lambat', 'mana', 'manajemen', 'menang', 'milih', 'momen', 'paksa', 'penting', 'pilih', 'seluruh', 'semua', 'tentu']"
"['pokimai', 'masuk', 'akal', 'sedang', 'musuh', 'jago', 'poqi']","['akal', 'jago', 'masuk', 'musuh', 'pokimai', 'poqi', 'sedang']"
"['binatang', 'beri', 'hapus', 'banyak', 'bug', 'update', 'sekian', 'wasalam']","['banyak', 'beri', 'binatang', 'bug', 'hapus', 'sekian', 'update', 'wasalam']"
['aneh'],['aneh']
"['seru', 'banget', 'sudah', 'th', 'bosen', 'bosen']","['banget', 'bosen', 'seru', 'sudah', 'th']"
"['season', 'kemarin', 'cuam', 'puterputer', 'menang', 'kalah', 'naik', 'enggak', 'turun', 'enggak', 'stuck', 'situ', 'macth', 'mvp', 'kalah', 'menang', 'mvp', 'privilege']","['cuam', 'enggak', 'kalah', 'kemarin', 'macth', 'menang', 'mvp', 'naik', 'privilege', 'puterputer', 'season', 'situ', 'stuck', 'turun']"
"['sekrang', 'ngasi', 'tolol', 'semua']","['ngasi', 'sekrang', 'semua', 'tolol']"
"['like', 'it']","['it', 'like']"
"['rusak', 'masalah']","['masalah', 'rusak']"
"['jelas', 'd', 'kurang', 'kredit', 'skor', 'ngga', 'ngapa', 'ngapain']","['jelas', 'kredit', 'kurang', 'ngapa', 'ngapain', 'ngga', 'skor']"
"['suka', 'lag', 'karuan', 'pen', 'lag', 'bagus', 'tolong', 'jangan', 'rusak', 'nyaman']","['bagus', 'jangan', 'karuan', 'lag', 'nyaman', 'pen', 'rusak', 'suka', 'tolong']"
"['gemm', 'jembot', 'kontol', 'asu', 'tempek', 'keok', 'akeh', 'gelap', 'coknasu']","['akeh', 'asu', 'coknasu', 'gelap', 'gemm', 'jembot', 'keok', 'kontol', 'tempek']"
"['kikir', 'bgst', 'ajg', 'losstreak']","['ajg', 'bgst', 'kikir', 'losstreak']"
"['bagus', 'ngotak', 'kadang', 'siyal', 'jelek', 'pus', 'dpet', 'musuh', 'jago', 'semua', 'sendiri', 'jelek', 'lgi', 'pusreng', 'dpet', 'musuh', 'jgo', 'semua']","['bagus', 'dpet', 'jago', 'jelek', 'jgo', 'kadang', 'lgi', 'musuh', 'ngotak', 'pus', 'pusreng', 'semua', 'sendiri', 'siyal']"
"['tolong', 'musuh', 'padan', 'masa', 'ex', 'ketemu', 'musuh', 'ex', 'imo', 'semua', 'adil', 'padan']","['adil', 'ex', 'imo', 'ketemu', 'masa', 'musuh', 'padan', 'semua', 'tolong']"
['buruk'],['buruk']
"['beri', 'adil', 'adil', 'banyak', 'meng', 'troll', 'jika', 'role', 'sengsara', 'jika', 'troll', 'ranking', 'kena', 'lindung', 'kasihan', 'orng', 'lain', 'troll', 'turun']","['adil', 'banyak', 'beri', 'jika', 'kasihan', 'kena', 'lain', 'lindung', 'meng', 'orng', 'ranking', 'role', 'sengsara', 'troll', 'turun']"
['tae'],['tae']
"['punya', 'bocil', 'minimal', 'waras', 'lol']","['bocil', 'lol', 'minimal', 'punya', 'waras']"
"['jelek', 'mending', 'hapus', 'darksistem', 'semua', 'musuh', 'jago', 'adil', 'jelek', 'usah', 'mainin', 'usak', 'otak']","['adil', 'darksistem', 'hapus', 'jago', 'jelek', 'mainin', 'mending', 'musuh', 'otak', 'semua', 'usah', 'usak']"
"['gblok', 'alam', 'romawi', 'glory', 'guobloknya', 'berapa', 'gblok', 'profil', 'tolol', 'parah', 'matchnya', 'anjeng']","['alam', 'anjeng', 'berapa', 'gblok', 'glory', 'guobloknya', 'matchnya', 'parah', 'profil', 'romawi', 'tolol']"
"['saranin', 'sabar', 'setip', 'tisu', 'jangan', 'otak', 'stres', 'lama', 'lama', 'kesel', 'jugaa', 'rusak']","['jangan', 'jugaa', 'kesel', 'lama', 'otak', 'rusak', 'sabar', 'saranin', 'setip', 'stres', 'tisu']"
"['kait', 'rusak', 'ngotak', 'sedikit']","['kait', 'ngotak', 'rusak', 'sedikit']"
"['gm', 'taik', 'tol', 'semuaa', 'kasi', 'ajingg', 'binatang', 'ngsi', 'kontoll', 'anjing']","['ajingg', 'anjing', 'binatang', 'gm', 'kasi', 'kontoll', 'ngsi', 'semuaa', 'taik', 'tol']"
"['rusak', 'tres', 'ngk', 'adil', 'lolot', 'mending', 'pindah', 'king', 'lebih', 'tarik', 'lebih', 'adil', 'beri', 'lawan', 'sesuai', 'mampu', 'sendiri', 'beda', 'beri', 'musuh', 'ngak', 'imbang', 'sendiri', 'tambah', 'sekarang', 'sendiri', 'mati', 'pasti', 'langsung', 'ripot', 'kurang', 'kredit', 'kor', 'ngak', 'kasi', 'layer', 'buruk']","['adil', 'beda', 'beri', 'buruk', 'imbang', 'kasi', 'king', 'kor', 'kredit', 'kurang', 'langsung', 'lawan', 'layer', 'lebih', 'lolot', 'mampu', 'mati', 'mending', 'musuh', 'ngak', 'ngk', 'pasti', 'pindah', 'ripot', 'rusak', 'sekarang', 'sendiri', 'sesuai', 'tambah', 'tarik', 'tres']"
"['bagus', 'grafik', 'sudah', 'gabisa', 'sekarang']","['bagus', 'gabisa', 'grafik', 'sekarang', 'sudah']"
['kotl'],['kotl']
"['pesan', 'buka', 'beri', 'langgar', 'tanpa', 'lihat', 'mentulusuri', 'tolong', 'perbaikin', 'belum', 'ambil', 'tindak']","['ambil', 'belum', 'beri', 'buka', 'langgar', 'lihat', 'mentulusuri', 'perbaikin', 'pesan', 'tanpa', 'tindak', 'tolong']"
"['ketemu', 'gajelas']","['gajelas', 'ketemu']"
['dongo'],['dongo']
"['settingan', 'banyak', 'bot', 'kalah', 'moga', 'cepat', 'bangkrut', 'aamiin']","['aamiin', 'bangkrut', 'banyak', 'bot', 'cepat', 'kalah', 'moga', 'settingan']"
"['gaje', 'lama', 'season', 'isi', 'banyak', 'maksa', 'sedang', 'musuh', 'renk', 'tinggi', 'glory', 'renk', 'tinggi', 'epic', 'mawi', 'username', 'fadil', 'elek', 'lama', 'season', 'pernah', 'ws']","['banyak', 'elek', 'epic', 'fadil', 'gaje', 'glory', 'isi', 'lama', 'maksa', 'mawi', 'musuh', 'pernah', 'renk', 'season', 'sedang', 'tinggi', 'username', 'ws']"
['oke'],['oke']
"['lain', 'jali', 'kasi', 'waras', 'sedikit', 'jn', 'ngetrol', 'mikir', 'napa', 'org', 'improve', 'dr', 'skill', 'kasi', 'gt', 'org', 'mentok', 'lawak']","['dr', 'gt', 'improve', 'jali', 'jn', 'kasi', 'lain', 'lawak', 'mentok', 'mikir', 'napa', 'ngetrol', 'org', 'sedikit', 'skill', 'waras']"
"['sudah', 'apus', 'beri', 'gprnah', 'benar']","['apus', 'benar', 'beri', 'gprnah', 'sudah']"
"['skin', 'gratis', 'jangan', 'trial', 'herobadang', 'helcrut', 'semuahero', 'gratis', 'nanti', 'bintang', 'suka', 'pasang', 'hapymod']","['bintang', 'gratis', 'hapymod', 'helcrut', 'herobadang', 'jangan', 'nanti', 'pasang', 'semuahero', 'skin', 'suka', 'trial']"
"['bagus', 'beri', 'diamond', 'beri', 'bintang', 'cukup']","['bagus', 'beri', 'bintang', 'cukup', 'diamond']"
"['usah', 'ngekil', 'ges', 'mending', 'assist', 'cape', 'cape', 'kill', 'ngepush', 'kalah', 'punya', 'assist', 'lebih', 'banyak', 'mvp', 'mati', 'banyak', 'dia']","['assist', 'banyak', 'cape', 'dia', 'ges', 'kalah', 'kill', 'lebih', 'mati', 'mending', 'mvp', 'ngekil', 'ngepush', 'punya', 'usah']"
['pepek'],['pepek']
"['banyak', 'darksistem']","['banyak', 'darksistem']"
"['seru', 'tolong', 'imbang']","['imbang', 'seru', 'tolong']"
['kontol'],['kontol']
[],[]
"['parah', 'banget', 'ngebug', 'oke', 'plus', 'tia', 'sentuh', 'kena', 'afk', 'baik']","['afk', 'baik', 'banget', 'kena', 'ngebug', 'oke', 'parah', 'plus', 'sentuh', 'tia']"
"['klok', 'bot', 'musuh', 'jugak', 'bot', 'bot', 'musuh', 'gg', 'tololtolong', 'ituh', 'lobi', 'bnerin', 'mles']","['bnerin', 'bot', 'gg', 'ituh', 'jugak', 'klok', 'lobi', 'mles', 'musuh', 'tololtolong']"
"['ngotak', 'sedikit', 'lawan', 'imbang', 'pasti', 'pindah', 'tolong', 'baik', 'napa', 'lawan', 'ngotak', 'senang', 'senang', 'imbang', 'lawan', 'alhasil', 'lose', 'streakkecewa', 'berat']","['alhasil', 'baik', 'berat', 'imbang', 'lawan', 'lose', 'napa', 'ngotak', 'pasti', 'pindah', 'sedikit', 'senang', 'streakkecewa', 'tolong']"
"['grafik', 'bagus', 'banget', 'ngasi', 'curang', 'keye']","['bagus', 'banget', 'curang', 'grafik', 'keye', 'ngasi']"
"['asu', 'celeng', 'lol']","['asu', 'celeng', 'lol']"
"['sampah', 'naik', 'buruk', 'kyk', 'gitu']","['buruk', 'gitu', 'kyk', 'naik', 'sampah']"
"['hapus', 'play', 'store', 'beberapa', 'selalu', 'baik']","['baik', 'beberapa', 'hapus', 'play', 'selalu', 'store']"
"['banyak', 'satu', 'banyak', 'ngadu', 'admin', 'parah', 'banyak', 'atur']","['admin', 'atur', 'banyak', 'ngadu', 'parah', 'satu']"
"['tolol', 'banyak', 'benar', 'gelap', 'tolol']","['banyak', 'benar', 'gelap', 'tolol']"
"['scam', 'recommended', 'selalu', 'gabisa', 'nyeleneh', 'musuh', 'jago', 'padan', 'daya', 'punya', 'party', 'gimana', 'ngembangin', 'skill', 'rata', 'gabisa']","['daya', 'gabisa', 'gimana', 'jago', 'musuh', 'ngembangin', 'nyeleneh', 'padan', 'party', 'punya', 'rata', 'recommended', 'scam', 'selalu', 'skill']"
"['selalu', 'lag', 'walau', 'baik']","['baik', 'lag', 'selalu', 'walau']"
"['tolong', 'baik', 'sudah', 'terlalu', 'lag']","['baik', 'lag', 'sudah', 'terlalu', 'tolong']"
['taek'],['taek']
['mantap'],['mantap']
"['selesai', 'draft', 'selalu', 'patah', 'patah', 'sempat', 'ganti', 'build', 'build', 'rekomendasi', 'belum', 'update', 'lancar', 'lancar', 'sekarang', 'kenapa', 'menggangu', 'errorlag', 'selesai', 'draft', 'sinyal', 'bagus', 'bintang', 'satu', 'update', 'sekarang', 'sudah', 'fiks', 'baru', 'bintang']","['bagus', 'baru', 'belum', 'bintang', 'build', 'draft', 'errorlag', 'fiks', 'ganti', 'kenapa', 'lancar', 'menggangu', 'patah', 'rekomendasi', 'satu', 'sekarang', 'selalu', 'selesai', 'sempat', 'sinyal', 'sudah', 'update']"
"['tolol', 'ge', 'updet', 'mas', 'salah', 'lag', 'hijau', 'sinyal', 'ko', 'lag', 'rusak', 'jangan', 'diem', 'tangung', 'jawab']","['diem', 'ge', 'hijau', 'jangan', 'jawab', 'ko', 'lag', 'mas', 'rusak', 'salah', 'sinyal', 'tangung', 'tolol', 'updet']"
['cool'],['cool']
['best'],['best']
['kontol'],['kontol']
"['rusak', 'lag', 'ping', 'jumping', 'kaga', 'jelas']","['jelas', 'jumping', 'kaga', 'lag', 'ping', 'rusak']"
"['bro', 'puas', 'permainin', 'menang', 'kala', 'ajing', 'musu', 'lol', 'jan', 'mityik', 'gaem', 'lol']","['ajing', 'bro', 'gaem', 'jan', 'kala', 'lol', 'menang', 'mityik', 'musu', 'permainin', 'puas']"
"['lag', 'lobby', 'aman', 'nyaman']","['aman', 'lag', 'lobby', 'nyaman']"
"['woy', 'sinyal', 'lag', 'make', 'wifi', 'lohh', 'make', 'bagus', 'lag', 'banget', 'lag', 'sampai', 'gerak']","['bagus', 'banget', 'gerak', 'lag', 'lohh', 'make', 'sampai', 'sinyal', 'wifi', 'woy']"
"['minimal', 'tolong', 'pernah', 'menang', 'sujud', 'kantor', 'jilat', 'kaki', 'karyawanmu', 'biar', 'ws', 'tolong', 'minimal', 'frustasi', 'pernah', 'ws', 'kawan', 'pindah', 'ff', 'gara', 'gara', 'ls', 'ah', 'percuma', 'ngomong', 'notice']","['ah', 'biar', 'ff', 'frustasi', 'gara', 'jilat', 'kaki', 'kantor', 'karyawanmu', 'kawan', 'ls', 'menang', 'minimal', 'ngomong', 'notice', 'percuma', 'pernah', 'pindah', 'sujud', 'tolong', 'ws']"
['yeah'],['yeah']
"['kacau', 'stabil']","['kacau', 'stabil']"
"['update', 'patch', 'nalah', 'tambah', 'busuk', 'super', 'busuk', 'drafting', 'lag', 'aman', 'notif', 'putus', 'sampai', 'masuk', 'menit', 'update', 'patch', 'bukan', 'makin', 'baik', 'makin', 'busuk']","['aman', 'baik', 'bukan', 'busuk', 'drafting', 'lag', 'makin', 'masuk', 'menit', 'nalah', 'notif', 'patch', 'putus', 'sampai', 'super', 'tambah', 'update']"
"['gelap', 'semua', 'anjng']","['anjng', 'gelap', 'semua']"
"['pilih', 'lawan', 'terlalu', 'adil', 'selalu', 'ngerti', 'balik', 'lawan', 'semua', 'terlalu', 'adil', 'bab']","['adil', 'bab', 'balik', 'lawan', 'ngerti', 'pilih', 'selalu', 'semua', 'terlalu']"
"['penarngetan', 'bebas', 'tetap', 'kunci', 'musuh', 'hapus']","['bebas', 'hapus', 'kunci', 'musuh', 'penarngetan', 'tetap']"
"['seru', 'suka', 'moga', 'makin', 'bagus']","['bagus', 'makin', 'moga', 'seru', 'suka']"
"['bagus', 'cocok', 'milik', 'sifat', 'mudah', 'marah', 'bantu', 'tenang', 'diri', 'hati', 'tolong', 'baik', 'bagi', 'imbang', 'biar', 'senang']","['bagi', 'bagus', 'baik', 'bantu', 'biar', 'cocok', 'diri', 'hati', 'imbang', 'marah', 'milik', 'mudah', 'senang', 'sifat', 'tenang', 'tolong']"
"['buruk', 'buka', 'ping', 'selalu', 'merah', 'lag', 'parah', 'buka', 'aplikasi', 'lain', 'lancar']","['aplikasi', 'buka', 'buruk', 'lag', 'lain', 'lancar', 'merah', 'parah', 'ping', 'selalu']"
"['buruk', 'kalah', 'nurun', 'satu', 'bintang', 'naik', 'bintang', 'satu', 'lindung', 'tai']","['bintang', 'buruk', 'kalah', 'lindung', 'naik', 'nurun', 'satu', 'tai']"
"['kontol', 'bujang', 'anjingg', 'bagus', 'cepek', 'lose', 'ngentot', 'anjiing']","['anjiing', 'anjingg', 'bagus', 'bujang', 'cepek', 'kontol', 'lose', 'ngentot']"
"['kecewa', 'imbang', 'chat', 'dalam', 'anggap', 'kasar', 'semua', 'batas', 'teman', 'imbang', 'anggap', 'salah', 'chat', 'lebih', 'kurang', 'credit', 'score']","['anggap', 'batas', 'chat', 'credit', 'dalam', 'imbang', 'kasar', 'kecewa', 'kurang', 'lebih', 'salah', 'score', 'semua', 'teman']"
"['mith', 'please']","['mith', 'please']"
"['jelek', 'ashu', 'pagi', 'sampai', 'sore', 'buka', 'bintang', 'naik', 'lose', 'gajelas', 'mas', 'monnton', 'kasi', 'imbang', 'ashu', 'buka', 'daak', 'kasi', 'sedang', 'musuh', 'kairi', 'ashu', 'uninstall', 'kwuonthol']","['ashu', 'bintang', 'buka', 'daak', 'gajelas', 'imbang', 'jelek', 'kairi', 'kasi', 'kwuonthol', 'lose', 'mas', 'monnton', 'musuh', 'naik', 'pagi', 'sampai', 'sedang', 'sore', 'uninstall']"
"['masa', 'ganti', 'pp', 'keluar', 'lobby', 'sendiri', 'sinyalperangkat', 'tdk', 'kendala', 'kocak', 'bintang', 'no', 'recommend']","['bintang', 'ganti', 'keluar', 'kendala', 'kocak', 'lobby', 'masa', 'no', 'pp', 'recommend', 'sendiri', 'sinyalperangkat', 'tdk']"
"['kasi', 'benar', 'masa', 'ketemu', 'tolol', 'sudah', 'season', 'ketemu', 'tolol', 'sumpah']","['benar', 'kasi', 'ketemu', 'masa', 'season', 'sudah', 'sumpah', 'tolol']"
"['parah', 'lag', 'stabil', 'emosi']","['emosi', 'lag', 'parah', 'stabil']"
"['bagus', 'selalu', 'lag', 'patah', 'patah', 'rusak', 'rusak', 'rusakk', 'mending', 'uninstal', 'pindah']","['bagus', 'lag', 'mending', 'patah', 'pindah', 'rusak', 'rusakk', 'selalu', 'uninstal']"
"['rusak', 'lag', 'banget', 'sial']","['banget', 'lag', 'rusak', 'sial']"
"['pasti', 'sinyal', 'langsung', 'merah', 'tolong', 'd', 'baik', 'tolong', 'baik', 'parah']","['baik', 'langsung', 'merah', 'parah', 'pasti', 'sinyal', 'tolong']"
"['adill', 'cok', 'mitikk', 'musuh', 'glory', 'rata', 'sedang', 'campur', 'biadab']","['adill', 'biadab', 'campur', 'cok', 'glory', 'mitikk', 'musuh', 'rata', 'sedang']"
"['update', 'makin', 'tolol', 'bapuk']","['bapuk', 'makin', 'tolol', 'update']"
"['banyak', 'gelap', 'malasin']","['banyak', 'gelap', 'malasin']"
"['sinyal', 'bagus', 'ping', 'merah', 'tolong', 'baik']","['bagus', 'baik', 'merah', 'ping', 'sinyal', 'tolong']"
['adil'],['adil']
"['makin', 'makin', 'lag', 'parah', 'pdhl', 'bagus']","['bagus', 'lag', 'makin', 'parah', 'pdhl']"
"['kuota', 'banyak', 'wifi', 'jga', 'oke', 'stak', 'afk', 'kesel', 'banget', 'dlu', 'bgtu', 'mls']","['afk', 'banget', 'banyak', 'bgtu', 'dlu', 'jga', 'kesel', 'kuota', 'mls', 'oke', 'stak', 'wifi']"
"['keluh', 'kagak', 'benar', 'adil', 'baik', 'jelek', 'banget', 'sumpah', 'dengerin', 'keluh', 'mu', 'baik', 'tolong', 'banget']","['adil', 'baik', 'banget', 'benar', 'dengerin', 'jelek', 'kagak', 'keluh', 'mu', 'sumpah', 'tolong']"
"['ping', 'selalu', 'buruk', 'aneh', 'banget']","['aneh', 'banget', 'buruk', 'ping', 'selalu']"
['buruk'],['buruk']
"['montong', 'kurang', 'ngiclik', 'licik', 'lag']","['kurang', 'lag', 'licik', 'montong', 'ngiclik']"
"['sinyal', 'bagus', 'henti', 'suka', 'henti', 'tolong', 'baik', 'bug', 'muntun']","['bagus', 'baik', 'bug', 'henti', 'muntun', 'sinyal', 'suka', 'tolong']"
['taik'],['taik']
"['aneh', 'temuin', 'party', 'makin', 'lama', 'makin', 'aneh']","['aneh', 'lama', 'makin', 'party', 'temuin']"
"['buruk', 'kenapa', 'update', 'ping', 'stabil', 'benar', 'gara', 'gara', 'ping', 'stabil', 'rusak', 'lahh', 'tai']","['benar', 'buruk', 'gara', 'kenapa', 'lahh', 'ping', 'rusak', 'stabil', 'tai', 'update']"
"['perbaikin', 'freze', 'sinyal', 'aman', 'ko', 'freze', 'berkalikali', 'ganggu', 'alam']","['alam', 'aman', 'berkalikali', 'freze', 'ganggu', 'ko', 'perbaikin', 'sinyal']"
"['asu', 'teman', 'naik', 'naik', 'teman', 'bot', 'adil']","['adil', 'asu', 'bot', 'naik', 'teman']"
"['taii', 'lain', 'tuju', 'senangsenang', 'gilastres', 'gila', 'isi', 'gelap', 'semua', 'bintang', 'lima', 'deteksi', 'tolong']","['bintang', 'deteksi', 'gelap', 'gila', 'gilastres', 'isi', 'lain', 'lima', 'semua', 'senangsenang', 'taii', 'tolong', 'tuju']"
"['banyak', 'layer', 'buruk', 'beri', 'derak', 'malas', 'hati', 'hancur', 'anak', 'yatim', 'para', 'bilang', 'bapak', 'sono', 'bapak']","['anak', 'banyak', 'bapak', 'beri', 'bilang', 'buruk', 'derak', 'hancur', 'hati', 'layer', 'malas', 'para', 'sono', 'yatim']"
"['bosan', 'lag', 'lag', 'lag', 'dn', 'lag', 'sinyak', 'stbil', 'wifi', 'parah', 'total', 'mending', 'ganti', 'pindah']","['bosan', 'dn', 'ganti', 'lag', 'mending', 'parah', 'pindah', 'sinyak', 'stbil', 'total', 'wifi']"
"['kompak', 'jng', 'pilihin', 'busuk', 'kurang', 'sekolah', 'masa', 'sinyal', 'merah', 'anggap', 'afk', 'gimana']","['afk', 'anggap', 'busuk', 'gimana', 'jng', 'kompak', 'kurang', 'masa', 'merah', 'pilihin', 'sekolah', 'sinyal']"
"['percumah', 'menang', 'menang', 'kalah', 'ting', 'satu', 'bot']","['bot', 'kalah', 'menang', 'percumah', 'satu', 'ting']"
"['kenapa', 'sudah', 'makin', 'lama', 'makin', 'jelek', 'lag', 'lag', 'jelas', 'dalam', 'tanding', 'patah', 'patah', 'tibatiba', 'afk', 'patah', 'patah', 'mending', 'brawl', 'clasic', 'patah', 'patah', 'aplikasi', 'makin', 'lama', 'makin', 'berat', 'makin', 'patah', 'patah', 'tolong', 'baik', 'sedikit', 'ringan', 'jangan', 'terlalu', 'berat', 'kasi', 'pengunaan', 'ram', 'kecil', 'tanggap', 'ubah', 'mending', 'pindah']","['afk', 'aplikasi', 'baik', 'berat', 'brawl', 'clasic', 'dalam', 'jangan', 'jelas', 'jelek', 'kasi', 'kecil', 'kenapa', 'lag', 'lama', 'makin', 'mending', 'patah', 'pengunaan', 'pindah', 'ram', 'ringan', 'sedikit', 'sudah', 'tanding', 'tanggap', 'terlalu', 'tibatiba', 'tolong', 'ubah']"
"['buruk', 'binatang', 'baik', 'bug', 'sinyal', 'mu']","['baik', 'binatang', 'bug', 'buruk', 'mu', 'sinyal']"
"['halo', 'mas', 'muntun', 'tolong', 'jago', 'cape', 'gendong', 'pasti', 'menang', 'kalah', 'menang', 'kalah', 'percaya', 'akun', 'sutsujinkw', 'pindah', 'terimakasih']","['akun', 'cape', 'gendong', 'halo', 'jago', 'kalah', 'mas', 'menang', 'muntun', 'pasti', 'percaya', 'pindah', 'sutsujinkw', 'terimakasih', 'tolong']"
"['lag', 'banyak', 'emperor']","['banyak', 'emperor', 'lag']"
"['mohon', 'baik', 'eror', 'bnyk', 'gelap']","['baik', 'bnyk', 'eror', 'gelap', 'mohon']"
"['ban', 'akun', 'lama', 'dri', 'defeet', 'mllu']","['akun', 'ban', 'defeet', 'dri', 'lama', 'mllu']"
"['lag', 'server', 'bug', 'ui', 'lag', 'server', 'speed', 'on', 'lag', 'gerak', 'speed', 'off', 'lag', 'gerak', 'bug', 'ui', 'bug', 'tanding', 'draft', 'pasuk', 'tanding']","['bug', 'draft', 'gerak', 'lag', 'off', 'on', 'pasuk', 'server', 'speed', 'tanding', 'ui']"
"['ap', 'anjing']","['anjing', 'ap']"
"['maaf', 'hapus', 'males', 'beban', 'teman', 'lama', 'pensi', 'terimakasih', 'banyak', 'nemenin', 'mungkin', 'nanti', 'kapankapan']","['banyak', 'beban', 'hapus', 'kapankapan', 'lama', 'maaf', 'males', 'mungkin', 'nanti', 'nemenin', 'pensi', 'teman', 'terimakasih']"
"['banyak', 'gelap']","['banyak', 'gelap']"
"['orng', 'baru', 'pertama', 'mending', 'usah', 'happy', 'tenang', 'gan', 'stres', 'pusing']","['baru', 'gan', 'happy', 'mending', 'orng', 'pertama', 'pusing', 'stres', 'tenang', 'usah']"
"['ketemu', 'gelap', 'mana', 'mana', 'jelas']","['gelap', 'jelas', 'ketemu', 'mana']"
"['tolol', 'kalah']","['kalah', 'tolol']"
"['rusak', 'lol']","['lol', 'rusak']"
"['stres', 'isi', 'gelap', 'swmua']","['gelap', 'isi', 'stres', 'swmua']"
"['makin', 'update', 'makin', 'lag', 'jelas', 'loogin', 'sampai', 'gerak', 'lancar', 'tetap', 'ngaruh', 'sekian', 'terimakasih', 'gaji']","['gaji', 'gerak', 'jelas', 'lag', 'lancar', 'loogin', 'makin', 'ngaruh', 'sampai', 'sekian', 'terimakasih', 'tetap', 'update']"
"['adil', 'dalam', 'pilih', 'bot', 'semua', 'sedang', 'musuh', 'jago', 'jago']","['adil', 'bot', 'dalam', 'jago', 'musuh', 'pilih', 'sedang', 'semua']"
"['adill', 'dalam', 'bagi', 'banyak', 'gelap', 'musuh', 'gg', 'bot']","['adill', 'bagi', 'banyak', 'bot', 'dalam', 'gelap', 'gg', 'musuh']"
"['sinyal', 'hilang', 'mati', 'sinyal', 'pull', 'tolong', 'baik', 'sudah', 'baik', 'bintang', 'naikin', 'bintang', 'lima']","['baik', 'bintang', 'hilang', 'lima', 'mati', 'naikin', 'pull', 'sinyal', 'sudah', 'tolong']"
"['percuma', 'update', 'cape', 'sumpah', 'bot', 'musuh', 'sakit', 'banya', 'buuf', 'buka', 'update', 'makin', 'bagus', 'mah', 'makin', 'parah', 'dasar', 'gaje', 'lol']","['bagus', 'banya', 'bot', 'buka', 'buuf', 'cape', 'dasar', 'gaje', 'lol', 'mah', 'makin', 'musuh', 'parah', 'percuma', 'sakit', 'sumpah', 'update']"
"['grafik', 'bagus', 'tetapi', 'jangan', 'mainin', 'samsung', 'oppo']","['bagus', 'grafik', 'jangan', 'mainin', 'oppo', 'samsung', 'tetapi']"
"['sial', 'ajg', 'kasi', 'teman', 'draksistem']","['ajg', 'draksistem', 'kasi', 'sial', 'teman']"
"['beres', 'lek', 'sinyal', 'pin', 'bagus', 'gerak', 'jelek', 'buruk']","['bagus', 'beres', 'buruk', 'gerak', 'jelek', 'lek', 'pin', 'sinyal']"
"['banyak', 'gelap', 'minimal', 'banget', 'mvp', 'turun', 'bintang', 'lebih', 'baik', 'kalah', 'mvp', 'bintang', 'bayangin', 'gendong', 'gendong', 'ujung', 'ujung', 'kalah', 'aneh', 'gendong', 'rugi', 'bahkan', 'ngerti']","['aneh', 'bahkan', 'baik', 'banget', 'banyak', 'bayangin', 'bintang', 'gelap', 'gendong', 'kalah', 'lebih', 'minimal', 'mvp', 'ngerti', 'rugi', 'turun', 'ujung']"
"['nek', 'ngekeii', 'genah', 'tel', 'gatel']","['gatel', 'genah', 'nek', 'ngekeii', 'tel']"
"['tolong', 'koneksi', 'diperbaikigua', 'kalah', 'gara', 'koneksi', 'stabil']","['diperbaikigua', 'gara', 'kalah', 'koneksi', 'stabil', 'tolong']"
"['elek', 'masa', 'sinyal', 'ijo', 'lag', 'niat', 'bintang', 'lawak', 'sinyal', 'perhati', 'su']","['bintang', 'elek', 'ijo', 'lag', 'lawak', 'masa', 'niat', 'perhati', 'sinyal', 'su']"
"['hama', 'draft', 'bug', 'hama', 'jelas', 'hama']","['bug', 'draft', 'hama', 'jelas']"
"['lag', 'ping', 'jumping', 'sinyal', 'bagus']","['bagus', 'jumping', 'lag', 'ping', 'sinyal']"
"['tolong', 'masa', 'lag', 'trs', 'tadi']","['lag', 'masa', 'tadi', 'tolong', 'trs']"
"['bug', 'sinyal', 'bner']","['bner', 'bug', 'sinyal']"
"['tolong', 'sinyal', 'rusak', 'iya', 'loby', 'sinyal', 'hijau', 'trs', 'dalam', 'sinyal', 'merah', 'kuning', 'beri', 'bintang', 'lima', 'bukan', 'rekomendasitapi', 'biar', 'komenan', 'lihat', 'tindak', 'lanjut', 'meryport', 'jelasjelas', 'mangganggu', 'kog', 'kena', 'pelanggaranini', 'adi', 'banget', 'sinyal', 'lag', 'buka', 'pemberitahuan', 'sinyal', 'setabil', 'kog', 'malh', 'afk', 'gimana', 'maksud', 'minimal', 'adil']","['adi', 'adil', 'afk', 'banget', 'beri', 'biar', 'bintang', 'buka', 'bukan', 'dalam', 'gimana', 'hijau', 'iya', 'jelasjelas', 'kena', 'kog', 'komenan', 'kuning', 'lag', 'lanjut', 'lihat', 'lima', 'loby', 'maksud', 'malh', 'mangganggu', 'merah', 'meryport', 'minimal', 'pelanggaranini', 'pemberitahuan', 'rekomendasitapi', 'rusak', 'setabil', 'sinyal', 'tindak', 'tolong', 'trs']"
"['he', 'kena', 'afk', 'gara', 'sinyal', 'd', 'berhentiin', 'paket', 'unlimited', 'edition', 'tolong', 'd', 'baik', 'bagus', 'kog']","['afk', 'bagus', 'baik', 'berhentiin', 'edition', 'gara', 'he', 'kena', 'kog', 'paket', 'sinyal', 'tolong', 'unlimited']"
"['sinyal', 'jelek']","['jelek', 'sinyal']"
"['ngasi', 'benar', 'dr', 'kemarin', 'sesoen', 'sampai', 'sekarang', 'jls', 'sudah', 'mabar', 'epic', 'klau', 'org', 'komen', 'tanggap', 'tondasar', 'jls']","['benar', 'dr', 'epic', 'jls', 'kemarin', 'klau', 'komen', 'mabar', 'ngasi', 'org', 'sampai', 'sekarang', 'sesoen', 'sudah', 'tanggap', 'tondasar']"
"['iqoo', 'neo', 'chipset', 'snapdragon', 'gen', 'masa', 'iya', 'panas', 'sedikit', 'langsung', 'redup', 'cerah', 'redup', 'sudah', 'beberapa', 'report', 'tetapi', 'solusi']","['beberapa', 'cerah', 'chipset', 'gen', 'iqoo', 'iya', 'langsung', 'masa', 'neo', 'panas', 'redup', 'report', 'sedikit', 'snapdragon', 'solusi', 'sudah', 'tetapi']"
"['gim', 'seru']","['gim', 'seru']"
"['bagus', 'patah', 'jelas']","['bagus', 'jelas', 'patah']"
"['ngasi', 'musuh', 'pandang', 'capek', 'jir', 'push', 'naik', 'turun', 'naik', 'turun', 'kapan', 'imonya', 'kompak', 'musuh', 'turun', 'imo', 'semua', 'epik', 'kelar', 'kelar', 'capek', 'jirr']","['capek', 'epik', 'imo', 'imonya', 'jir', 'jirr', 'kapan', 'kelar', 'kompak', 'musuh', 'naik', 'ngasi', 'pandang', 'push', 'semua', 'turun']"
"['bug', 'mu', 'rusak', 'jing']","['bug', 'jing', 'mu', 'rusak']"
"['buruk', 'dunia']","['buruk', 'dunia']"
"['selalu', 'buruk', 'hijau', 'buruk']","['buruk', 'hijau', 'selalu']"
"['sumpah', 'tambah', 'lama', 'tambah', 'benar', 'kasi', 'teman', 'imbang', 'jangan', 'berat']","['benar', 'berat', 'imbang', 'jangan', 'kasi', 'lama', 'sumpah', 'tambah', 'teman']"
"['tolol', 'adil', 'kikir', 'buruk', 'moga', 'hapus', 'playstore']","['adil', 'buruk', 'hapus', 'kikir', 'moga', 'playstore', 'tolol']"
"['tolol', 'banyak', 'draksistem']","['banyak', 'draksistem', 'tolol']"
"['walaupun', 'kesal', 'favorit']","['favorit', 'kesal', 'walaupun']"
"['games', 'skrng', 'bantak', 'bocil']","['bantak', 'bocil', 'games', 'skrng']"
"['minimal', 'starlight', 'member', 'bug', 'ngestak', 'lv', 'dri', 'lalu', 'tolong', 'rusak', 'minimal', 'gaji', 'minggu']","['bug', 'dri', 'gaji', 'lalu', 'lv', 'member', 'minggu', 'minimal', 'ngestak', 'rusak', 'starlight', 'tolong']"
"['musuh', 'imbang']","['imbang', 'musuh']"
"['lag', 'suka', 'maju', 'maju', 'sendiri', 'enk']","['enk', 'lag', 'maju', 'sendiri', 'suka']"
['cocok'],['cocok']
"['baru', 'tulis', 'ulas', 'lama', 'berapa', 'report', 'after', 'kirain', 'sendiri', 'rasain', 'inbalance', 'nyata', 'banyak', 'kasus', 'tinggal', 'setia']","['after', 'banyak', 'baru', 'berapa', 'inbalance', 'kasus', 'kirain', 'lama', 'nyata', 'rasain', 'report', 'sendiri', 'setia', 'tinggal', 'tulis', 'ulas']"
"['buruk', 'asli', 'bagus']","['asli', 'bagus', 'buruk']"
"['mohon', 'atas', 'imbang', 'draft', 'pilih', 'role']","['atas', 'draft', 'imbang', 'mohon', 'pilih', 'role']"
"['knapa', 'bngt', 'lag', 'sendiri', 'bukan', 'cuma', 'sya', 'kena', 'kena', 'pdahal', 'sinyal', 'lancar', 'pubg', 'pernah', 'kya']","['bngt', 'bukan', 'cuma', 'kena', 'knapa', 'kya', 'lag', 'lancar', 'pdahal', 'pernah', 'pubg', 'sendiri', 'sinyal', 'sya']"
"['senang', 'stres', 'lumayan', 'kecuali', 'gelap']","['gelap', 'kecuali', 'lumayan', 'senang', 'stres']"
"['bosen', 'kalah', 'mending', 'ajar']","['ajar', 'bosen', 'kalah', 'mending']"
"['kontl', 'su', 'isi', 'gelap', 'jan', 'donlod', 'ges', 'gl']","['donlod', 'gelap', 'ges', 'gl', 'isi', 'jan', 'kontl', 'su']"
"['sinyal', 'hilang', 'habis', 'tu', 'draf', 'lag', 'banget', 'mending', 'fix', 'ngurusin', 'update', 'rusak']","['banget', 'draf', 'fix', 'habis', 'hilang', 'lag', 'mending', 'ngurusin', 'rusak', 'sinyal', 'tu', 'update']"
"['baik', 'bug', 'bukan', 'skin', 'keluar', 'wifi', 'rumah', 'oke', 'bug', 'bosen', 'jika', 'bug']","['baik', 'bosen', 'bug', 'bukan', 'jika', 'keluar', 'oke', 'rumah', 'skin', 'wifi']"
"['kenapa', 'baik', 'lag', 'banget', 'tolong', 'rusak', 'susah', 'mood']","['baik', 'banget', 'kenapa', 'lag', 'mood', 'rusak', 'susah', 'tolong']"
"['lag', 'parah', 'bagus', 'becus', 'cepet', 'rusak', 'pindah', 'rasain']","['bagus', 'becus', 'cepet', 'lag', 'parah', 'pindah', 'rasain', 'rusak']"
['rusak'],['rusak']
"['tolong', 'ubah', 'selalu', 'lain', 'alam', 'format', 'biasa', 'dua', 'imbang', 'beberapa', 'duo', 'trio', 'beda', 'beda', 'saling', 'kenal', 'baru', 'kenal', 'bahkan', 'kenal', 'satu', 'lainbiasanya', 'duotrio', 'suatu', 'dominasi', 'tetapi', 'duotrio', 'satu', 'kompak', 'akibat', 'ketidakseimbangan', 'rusak', 'alam']","['akibat', 'alam', 'bahkan', 'baru', 'beberapa', 'beda', 'biasa', 'dominasi', 'dua', 'duo', 'duotrio', 'format', 'imbang', 'kenal', 'ketidakseimbangan', 'kompak', 'lain', 'lainbiasanya', 'rusak', 'saling', 'satu', 'selalu', 'suatu', 'tetapi', 'tolong', 'trio', 'ubah']"
"['ketemu', 'gelap', 'sudah', 'gendong', 'capek', 'juang', 'gabisa', 'bahkan', 'musuh', 'jago', 'banget', 'mohon', 'baik']","['bahkan', 'baik', 'banget', 'capek', 'gabisa', 'gelap', 'gendong', 'jago', 'juang', 'ketemu', 'mohon', 'musuh', 'sudah']"
"['woy', 'server', 'masalah', 'rusak', 'masa', 'sinyal', 'full', 'langsung', 'ping', 'down', 'aneh', 'banget', 'lama', 'lama']","['aneh', 'banget', 'down', 'full', 'lama', 'langsung', 'masa', 'masalah', 'ping', 'rusak', 'server', 'sinyal', 'woy']"
"['los', 'hapus']","['hapus', 'los']"
['buruk'],['buruk']
['kntl'],['kntl']
"['rusak', 'kg', 'tenang', 'lag', 'banget', 'lancar', 'lag', 'parah', 'gimana']","['banget', 'gimana', 'kg', 'lag', 'lancar', 'parah', 'rusak', 'tenang']"
"['ganguan', 'maet', 'engga', 'jelas']","['engga', 'ganguan', 'jelas', 'maet']"
"['suka', 'legends', 'tolong', 'mooton', 'kurang', 'gelap', 'jago', 'troll', 'musuh', 'jago', 'semua', 'hadeh']","['gelap', 'hadeh', 'jago', 'kurang', 'legends', 'mooton', 'musuh', 'semua', 'suka', 'tolong', 'troll']"
"['buruk', 'banyak', 'bugkebanyakan', 'draksistem']","['banyak', 'bugkebanyakan', 'buruk', 'draksistem']"
"['logika', 'rendah']","['logika', 'rendah']"
"['baik', 'kadang', 'gemplay', 'lag', 'jaringanya', 'bagus', 'aduh', 'rugi', 'ginj']","['aduh', 'bagus', 'baik', 'gemplay', 'ginj', 'jaringanya', 'kadang', 'lag', 'rugi']"
"['he', 'monnton', 'kasihh', 'benar', 'ngapa', 'tadi', 'benar', 'serius', 'ngetroll', 'gimana', 'nyusahin', 'gwe', 'imbang', 'laahh', 'udhh', 'susah', 'susah', 'mlh', 'kena', 'trol', 'publik', 'kentang', 'kapan', 'lite', 'gwe', 'sudah', 'kuat', 'nihh']","['benar', 'gimana', 'gwe', 'he', 'imbang', 'kapan', 'kasihh', 'kena', 'kentang', 'kuat', 'laahh', 'lite', 'mlh', 'monnton', 'ngapa', 'ngetroll', 'nihh', 'nyusahin', 'publik', 'serius', 'sudah', 'susah', 'tadi', 'trol', 'udhh']"
"['musuh', 'susah', 'banget']","['banget', 'musuh', 'susah']"
"['makin', 'makin', 'jelas', 'ijoo', 'nglag', 'taii']","['ijoo', 'jelas', 'makin', 'nglag', 'taii']"
"['makin', 'lama', 'makin', 'cacat', 'servernya', 'masa', 'kecepetan', 'wifi', 'mbs', 'lag', 'sampai', 'laen', 'lancar', 'lancar', 'ajaa', 'banyak', 'makan', 'skin', 'guna']","['ajaa', 'banyak', 'cacat', 'guna', 'kecepetan', 'laen', 'lag', 'lama', 'lancar', 'makan', 'makin', 'masa', 'mbs', 'sampai', 'servernya', 'skin', 'wifi']"
"['tres', 'banyak', 'gelap']","['banyak', 'gelap', 'tres']"
"['tolol', 'anj']","['anj', 'tolol']"
"['sinyal', 'ijo', 'pencet', 'merahapaan', 'sudah', 'ping', 'bagus']","['bagus', 'ijo', 'merahapaan', 'pencet', 'ping', 'sinyal', 'sudah']"
"['nambah', 'stres', 'jelas', 'semua', 'sedikit', 'sedikit', 'menang', 'sedikit', 'sedikit', 'kalah', 'gitu', 'sampai', 'semua', 'pindah', 'roblox']","['gitu', 'jelas', 'kalah', 'menang', 'nambah', 'pindah', 'roblox', 'sampai', 'sedikit', 'semua', 'stres']"
"['lain', 'winstreak', 'gausah', 'busuk', 'musuh', 'jago', 'napa', 'minimal', 'gitu', 'napa', 'lose', 'streak', 'jing', 'sudah', 'capek', 'hadepin', 'tel']","['busuk', 'capek', 'gausah', 'gitu', 'hadepin', 'jago', 'jing', 'lain', 'lose', 'minimal', 'musuh', 'napa', 'streak', 'sudah', 'tel', 'winstreak']"
"['do', 'nt', 'this', 'because', 'it', 'not', 'good', 'for', 'your', 'health']","['because', 'do', 'for', 'good', 'health', 'it', 'not', 'nt', 'this', 'your']"
"['baik', 'bug', 'kocak', 'aneh', 'banget', 'sosmed', 'yt', 'semua', 'lancar', 'jarngan', 'naik', 'turun', 'aneh', 'banget', 'kocak']","['aneh', 'baik', 'banget', 'bug', 'jarngan', 'kocak', 'lancar', 'naik', 'semua', 'sosmed', 'turun', 'yt']"
"['seru', 'tambah', 'kenang']","['kenang', 'seru', 'tambah']"
"['tolong', 'hapus', 'bag', 'gelek', 'sinyal', 'lancar', 'aplikasi', 'lain', 'lancar', 'buwat', 'lag', 'brawel', 'lag', 'reng', 'lag', 'banget']","['aplikasi', 'bag', 'banget', 'brawel', 'buwat', 'gelek', 'hapus', 'lag', 'lain', 'lancar', 'reng', 'sinyal', 'tolong']"
"['lag', 'bangett', 'kl', 'bapuk']","['bangett', 'bapuk', 'kl', 'lag']"
"['bagus', 'tolong', 'sudah', 'beri', 'musuh', 'susah', 'sampah', 'jangan', 'lag', 'bagus', 'ijo', 'paket', 'banyak', 'lag', 'jln', 'tempat', 'tolong', 'keluh', 'tolong', 'banget', 'usah', 'lag', 'lag', 'segala', 'sudah', 'beri', 'mach', 'susah', 'yaudah', 'jangan', 'tambah', 'lag', 'nambah', 'cape', 'lawan', 'musuh', 'gendong', 'lag', 'coba', 'tolong', 'baik']","['bagus', 'baik', 'banget', 'banyak', 'beri', 'cape', 'coba', 'gendong', 'ijo', 'jangan', 'jln', 'keluh', 'lag', 'lawan', 'mach', 'musuh', 'nambah', 'paket', 'sampah', 'segala', 'sudah', 'susah', 'tambah', 'tempat', 'tolong', 'usah', 'yaudah']"
"['mungkin', 'iri', 'baru', 'win', 'musuh', 'jago', 'bego', 'ulangin', 'sampai', 'bintang', 'habis', 'smph']","['baru', 'bego', 'bintang', 'habis', 'iri', 'jago', 'mungkin', 'musuh', 'sampai', 'smph', 'ulangin', 'win']"
['monyet'],['monyet']
"['sudah', 'susah', 'susah', 'kode', 'redem', 'emot', 'sudah', 'lihat', 'kena', 'izin', 'sudah', 'capet']","['capet', 'emot', 'izin', 'kena', 'kode', 'lihat', 'redem', 'sudah', 'susah']"
"['lawak', 'sekarang', 'becus', 'dalam', 'tangan', 'akun', 'komputer']","['akun', 'becus', 'dalam', 'komputer', 'lawak', 'sekarang', 'tangan']"
"['banyak', 'gelap', 'komtol']","['banyak', 'gelap', 'komtol']"
"['hallo', 'support', 'sedikit', 'keluh', 'habis', 'update', 'patch', 'baru', 'device', 'redmi', 'note', 'pro', 'lag', 'parah', 'last', 'semua', 'sudah', 'heromenyiapkan', 'tanding', 'sangking', 'lag', 'parah', 'costum', 'emblem', 'belum', 'belum', 'update', 'peta', 'patch', 'baru', 'aman', 'rugi', 'dalam', 'tempur', 'terkadang', 'detik', 'sudah', 'jalan', 'baru', 'masuk', 'tanding', 'sudah', 'coba', 'device', 'nyata', 'terimakasih']","['aman', 'baru', 'belum', 'coba', 'costum', 'dalam', 'detik', 'device', 'emblem', 'habis', 'hallo', 'heromenyiapkan', 'jalan', 'keluh', 'lag', 'last', 'masuk', 'note', 'nyata', 'parah', 'patch', 'peta', 'pro', 'redmi', 'rugi', 'sangking', 'sedikit', 'semua', 'sudah', 'support', 'tanding', 'tempur', 'terimakasih', 'terkadang', 'update']"
"['banyak', 'draksistem', 'mumet', 'das']","['banyak', 'das', 'draksistem', 'mumet']"
"['sinyal', 'bagus', 'lag']","['bagus', 'lag', 'sinyal']"
['bagus'],['bagus']
"['parah', 'kasi', 'darksistem', 'makin', 'lama', 'makin', 'males']","['darksistem', 'kasi', 'lama', 'makin', 'males', 'parah']"
"['kenapa', 'season', 'makin', 'buruk', 'bagus', 'buka', 'apk', 'lain', 'lancar', 'lag', 'banget', 'diem', 'lobby', 'kadang', 'muter', 'muter', 'draft', 'detik', 'akhir', 'selalu', 'lag', 'ping', 'ijo', 'pdhl', 'lag', 'banget', 'tbtb', 'ping', 'merah', 'season', 'belum', 'lancar', 'entah', 'kentang', 'sudah', 'kuat', 'gmn', 'tolong', 'baik', 'jangan', 'sedikit', 'sedikit', 'pikirin', 'cuma', 'revamp', 'revamp']","['akhir', 'apk', 'bagus', 'baik', 'banget', 'belum', 'buka', 'buruk', 'cuma', 'detik', 'diem', 'draft', 'entah', 'gmn', 'ijo', 'jangan', 'kadang', 'kenapa', 'kentang', 'kuat', 'lag', 'lain', 'lancar', 'lobby', 'makin', 'merah', 'muter', 'pdhl', 'pikirin', 'ping', 'revamp', 'season', 'sedikit', 'selalu', 'sudah', 'tbtb', 'tolong']"
"['suka', 'cocok', 'stabil', 'wifi', 'kemarin', 'jelek', 'kenapa', 'napa', 'lag', 'mls']","['cocok', 'jelek', 'kemarin', 'kenapa', 'lag', 'mls', 'napa', 'stabil', 'suka', 'wifi']"
"['taik', 'lag', 'lag', 'jelas', 'j', 'ng']","['jelas', 'lag', 'ng', 'taik']"
"['banyak', 'gelap', 'sistemm', 'beri', 'winstreak']","['banyak', 'beri', 'gelap', 'sistemm', 'winstreak']"
['gajee'],['gajee']
"['ajg', 'kntl', 'bab', 'kmk', 'mmk', 'geje', 'mending', 'tutup', 'have', 'fun', 'bukan', 'stres', 'sok', 'beri', 'ingat', 'baik', 'kau', 'baru', 'beri', 'ingat', 'dongok']","['ajg', 'bab', 'baik', 'baru', 'beri', 'bukan', 'dongok', 'fun', 'geje', 'have', 'ingat', 'kau', 'kmk', 'kntl', 'mending', 'mmk', 'sok', 'stres', 'tutup']"
"['karana', 'banyak', 'drk']","['banyak', 'drk', 'karana']"
"['bagus', 'lansia']","['bagus', 'lansia']"
"['bagus', 'suka', 'kolo', 'mabar', 'buruk', 'suka']","['bagus', 'buruk', 'kolo', 'mabar', 'suka']"
"['hama', 'gampang', 'bobol', 'banyak', 'cheater', 'server', 'urus', 'masalah', 'pernah', 'benar', 'guna', 'dev']","['banyak', 'benar', 'bobol', 'cheater', 'dev', 'gampang', 'guna', 'hama', 'masalah', 'pernah', 'server', 'urus']"
"['aneh', 'server', 'adil', 'niat', 'pen', 'hilangin', 'cape', 'lose', 'server', 'buruk']","['adil', 'aneh', 'buruk', 'cape', 'hilangin', 'lose', 'niat', 'pen', 'server']"
"['tolol', 'kalah', 'ton', 'kalah', 'rating']","['kalah', 'rating', 'tolol', 'ton']"
"['resah', 'masyarakat', 'stres', 'kepala', 'uda', 'jago', 'labih', 'parah', 'musuh', 'luar', 'logika']","['jago', 'kepala', 'labih', 'logika', 'luar', 'masyarakat', 'musuh', 'parah', 'resah', 'stres', 'uda']"
"['sudah', 'sekarang', 'mangkin', 'lag']","['lag', 'mangkin', 'sekarang', 'sudah']"
"['guna', 'jelass', 'pilih', 'jng', 'donwload', 'nanti', 'nyesel']","['donwload', 'guna', 'jelass', 'jng', 'nanti', 'nyesel', 'pilih']"
"['rusak', 'cacat', 'banyak', 'gelap']","['banyak', 'cacat', 'gelap', 'rusak']"
['bagus'],['bagus']
"['perhatiin', 'makin', 'rusak', 'wifi', 'ping', 'lompat', 'gaje', 'bngt', 'sumpah', 'mood']","['bngt', 'gaje', 'lompat', 'makin', 'mood', 'perhatiin', 'ping', 'rusak', 'sumpah', 'wifi']"
"['tolong', 'jelas', 'draksistem', 'semua', 'smpai', 'lostrek']","['draksistem', 'jelas', 'lostrek', 'semua', 'smpai', 'tolong']"
"['ubah', 'maka', 'nilai', 'ubah']","['maka', 'nilai', 'ubah']"
"['makin', 'rajalela', 'pakek', 'cheat', 'kena', 'report', 'banyak', 'ngecheat', 'kadang', 'report', 'nick', 'name', 'barusan', 'ngecheat', 'jg', 'hilang', 'hasil', 'pertngdingan', 'jg', 'hilang', 'aneh', 'bintang', 'tetap', 'hilang', 'report', 'percuma', 'gubris', 'tetap', 'lepas']","['aneh', 'banyak', 'barusan', 'bintang', 'cheat', 'gubris', 'hasil', 'hilang', 'jg', 'kadang', 'kena', 'lepas', 'makin', 'name', 'ngecheat', 'nick', 'pakek', 'percuma', 'pertngdingan', 'rajalela', 'report', 'tetap']"
"['bang', 'resale', 'angela', 'cc', 'pls', 'nnti', 'rate', 'bintang']","['angela', 'bang', 'bintang', 'cc', 'nnti', 'pls', 'rate', 'resale']"
"['sinyal', 'jelek']","['jelek', 'sinyal']"
"['kenapa', 'sekarang', 'beda', 'riel', 'adu', 'jago', 'sekarang', 'lebih', 'adu', 'gelap', 'muntun', 'rame', 'jngn', 'gelap', 'kurang', 'senang', 'sulit', 'bagus', 'terlalu', 'banyak', 'ngetrol', 'pesan', 'jika', 'rame', 'hilang', 'gelap']","['adu', 'bagus', 'banyak', 'beda', 'gelap', 'hilang', 'jago', 'jika', 'jngn', 'kenapa', 'kurang', 'lebih', 'muntun', 'ngetrol', 'pesan', 'rame', 'riel', 'sekarang', 'senang', 'sulit', 'terlalu']"
"['bagus', 'baik', 'bug', 'begitu', 'bug', 'langsung', 'rusak', 'mantap']","['bagus', 'baik', 'begitu', 'bug', 'langsung', 'mantap', 'rusak']"
"['dongo', 'kadang', 'susah', 'swap', 'akun']","['akun', 'dongo', 'kadang', 'susah', 'swap']"
"['pliss', 'selalu', 'update', 'moga', 'rezeki', 'lancar', 'amin']","['amin', 'lancar', 'moga', 'pliss', 'rezeki', 'selalu', 'update']"
"['masa', 'kalah', 'baru', 'update', 'kalah', 'line', 'gimana', 'exp', 'bosen', 'ken', 'leni', 'lain', 'gimana', 'buruk', 'gimana']","['baru', 'bosen', 'buruk', 'exp', 'gimana', 'kalah', 'ken', 'lain', 'leni', 'line', 'masa', 'update']"
"['update', 'makin', 'jelek', 'loading', 'lama', 'full', 'draft', 'lag', 'malas', 'ngepush', 'tolong', 'baik']","['baik', 'draft', 'full', 'jelek', 'lag', 'lama', 'loading', 'makin', 'malas', 'ngepush', 'tolong', 'update']"
['buruk'],['buruk']
"['beri', 'lawan', 'imbang', 'tolol']","['beri', 'imbang', 'lawan', 'tolol']"
"['selalu', 'jelek', 'lag', 'pernah', 'online', 'lain', 'sekarang', 'sudah', 'jelek', 'jelek', 'menit', 'mending', 'lain']","['jelek', 'lag', 'lain', 'mending', 'menit', 'online', 'pernah', 'sekarang', 'selalu', 'sudah']"
"['sekarang', 'seru', 'hampir', 'stres', 'gara', 'gara', 'gimana', 'stres', 'menang', 'kalah', 'berkalikali', 'bahkan', 'itung', 'lose']","['bahkan', 'berkalikali', 'gara', 'gimana', 'hampir', 'itung', 'kalah', 'lose', 'menang', 'sekarang', 'seru', 'stres']"
"['anjeng', 'isi', 'hewan', 'hewan', 'patek']","['anjeng', 'hewan', 'isi', 'patek']"
"['makin', 'buruk', 'bagus', 'dalam', 'sinyalerah']","['bagus', 'buruk', 'dalam', 'makin', 'sinyalerah']"
['mantap'],['mantap']
"['sinyal', 'tolong', 'baik']","['baik', 'sinyal', 'tolong']"
"['update', 'bug', 'lag', 'kgk', 'rusak', 'lol']","['bug', 'kgk', 'lag', 'lol', 'rusak', 'update']"
"['update', 'kemarin', 'makin', 'gajelas', 'lag', 'wifi', 'bagus', 'lag', 'ngekah', 'ping', 'an', 'lag', 'banget', 'ketemu', 'musuh', 'lag', 'ketemu', 'lancar', 'jangan', 'bagus', 'taoi', 'bik']","['an', 'bagus', 'banget', 'bik', 'gajelas', 'jangan', 'kemarin', 'ketemu', 'lag', 'lancar', 'makin', 'musuh', 'ngekah', 'ping', 'taoi', 'update', 'wifi']"
"['makin', 'makin', 'gajelas', 'ijo', 'ngelegngefreze', 'bug', 'akhir', 'draft']","['akhir', 'bug', 'draft', 'gajelas', 'ijo', 'makin', 'ngelegngefreze']"
['oh'],['oh']
"['gjls', 'lag', 'bagus', 'isi', 'draksistem', 'semua']","['bagus', 'draksistem', 'gjls', 'isi', 'lag', 'semua']"
"['mkin', 'ksni', 'mkin', 'rusak', 'tu', 'server', 'ajg']","['ajg', 'ksni', 'mkin', 'rusak', 'server', 'tu']"
"['plagiat', 'tolol']","['plagiat', 'tolol']"
"['bagus', 'banget']","['bagus', 'banget']"
"['lag', 'ngehe']","['lag', 'ngehe']"
"['bug', 'seta', 'update', 'baru', 'lag', 'ngelekan']","['baru', 'bug', 'lag', 'ngelekan', 'seta', 'update']"
"['tambah', 'berat', 'kentang']","['berat', 'kentang', 'tambah']"
"['tambah', 'transfer', 'bp', 'diamond']","['bp', 'diamond', 'tambah', 'transfer']"
"['jangan', 'rusak', 'otak', 'jangan']","['jangan', 'otak', 'rusak']"
"['anjur', 'suka', 'lag', 'jangan', 'instal', 'sedikit']","['anjur', 'instal', 'jangan', 'lag', 'sedikit', 'suka']"
['ngotak'],['ngotak']
"['ex', 'glory', 'bahkan', 'gapernah', 'musik']","['bahkan', 'ex', 'gapernah', 'glory', 'musik']"
['stres'],['stres']
"['gila', 'muak', 'ditrol', 'publik', 'dongo', 'jung', 'tb', 'neh', 'mending', 'jung', 'assassin']","['assassin', 'ditrol', 'dongo', 'gila', 'jung', 'mending', 'muak', 'neh', 'publik', 'tb']"
"['beri', 'gapernah', 'beres', 'usang']","['beres', 'beri', 'gapernah', 'usang']"
"['apasih', 'sedikit', 'sedikit', 'defeat', 'sedikit', 'sedikit', 'defeat', 'menang', 'lag', 'ping', 'merah', 'kalah', 'developer', 'asu', 'gapernah', 'benar']","['apasih', 'asu', 'benar', 'defeat', 'developer', 'gapernah', 'kalah', 'lag', 'menang', 'merah', 'ping', 'sedikit']"
"['mana', 'sinyal', 'buruk', 'luar', 'ruang', 'ko', 'sudah', 'luar', 'tetap', 'lag', 'bulan']","['bulan', 'buruk', 'ko', 'lag', 'luar', 'mana', 'ruang', 'sinyal', 'sudah', 'tetap']"
"['gelap', 'dh', 'hapus']","['dh', 'gelap', 'hapus']"
"['emosimain', 'trio', 'duomawi']","['duomawi', 'emosimain', 'trio']"
"['systemnya', 'jelek']","['jelek', 'systemnya']"
"['sumpah', 'parah', 'benar', 'lag', 'sinyal', 'bagus', 'kuota', 'gede', 'wifi', 'kenceng', 'heran', 'sudah', 'babi', 'kesel']","['babi', 'bagus', 'benar', 'gede', 'heran', 'kenceng', 'kesel', 'kuota', 'lag', 'parah', 'sinyal', 'sudah', 'sumpah', 'wifi']"
"['paling', 'tolol', 'panjang', 'masa', 'paling', 'banyak']","['banyak', 'masa', 'paling', 'panjang', 'tolol']"
"['report', 'langgan', 'cuma', 'tenang', 'bukan', 'tindak']","['bukan', 'cuma', 'langgan', 'report', 'tenang', 'tindak']"
"['punya', 'buka', 'akun', 'sudah', 'kait']","['akun', 'buka', 'kait', 'punya', 'sudah']"
"['parah', 'sesaon', 'skrng', 'kalah', 'menang', 'lemah', 'semua', 'musuh', 'jagokompak', 'banding', 'klassic', 'parah', 'bobot', 'adil', 'jangan', 'pernah', 'donwload', 'parah', 'manusiawi', 'duo', 'ketemu', 'mushh', 'trio', 'kadang', 'duo', 'dua', 'musuh', 'sedang', 'cuma', 'satu', 'duo', 'lihat', 'buruk', 'sengaja', 'akun', 'lose', 'biar', 'susah', 'naik']","['adil', 'akun', 'banding', 'biar', 'bobot', 'buruk', 'cuma', 'donwload', 'dua', 'duo', 'jagokompak', 'jangan', 'kadang', 'kalah', 'ketemu', 'klassic', 'lemah', 'lihat', 'lose', 'manusiawi', 'menang', 'mushh', 'musuh', 'naik', 'parah', 'pernah', 'satu', 'sedang', 'semua', 'sengaja', 'sesaon', 'skrng', 'susah', 'trio']"
"['gemm', 'banyak', 'gelap', 'sistemm', 'asu']","['asu', 'banyak', 'gelap', 'gemm', 'sistemm']"
"['biasa', 'dalam', 'bila', 'menang', 'kenya', 'merah', 'report', 'ingat', 'afk', 'potong', 'kredit', 'skor', 'dasar', 'punya', 'atitude', 'senang', 'ujungujungnya', 'hukum', 'tuju', 'afk', 'lebih', 'kejar', 'tinggal', 'assu', 'tibatiba', 'potong', 'kredit', 'skor', 'babi']","['afk', 'assu', 'atitude', 'babi', 'biasa', 'bila', 'dalam', 'dasar', 'hukum', 'ingat', 'kejar', 'kenya', 'kredit', 'lebih', 'menang', 'merah', 'potong', 'punya', 'report', 'senang', 'skor', 'tibatiba', 'tinggal', 'tuju', 'ujungujungnya']"
"['bagus', 'dha']","['bagus', 'dha']"
"['seru', 'stres', 'stuck', 'epik']","['epik', 'seru', 'stres', 'stuck']"
['adil'],['adil']
"['reapot', 'gara', 'gara', 'cheat', 'kagak', 'cheat']","['cheat', 'gara', 'kagak', 'reapot']"
"['makin', 'lama', 'chet', 'makin', 'banyak', 'utama', 'cheat', 'lag']","['banyak', 'cheat', 'chet', 'lag', 'lama', 'makin', 'utama']"
['bagus'],['bagus']
"['buruk', 'mending', 'epep', 'gelap']","['buruk', 'epep', 'gelap', 'mending']"
"['update', 'lag', 'parah', 'lag', 'sinyal', 'bagus', 'wifi', 'tolong', 'baik', 'cepat']","['bagus', 'baik', 'cepat', 'lag', 'parah', 'sinyal', 'tolong', 'update', 'wifi']"
"['seru', 'asik']","['asik', 'seru']"
['rusak'],['rusak']
"['baik', 'tambah', 'lag', 'frame', 'drop', 'semenjak', 'update', 'wifidata', 'bagus']","['bagus', 'baik', 'drop', 'frame', 'lag', 'semenjak', 'tambah', 'update', 'wifidata']"
"['teammatch', 'imbang', 'lh', 'kala']","['imbang', 'kala', 'lh', 'teammatch']"
"['tantang', 'seru', 'emosi', 'seru', 'rate', 'bintang', 'yng', 'mabar', 'nick', 'name', 'coba', 'tabak', 'siapa', 'sorry', 'namany', 'keliru', 'arigato']","['arigato', 'bintang', 'coba', 'emosi', 'keliru', 'mabar', 'namany', 'name', 'nick', 'rate', 'seru', 'siapa', 'sorry', 'tabak', 'tantang', 'yng']"
"['menang', 'kalah', 'banyak', 'ngetrol']","['banyak', 'kalah', 'menang', 'ngetrol']"
"['jangn', 'emosi', 'sinyal', 'bagus', 'lag', 'lag', 'parah', 'getak', 'sinyal', 'bagus', 'kuning', 'merah', 'lag']","['bagus', 'emosi', 'getak', 'jangn', 'kuning', 'lag', 'merah', 'parah', 'sinyal']"
"['sya', 'tdak', 'pus', 'gemes', 'tambah', 'parah', 'jarigan', 'nga', 'stabil', 'loby', 'bagus', 'merah', 'apdep', 'terlalalu', 'nga', 'jelas', 'baget']","['apdep', 'baget', 'bagus', 'gemes', 'jarigan', 'jelas', 'loby', 'merah', 'nga', 'parah', 'pus', 'stabil', 'sya', 'tambah', 'tdak', 'terlalalu']"
['mantap'],['mantap']
"['gelap', 'gj']","['gelap', 'gj']"
"['bintang', 'naik', 'turun']","['bintang', 'naik', 'turun']"
"['oke', 'bos']","['bos', 'oke']"
