stopwords_removed,3-gram
"['malas', 'nak', 'cakap', 'dh', 'enemy', 'dh', 'pro', 'dh', 'noob', 'paling', 'malas', 'rendah', 'nyasar', 'sendiri', 'sedang', 'enmy', 'sampai', 'bekas', 'immortal', 'dh', 'cam', 'sial', 'update', 'sekaranggood', 'bye', 'forever']","['bekas_immortal_dh', 'cakap_dh_enemy', 'cam_sial_update', 'dh_cam_sial', 'dh_enemy_dh', 'dh_noob_paling', 'dh_pro_dh', 'enemy_dh_pro', 'enmy_sampai_bekas', 'immortal_dh_cam', 'malas_nak_cakap', 'malas_rendah_nyasar', 'nak_cakap_dh', 'noob_paling_malas', 'nyasar_sendiri_sedang', 'paling_malas_rendah', 'pro_dh_noob', 'rendah_nyasar_sendiri', 'sampai_bekas_immortal', 'sedang_enmy_sampai', 'sekaranggood_bye_forever', 'sendiri_sedang_enmy', 'sial_update_sekaranggood', 'update_sekaranggood_bye']"
['pamaniyasarusakali'],[]
['yatim'],[]
"['bagus', 'suka', 'ikan', 'ws', 'lebih', 'banyak']","['bagus_suka_ikan', 'ikan_ws_lebih', 'suka_ikan_ws', 'ws_lebih_banyak']"
"['semenjak', 'ganti', 'season', 'baru', 'makin', 'ngaco', 'matching', 'bug', 'lag', 'sinyal', 'bagus', 'entah', 'cheat', 'sebab', 'lag', 'makin', 'jelas', 'pokok']","['bagus_entah_cheat', 'baru_makin_ngaco', 'bug_lag_sinyal', 'cheat_sebab_lag', 'entah_cheat_sebab', 'ganti_season_baru', 'lag_makin_jelas', 'lag_sinyal_bagus', 'makin_jelas_pokok', 'makin_ngaco_matching', 'matching_bug_lag', 'ngaco_matching_bug', 'season_baru_makin', 'sebab_lag_makin', 'semenjak_ganti_season', 'sinyal_bagus_entah']"
"['bagus', 'tolong', 'baik', 'muntun', 'renk', 'computer', 'musuh', 'serasa', 'joki', 'beri', 'lawan', 'padan', 'baik', 'pindah']","['bagus_tolong_baik', 'baik_muntun_renk', 'beri_lawan_padan', 'computer_musuh_serasa', 'joki_beri_lawan', 'lawan_padan_baik', 'muntun_renk_computer', 'musuh_serasa_joki', 'padan_baik_pindah', 'renk_computer_musuh', 'serasa_joki_beri', 'tolong_baik_muntun']"
"['minus', 'permainanan', 'se', 'imbang', 'mvp', 'kalah', 'mah', 'ilangin', 'darat', 'cape']","['ilangin_darat_cape', 'imbang_mvp_kalah', 'kalah_mah_ilangin', 'mah_ilangin_darat', 'minus_permainanan_se', 'mvp_kalah_mah', 'permainanan_se_imbang', 'se_imbang_mvp']"
"['seru', 'banget']",[]
"['buruk', 'efek', 'skin', 'biasa', 'hera', 'aneh', 'tampil', 'majapahit', 'rata', 'win', 'kalah', 'berkalikali', 'stres', 'ginian', 'banyak', 'banget', 'gelap']","['aneh_tampil_majapahit', 'banyak_banget_gelap', 'berkalikali_stres_ginian', 'biasa_hera_aneh', 'buruk_efek_skin', 'efek_skin_biasa', 'ginian_banyak_banget', 'hera_aneh_tampil', 'kalah_berkalikali_stres', 'majapahit_rata_win', 'rata_win_kalah', 'skin_biasa_hera', 'stres_ginian_banyak', 'tampil_majapahit_rata', 'win_kalah_berkalikali']"
"['kenapa', 'banyak', 'draksistem', 'capek', 'trol', 'jelas']","['banyak_draksistem_capek', 'capek_trol_jelas', 'draksistem_capek_trol', 'kenapa_banyak_draksistem']"
"['update', 'patch', 'baru', 'sekarang', 'kk', 'stuck', 'loading', 'afk', 'sampai', 'menit', 'skoth', 'kah']","['afk_sampai_menit', 'baru_sekarang_kk', 'kk_stuck_loading', 'loading_afk_sampai', 'menit_skoth_kah', 'patch_baru_sekarang', 'sampai_menit_skoth', 'sekarang_kk_stuck', 'stuck_loading_afk', 'update_patch_baru']"
"['tanding', 'stuck', 'lama', 'keluar', 'tanding', 'ngelakuin', 'gimana']","['keluar_tanding_ngelakuin', 'lama_keluar_tanding', 'stuck_lama_keluar', 'tanding_ngelakuin_gimana', 'tanding_stuck_lama']"
"['knp', 'akun', 'kena', 'bug', 'verifikasi', 'langkah', 'kena', 'verifikasi', 'langkah', 'tolong', 'jawab']","['akun_kena_bug', 'bug_verifikasi_langkah', 'kena_bug_verifikasi', 'kena_verifikasi_langkah', 'knp_akun_kena', 'langkah_kena_verifikasi', 'langkah_tolong_jawab', 'verifikasi_langkah_kena', 'verifikasi_langkah_tolong']"
"['mending', 'gausah', 'banyak', 'draks', 'bag', 'tu', 'ter', 'parah', 'pernah', 'alamin', 'mending', 'ff', 'pubg', 'bloods', 'trek', 'ghenshingimana', 'mythic', 'ngesetak', 'ketemu', 'muntum', 'dia', 'lukas']","['alamin_mending_ff', 'bag_tu_ter', 'banyak_draks_bag', 'bloods_trek_ghenshingimana', 'draks_bag_tu', 'ff_pubg_bloods', 'gausah_banyak_draks', 'ghenshingimana_mythic_ngesetak', 'ketemu_muntum_dia', 'mending_ff_pubg', 'mending_gausah_banyak', 'muntum_dia_lukas', 'mythic_ngesetak_ketemu', 'ngesetak_ketemu_muntum', 'parah_pernah_alamin', 'pernah_alamin_mending', 'pubg_bloods_trek', 'ter_parah_pernah', 'trek_ghenshingimana_mythic', 'tu_ter_parah']"
"['bagus', 'dalam', 'segi', 'skin', 'keren', 'keren', 'kenapa', 'gimana', 'gitu', 'tinggi', 'tinggi', 'bocil', 'mityik', 'susah', 'naik']","['bagus_dalam_segi', 'bocil_mityik_susah', 'dalam_segi_skin', 'gimana_gitu_tinggi', 'gitu_tinggi_tinggi', 'kenapa_gimana_gitu', 'keren_kenapa_gimana', 'keren_keren_kenapa', 'mityik_susah_naik', 'segi_skin_keren', 'skin_keren_keren', 'tinggi_bocil_mityik', 'tinggi_tinggi_bocil']"
"['sumpah', 'marah', 'pasti', 'kalah', 'maksud', 'gimana', 'sengaja', 'biar', 'kalah', 'stuck', 'ken', 'ngerasain', 'mytic', 'sampai', 'ngeluarin', 'mutiara', 'tolong', 'kerjasamanya']","['biar_kalah_stuck', 'gimana_sengaja_biar', 'kalah_maksud_gimana', 'kalah_stuck_ken', 'ken_ngerasain_mytic', 'maksud_gimana_sengaja', 'marah_pasti_kalah', 'mutiara_tolong_kerjasamanya', 'mytic_sampai_ngeluarin', 'ngeluarin_mutiara_tolong', 'ngerasain_mytic_sampai', 'pasti_kalah_maksud', 'sampai_ngeluarin_mutiara', 'sengaja_biar_kalah', 'stuck_ken_ngerasain', 'sumpah_marah_pasti']"
"['banyak', 'update', 'baru', 'makin', 'seru', 'bug', 'alam', 'buruk', 'lancar', 'bagus', 'guna', 'dalam', 'lag', 'sudah', 'mati', 'lancar', 'asa', 'pernah', 'fix', 'masalah', 'apakah', 'pihak', 'sengaja', 'sudah', 'banyak', 'masalah', 'masalah', 'pernah', 'tanggap', 'pihak']","['alam_buruk_lancar', 'apakah_pihak_sengaja', 'asa_pernah_fix', 'bagus_guna_dalam', 'banyak_masalah_masalah', 'banyak_update_baru', 'baru_makin_seru', 'bug_alam_buruk', 'buruk_lancar_bagus', 'dalam_lag_sudah', 'fix_masalah_apakah', 'guna_dalam_lag', 'lag_sudah_mati', 'lancar_asa_pernah', 'lancar_bagus_guna', 'makin_seru_bug', 'masalah_apakah_pihak', 'masalah_masalah_pernah', 'masalah_pernah_tanggap', 'mati_lancar_asa', 'pernah_fix_masalah', 'pernah_tanggap_pihak', 'pihak_sengaja_sudah', 'sengaja_sudah_banyak', 'seru_bug_alam', 'sudah_banyak_masalah', 'sudah_mati_lancar', 'update_baru_makin']"
"['macem', 'tolol', 'sinyal', 'hilang', 'sendiri', 'full', 'sinyal', 'dimatiin', 'gerak']","['full_sinyal_dimatiin', 'hilang_sendiri_full', 'macem_tolol_sinyal', 'sendiri_full_sinyal', 'sinyal_dimatiin_gerak', 'sinyal_hilang_sendiri', 'tolol_sinyal_hilang']"
"['buruk', 'kontol', 'baba']",['buruk_kontol_baba']
"['lumayan', 'dikenalin', 'emry']",['lumayan_dikenalin_emry']
"['bodoh', 'sudah', 'top', 'up', 'banyak', 'cuma', 'kalah', 'keren']","['banyak_cuma_kalah', 'bodoh_sudah_top', 'cuma_kalah_keren', 'sudah_top_up', 'top_up_banyak', 'up_banyak_cuma']"
"['buruk', 'update', 'yng', 'sekarang', 'buruk', 'offline', 'pass', 'masuk', 'pilih', 'mulai', 'tulis', 'gitu', 'pass', 'pencet', 'oke', 'mulai', 'sendiri', 'lag', 'keluar', 'sendiri', 'baik', 'pliss', 'maaf', 'rate', 'cuma', 'dua', 'bintang', 'baik', 'terimakasih', 'maaf', 'terlalu', 'panjang']","['baik_pliss_maaf', 'baik_terimakasih_maaf', 'bintang_baik_terimakasih', 'buruk_offline_pass', 'buruk_update_yng', 'cuma_dua_bintang', 'dua_bintang_baik', 'gitu_pass_pencet', 'keluar_sendiri_baik', 'lag_keluar_sendiri', 'maaf_rate_cuma', 'maaf_terlalu_panjang', 'masuk_pilih_mulai', 'mulai_sendiri_lag', 'mulai_tulis_gitu', 'offline_pass_masuk', 'oke_mulai_sendiri', 'pass_masuk_pilih', 'pass_pencet_oke', 'pencet_oke_mulai', 'pilih_mulai_tulis', 'pliss_maaf_rate', 'rate_cuma_dua', 'sekarang_buruk_offline', 'sendiri_baik_pliss', 'sendiri_lag_keluar', 'terimakasih_maaf_terlalu', 'tulis_gitu_pass', 'update_yng_sekarang', 'yng_sekarang_buruk']"
['otak'],[]
"['gblk', 'beri', 'gaperna', 'benar', 'mm', 'anjg']","['benar_mm_anjg', 'beri_gaperna_benar', 'gaperna_benar_mm', 'gblk_beri_gaperna']"
"['lumayan', 'ngendali', 'pasti', 'seru', 'lawan', 'computer', 'maksud', 'skin', 'gratis', 'rendom']","['computer_maksud_skin', 'lawan_computer_maksud', 'lumayan_ngendali_pasti', 'maksud_skin_gratis', 'ngendali_pasti_seru', 'pasti_seru_lawan', 'seru_lawan_computer', 'skin_gratis_rendom']"
"['buruk', 'banyak', 'cheater', 'tambah', 'tambah', 'jelek', 'kurang', 'bagus', 'sengaja', 'bintang', 'otw', 'uninstal']","['bagus_sengaja_bintang', 'banyak_cheater_tambah', 'bintang_otw_uninstal', 'buruk_banyak_cheater', 'cheater_tambah_tambah', 'jelek_kurang_bagus', 'kurang_bagus_sengaja', 'sengaja_bintang_otw', 'tambah_jelek_kurang', 'tambah_tambah_jelek']"
"['makingg', 'adil', 'massa', 'ketemu', 'legenda', 'dmna', 'letak', 'adil', 'dri', 'dlu', 'smpee', 'skrngg', 'kya', 'gth', 'aneh']","['adil_dri_dlu', 'adil_massa_ketemu', 'dlu_smpee_skrngg', 'dmna_letak_adil', 'dri_dlu_smpee', 'ketemu_legenda_dmna', 'kya_gth_aneh', 'legenda_dmna_letak', 'letak_adil_dri', 'makingg_adil_massa', 'massa_ketemu_legenda', 'skrngg_kya_gth', 'smpee_skrngg_kya']"
['mengibur'],[]
"['perbaikin', 'terlalu', 'delaylag', 'padalan', 'bagus']","['delaylag_padalan_bagus', 'perbaikin_terlalu_delaylag', 'terlalu_delaylag_padalan']"
"['stres', 'puyeng', 'satu', 'ujung', 'losetreak', 'trs']","['puyeng_satu_ujung', 'satu_ujung_losetreak', 'stres_puyeng_satu', 'ujung_losetreak_trs']"
"['epik', 'benar', 'lahh', 'ey', 'rusak', 'dongg', 'susah', 'kalah', 'lebih', 'baik', 'bintang', 'satu']","['baik_bintang_satu', 'benar_lahh_ey', 'dongg_susah_kalah', 'epik_benar_lahh', 'ey_rusak_dongg', 'kalah_lebih_baik', 'lahh_ey_rusak', 'lebih_baik_bintang', 'rusak_dongg_susah', 'susah_kalah_lebih']"
"['bagus', 'bgtt', 'walaupun', 'lag', 'gatau', 'knp', 'wifi', 'bagus', 'win', 'kalah', 'lebih', 'win', 'gara', 'gara', 'bot', 'gitu', 'thanks']","['bagus_bgtt_walaupun', 'bagus_win_kalah', 'bgtt_walaupun_lag', 'bot_gitu_thanks', 'gara_bot_gitu', 'gara_gara_bot', 'gatau_knp_wifi', 'kalah_lebih_win', 'knp_wifi_bagus', 'lag_gatau_knp', 'lebih_win_gara', 'walaupun_lag_gatau', 'wifi_bagus_win', 'win_gara_gara', 'win_kalah_lebih']"
"['kontolo', 'memek']",[]
"['seru', 'banget']",[]
"['ubah', 'rang']",[]
"['suka', 'banget', 'seru']",['suka_banget_seru']
"['terimakasih', 'teman', 'nin', 'pergi', 'lama', 'mu', 'lama', 'love', 'you', 'bye']","['lama_love_you', 'lama_mu_lama', 'love_you_bye', 'mu_lama_love', 'nin_pergi_lama', 'pergi_lama_mu', 'teman_nin_pergi', 'terimakasih_teman_nin']"
['seru'],[]
"['gg', 'coo', 'keren', 'mantap', 'lebih', 'keren', 'ff', 'awokawokawok']","['coo_keren_mantap', 'gg_coo_keren', 'keren_ff_awokawokawok', 'keren_mantap_lebih', 'lebih_keren_ff', 'mantap_lebih_keren']"
"['tolong', 'lawan']",[]
['tolol'],[]
"['rusak', 'bug', 'hijau', 'lag']","['bug_hijau_lag', 'rusak_bug_hijau']"
"['maaf', 'motoon', 'inanilahi', 'mati', 'pensi', 'cpe', 'naik', 'trun', 'naik', 'trun', 'bismilah', 'mti']","['cpe_naik_trun', 'inanilahi_mati_pensi', 'maaf_motoon_inanilahi', 'mati_pensi_cpe', 'motoon_inanilahi_mati', 'naik_trun_bismilah', 'naik_trun_naik', 'pensi_cpe_naik', 'trun_bismilah_mti', 'trun_naik_trun']"
"['minimal', 'lgi']",[]
"['tolol', 'musuh', 'susah', 'kasi', 'ws']","['musuh_susah_kasi', 'susah_kasi_ws', 'tolol_musuh_susah']"
"['goblog', 'pusing']",[]
"['ramah', 'sombong']",[]
['lostrek'],[]
"['hadeh', 'bayak', 'gelap', 'epik', 'gj', 'jelas', 'lus']","['bayak_gelap_epik', 'epik_gj_jelas', 'gelap_epik_gj', 'gj_jelas_lus', 'hadeh_bayak_gelap']"
"['sang', 'at', 'bail', 'mi']","['at_bail_mi', 'sang_at_bail']"
"['timgak', 'amin']",[]
['bagus'],[]
"['mantap', 'sakuramba']",[]
"['pilih', 'anjg']",[]
"['sinyal', 'bagus', 'standart', 'kenapa', 'lag', 'akibat', 'hitung', 'afk', 'rugi', 'nyari', 'senang', 'stres']","['afk_rugi_nyari', 'akibat_hitung_afk', 'bagus_standart_kenapa', 'hitung_afk_rugi', 'kenapa_lag_akibat', 'lag_akibat_hitung', 'nyari_senang_stres', 'rugi_nyari_senang', 'sinyal_bagus_standart', 'standart_kenapa_lag']"
"['kalah', 'gara', 'gara', 'jago', 'bae', 'musuh', 'drack', 'semua']","['bae_musuh_drack', 'gara_gara_jago', 'gara_jago_bae', 'jago_bae_musuh', 'kalah_gara_gara', 'musuh_drack_semua']"
['adil'],[]
"['seru', 'banget']",[]
"['bagus', 'suka', 'makanya', 'jgn', 'bot', 'sudah', 'kg', 'bs', 'dongoo']","['bagus_suka_makanya', 'bot_sudah_kg', 'jgn_bot_sudah', 'kg_bs_dongoo', 'makanya_jgn_bot', 'sudah_kg_bs', 'suka_makanya_jgn']"
"['susah', 'banget', 'masuk', 'makin', 'berat']","['banget_masuk_makin', 'masuk_makin_berat', 'susah_banget_masuk']"
"['kalah', 'menang', 'sudah', 'biasa', 'kalah', 'tanpa', 'progress', 'sebal', 'baru', 'season', 'sekarang', 'alami', 'hal', 'your', 'gelap']","['alami_hal_your', 'baru_season_sekarang', 'biasa_kalah_tanpa', 'hal_your_gelap', 'kalah_menang_sudah', 'kalah_tanpa_progress', 'menang_sudah_biasa', 'progress_sebal_baru', 'season_sekarang_alami', 'sebal_baru_season', 'sekarang_alami_hal', 'sudah_biasa_kalah', 'tanpa_progress_sebal']"
['suka'],[]
"['seru', 'senang', 'enak', 'dimainin', 'seru', 'banget', 'teman', 'seru', 'seru', 'seru', 'seru', 'seru', 'seru', 'seru', 'banget', 'lebih', 'seru', 'sonia', 'sun', 'sun', 'guys', 'usah', 'teman', 'lebih', 'seru', 'hujanhujanan', 'dimarahin', 'tuhan']","['banget_lebih_seru', 'banget_teman_seru', 'dimainin_seru_banget', 'enak_dimainin_seru', 'guys_usah_teman', 'hujanhujanan_dimarahin_tuhan', 'lebih_seru_hujanhujanan', 'lebih_seru_sonia', 'senang_enak_dimainin', 'seru_banget_lebih', 'seru_banget_teman', 'seru_hujanhujanan_dimarahin', 'seru_senang_enak', 'seru_seru_banget', 'seru_seru_seru', 'seru_sonia_sun', 'sonia_sun_sun', 'sun_guys_usah', 'sun_sun_guys', 'teman_lebih_seru', 'teman_seru_seru', 'usah_teman_lebih']"
['kontl'],[]
"['cuma', 'fokus', 'event', 'tanpa', 'optimal', 'ubah', 'ui', 'cacat', 'serius', 'fokus', 'jual', 'merchandise', 'event', 'kikir']","['cacat_serius_fokus', 'cuma_fokus_event', 'event_tanpa_optimal', 'fokus_event_tanpa', 'fokus_jual_merchandise', 'jual_merchandise_event', 'merchandise_event_kikir', 'optimal_ubah_ui', 'serius_fokus_jual', 'tanpa_optimal_ubah', 'ubah_ui_cacat', 'ui_cacat_serius']"
"['stuck', 'baik', 'jg']",['stuck_baik_jg']
"['ngga', 'guna', 'ngga', 'pernah', 'beri', 'bangus']","['guna_ngga_pernah', 'ngga_guna_ngga', 'ngga_pernah_beri', 'pernah_beri_bangus']"
"['sinyal', 'bagus', 'gerak', 'ngentod', 'niat']","['bagus_gerak_ngentod', 'gerak_ngentod_niat', 'sinyal_bagus_gerak']"
"['seru', 'banyak', 'gelap', 'sytem', 'bintang', 'naik', 'legen', 'poke', 'musuh', 'top', 'globalpenjoki']","['banyak_gelap_sytem', 'bintang_naik_legen', 'gelap_sytem_bintang', 'legen_poke_musuh', 'musuh_top_globalpenjoki', 'naik_legen_poke', 'poke_musuh_top', 'seru_banyak_gelap', 'sytem_bintang_naik']"
['jembut'],[]
['anjing'],[]
"['banyak', 'update', 'sinyal', 'server', 'urus', 'sinyal', 'bagus', 'lag']","['banyak_update_sinyal', 'server_urus_sinyal', 'sinyal_bagus_lag', 'sinyal_server_urus', 'update_sinyal_server', 'urus_sinyal_bagus']"
['bagus'],[]
"['bagus', 'walaupun', 'ngelagketemu', 'gelap', 'situ', 'ajar', 'toxic', 'terimakasih', 'developer', 'makanya', 'dm', 'sampai', 'assalamualaikum', 'warahmatullahi', 'wabarakatuh']","['ajar_toxic_terimakasih', 'assalamualaikum_warahmatullahi_wabarakatuh', 'bagus_walaupun_ngelagketemu', 'developer_makanya_dm', 'dm_sampai_assalamualaikum', 'gelap_situ_ajar', 'makanya_dm_sampai', 'ngelagketemu_gelap_situ', 'sampai_assalamualaikum_warahmatullahi', 'situ_ajar_toxic', 'terimakasih_developer_makanya', 'toxic_terimakasih_developer', 'walaupun_ngelagketemu_gelap']"
"['seru', 'knpa', 'beberapa', 'parah', 'banget', 'pdhl', 'bagus', 'langsung', 'parah', 'banget', 'pdhl', 'belum', 'gprnh', 'masalah', 'lg']","['bagus_langsung_parah', 'banget_pdhl_bagus', 'banget_pdhl_belum', 'beberapa_parah_banget', 'belum_gprnh_masalah', 'gprnh_masalah_lg', 'knpa_beberapa_parah', 'langsung_parah_banget', 'parah_banget_pdhl', 'pdhl_bagus_langsung', 'pdhl_belum_gprnh', 'seru_knpa_beberapa']"
"['rekomendasi', 'ton', 'kurang', 'gelap']","['rekomendasi_ton_kurang', 'ton_kurang_gelap']"
"['pertama', 'terimakasih', 'cipta', 'epic', 'beri', 'saran', 'tolong', 'benah', 'minta', 'tolong', 'benah', 'matching', 'garis', 'bawah', 'sungguh', 'classic', 'lagend', 'dapetnya', 'pangkat', 'warior', 'masuk', 'akal', 'mohon', 'benah', 'begitu', 'sudah', 'maklum', 'classic', 'lebih']","['akal_mohon_benah', 'bawah_sungguh_classic', 'begitu_sudah_maklum', 'benah_begitu_sudah', 'benah_matching_garis', 'benah_minta_tolong', 'beri_saran_tolong', 'cipta_epic_beri', 'classic_lagend_dapetnya', 'dapetnya_pangkat_warior', 'epic_beri_saran', 'garis_bawah_sungguh', 'lagend_dapetnya_pangkat', 'maklum_classic_lebih', 'masuk_akal_mohon', 'matching_garis_bawah', 'minta_tolong_benah', 'mohon_benah_begitu', 'pangkat_warior_masuk', 'pertama_terimakasih_cipta', 'saran_tolong_benah', 'sudah_maklum_classic', 'sungguh_classic_lagend', 'terimakasih_cipta_epic', 'tolong_benah_matching', 'tolong_benah_minta', 'warior_masuk_akal']"
"['selalu', 'adil', 'mana', 'musuh', 'terlalu', 'jago', 'mula']","['adil_mana_musuh', 'mana_musuh_terlalu', 'musuh_terlalu_jago', 'selalu_adil_mana', 'terlalu_jago_mula']"
"['ketemu', 'bot']",[]
"['minimal', 'beri', 'musuh', 'sendiri', 'imbang', 'laa', 'sendiri', 'gabisaa', 'lawan', 'jago', 'gimana', 'menang']","['beri_musuh_sendiri', 'gabisaa_lawan_jago', 'imbang_laa_sendiri', 'jago_gimana_menang', 'laa_sendiri_gabisaa', 'lawan_jago_gimana', 'minimal_beri_musuh', 'musuh_sendiri_imbang', 'sendiri_gabisaa_lawan', 'sendiri_imbang_laa']"
"['inih', 'bagus']",[]
"['legends', 'seruu']",[]
['baik'],[]
"['kotol', 'lose', 'lose', 'moga', 'ceper', 'mati', 'nonton']","['ceper_mati_nonton', 'kotol_lose_lose', 'lose_lose_moga', 'lose_moga_ceper', 'moga_ceper_mati']"
['tai'],[]
['bantu'],[]
"['tolong', 'baik']",[]
"['bagus', 'ampe', 'ratarata', 'playernya', 'sdm', 'turun']","['ampe_ratarata_playernya', 'bagus_ampe_ratarata', 'playernya_sdm_turun', 'ratarata_playernya_sdm']"
"['wah', 'keren', 'banget', 'ruang', 'clasik', 'brawel', 'arkade', 'tang', 'kasing', 'bintang', 'lima', 'musuh', 'botsemua', 'padaha', 'tang', 'epik', 'kenapa', 'musuh', 'bot']","['arkade_tang_kasing', 'banget_ruang_clasik', 'bintang_lima_musuh', 'botsemua_padaha_tang', 'brawel_arkade_tang', 'clasik_brawel_arkade', 'epik_kenapa_musuh', 'kasing_bintang_lima', 'kenapa_musuh_bot', 'keren_banget_ruang', 'lima_musuh_botsemua', 'musuh_botsemua_padaha', 'padaha_tang_epik', 'ruang_clasik_brawel', 'tang_epik_kenapa', 'tang_kasing_bintang', 'wah_keren_banget']"
"['babi', 'selalu', 'sampah']",['babi_selalu_sampah']
"['hampir', 'semuah', 'gelap', 'kecewa']","['hampir_semuah_gelap', 'semuah_gelap_kecewa']"
"['rusak', 'rusak']",[]
"['kenapa', 'selalu', 'bot', 'capek']","['kenapa_selalu_bot', 'selalu_bot_capek']"
['bagong'],[]
"['gelap', 'banyak']",[]
"['banyak', 'darksistem', 'n', 'lag']",['banyak_darksistem_lag']
"['skrng', 'suka', 'lag', 'pdahl', 'bukak', 'apk', 'lain', 'lancaraja']","['apk_lain_lancaraja', 'bukak_apk_lain', 'lag_pdahl_bukak', 'pdahl_bukak_apk', 'skrng_suka_lag', 'suka_lag_pdahl']"
"['bagus', 'semua', 'dowlodtannya', 'selalu', 'hilang', 'tinggal', 'sekolah', 'smp', 'hilang', 'mohon', 'baik', 'moga', 'perhati', 'segitu', 'mohon', 'kerja']","['bagus_semua_dowlodtannya', 'baik_moga_perhati', 'dowlodtannya_selalu_hilang', 'hilang_mohon_baik', 'hilang_tinggal_sekolah', 'moga_perhati_segitu', 'mohon_baik_moga', 'perhati_segitu_mohon', 'segitu_mohon_kerja', 'sekolah_smp_hilang', 'selalu_hilang_tinggal', 'semua_dowlodtannya_selalu', 'smp_hilang_mohon', 'tinggal_sekolah_smp']"
"['seru', 'iklann', 'skin', 'banyakk', 'lukas', 'zilong', 'lain', 'lain']","['banyakk_lukas_zilong', 'iklann_skin_banyakk', 'lukas_zilong_lain', 'seru_iklann_skin', 'skin_banyakk_lukas', 'zilong_lain_lain']"
"['makin', 'ancor', 'laq', 'sekrang', 'bagus']","['ancor_laq_sekrang', 'laq_sekrang_bagus', 'makin_ancor_laq']"
"['makin', 'makin', 'buruk', 'selalu', 'lag', 'mulai', 'jengkel']","['buruk_selalu_lag', 'lag_mulai_jengkel', 'makin_buruk_selalu', 'makin_makin_buruk', 'selalu_lag_mulai']"
"['kenapa', 'musuh', 'skin', 'skin', 'gaje', 'sekarang']","['kenapa_musuh_skin', 'musuh_skin_skin', 'skin_gaje_sekarang', 'skin_skin_gaje']"
"['jelas', 'sinyal', 'lag', 'dalem', 'buruk']","['jelas_sinyal_lag', 'lag_dalem_buruk', 'sinyal_lag_dalem']"
"['kon', 'ol', 'anjg', 'lag', 'parah', 'c', 'k']","['anjg_lag_parah', 'kon_ol_anjg', 'ol_anjg_lag']"
"['lumayan', 'bagus', 'tipe', 'banget', 'rating', 'lebih', 'enak', 'king', 'segi', 'gamplay', 'bagus']","['bagus_tipe_banget', 'banget_rating_lebih', 'enak_king_segi', 'king_segi_gamplay', 'lebih_enak_king', 'lumayan_bagus_tipe', 'rating_lebih_enak', 'segi_gamplay_bagus', 'tipe_banget_rating']"
['draksistem'],[]
"['jelas', 'gelap', 'semua', 'gendong']","['gelap_semua_gendong', 'jelas_gelap_semua']"
"['ilang', 'signal']",[]
"['woy', 'kenapa', 'makin', 'makin', 'lag', 'sinyal', 'pdhal', 'kouta', 'byk', 'sinyal', 'hijau', 'kenapa', 'lag', 'skin', 'banyak', 'lag', 'biarin']","['banyak_lag_biarin', 'byk_sinyal_hijau', 'hijau_kenapa_lag', 'kenapa_lag_skin', 'kenapa_makin_makin', 'kouta_byk_sinyal', 'lag_sinyal_pdhal', 'lag_skin_banyak', 'makin_lag_sinyal', 'makin_makin_lag', 'pdhal_kouta_byk', 'sinyal_hijau_kenapa', 'sinyal_pdhal_kouta', 'skin_banyak_lag', 'woy_kenapa_makin']"
"['seru', 'baru', 'seru', 'teman', 'cuma', 'punya', 'keluh', 'masa', 'tadi', 'sudah', 'chat', 'yatim', 'random', 'moga', 'ramah', 'semua']","['baru_seru_teman', 'chat_yatim_random', 'cuma_punya_keluh', 'keluh_masa_tadi', 'masa_tadi_sudah', 'moga_ramah_semua', 'punya_keluh_masa', 'random_moga_ramah', 'seru_baru_seru', 'seru_teman_cuma', 'sudah_chat_yatim', 'tadi_sudah_chat', 'teman_cuma_punya', 'yatim_random_moga']"
"['season', 'sekarang', 'ngaco', 'auto', 'lag', 'pdhl', 'sinyal', 'wifi', 'amanalhasil', 'jd', 'kalah', 'jg', 'kacausll', 'troll']","['amanalhasil_jd_kalah', 'auto_lag_pdhl', 'jd_kalah_jg', 'jg_kacausll_troll', 'kalah_jg_kacausll', 'lag_pdhl_sinyal', 'ngaco_auto_lag', 'pdhl_sinyal_wifi', 'season_sekarang_ngaco', 'sekarang_ngaco_auto', 'sinyal_wifi_amanalhasil', 'wifi_amanalhasil_jd']"
"['macthmaking', 'busuk', 'jelas', 'banget', 'beban', 'report', 'sedang', 'sungguh', 'sungguh', 'nak', 'report', 'aneh', 'mtyhic', 'atas', 'aneh', 'aneh', 'atur', 'aneh', 'mending', 'uninstal']","['aneh_aneh_atur', 'aneh_atur_aneh', 'aneh_mending_uninstal', 'aneh_mtyhic_atas', 'atas_aneh_aneh', 'atur_aneh_mending', 'banget_beban_report', 'beban_report_sedang', 'busuk_jelas_banget', 'jelas_banget_beban', 'macthmaking_busuk_jelas', 'mtyhic_atas_aneh', 'nak_report_aneh', 'report_aneh_mtyhic', 'report_sedang_sungguh', 'sedang_sungguh_sungguh', 'sungguh_nak_report', 'sungguh_sungguh_nak']"
['bagus'],[]
"['bagus', 'bget', 'ramh', 'pk']","['bagus_bget_ramh', 'bget_ramh_pk']"
"['sinyal', 'hijau', 'lag', 'sampai', 'afk']","['hijau_lag_sampai', 'lag_sampai_afk', 'sinyal_hijau_lag']"
"['legends', 'sekarang', 'suka', 'lag', 'gajelas', 'bagus', 'lag', 'sendiri', 'knapa']","['bagus_lag_sendiri', 'gajelas_bagus_lag', 'lag_gajelas_bagus', 'lag_sendiri_knapa', 'legends_sekarang_suka', 'sekarang_suka_lag', 'suka_lag_gajelas']"
"['sampah', 'jelas', 'beranta', 'ngatur', 'kikir', 'busuk']","['beranta_ngatur_kikir', 'jelas_beranta_ngatur', 'ngatur_kikir_busuk', 'sampah_jelas_beranta']"
"['parah', 'kena', 'kredit', 'skor', 'bs', 'ranked', 'cma', 'gara', 'gara', 'kurang', 'bs', 'sperti', 'lain', 'biar', 'lancar', 'mending', 'pindah', 'king']","['biar_lancar_mending', 'bs_ranked_cma', 'bs_sperti_lain', 'cma_gara_gara', 'gara_gara_kurang', 'gara_kurang_bs', 'kena_kredit_skor', 'kredit_skor_bs', 'kurang_bs_sperti', 'lain_biar_lancar', 'lancar_mending_pindah', 'mending_pindah_king', 'parah_kena_kredit', 'ranked_cma_gara', 'skor_bs_ranked', 'sperti_lain_biar']"
['bagus'],[]
"['ngomong', 'tosix', 'sopan', 'kasihan', 'anak', 'anak', 'bawah', 'umur', 'bilang', 'mundur', 'mundur', 'lostreek', 'kualitas', 'bagus', 'mending', 'lain', 'mati', 'suri']","['anak_anak_bawah', 'anak_bawah_umur', 'bagus_mending_lain', 'bawah_umur_bilang', 'bilang_mundur_mundur', 'kasihan_anak_anak', 'kualitas_bagus_mending', 'lain_mati_suri', 'lostreek_kualitas_bagus', 'mending_lain_mati', 'mundur_lostreek_kualitas', 'mundur_mundur_lostreek', 'ngomong_tosix_sopan', 'sopan_kasihan_anak', 'tosix_sopan_kasihan', 'umur_bilang_mundur']"
"['masa', 'iya', 'ketemu', 'trio', 'gitu', 'duoyg', 'imbang']","['gitu_duoyg_imbang', 'iya_ketemu_trio', 'ketemu_trio_gitu', 'masa_iya_ketemu', 'trio_gitu_duoyg']"
"['kalah', 'naik', 'legendmonton', 'kecewa']","['kalah_naik_legendmonton', 'naik_legendmonton_kecewa']"
['haji'],[]
"['beri', 'ma', 'en', 'tolol', 'semua']","['beri_ma_en', 'en_tolol_semua', 'ma_en_tolol']"
['lumayan'],[]
"['bento', 'banyak', 'bot']",['bento_banyak_bot']
"['ehh', 'poke', 'punya', 'apk', 'baharu', 'update', 'tan', 'benar', 'emosi', 'ping', 'stabil', 'fress', 'kwk', 'laq', 'laku', 'lalai', 'update']","['apk_baharu_update', 'baharu_update_tan', 'benar_emosi_ping', 'ehh_poke_punya', 'emosi_ping_stabil', 'fress_kwk_laq', 'kwk_laq_laku', 'laku_lalai_update', 'laq_laku_lalai', 'ping_stabil_fress', 'poke_punya_apk', 'punya_apk_baharu', 'stabil_fress_kwk', 'tan_benar_emosi', 'update_tan_benar']"
"['aneh', 'sekarang', 'mulai', 'mact', 'tulis', 'reconet', 'sinyal', 'bagus', 'winstrake', 'hancur', 'gara', 'gara', 'haduh', 'mohon', 'perhatianya']","['aneh_sekarang_mulai', 'bagus_winstrake_hancur', 'gara_gara_haduh', 'gara_haduh_mohon', 'haduh_mohon_perhatianya', 'hancur_gara_gara', 'mact_tulis_reconet', 'mulai_mact_tulis', 'reconet_sinyal_bagus', 'sekarang_mulai_mact', 'sinyal_bagus_winstrake', 'tulis_reconet_sinyal', 'winstrake_hancur_gara']"
"['akhir', 'bug', 'jelas', 'sampai', 'late', 'mainin', 'lancar', 'suka', 'lag', 'sungguh', 'masuk', 'akal', 'tolong', 'baik']","['akal_tolong_baik', 'akhir_bug_jelas', 'bug_jelas_sampai', 'jelas_sampai_late', 'lag_sungguh_masuk', 'lancar_suka_lag', 'late_mainin_lancar', 'mainin_lancar_suka', 'masuk_akal_tolong', 'sampai_late_mainin', 'suka_lag_sungguh', 'sungguh_masuk_akal']"
"['coba', 'tambahin', 'ngirim', 'battle', 'poin', 'biar', 'ngirim', 'teman']","['battle_poin_biar', 'biar_ngirim_teman', 'coba_tambahin_ngirim', 'ngirim_battle_poin', 'poin_biar_ngirim', 'tambahin_ngirim_battle']"
"['bagus', 'keren', 'bagus', 'bagus', 'balik', 'jembut', 'buruk', 'buruk']","['bagus_bagus_balik', 'bagus_balik_jembut', 'bagus_keren_bagus', 'balik_jembut_buruk', 'jembut_buruk_buruk', 'keren_bagus_bagus']"
"['makin', 'makin', 'jelas', 'masalah', 'jelek', 'banget', 'stabil', 'suka', 'lag', 'tibajadi', 'makin', 'males', 'update', 'makin', 'gede', 'mb', 'baik', 'sudah', 'waras']","['baik_sudah_waras', 'banget_stabil_suka', 'gede_mb_baik', 'jelas_masalah_jelek', 'jelek_banget_stabil', 'lag_tibajadi_makin', 'makin_gede_mb', 'makin_jelas_masalah', 'makin_makin_jelas', 'makin_males_update', 'males_update_makin', 'masalah_jelek_banget', 'mb_baik_sudah', 'stabil_suka_lag', 'suka_lag_tibajadi', 'tibajadi_makin_males', 'update_makin_gede']"
"['waw', 'seru']",[]
"['mantap', 'bagus', 'banget', 'ws', 'alhamdulillah']","['bagus_banget_ws', 'banget_ws_alhamdulillah', 'mantap_bagus_banget']"
"['bagussihh', 'tolong', 'gelap', 'hapus']","['bagussihh_tolong_gelap', 'tolong_gelap_hapus']"
"['sukak', 'user', 'franko', 'tari', 'maut', 'langsung', 'kena', 'lord']","['franko_tari_maut', 'langsung_kena_lord', 'maut_langsung_kena', 'sukak_user_franko', 'tari_maut_langsung', 'user_franko_tari']"
"['sedot', 'makin', 'makin', 'jelek', 'makin', 'buruk', 'full', 'leq', 'bnyak', 'bug']","['buruk_full_leq', 'full_leq_bnyak', 'jelek_makin_buruk', 'leq_bnyak_bug', 'makin_buruk_full', 'makin_jelek_makin', 'makin_makin_jelek', 'sedot_makin_makin']"
"['moga', 'bagus']",[]
"['buruk', 'banyak', 'draksistem', 'buruk', 'pernah']","['banyak_draksistem_buruk', 'buruk_banyak_draksistem', 'draksistem_buruk_pernah']"
"['makin', 'lama', 'makin', 'anj', 'bagus', 'stabil', 'gabisa', 'gerak', 'pencet', 'bilang', 'buruk', 'muncul', 'bagusstabil', 'jelas', 'musuh', 'party', 'posisi', 'menang', 'hubung', 'ulang', 'make', 'kuota']","['anj_bagus_stabil', 'bagus_stabil_gabisa', 'bagusstabil_jelas_musuh', 'bilang_buruk_muncul', 'buruk_muncul_bagusstabil', 'gabisa_gerak_pencet', 'gerak_pencet_bilang', 'hubung_ulang_make', 'jelas_musuh_party', 'lama_makin_anj', 'makin_anj_bagus', 'makin_lama_makin', 'menang_hubung_ulang', 'muncul_bagusstabil_jelas', 'musuh_party_posisi', 'party_posisi_menang', 'pencet_bilang_buruk', 'posisi_menang_hubung', 'stabil_gabisa_gerak', 'ulang_make_kuota']"
"['rusak', 'bug', 'afk', 'bodo']","['bug_afk_bodo', 'rusak_bug_afk']"
"['bagus', 'banget', 'bos']",['bagus_banget_bos']
"['keri', 'gs', 'jangn', 'coba', 'adik', 'mainnin', 'lama', 'bulan', 'lebih', 'masuk', 'rumah', 'sakit', 'jiwa', 'setress', 'lebih', 'habus', 'baik', 'kesehatanmental']","['adik_mainnin_lama', 'bulan_lebih_masuk', 'coba_adik_mainnin', 'gs_jangn_coba', 'habus_baik_kesehatanmental', 'jangn_coba_adik', 'jiwa_setress_lebih', 'keri_gs_jangn', 'lama_bulan_lebih', 'lebih_habus_baik', 'lebih_masuk_rumah', 'mainnin_lama_bulan', 'masuk_rumah_sakit', 'rumah_sakit_jiwa', 'sakit_jiwa_setress', 'setress_lebih_habus']"
"['hadeuh', 'mah', 'seru', 'stres', 'wortit', 'banget', 'apalgi', 'sengaja', 'banget', 'kasi', 'gelap', 'gelap', 'melulu', 'tambah', 'sinyal', 'bagus', 'lag', 'lag']","['apalgi_sengaja_banget', 'bagus_lag_lag', 'banget_apalgi_sengaja', 'banget_kasi_gelap', 'gelap_gelap_melulu', 'gelap_melulu_tambah', 'hadeuh_mah_seru', 'kasi_gelap_gelap', 'mah_seru_stres', 'melulu_tambah_sinyal', 'sengaja_banget_kasi', 'seru_stres_wortit', 'sinyal_bagus_lag', 'stres_wortit_banget', 'tambah_sinyal_bagus', 'wortit_banget_apalgi']"
"['makin', 'update', 'lag', 'enak', 'khusus', 'mending', 'usah', 'maksa', 'yaudah', 'awas', 'darah', 'tinggi', 'bubarin', 'tod']","['awas_darah_tinggi', 'darah_tinggi_bubarin', 'enak_khusus_mending', 'khusus_mending_usah', 'lag_enak_khusus', 'makin_update_lag', 'maksa_yaudah_awas', 'mending_usah_maksa', 'tinggi_bubarin_tod', 'update_lag_enak', 'usah_maksa_yaudah', 'yaudah_awas_darah']"
"['seru', 'cari', 'teman', 'pacar']","['cari_teman_pacar', 'seru_cari_teman']"
['seru'],[]
"['moga', 'sabar', 'tinggi', 'serta', 'semua', 'domzz', 'stay']","['moga_sabar_tinggi', 'sabar_tinggi_serta', 'semua_domzz_stay', 'serta_semua_domzz', 'tinggi_serta_semua']"
"['seru', 'epic', 'moga', 'onic']","['epic_moga_onic', 'seru_epic_moga']"
"['lovyu', 'muntun', 'akun', 'balik', 'cs', 'bgus', 'banget', 'banget', 'banget', 'lovyu', 'muntun']","['akun_balik_cs', 'balik_cs_bgus', 'banget_banget_banget', 'banget_banget_lovyu', 'banget_lovyu_muntun', 'bgus_banget_banget', 'cs_bgus_banget', 'lovyu_muntun_akun', 'muntun_akun_balik']"
"['jangan', 'guys', 'haram', 'isi', 'gelap', 'selalu', 'kalah', 'adil', 'scak', 'epic', 'gegera', 'gelap', 'tolong', 'pisahin', 'gelap', 'kikirr', 'emosi', 'bukan', 'ngilangin', 'stres', 'tambah', 'stres', 'haram', 'kikir', 'poke', 'adil', 'ngepus', 'sampai', 'imo', 'nyata', 'kalah', 'haram', 'tolong', 'not', 'mending', 'free', 'fire', 'lose', 'treak', 'cape', 'epic', 'tolong', 'bagus']","['adil_ngepus_sampai', 'adil_scak_epic', 'bukan_ngilangin_stres', 'cape_epic_tolong', 'emosi_bukan_ngilangin', 'epic_gegera_gelap', 'epic_tolong_bagus', 'fire_lose_treak', 'free_fire_lose', 'gegera_gelap_tolong', 'gelap_kikirr_emosi', 'gelap_selalu_kalah', 'gelap_tolong_pisahin', 'guys_haram_isi', 'haram_isi_gelap', 'haram_kikir_poke', 'haram_tolong_not', 'imo_nyata_kalah', 'isi_gelap_selalu', 'jangan_guys_haram', 'kalah_adil_scak', 'kalah_haram_tolong', 'kikir_poke_adil', 'kikirr_emosi_bukan', 'lose_treak_cape', 'mending_free_fire', 'ngepus_sampai_imo', 'ngilangin_stres_tambah', 'not_mending_free', 'nyata_kalah_haram', 'pisahin_gelap_kikirr', 'poke_adil_ngepus', 'sampai_imo_nyata', 'scak_epic_gegera', 'selalu_kalah_adil', 'stres_haram_kikir', 'stres_tambah_stres', 'tambah_stres_haram', 'tolong_not_mending', 'tolong_pisahin_gelap', 'treak_cape_epic']"
"['legends', 'nggk', 'mobil', 'aplikasi', 'nggk', 'didonwloadya', 'mungkin', 'nokia', 'hehe']","['aplikasi_nggk_didonwloadya', 'didonwloadya_mungkin_nokia', 'legends_nggk_mobil', 'mobil_aplikasi_nggk', 'mungkin_nokia_hehe', 'nggk_didonwloadya_mungkin', 'nggk_mobil_aplikasi']"
"['kontribusi', 'playernya', 'toxic', 'trs', 'wifi', 'lag', 'scroll', 'yt', 'tiktok', 'lag']","['kontribusi_playernya_toxic', 'lag_scroll_yt', 'playernya_toxic_trs', 'scroll_yt_tiktok', 'toxic_trs_wifi', 'trs_wifi_lag', 'wifi_lag_scroll', 'yt_tiktok_lag']"
"['makin', 'jelas', 'resah', 'tambah', 'makin', 'banyak', 'draksistem', 'adalagi', 'bila', 'bintang', 'ketemu', 'trol', 'makin', 'makin', 'bb']","['adalagi_bila_bintang', 'banyak_draksistem_adalagi', 'bila_bintang_ketemu', 'bintang_ketemu_trol', 'draksistem_adalagi_bila', 'jelas_resah_tambah', 'ketemu_trol_makin', 'makin_banyak_draksistem', 'makin_jelas_resah', 'makin_makin_bb', 'resah_tambah_makin', 'tambah_makin_banyak', 'trol_makin_makin']"
"['najis', 'bug', 'lol', 'emosi', 'rusak', 'bug', 'buka', 'aplikasi', 'lain', 'lancar', 'jaya', 'kocak']","['aplikasi_lain_lancar', 'bug_buka_aplikasi', 'bug_lol_emosi', 'buka_aplikasi_lain', 'emosi_rusak_bug', 'lain_lancar_jaya', 'lancar_jaya_kocak', 'lol_emosi_rusak', 'najis_bug_lol', 'rusak_bug_buka']"
"['gonta', 'ganti', 'provider', 'clasic', 'super', 'lag', 'niat', 'cari', 'hibur', 'emosi', 'uninstall', 'males']","['cari_hibur_emosi', 'clasic_super_lag', 'emosi_uninstall_males', 'ganti_provider_clasic', 'gonta_ganti_provider', 'hibur_emosi_uninstall', 'lag_niat_cari', 'niat_cari_hibur', 'provider_clasic_super', 'super_lag_niat']"
"['merah', 'bgs', 'classic', 'bagus', 'kacau', 'skrng', 'bagus']","['bagus_kacau_skrng', 'bgs_classic_bagus', 'classic_bagus_kacau', 'kacau_skrng_bagus', 'merah_bgs_classic']"
"['hello', 'justin', 'yuan', 'and', 'watson', 'xu', 'zhenhua', 'will', 'never', 'read', 'letter', 'al', 'jabar', 'you', 'm', 'already', 'hurt', 'by', 'you', 'so', 'congratulations', 'on', 'what', 'will', 'happen', 'pain', 'that', 'why']","['al_jabar_you', 'already_hurt_by', 'and_watson_xu', 'by_you_so', 'congratulations_on_what', 'happen_pain_that', 'hello_justin_yuan', 'hurt_by_you', 'jabar_you_already', 'justin_yuan_and', 'letter_al_jabar', 'never_read_letter', 'on_what_will', 'pain_that_why', 'read_letter_al', 'so_congratulations_on', 'watson_xu_zhenhua', 'what_will_happen', 'will_happen_pain', 'will_never_read', 'xu_zhenhua_will', 'you_already_hurt', 'you_so_congratulations', 'yuan_and_watson', 'zhenhua_will_never']"
"['kece', 'badai']",[]
"['ngasi', 'teman', 'tu', 'benar', 'gausah', 'kawan', 'epik', 'lawan', 'glory', 'imbang', 'menang', 'kalah', 'sampek', 'imbang', 'kawan', 'lawan', 'cuihh']","['benar_gausah_kawan', 'epik_lawan_glory', 'gausah_kawan_epik', 'glory_imbang_menang', 'imbang_kawan_lawan', 'imbang_menang_kalah', 'kalah_sampek_imbang', 'kawan_epik_lawan', 'kawan_lawan_cuihh', 'lawan_glory_imbang', 'menang_kalah_sampek', 'ngasi_teman_tu', 'sampek_imbang_kawan', 'teman_tu_benar', 'tu_benar_gausah']"
"['sip', 'bagus']",[]
"['kadang', 'kadang', 'emosi']",['kadang_kadang_emosi']
['seru'],[]
"['lumayan', 'agak', 'agak', 'lag']","['agak_agak_lag', 'lumayan_agak_agak']"
"['bjirr', 'baru', 'bulan', 'epic']","['baru_bulan_epic', 'bjirr_baru_bulan']"
"['ygy', 'donlowd', 'usak', 'mentaly', 'saling', 'ngejek', 'toxic', 'recal', 'ramah', 'dikill', 'musuh', 'lansung', 'lanjut', 'cril', 'mah', 'ngetik', 'dikill', 'musuh', 'omongin', 'pou', 'recal', 'ygy', 'jgn', 'donlowd', 'banke', 'tolol', 'idiot', 'montod']","['banke_tolol_idiot', 'cril_mah_ngetik', 'dikill_musuh_lansung', 'dikill_musuh_omongin', 'donlowd_banke_tolol', 'donlowd_usak_mentaly', 'jgn_donlowd_banke', 'lanjut_cril_mah', 'lansung_lanjut_cril', 'mah_ngetik_dikill', 'mentaly_saling_ngejek', 'musuh_lansung_lanjut', 'musuh_omongin_pou', 'ngejek_toxic_recal', 'ngetik_dikill_musuh', 'omongin_pou_recal', 'pou_recal_ygy', 'ramah_dikill_musuh', 'recal_ramah_dikill', 'recal_ygy_jgn', 'saling_ngejek_toxic', 'tolol_idiot_montod', 'toxic_recal_ramah', 'usak_mentaly_saling', 'ygy_donlowd_usak', 'ygy_jgn_donlowd']"
"['win', 'lose', 'gitu', 'sampai', 'tres', 'sekarang', 'sudah', 'hapus', 'tres']","['gitu_sampai_tres', 'lose_gitu_sampai', 'sampai_tres_sekarang', 'sekarang_sudah_hapus', 'sudah_hapus_tres', 'tres_sekarang_sudah', 'win_lose_gitu']"
"['buruk', 'sinyal', 'bagus', 'lag', 'lag', 'riport', 'sudah', 'bagus', 'sinyal', 'cok', 'cek', 'sudah', 'bagus', 'abang']","['bagus_lag_lag', 'bagus_sinyal_cok', 'buruk_sinyal_bagus', 'cek_sudah_bagus', 'cok_cek_sudah', 'lag_lag_riport', 'lag_riport_sudah', 'riport_sudah_bagus', 'sinyal_bagus_lag', 'sinyal_cok_cek', 'sudah_bagus_abang', 'sudah_bagus_sinyal']"
"['ayo', 'rusak', 'enginesistem']",['ayo_rusak_enginesistem']
"['naon', 'naon', 'minion', 'aing', 'kalah', 'nyerang', 'base', 'aing', 'tolol', 'minion', 'kanker']","['aing_kalah_nyerang', 'aing_tolol_minion', 'base_aing_tolol', 'kalah_nyerang_base', 'minion_aing_kalah', 'naon_minion_aing', 'naon_naon_minion', 'nyerang_base_aing', 'tolol_minion_kanker']"
"['memng', 'mantap', 'bosan']",['memng_mantap_bosan']
"['bagus', 'seru', 'banget', 'buru', 'coba']","['bagus_seru_banget', 'banget_buru_coba', 'seru_banget_buru']"
"['beri', 'adil', 'pensi']",['beri_adil_pensi']
"['tolong', 'baik', 'signyal', 'full', 'patah']","['baik_signyal_full', 'signyal_full_patah', 'tolong_baik_signyal']"
"['uda', 'lama', 'sekarang', 'sekarang', 'lag', 'gejalas', 'bahkan', 'sampai', 'ngga', 'gerak', 'sinyal', 'bagus', 'wifi', 'bagus', 'tolong', 'server', 'baik', 'mas', 'ngga', 'baik', 'hormat', 'uninstal']","['bagus_tolong_server', 'bagus_wifi_bagus', 'bahkan_sampai_ngga', 'baik_hormat_uninstal', 'baik_mas_ngga', 'gejalas_bahkan_sampai', 'gerak_sinyal_bagus', 'lag_gejalas_bahkan', 'lama_sekarang_sekarang', 'mas_ngga_baik', 'ngga_baik_hormat', 'ngga_gerak_sinyal', 'sampai_ngga_gerak', 'sekarang_lag_gejalas', 'sekarang_sekarang_lag', 'server_baik_mas', 'sinyal_bagus_wifi', 'tolong_server_baik', 'uda_lama_sekarang', 'wifi_bagus_tolong']"
"['makin', 'devices', 'friendly', 'detik', 'sampai', 'frame', 'drop', 'fps', 'per', 'detik', 'parah', 'alhasil', 'ganti', 'emblem', 'battle', 'spell', 'bayang', 'suruh', 'fast', 'respon', 'cuma', 'detik', 'chipset', 'sd', 'kurang', 'kah']","['alhasil_ganti_emblem', 'battle_spell_bayang', 'bayang_suruh_fast', 'chipset_sd_kurang', 'cuma_detik_chipset', 'detik_chipset_sd', 'detik_parah_alhasil', 'detik_sampai_frame', 'devices_friendly_detik', 'drop_fps_per', 'emblem_battle_spell', 'fast_respon_cuma', 'fps_per_detik', 'frame_drop_fps', 'friendly_detik_sampai', 'ganti_emblem_battle', 'makin_devices_friendly', 'parah_alhasil_ganti', 'per_detik_parah', 'respon_cuma_detik', 'sampai_frame_drop', 'sd_kurang_kah', 'spell_bayang_suruh', 'suruh_fast_respon']"
"['makin', 'makin', 'jelas', 'lag', 'selalu', 'kalah', 'untun', 'jelek']","['jelas_lag_selalu', 'kalah_untun_jelek', 'lag_selalu_kalah', 'makin_jelas_lag', 'makin_makin_jelas', 'selalu_kalah_untun']"
"['jelek', 'sekarang', 'ngga', 'android']","['jelek_sekarang_ngga', 'sekarang_ngga_android']"
[],[]
['gelap'],[]
"['macam', 'seru', 'banget']",['macam_seru_banget']
['bagus'],[]
"['ciga', 'bagong', 'ayna', 'sia', 't', 'ngajawab', 'tanya', 'aing', 'kana', 'aing', 'sia', 'jieun', 'rem', 'najis', 'ayna', 'mah', 'aing', 'kudu', 'deui', 'ieu']","['aing_kana_aing', 'aing_kudu_deui', 'aing_sia_jieun', 'ayna_mah_aing', 'ayna_sia_ngajawab', 'bagong_ayna_sia', 'ciga_bagong_ayna', 'jieun_rem_najis', 'kana_aing_sia', 'kudu_deui_ieu', 'mah_aing_kudu', 'najis_ayna_mah', 'ngajawab_tanya_aing', 'rem_najis_ayna', 'sia_jieun_rem', 'sia_ngajawab_tanya', 'tanya_aing_kana']"
"['mkin', 'rusak', 'suka', 'lag', 'pdhal', 'jringan', 'hijau', 'mnding', 'usah', 'dowload']","['hijau_mnding_usah', 'jringan_hijau_mnding', 'lag_pdhal_jringan', 'mkin_rusak_suka', 'mnding_usah_dowload', 'pdhal_jringan_hijau', 'rusak_suka_lag', 'suka_lag_pdhal']"
['hama'],[]
"['sinyal', 'bagus', 'lag', 'emosi']","['bagus_lag_emosi', 'sinyal_bagus_lag']"
"['lag', 'wifi']",[]
"['guna', 'jelek', 'nonton', 'yt', 'ig', 'tiktok', 'lancar', 'banget', 'asli', 'guna', 'kntol']","['asli_guna_kntol', 'banget_asli_guna', 'guna_jelek_nonton', 'ig_tiktok_lancar', 'jelek_nonton_yt', 'lancar_banget_asli', 'nonton_yt_ig', 'tiktok_lancar_banget', 'yt_ig_tiktok']"
"['bagus', 'bangett']",[]
"['makin', 'buruk', 'kagak', 'senengin', 'selalu', 'feeder', 'bot', 'tahu', 'jenis', 'item', 'emblem', 'butuh', 'terkadang', 'asal', 'pilih', 'king', 'jauh', 'lebih', 'seru']","['asal_pilih_king', 'bot_tahu_jenis', 'buruk_kagak_senengin', 'butuh_terkadang_asal', 'emblem_butuh_terkadang', 'feeder_bot_tahu', 'item_emblem_butuh', 'jauh_lebih_seru', 'jenis_item_emblem', 'kagak_senengin_selalu', 'king_jauh_lebih', 'makin_buruk_kagak', 'pilih_king_jauh', 'selalu_feeder_bot', 'senengin_selalu_feeder', 'tahu_jenis_item', 'terkadang_asal_pilih']"
"['buruk', 'kau', 'bagus', 'bagus', 'sikit', 'beri', 't', 'n', 'semua', 'hapus', 'play', 'store']","['bagus_bagus_sikit', 'bagus_sikit_beri', 'beri_semua_hapus', 'buruk_kau_bagus', 'hapus_play_store', 'kau_bagus_bagus', 'semua_hapus_play', 'sikit_beri_semua']"
"['bagus', 'usia', 'baik']",['bagus_usia_baik']
"['update', 'season', 'pernah', 'rusak', 'sinyal', 'bagus', 'lag', 'butut']","['bagus_lag_butut', 'pernah_rusak_sinyal', 'rusak_sinyal_bagus', 'season_pernah_rusak', 'sinyal_bagus_lag', 'update_season_pernah']"
"['kalah', 'lawa', 'ngeri', 'lol']","['kalah_lawa_ngeri', 'lawa_ngeri_lol']"
['aneh'],[]
['buruk'],[]
"['muak', 'daritadi', 'sengaja', 'kalah']","['daritadi_sengaja_kalah', 'muak_daritadi_sengaja']"
"['tolong', 'notice', 'milik', 'masuk', 'coba', 'tambah', 'brawl', 'brawl', 'masuk', 'semangat']","['brawl_brawl_masuk', 'brawl_masuk_semangat', 'coba_tambah_brawl', 'masuk_coba_tambah', 'milik_masuk_coba', 'notice_milik_masuk', 'tambah_brawl_brawl', 'tolong_notice_milik']"
"['sinyal', 'down', 'pernah', 'perhati', 'complain', 'ttg', 'stabil', 'sinyal', 'update', 'baru', 'lag', 'parah']","['baru_lag_parah', 'complain_ttg_stabil', 'down_pernah_perhati', 'perhati_complain_ttg', 'pernah_perhati_complain', 'sinyal_down_pernah', 'sinyal_update_baru', 'stabil_sinyal_update', 'ttg_stabil_sinyal', 'update_baru_lag']"
"['jelas', 'lama', 'update', 'makin', 'parah', 'lag', 'pdhl', 'hijau', 'sinyal', 'msuk', 'lagg', 'afk', 'jelas']","['hijau_sinyal_msuk', 'jelas_lama_update', 'lag_pdhl_hijau', 'lagg_afk_jelas', 'lama_update_makin', 'makin_parah_lag', 'msuk_lagg_afk', 'parah_lag_pdhl', 'pdhl_hijau_sinyal', 'sinyal_msuk_lagg', 'update_makin_parah']"
"['gaje', 'glory', 'isi', 'tetp', 'banyak', 'draksisitem']","['gaje_glory_isi', 'glory_isi_tetp', 'isi_tetp_banyak', 'tetp_banyak_draksisitem']"
"['mending', 'lain', 'curang']",['mending_lain_curang']
"['munafik', 'bego', 'win', 'klh', 'dlu', 'wkwk', 'buruk', 'push', 'lama', 'stack', 'lingkar', 'setan', 'gtu', 'mending', 'pindah', 'ketimbang', 'kikir', 'stack', 'mawi', 'minimal', 'beri', 'imbang', 'sedikit', 'biadab', 'masa', 'musuh', 'pro', 'bot', 'mikir', 'bego', 'mending', 'ep', 'ep', 'ketimbang', 'kikir']","['bego_mending_ep', 'bego_win_klh', 'beri_imbang_sedikit', 'biadab_masa_musuh', 'bot_mikir_bego', 'buruk_push_lama', 'dlu_wkwk_buruk', 'ep_ep_ketimbang', 'ep_ketimbang_kikir', 'gtu_mending_pindah', 'imbang_sedikit_biadab', 'ketimbang_kikir_stack', 'kikir_stack_mawi', 'klh_dlu_wkwk', 'lama_stack_lingkar', 'lingkar_setan_gtu', 'masa_musuh_pro', 'mawi_minimal_beri', 'mending_ep_ep', 'mending_pindah_ketimbang', 'mikir_bego_mending', 'minimal_beri_imbang', 'munafik_bego_win', 'musuh_pro_bot', 'pindah_ketimbang_kikir', 'pro_bot_mikir', 'push_lama_stack', 'sedikit_biadab_masa', 'setan_gtu_mending', 'stack_lingkar_setan', 'stack_mawi_minimal', 'win_klh_dlu', 'wkwk_buruk_push']"
"['makin', 'absurb', 'imbang', 'cuih', 'sampah', 'staffnya', 'ngga', 'kerja']","['absurb_imbang_cuih', 'cuih_sampah_staffnya', 'imbang_cuih_sampah', 'makin_absurb_imbang', 'sampah_staffnya_ngga', 'staffnya_ngga_kerja']"
"['cocok', 'bintang', 'satu', 'ws', 'ls']","['bintang_satu_ws', 'cocok_bintang_satu', 'satu_ws_ls']"
"['alam', 'senang', 'bagus', 'inspirasi', 'tokohtokoh', 'nasional', 'kenal', 'negara', 'beda', 'tema', 'tarik', 'dukung', 'kembang', 'lonjak', 'drastis', 'sudah', 'masuk', 'salah', 'satu', 'favorit', 'alam', 'virtual', 'senang', 'senang', 'selalu', 'buff', 'nerf', 'sesuai', 'play', 'imbang']","['alam_senang_bagus', 'alam_virtual_senang', 'bagus_inspirasi_tokohtokoh', 'beda_tema_tarik', 'buff_nerf_sesuai', 'drastis_sudah_masuk', 'dukung_kembang_lonjak', 'favorit_alam_virtual', 'inspirasi_tokohtokoh_nasional', 'kembang_lonjak_drastis', 'kenal_negara_beda', 'lonjak_drastis_sudah', 'masuk_salah_satu', 'nasional_kenal_negara', 'negara_beda_tema', 'nerf_sesuai_play', 'salah_satu_favorit', 'satu_favorit_alam', 'selalu_buff_nerf', 'senang_bagus_inspirasi', 'senang_selalu_buff', 'senang_senang_selalu', 'sesuai_play_imbang', 'sudah_masuk_salah', 'tarik_dukung_kembang', 'tema_tarik_dukung', 'tokohtokoh_nasional_kenal', 'virtual_senang_senang']"
"['jelas', 'beri', 'ngotak', 'tres']","['beri_ngotak_tres', 'jelas_beri_ngotak']"
"['makin', 'ngaco', 'down', 'ms', 'naik', 'turuun', 'rating']","['down_ms_naik', 'makin_ngaco_down', 'ms_naik_turuun', 'naik_turuun_rating', 'ngaco_down_ms']"
"['kadita', 'butuh', 'skin', 'epic', 'zenith', 'kadita', 'ariel', 'cocok', 'zenith']","['ariel_cocok_zenith', 'butuh_skin_epic', 'epic_zenith_kadita', 'kadita_ariel_cocok', 'kadita_butuh_skin', 'skin_epic_zenith', 'zenith_kadita_ariel']"
"['bangke', 'mending', 'urusin', 'masalah', 'bug', 'ingame', 'ngurusin', 'event', 'skin', 'siasia', 'banyak', 'event', 'skin', 'masalah', 'bug', 'urusin', 'ijo', 'lag', 'aneh']","['bangke_mending_urusin', 'banyak_event_skin', 'bug_ingame_ngurusin', 'bug_urusin_ijo', 'event_skin_masalah', 'event_skin_siasia', 'ijo_lag_aneh', 'ingame_ngurusin_event', 'masalah_bug_ingame', 'masalah_bug_urusin', 'mending_urusin_masalah', 'ngurusin_event_skin', 'siasia_banyak_event', 'skin_masalah_bug', 'skin_siasia_banyak', 'urusin_ijo_lag', 'urusin_masalah_bug']"
"['sekarang', 'aneh', 'banget', 'satuin', 'bego', 'musuh', 'op', 'malesin']","['aneh_banget_satuin', 'banget_satuin_bego', 'bego_musuh_op', 'musuh_op_malesin', 'satuin_bego_musuh', 'sekarang_aneh_banget']"
"['baik', 'dunia']",[]
"['bukan', 'makin', 'bagus', 'makin', 'parah', 'lagnya', 'setting', 'speed', 'tingkat', 'masalah', 'aktif', 'selalu', 'suka', 'nonaktif', 'sendiri', 'nyalain', 'speed', 'tingkat', 'tambah', 'kira', 'masalah', 'signal', 'sendiri', 'wifi', 'cek', 'signal', 'bar', 'penuh', 'begitu', 'wifi', 'tes', 'youtube', 'lain', 'lancar', 'gimana', 'tolong', 'walau', 'merek', 'as', 'lama', 'lain', 'bagus']","['aktif_selalu_suka', 'as_lama_lain', 'bagus_makin_parah', 'bar_penuh_begitu', 'begitu_wifi_tes', 'bukan_makin_bagus', 'cek_signal_bar', 'gimana_tolong_walau', 'kira_masalah_signal', 'lagnya_setting_speed', 'lain_lancar_gimana', 'lama_lain_bagus', 'lancar_gimana_tolong', 'makin_bagus_makin', 'makin_parah_lagnya', 'masalah_aktif_selalu', 'masalah_signal_sendiri', 'merek_as_lama', 'nonaktif_sendiri_nyalain', 'nyalain_speed_tingkat', 'parah_lagnya_setting', 'penuh_begitu_wifi', 'selalu_suka_nonaktif', 'sendiri_nyalain_speed', 'sendiri_wifi_cek', 'setting_speed_tingkat', 'signal_bar_penuh', 'signal_sendiri_wifi', 'speed_tingkat_masalah', 'speed_tingkat_tambah', 'suka_nonaktif_sendiri', 'tambah_kira_masalah', 'tes_youtube_lain', 'tingkat_masalah_aktif', 'tingkat_tambah_kira', 'tolong_walau_merek', 'walau_merek_as', 'wifi_cek_signal', 'wifi_tes_youtube', 'youtube_lain_lancar']"
"['aneh', 'tinggi', 'teman', 'bot', 'aneh', 'bett', 'musuh', 'semua', 'sendiri', 'bott', 'buay', 'serius', 'bodoh']","['aneh_bett_musuh', 'aneh_tinggi_teman', 'bett_musuh_semua', 'bot_aneh_bett', 'bott_buay_serius', 'buay_serius_bodoh', 'musuh_semua_sendiri', 'semua_sendiri_bott', 'sendiri_bott_buay', 'teman_bot_aneh', 'tinggi_teman_bot']"
"['buruk', 'wifi', 'bagus', 'apakah', 'legends', 'rusak']","['apakah_legends_rusak', 'bagus_apakah_legends', 'buruk_wifi_bagus', 'wifi_bagus_apakah']"
['rusak'],[]
"['coba', 'baik', 'anjg', 'bagus', 'kenapa', 'lag', 'emosi', 'heran']","['anjg_bagus_kenapa', 'bagus_kenapa_lag', 'baik_anjg_bagus', 'coba_baik_anjg', 'kenapa_lag_emosi', 'lag_emosi_heran']"
"['pliss', 'baik', 'masa', 'ie', 'lezen', 'epic', 'gara', 'gara', 'punya', 'guna', 'gelap', 'aduh']","['baik_masa_ie', 'epic_gara_gara', 'gara_gara_punya', 'gara_punya_guna', 'guna_gelap_aduh', 'ie_lezen_epic', 'lezen_epic_gara', 'masa_ie_lezen', 'pliss_baik_masa', 'punya_guna_gelap']"
"['kalah', 'sampai', 'menang', 'lawan', 'komputer']","['kalah_sampai_menang', 'menang_lawan_komputer', 'sampai_menang_lawan']"
['gjls'],[]
"['makin', 'updetan', 'makin', 'jelas', 'selalu', 'lag', 'sinyal', 'bagus']","['jelas_selalu_lag', 'lag_sinyal_bagus', 'makin_jelas_selalu', 'makin_updetan_makin', 'selalu_lag_sinyal', 'updetan_makin_jelas']"
"['bagus', 'kikir', 'imbang', 'banyak', 'bansos', 'gacha', 'wangi', 'baik', 'wangiin', 'akun', 'moontod', 'tambahin', 'bintang', 'gacha', 'aspirant', 'pola', 'akun', 'danish']","['akun_moontod_tambahin', 'aspirant_pola_akun', 'bagus_kikir_imbang', 'baik_wangiin_akun', 'bansos_gacha_wangi', 'banyak_bansos_gacha', 'bintang_gacha_aspirant', 'gacha_aspirant_pola', 'gacha_wangi_baik', 'imbang_banyak_bansos', 'kikir_imbang_banyak', 'moontod_tambahin_bintang', 'pola_akun_danish', 'tambahin_bintang_gacha', 'wangi_baik_wangiin', 'wangiin_akun_moontod']"
"['sinyal', 'bagus', 'lag', 'mentok', 'loby', 'patah', 'patah', 'sudah', 'bagus', 'ram', 'besar', 'banyak', 'performa', 'asik']","['bagus_lag_mentok', 'bagus_ram_besar', 'banyak_performa_asik', 'besar_banyak_performa', 'lag_mentok_loby', 'loby_patah_patah', 'mentok_loby_patah', 'patah_patah_sudah', 'patah_sudah_bagus', 'ram_besar_banyak', 'sinyal_bagus_lag', 'sudah_bagus_ram']"
"['sampah', 'tolol', 'banyak', 'bocah', 'random', 'acak', 'jelas', 'tolol', 'buruk']","['acak_jelas_tolol', 'banyak_bocah_random', 'bocah_random_acak', 'jelas_tolol_buruk', 'random_acak_jelas', 'sampah_tolol_banyak', 'tolol_banyak_bocah']"
['kontol'],[]
"['cocok', 'hilang', 'strees', 'strees']","['cocok_hilang_strees', 'hilang_strees_strees']"
['stres'],[]
"['ketemu', 'party', 'aneh', 'busuk', 'busuk']","['aneh_busuk_busuk', 'ketemu_party_aneh', 'party_aneh_busuk']"
['bagus'],[]
"['tolong', 'imbang', 'troll', 'afk', 'sesuai', 'mending']","['afk_sesuai_mending', 'imbang_troll_afk', 'tolong_imbang_troll', 'troll_afk_sesuai']"
['bagus'],[]
"['beberapa', 'imbang', 'afk']",['beberapa_imbang_afk']
"['susah', 'gampang']",[]
"['pls', 'bagi', 'koin', 'teman']","['bagi_koin_teman', 'pls_bagi_koin']"
"['benar', 'ancur', 'season', 'masa', 'full', 'ketemu', 'duo', 'trio', 'party', 'kocak', 'niat', 'happy', 'fun', 'emosi', 'saran', 'mending', 'hapus', 'dri', 'kalean']","['ancur_season_masa', 'benar_ancur_season', 'duo_trio_party', 'emosi_saran_mending', 'full_ketemu_duo', 'fun_emosi_saran', 'happy_fun_emosi', 'hapus_dri_kalean', 'ketemu_duo_trio', 'kocak_niat_happy', 'masa_full_ketemu', 'mending_hapus_dri', 'niat_happy_fun', 'party_kocak_niat', 'saran_mending_hapus', 'season_masa_full', 'trio_party_kocak']"
"['babi', 'macth', 'tier', 'epic', 'atas', 'tdk', 'adil', 'tuk', 'lose', 'streak', 'percuma', 'mvp', 'tuk', 'kalah', 'dasar', 'anjing']","['adil_tuk_lose', 'atas_tdk_adil', 'babi_macth_tier', 'epic_atas_tdk', 'kalah_dasar_anjing', 'lose_streak_percuma', 'macth_tier_epic', 'mvp_tuk_kalah', 'percuma_mvp_tuk', 'streak_percuma_mvp', 'tdk_adil_tuk', 'tier_epic_atas', 'tuk_kalah_dasar', 'tuk_lose_streak']"
"['jamet', 'bedahal', 'wifi', 'lancar', 'dasar', 'buruk', 'mending', 'ff']","['bedahal_wifi_lancar', 'buruk_mending_ff', 'dasar_buruk_mending', 'jamet_bedahal_wifi', 'lancar_dasar_buruk', 'wifi_lancar_dasar']"
"['buruk', 'jangan', 'gelap', 'tadi', 'sudah', 'lose', 'trik', 'pensi']","['buruk_jangan_gelap', 'gelap_tadi_sudah', 'jangan_gelap_tadi', 'lose_trik_pensi', 'sudah_lose_trik', 'tadi_sudah_lose']"
"['coba', 'lag', 'simulator', 'wifi', 'plus', 'tingkat', 'aktif', 'semua', 'lag']","['aktif_semua_lag', 'coba_lag_simulator', 'lag_simulator_wifi', 'plus_tingkat_aktif', 'simulator_wifi_plus', 'tingkat_aktif_semua', 'wifi_plus_tingkat']"
"['rusak', 'habis', 'update', 'lag', 'suka', 'ngetroll', 'rusak']","['habis_update_lag', 'lag_suka_ngetroll', 'rusak_habis_update', 'suka_ngetroll_rusak', 'update_lag_suka']"
"['tolong', 'skin', 'dalam', 'tanding', 'gede', 'banget', 'tolong', 'biar', 'hapus', 'lain', 'guna', 'biar', 'hapus', 'berat', 'banget', 'afk', 'sanksi', 'kocak', 'salah', 'gada', 'ringan', 'kentang']","['afk_sanksi_kocak', 'banget_afk_sanksi', 'banget_tolong_biar', 'berat_banget_afk', 'biar_hapus_berat', 'biar_hapus_lain', 'dalam_tanding_gede', 'gada_ringan_kentang', 'gede_banget_tolong', 'guna_biar_hapus', 'hapus_berat_banget', 'hapus_lain_guna', 'kocak_salah_gada', 'lain_guna_biar', 'salah_gada_ringan', 'sanksi_kocak_salah', 'skin_dalam_tanding', 'tanding_gede_banget', 'tolong_biar_hapus', 'tolong_skin_dalam']"
"['lag', 'parah', 'update', 'project', 'next', 'buka', 'event', 'draft', 'akhir', 'lag', 'wajar', 'kadang', 'loading', 'stuck', 'jelass']","['akhir_lag_wajar', 'buka_event_draft', 'draft_akhir_lag', 'event_draft_akhir', 'kadang_loading_stuck', 'lag_parah_update', 'lag_wajar_kadang', 'loading_stuck_jelass', 'next_buka_event', 'parah_update_project', 'project_next_buka', 'update_project_next', 'wajar_kadang_loading']"
"['makin', 'mantap']",[]
"['kira', 'kira', 'luh', 'rangin', 'kredit', 'skor', 'afk', 'sebentar', 'kurang', 'admin', 'lol']","['afk_sebentar_kurang', 'kira_kira_luh', 'kira_luh_rangin', 'kredit_skor_afk', 'kurang_admin_lol', 'luh_rangin_kredit', 'rangin_kredit_skor', 'sebentar_kurang_admin', 'skor_afk_sebentar']"
"['minimal', 'baik', 'sinyal', 'minimal', 'lag', 'banget', 'beta']","['baik_sinyal_minimal', 'lag_banget_beta', 'minimal_baik_sinyal', 'minimal_lag_banget', 'sinyal_minimal_lag']"
"['tani', 'sepi']",[]
"['ng', 'bagus', 'cuma', 'tensi', 'naik']","['bagus_cuma_tensi', 'cuma_tensi_naik', 'ng_bagus_cuma']"
"['apalahh', 'signal', 'hijau', 'lag', 'olah', 'kouta', 'mana', 'moment', 'krusial', 'late', 'lose', 'akibat', 'ping', 'benar']","['akibat_ping_benar', 'apalahh_signal_hijau', 'hijau_lag_olah', 'kouta_mana_moment', 'krusial_late_lose', 'lag_olah_kouta', 'late_lose_akibat', 'lose_akibat_ping', 'mana_moment_krusial', 'moment_krusial_late', 'olah_kouta_mana', 'signal_hijau_lag']"
"['bangus', 'sip']",[]
"['he', 'memeq', 'user', 'mm', 'sat', 'ngapa', 'exp', 'meq']","['he_memeq_user', 'memeq_user_mm', 'mm_sat_ngapa', 'ngapa_exp_meq', 'sat_ngapa_exp', 'user_mm_sat']"
"['jelek', 'gelap']",[]
"['moontn', 'kyk', 't', 'lag', 'bett', 'hijau', 'dahh', 'ajaa', 'lahh']","['bett_hijau_dahh', 'dahh_ajaa_lahh', 'hijau_dahh_ajaa', 'kyk_lag_bett', 'lag_bett_hijau', 'moontn_kyk_lag']"
"['banyak', 'ramah', 'intimidasi', 'lebih', 'rendah']","['banyak_ramah_intimidasi', 'intimidasi_lebih_rendah', 'ramah_intimidasi_lebih']"
"['tolongg', 'baik', 'ngestack', 'masalah', 'afk', 'gara', 'gara', 'masalah', 'sampai', 'jika', 'salah', 'mohon', 'koreksi', 'teman', 'teman']","['afk_gara_gara', 'baik_ngestack_masalah', 'gara_gara_masalah', 'gara_masalah_sampai', 'jika_salah_mohon', 'koreksi_teman_teman', 'masalah_afk_gara', 'masalah_sampai_jika', 'mohon_koreksi_teman', 'ngestack_masalah_afk', 'salah_mohon_koreksi', 'sampai_jika_salah', 'tolongg_baik_ngestack']"
['rusak'],[]
['bagus'],[]
"['update', 'busuk', 'nunggu', 'delay']","['busuk_nunggu_delay', 'update_busuk_nunggu']"
"['bagus', 'banget', 'like', 'it']","['bagus_banget_like', 'banget_like_it']"
['bagus'],[]
"['sampah', 'kalah']",[]
"['kikir', 'kalah']",[]
"['bagus', 'sakal', 'engak', 'tarik', 'tolong', 'minta', 'konter']","['bagus_sakal_engak', 'engak_tarik_tolong', 'sakal_engak_tarik', 'tarik_tolong_minta', 'tolong_minta_konter']"
"['benar', 'anj', 'masa', 'ketemu', 'trio', 'random', 'tolol', 'lawan', 'partyaan', 'lima']","['anj_masa_ketemu', 'benar_anj_masa', 'ketemu_trio_random', 'lawan_partyaan_lima', 'masa_ketemu_trio', 'random_tolol_lawan', 'tolol_lawan_partyaan', 'trio_random_tolol']"
"['bagus', 'hal', 'dewasa']",['bagus_hal_dewasa']
"['kuliah', 'baru', 'ikut', 'rame', 'isi', 'kosong']","['baru_ikut_rame', 'ikut_rame_isi', 'kuliah_baru_ikut', 'rame_isi_kosong']"
"['jangan', 'dowload', 'ketemu', 'beban', 'anjg', 'kaasih', 'beban', 'cape', 'bangsat']","['anjg_kaasih_beban', 'beban_anjg_kaasih', 'beban_cape_bangsat', 'dowload_ketemu_beban', 'jangan_dowload_ketemu', 'kaasih_beban_cape', 'ketemu_beban_anjg']"
"['menit', 'kalah', 'bintang', 'lindung', 'mmr', 'turun', 'sudah', 'bagus', 'asu', 'asu', 'asu', 'buruk']","['asu_asu_asu', 'asu_asu_buruk', 'bagus_asu_asu', 'bintang_lindung_mmr', 'kalah_bintang_lindung', 'lindung_mmr_turun', 'menit_kalah_bintang', 'mmr_turun_sudah', 'sudah_bagus_asu', 'turun_sudah_bagus']"
"['beri', 'benar']",[]
"['cuma', 'ngehabisin', 'paket', 'semua', 'afk', 'gausah']","['cuma_ngehabisin_paket', 'ngehabisin_paket_semua', 'paket_semua_afk', 'semua_afk_gausah']"
"['goreng', 'patut', 'lag', 'wae']","['goreng_patut_lag', 'patut_lag_wae']"
"['buruk', 'pernah', 'lag', 'gabisa', 'gerak', 'tolong', 'baik', 'jika', 'baik', 'mending', 'hapus', 'gane', 'rusak']","['baik_jika_baik', 'baik_mending_hapus', 'buruk_pernah_lag', 'gabisa_gerak_tolong', 'gerak_tolong_baik', 'hapus_gane_rusak', 'jika_baik_mending', 'lag_gabisa_gerak', 'mending_hapus_gane', 'pernah_lag_gabisa', 'tolong_baik_jika']"
"['banyak', 'jelas', 'mending', 'poin', 'bintang', 'coklat', 'poin', 'kurang', 'paling', 'banyak', 'mvp', 'point', 'kurang', 'masa', 'banyak', 'kalah', 'menang', 'tinggal', 'nunggu', 'baru', 'laku']","['banyak_jelas_mending', 'banyak_kalah_menang', 'banyak_mvp_point', 'bintang_coklat_poin', 'coklat_poin_kurang', 'jelas_mending_poin', 'kalah_menang_tinggal', 'kurang_masa_banyak', 'kurang_paling_banyak', 'masa_banyak_kalah', 'menang_tinggal_nunggu', 'mending_poin_bintang', 'mvp_point_kurang', 'nunggu_baru_laku', 'paling_banyak_mvp', 'poin_bintang_coklat', 'poin_kurang_paling', 'point_kurang_masa', 'tinggal_nunggu_baru']"
"['woyy', 'kenapa', 'gabisa', 'bukak', 'bagus']","['gabisa_bukak_bagus', 'kenapa_gabisa_bukak', 'woyy_kenapa_gabisa']"
['bagus'],[]
"['bagus', 'rangin', 'gelap']",['bagus_rangin_gelap']
"['adil', 'banyak', 'beban']",['adil_banyak_beban']
"['bagus', 'banget', 'terimakasih', 'bagus']","['bagus_banget_terimakasih', 'banget_terimakasih_bagus']"
"['bagus', 'banget', 'suka']",['bagus_banget_suka']
['bagusds'],[]
"['pesan', 'tolong', 'lh', 'ringan', 'kentang', 'jauh', 'pelosok', 'ken', 'nyaman', 'alami', 'utama', 'tarung', 'lawan', 'alami', 'lag', 'langsung', 'merah', 'stabil', 'tanya', 'kenapa', 'ad', 'musuh', 'tarung', 'baru', 'bagus', 'belum', 'bagus', 'bagus', 'kenapa', 'tolong', 'tolong', 'kasi', 'ringan', 'lh', 'kepada']","['ad_musuh_tarung', 'alami_lag_langsung', 'alami_utama_tarung', 'bagus_bagus_kenapa', 'bagus_belum_bagus', 'bagus_kenapa_tolong', 'baru_bagus_belum', 'belum_bagus_bagus', 'jauh_pelosok_ken', 'kasi_ringan_lh', 'ken_nyaman_alami', 'kenapa_ad_musuh', 'kenapa_tolong_tolong', 'kentang_jauh_pelosok', 'lag_langsung_merah', 'langsung_merah_stabil', 'lawan_alami_lag', 'lh_ringan_kentang', 'merah_stabil_tanya', 'musuh_tarung_baru', 'nyaman_alami_utama', 'pelosok_ken_nyaman', 'pesan_tolong_lh', 'ringan_kentang_jauh', 'ringan_lh_kepada', 'stabil_tanya_kenapa', 'tanya_kenapa_ad', 'tarung_baru_bagus', 'tarung_lawan_alami', 'tolong_kasi_ringan', 'tolong_lh_ringan', 'tolong_tolong_kasi', 'utama_tarung_lawan']"
['kikir'],[]
"['minimal', 'tolong', 'punya', 'masuk', 'lobby', 'sinyal', 'oke', 'tibatiba', 'gm', 'bilang', 'mohon', 'maaf', 'gagal', 'sambung', 'periksa', 'jangan', 'bagus', 'minimal', 'tolong', 'baless', 'minimal']","['bagus_minimal_tolong', 'bilang_mohon_maaf', 'gagal_sambung_periksa', 'gm_bilang_mohon', 'jangan_bagus_minimal', 'lobby_sinyal_oke', 'maaf_gagal_sambung', 'masuk_lobby_sinyal', 'minimal_tolong_baless', 'minimal_tolong_punya', 'mohon_maaf_gagal', 'oke_tibatiba_gm', 'periksa_jangan_bagus', 'punya_masuk_lobby', 'sambung_periksa_jangan', 'sinyal_oke_tibatiba', 'tibatiba_gm_bilang', 'tolong_baless_minimal', 'tolong_punya_masuk']"
['bagus'],[]
"['apasih', 'jelas', 'bngt', 'afk', 'sebentar', 'trs', 'balik', 'lgi', 'kena', 'ingat', 'afk']","['afk_sebentar_trs', 'apasih_jelas_bngt', 'balik_lgi_kena', 'bngt_afk_sebentar', 'jelas_bngt_afk', 'kena_ingat_afk', 'lgi_kena_ingat', 'sebentar_trs_balik', 'trs_balik_lgi']"
"['rusakk', 'beri', 'imbang', 'lawakk', 'mana', 'lag']","['beri_imbang_lawakk', 'imbang_lawakk_mana', 'lawakk_mana_lag', 'rusakk_beri_imbang']"
['baik'],[]
"['makin', 'buriq', 'banget', 'asli', 'sumpah', 'mending', 'unistall', 'dehh', 'mainin', 'lama', 'semakain', 'jelek', 'masa', 'bagus', 'gerak', 'skill', 'analog', 'pencet', 'utama', 'bagi', 'analog', 'kadang', 'mencet', 'sendiri', 'reccal', 'vakum']","['analog_kadang_mencet', 'analog_pencet_utama', 'asli_sumpah_mending', 'bagi_analog_kadang', 'bagus_gerak_skill', 'banget_asli_sumpah', 'buriq_banget_asli', 'dehh_mainin_lama', 'gerak_skill_analog', 'jelek_masa_bagus', 'kadang_mencet_sendiri', 'lama_semakain_jelek', 'mainin_lama_semakain', 'makin_buriq_banget', 'masa_bagus_gerak', 'mencet_sendiri_reccal', 'mending_unistall_dehh', 'pencet_utama_bagi', 'semakain_jelek_masa', 'sendiri_reccal_vakum', 'skill_analog_pencet', 'sumpah_mending_unistall', 'unistall_dehh_mainin', 'utama_bagi_analog']"
"['love', 'this', 'for', 'not', 'having', 'ai', 'animation', 'for', 'their', 'trailer', 'pls', 'dont', 'change']","['ai_animation_for', 'animation_for_their', 'for_not_having', 'for_their_trailer', 'having_ai_animation', 'love_this_for', 'not_having_ai', 'pls_dont_change', 'their_trailer_pls', 'this_for_not', 'trailer_pls_dont']"
"['jangan', 'akibat', 'stres', 'jarak', 'makan', 'jarang', 'sholat', 'lebih', 'parah', 'akn', 'akibat', 'marahmarah']","['akibat_stres_jarak', 'akn_akibat_marahmarah', 'jangan_akibat_stres', 'jarak_makan_jarang', 'jarang_sholat_lebih', 'lebih_parah_akn', 'makan_jarang_sholat', 'parah_akn_akibat', 'sholat_lebih_parah', 'stres_jarak_makan']"
['bangsat'],[]
"['seru', 'gemburik']",[]
"['stres', 'banyak', 'gelap', 'epik', 'buruk', 'jangan', 'sampai', 'anak', 'kecil', 'men', 'dawlod', 'ngerusakin']","['anak_kecil_men', 'banyak_gelap_epik', 'buruk_jangan_sampai', 'epik_buruk_jangan', 'gelap_epik_buruk', 'jangan_sampai_anak', 'kecil_men_dawlod', 'men_dawlod_ngerusakin', 'sampai_anak_kecil', 'stres_banyak_gelap']"
"['makin', 'makin', 'jelas', 'loststeak', 'sampai', 'ditroll', 'kadang', 'lag', 'akibat', 'keluar', 'sendiri', 'masuk', 'langsung', 'afk', 'payah', 'mem', 'milih']","['afk_payah_mem', 'akibat_keluar_sendiri', 'ditroll_kadang_lag', 'jelas_loststeak_sampai', 'kadang_lag_akibat', 'keluar_sendiri_masuk', 'lag_akibat_keluar', 'langsung_afk_payah', 'loststeak_sampai_ditroll', 'makin_jelas_loststeak', 'makin_makin_jelas', 'masuk_langsung_afk', 'payah_mem_milih', 'sampai_ditroll_kadang', 'sendiri_masuk_langsung']"
"['selalu', 'tolol', 'admin', 'masa', 'mvp', 'defeat', 'mantep', 'mind', 'biar', 'gendong', 'bocil', 'tolol']","['admin_masa_mvp', 'biar_gendong_bocil', 'defeat_mantep_mind', 'gendong_bocil_tolol', 'mantep_mind_biar', 'masa_mvp_defeat', 'mind_biar_gendong', 'mvp_defeat_mantep', 'selalu_tolol_admin', 'tolol_admin_masa']"
"['have', 'fun']",[]
"['gemnya', 'rayan', 'seru']",['gemnya_rayan_seru']
"['banyak', 'gelap']",[]
"['woy', 'lag', 'sampai', 'crash', 'dalam', 'tanding', 'rusak', 'lol']","['crash_dalam_tanding', 'dalam_tanding_rusak', 'lag_sampai_crash', 'sampai_crash_dalam', 'tanding_rusak_lol', 'woy_lag_sampai']"
"['rusak', 'setan']",[]
"['seru', 'tolong', 'draksistemnya', 'rangin', 'sya', 'selalu', 'tolol', 'tb', 'lag', 'pdhl', 'lag', 'mohon', 'muntun', 'rangin', 'tolol', 'hehh']","['draksistemnya_rangin_sya', 'lag_mohon_muntun', 'lag_pdhl_lag', 'mohon_muntun_rangin', 'muntun_rangin_tolol', 'pdhl_lag_mohon', 'rangin_sya_selalu', 'rangin_tolol_hehh', 'selalu_tolol_tb', 'seru_tolong_draksistemnya', 'sya_selalu_tolol', 'tb_lag_pdhl', 'tolol_tb_lag', 'tolong_draksistemnya_rangin']"
"['wins', 'treak']",[]
"['bingung', 'saran', 'bawah', 'umur']","['bingung_saran_bawah', 'saran_bawah_umur']"
['hibur'],[]
"['jngn', 'rusak', 'sinyal', 'parah']","['jngn_rusak_sinyal', 'rusak_sinyal_parah']"
"['najis', 'kalah']",[]
"['busuk', 'skin', 'makin', 'banyak', 'kualitas', 'turun', 'benar', 'ingame', 'stuck', 'gerak', 'sinyal', 'hijau']","['banyak_kualitas_turun', 'benar_ingame_stuck', 'busuk_skin_makin', 'gerak_sinyal_hijau', 'ingame_stuck_gerak', 'kualitas_turun_benar', 'makin_banyak_kualitas', 'skin_makin_banyak', 'stuck_gerak_sinyal', 'turun_benar_ingame']"
"['gubluk', 'lolot', 'dev', 'kikir', 'cuma', 'mikirin', 'uang', 'uang', 'melulu', 'collab', 'melulu', 'benar', 'mai', 'skill', 'warrior', 'sia', 'sia', 'ranked', 'asu', 'tolong', 'tingkat', 'jgn', 'notice', 'uang', 'pernah', 'urus', 'sudah', 'gitu', 'troll', 'biasa', 'kena', 'hukum', 'ban']","['asu_tolong_tingkat', 'benar_mai_skill', 'biasa_kena_hukum', 'collab_melulu_benar', 'cuma_mikirin_uang', 'dev_kikir_cuma', 'gitu_troll_biasa', 'gubluk_lolot_dev', 'jgn_notice_uang', 'kena_hukum_ban', 'kikir_cuma_mikirin', 'lolot_dev_kikir', 'mai_skill_warrior', 'melulu_benar_mai', 'melulu_collab_melulu', 'mikirin_uang_uang', 'notice_uang_pernah', 'pernah_urus_sudah', 'ranked_asu_tolong', 'sia_ranked_asu', 'sia_sia_ranked', 'skill_warrior_sia', 'sudah_gitu_troll', 'tingkat_jgn_notice', 'tolong_tingkat_jgn', 'troll_biasa_kena', 'uang_melulu_collab', 'uang_pernah_urus', 'uang_uang_melulu', 'urus_sudah_gitu', 'warrior_sia_sia']"
"['we', 'pontoon', 'jago', 'kasi', 'jago', 'donk']","['jago_kasi_jago', 'kasi_jago_donk', 'pontoon_jago_kasi', 'we_pontoon_jago']"
"['kenapa', 'woy', 'sinyal', 'hijau', 'ping', 'ms', 'sambung', 'perangkat', 'babi', 'update', 'gagal', 'palah', 'rilis', 'tolol']","['babi_update_gagal', 'gagal_palah_rilis', 'hijau_ping_ms', 'kenapa_woy_sinyal', 'ms_sambung_perangkat', 'palah_rilis_tolol', 'perangkat_babi_update', 'ping_ms_sambung', 'sambung_perangkat_babi', 'sinyal_hijau_ping', 'update_gagal_palah', 'woy_sinyal_hijau']"
['senang'],[]
"['oke', 'tolong', 'banget', 'beri', 'musuh', 'bukan', 'ketemu', 'musuh', 'duo', 'trio', 'benar', 'benar', 'susah', 'tolong', 'banget', 'baru', 'terimakasih']","['banget_baru_terimakasih', 'banget_beri_musuh', 'benar_benar_susah', 'benar_susah_tolong', 'beri_musuh_bukan', 'bukan_ketemu_musuh', 'duo_trio_benar', 'ketemu_musuh_duo', 'musuh_bukan_ketemu', 'musuh_duo_trio', 'oke_tolong_banget', 'susah_tolong_banget', 'tolong_banget_baru', 'tolong_banget_beri', 'trio_benar_benar']"
"['oyy', 'jelsas', 'sedikit', 'napa', 'bias', 'sinyal', 'bagus', 'kadang', 'pin', 'gabisa', 'gerak', 'plislah', 'defeat', 'sakit', 'klw', 'banding', 'ff', 'gitu', 'lancar', 'bisah', 'gerak', 'kocak', 'makanya', 'yakin', 'masalah', 'bukan', 'sinyal', 'ingat', 'bukan']","['bagus_kadang_pin', 'banding_ff_gitu', 'bias_sinyal_bagus', 'bisah_gerak_kocak', 'bukan_sinyal_ingat', 'defeat_sakit_klw', 'ff_gitu_lancar', 'gabisa_gerak_plislah', 'gerak_kocak_makanya', 'gerak_plislah_defeat', 'gitu_lancar_bisah', 'jelsas_sedikit_napa', 'kadang_pin_gabisa', 'klw_banding_ff', 'kocak_makanya_yakin', 'lancar_bisah_gerak', 'makanya_yakin_masalah', 'masalah_bukan_sinyal', 'napa_bias_sinyal', 'oyy_jelsas_sedikit', 'pin_gabisa_gerak', 'plislah_defeat_sakit', 'sakit_klw_banding', 'sedikit_napa_bias', 'sinyal_bagus_kadang', 'sinyal_ingat_bukan', 'yakin_masalah_bukan']"
"['event', 'lg', 'bosen', 'trs', 'lg', 'event', 'lain']","['bosen_trs_lg', 'event_lg_bosen', 'lg_bosen_trs', 'lg_event_lain', 'trs_lg_event']"
"['otak', 'normal', 'strees']",['otak_normal_strees']
['keren'],[]
"['jangan', 'curang', 'musuh', 'komputer']","['curang_musuh_komputer', 'jangan_curang_musuh']"
['bagus'],[]
['enak'],[]
['rusak'],[]
"['selalu', 'beban', 'sengaja', 'troll', 'gelap', 'susah', 'naik', 'tahay']","['beban_sengaja_troll', 'gelap_susah_naik', 'selalu_beban_sengaja', 'sengaja_troll_gelap', 'susah_naik_tahay', 'troll_gelap_susah']"
"['bangkrut', 'baru', 'paksa', 'diamond']","['bangkrut_baru_paksa', 'baru_paksa_diamond']"
"['brawl', 'slot']",[]
"['seru', 'pokok']",[]
"['juang', 'anj']",[]
"['stiap', 'ngestak', 'pdhl', 'mh', 'aman', 'tolong', 'segera', 'baik']","['aman_tolong_segera', 'mh_aman_tolong', 'ngestak_pdhl_mh', 'pdhl_mh_aman', 'stiap_ngestak_pdhl', 'tolong_segera_baik']"
"['season', 'baru', 'ngomong', 'paling', 'parah', 'sndiri', 'tipikal', 'pernah', 'komplen', 'emng', 'kalah', 'pasti', 'lag', 'semua', 'lag', 'parah', 'musuh', 'pasti', 'gg', 'parah', 'terlalu', 'jgn', 'donlod', 'buruk']","['baru_ngomong_paling', 'emng_kalah_pasti', 'gg_parah_terlalu', 'jgn_donlod_buruk', 'kalah_pasti_lag', 'komplen_emng_kalah', 'lag_parah_musuh', 'lag_semua_lag', 'musuh_pasti_gg', 'ngomong_paling_parah', 'paling_parah_sndiri', 'parah_musuh_pasti', 'parah_sndiri_tipikal', 'parah_terlalu_jgn', 'pasti_gg_parah', 'pasti_lag_semua', 'pernah_komplen_emng', 'season_baru_ngomong', 'semua_lag_parah', 'sndiri_tipikal_pernah', 'terlalu_jgn_donlod', 'tipikal_pernah_komplen']"
"['selalu', 'lag', 'tibaba', 'mati', 'baik']","['lag_tibaba_mati', 'selalu_lag_tibaba', 'tibaba_mati_baik']"
"['masa', 'full', 'baik', 'lag', 'sendiri', 'error', 'tolong', 'baik']","['baik_lag_sendiri', 'error_tolong_baik', 'full_baik_lag', 'lag_sendiri_error', 'masa_full_baik', 'sendiri_error_tolong']"
"['banyak', 'banyak', 'istighfar']",['banyak_banyak_istighfar']
"['haram', 'naik', 'turun', 'naik', 'turun', 'asu', 'komputer']","['haram_naik_turun', 'naik_turun_asu', 'naik_turun_naik', 'turun_asu_komputer', 'turun_naik_turun']"
['bagus'],[]
"['teman', 'selalu', 'gelap', 'selalu', 'lag', 'buka', 'youtube', 'bagus', 'bagus', 'teman', 'gelap', 'ahk', 'benar', 'gg', 'pro', 'rating', 'satu', 'bintang', 'musuh', 'gg', 'sedang', 'bot', 'pokok', 'joki', 'proplayer', 'top', 'global']","['ahk_benar_gg', 'bagus_bagus_teman', 'bagus_teman_gelap', 'benar_gg_pro', 'bintang_musuh_gg', 'bot_pokok_joki', 'buka_youtube_bagus', 'gelap_ahk_benar', 'gelap_selalu_lag', 'gg_pro_rating', 'gg_sedang_bot', 'joki_proplayer_top', 'lag_buka_youtube', 'musuh_gg_sedang', 'pokok_joki_proplayer', 'pro_rating_satu', 'proplayer_top_global', 'rating_satu_bintang', 'satu_bintang_musuh', 'sedang_bot_pokok', 'selalu_gelap_selalu', 'selalu_lag_buka', 'teman_gelap_ahk', 'teman_selalu_gelap', 'youtube_bagus_bagus']"
"['bagus', 'hd', 'cakep', 'bagus', 'utama', 'obsidia']","['bagus_hd_cakep', 'bagus_utama_obsidia', 'cakep_bagus_utama', 'hd_cakep_bagus']"
['seruu'],[]
"['keren', 'bagus', 'sedikit', 'kurang', 'yaitu', 'lag', 'stabil', 'harap', 'tanggap', 'ulas', 'baik']","['bagus_sedikit_kurang', 'harap_tanggap_ulas', 'keren_bagus_sedikit', 'kurang_yaitu_lag', 'lag_stabil_harap', 'sedikit_kurang_yaitu', 'stabil_harap_tanggap', 'tanggap_ulas_baik', 'yaitu_lag_stabil']"
"['update', 'sekarang', 'freeze', 'al', 'hasil', 'lose', 'streak', 'belum', 'update', 'lancar', 'kecewa']","['al_hasil_lose', 'belum_update_lancar', 'freeze_al_hasil', 'hasil_lose_streak', 'lose_streak_belum', 'sekarang_freeze_al', 'streak_belum_update', 'update_lancar_kecewa', 'update_sekarang_freeze']"
"['cukup', 'seru', 'makin', 'lama', 'makin', 'berat', 'hpku', 'bukan', 'gaming', 'gampang', 'panas']","['berat_hpku_bukan', 'bukan_gaming_gampang', 'cukup_seru_makin', 'gaming_gampang_panas', 'hpku_bukan_gaming', 'lama_makin_berat', 'makin_berat_hpku', 'makin_lama_makin', 'seru_makin_lama']"
"['musuh', 'susah']",[]
"['atas', 'teman', 'yaitu', 'samuel', 'prabowo', 'jika', 'guna', 'samar', 'anggap', 'langgar', 'atur', 'pasal', 'undangundang']","['anggap_langgar_atur', 'atas_teman_yaitu', 'atur_pasal_undangundang', 'guna_samar_anggap', 'jika_guna_samar', 'langgar_atur_pasal', 'prabowo_jika_guna', 'samar_anggap_langgar', 'samuel_prabowo_jika', 'teman_yaitu_samuel', 'yaitu_samuel_prabowo']"
"['ngerank', 'bocil']",[]
"['fikss', 'percaya', 'banyak', 'legends', 'bang', 'bang', 'pasti', 'banyak', 'ngalamin', 'bug', 'skill', 'sinyal', 'slalu', 'hilang', 'ingame', 'rating', 'b', 'tuju', 'pihak', 'bukan', 'dua', 'ngalamin', 'kyk', 'begini', 'performa', 'turun', 'bukan', 'cuma', 'banyak', 'banyak', 'pensi', 'masalah', 'bgni', 'contoh', 'teman', 'tolong', 'developer', 'baik', 'jt', 'lebih', 'wakil']","['baik_jt_lebih', 'bang_bang_pasti', 'bang_pasti_banyak', 'banyak_banyak_pensi', 'banyak_legends_bang', 'banyak_ngalamin_bug', 'banyak_pensi_masalah', 'begini_performa_turun', 'bgni_contoh_teman', 'bug_skill_sinyal', 'bukan_cuma_banyak', 'bukan_dua_ngalamin', 'contoh_teman_tolong', 'cuma_banyak_banyak', 'developer_baik_jt', 'dua_ngalamin_kyk', 'fikss_percaya_banyak', 'hilang_ingame_rating', 'ingame_rating_tuju', 'jt_lebih_wakil', 'kyk_begini_performa', 'legends_bang_bang', 'masalah_bgni_contoh', 'ngalamin_bug_skill', 'ngalamin_kyk_begini', 'pasti_banyak_ngalamin', 'pensi_masalah_bgni', 'percaya_banyak_legends', 'performa_turun_bukan', 'pihak_bukan_dua', 'rating_tuju_pihak', 'sinyal_slalu_hilang', 'skill_sinyal_slalu', 'slalu_hilang_ingame', 'teman_tolong_developer', 'tolong_developer_baik', 'tuju_pihak_bukan', 'turun_bukan_cuma']"
"['muas', 'tolong', 'gelap', 'rangin']","['muas_tolong_gelap', 'tolong_gelap_rangin']"
"['bagus', 'reting', 'bintang']",['bagus_reting_bintang']
"['jelek', 'banyak', 'ewean', 'hapus']","['banyak_ewean_hapus', 'jelek_banyak_ewean']"
"['punya', 'kendala', 'yaitu', 'asik', 'sinyal', 'hilang', 'tampil', 'teks', 'hubung', 'tanding', 'umum', 'kuota', 'aktif', 'ping', 'hijau', 'sekitar', 'ms', 'entah', 'knp', 'makin', 'berat', 'kentang', 'sinyal', 'makin', 'kacau', 'moga', 'lain', 'lebih', 'baik']","['aktif_ping_hijau', 'asik_sinyal_hilang', 'berat_kentang_sinyal', 'entah_knp_makin', 'hijau_sekitar_ms', 'hilang_tampil_teks', 'hubung_tanding_umum', 'kacau_moga_lain', 'kendala_yaitu_asik', 'kentang_sinyal_makin', 'knp_makin_berat', 'kuota_aktif_ping', 'lain_lebih_baik', 'makin_berat_kentang', 'makin_kacau_moga', 'moga_lain_lebih', 'ms_entah_knp', 'ping_hijau_sekitar', 'punya_kendala_yaitu', 'sekitar_ms_entah', 'sinyal_hilang_tampil', 'sinyal_makin_kacau', 'tampil_teks_hubung', 'tanding_umum_kuota', 'teks_hubung_tanding', 'umum_kuota_aktif', 'yaitu_asik_sinyal']"
"['represing', 'hilang', 'stres', 'nambah', 'stres', 'lost', 'treak', 'kon']","['hilang_stres_nambah', 'lost_treak_kon', 'nambah_stres_lost', 'represing_hilang_stres', 'stres_lost_treak', 'stres_nambah_stres']"
"['tolol', 'jelas']",[]
"['buruk', 'sinyal', 'rusak', 'buruk', 'kematen', 'update', 'skin', 'kolektor', 'sinyal', 'dadak', 'hilang', 'lping', 'atas', 'begini', 'lama', 'banyak', 'uninstal', 'gara', 'sinyal', 'hilang', 'lostreak', 'njing']","['atas_begini_lama', 'banyak_uninstal_gara', 'begini_lama_banyak', 'buruk_kematen_update', 'buruk_sinyal_rusak', 'dadak_hilang_lping', 'gara_sinyal_hilang', 'hilang_lostreak_njing', 'hilang_lping_atas', 'kematen_update_skin', 'kolektor_sinyal_dadak', 'lama_banyak_uninstal', 'lping_atas_begini', 'rusak_buruk_kematen', 'sinyal_dadak_hilang', 'sinyal_hilang_lostreak', 'sinyal_rusak_buruk', 'skin_kolektor_sinyal', 'uninstal_gara_sinyal', 'update_skin_kolektor']"
"['emng', 't', 'buka', 'neng', 'stres']","['buka_neng_stres', 'emng_buka_neng']"
['bagus'],[]
"['keren', 'banget']",[]
"['tolong', 'jangan', 'darksistem', 'semua', 'anj', 'pen', 'mythic', 'glory', 'cok', 'liatt', 'komen']","['anj_pen_mythic', 'cok_liatt_komen', 'darksistem_semua_anj', 'glory_cok_liatt', 'jangan_darksistem_semua', 'mythic_glory_cok', 'pen_mythic_glory', 'semua_anj_pen', 'tolong_jangan_darksistem']"
"['lag', 'lag', 'mid', 'baru', 'lag', 'gimana', 'kalah', 'dominasi', 'duluan', 'musuh']","['baru_lag_gimana', 'dominasi_duluan_musuh', 'gimana_kalah_dominasi', 'kalah_dominasi_duluan', 'lag_gimana_kalah', 'lag_lag_mid', 'lag_mid_baru', 'mid_baru_lag']"
"['makin', 'parah', 'lag']",['makin_parah_lag']
"['jelas', 'gelap']",[]
"['minimal', 'nyepin', 'pernah', 'hoki', 'win', 'strikk', 'beri', 'komputer', 'semua', 'anj']","['beri_komputer_semua', 'hoki_win_strikk', 'komputer_semua_anj', 'minimal_nyepin_pernah', 'nyepin_pernah_hoki', 'pernah_hoki_win', 'strikk_beri_komputer', 'win_strikk_beri']"
['bagus'],[]
"['bagi', 'skin']",[]
"['asu', 'lag', 'sudah', 'pakek', 'wifipaket', 'dataa', 'tolol', 'babi', 'haramm']","['asu_lag_sudah', 'dataa_tolol_babi', 'lag_sudah_pakek', 'pakek_wifipaket_dataa', 'sudah_pakek_wifipaket', 'tolol_babi_haramm', 'wifipaket_dataa_tolol']"
"['sihh', 'gede', 'lag', 'tolol']","['gede_lag_tolol', 'sihh_gede_lag']"
"['tolol', 'co']",[]
"['benar', 'milih', 'lawan', 'sendiri', 'imbang', 'bukan', 'vs', 'afkjangan', 'beban', 'ranked', 'benah', 'vs', 'padan', 'menang', 'kalah', 'urus', 'nanti', 'turun', 'ketemu', 'gelap', 'vs', 'lalu', 'vs', 'gelap', 'bukan', 'kalah', 'fear', 'vs', 'gapapa', 'classic', 'ketemu', 'gelap', 'vs']","['afkjangan_beban_ranked', 'beban_ranked_benah', 'benah_vs_padan', 'benar_milih_lawan', 'bukan_kalah_fear', 'bukan_vs_afkjangan', 'classic_ketemu_gelap', 'fear_vs_gapapa', 'gapapa_classic_ketemu', 'gelap_bukan_kalah', 'gelap_vs_lalu', 'imbang_bukan_vs', 'kalah_fear_vs', 'kalah_urus_nanti', 'ketemu_gelap_vs', 'lalu_vs_gelap', 'lawan_sendiri_imbang', 'menang_kalah_urus', 'milih_lawan_sendiri', 'nanti_turun_ketemu', 'padan_menang_kalah', 'ranked_benah_vs', 'sendiri_imbang_bukan', 'turun_ketemu_gelap', 'urus_nanti_turun', 'vs_afkjangan_beban', 'vs_gapapa_classic', 'vs_gelap_bukan', 'vs_lalu_vs', 'vs_padan_menang']"
['sampah'],[]
['redy'],[]
"['bintang', 'bukan', 'bagus', 'jelek', 'makin', 'sekarang', 'makin', 'ngebug', 'masa', 'loby', 'warna', 'ungu', 'draf', 'suka', 'lag', 'tambah', 'bagus', 'suka', 'lag']","['bagus_jelek_makin', 'bagus_suka_lag', 'bintang_bukan_bagus', 'bukan_bagus_jelek', 'draf_suka_lag', 'jelek_makin_sekarang', 'lag_tambah_bagus', 'loby_warna_ungu', 'makin_ngebug_masa', 'makin_sekarang_makin', 'masa_loby_warna', 'ngebug_masa_loby', 'sekarang_makin_ngebug', 'suka_lag_tambah', 'tambah_bagus_suka', 'ungu_draf_suka', 'warna_ungu_draf']"
"['pencet', 'hubung', 'akun', 'wanya']","['hubung_akun_wanya', 'pencet_hubung_akun']"
"['offline', 'bintang', 'lima', 'biasa', 'hotspot', 'tetangga', 'lag', 'marah', 'pukul', 'gitu']","['biasa_hotspot_tetangga', 'bintang_lima_biasa', 'hotspot_tetangga_lag', 'lag_marah_pukul', 'lima_biasa_hotspot', 'marah_pukul_gitu', 'offline_bintang_lima', 'tetangga_lag_marah']"
"['terlalu', 'banyak', 'jasa', 'joki', 'banyak', 'beban', 'ranked', 'ripot', 'pernah', 'hasil', 'walaupun', 'skor', 'gelap', 'kacau']","['banyak_beban_ranked', 'banyak_jasa_joki', 'beban_ranked_ripot', 'hasil_walaupun_skor', 'jasa_joki_banyak', 'joki_banyak_beban', 'pernah_hasil_walaupun', 'ranked_ripot_pernah', 'ripot_pernah_hasil', 'skor_gelap_kacau', 'terlalu_banyak_jasa', 'walaupun_skor_gelap']"
"['babi', 'benar']",[]
"['gelap', 'mlu', 'gmn', 'mles', 'hpus', 'ganti']","['gelap_mlu_gmn', 'gmn_mles_hpus', 'mles_hpus_ganti', 'mlu_gmn_mles']"
"['parah', 'benar', 'selalu', 'lag', 'pdahal', 'bgus', 'sinyal', 'banyak', 'bug', 'nie', 'tolong', 'baik', 'perhati']","['banyak_bug_nie', 'benar_selalu_lag', 'bgus_sinyal_banyak', 'bug_nie_tolong', 'lag_pdahal_bgus', 'nie_tolong_baik', 'parah_benar_selalu', 'pdahal_bgus_sinyal', 'selalu_lag_pdahal', 'sinyal_banyak_bug', 'tolong_baik_perhati']"
['kombeck'],[]
"['kenapaa', 'sinyalnyaa', 'sinyal', 'bagus', 'lag', 'ahh', 'rusak', 'napa']","['ahh_rusak_napa', 'bagus_lag_ahh', 'kenapaa_sinyalnyaa_sinyal', 'lag_ahh_rusak', 'sinyal_bagus_lag', 'sinyalnyaa_sinyal_bagus']"
"['tolong', 'rangin', 'mb']",['tolong_rangin_mb']
"['oii', 'awas', 'misal', 'magic', 'core', 'reset', 'bulan', 'sumpahin', 'pasti', 'blunder', 'pasti', 'makin', 'sepi', 'nanti', 'gara', 'hal']","['awas_misal_magic', 'blunder_pasti_makin', 'bulan_sumpahin_pasti', 'core_reset_bulan', 'magic_core_reset', 'makin_sepi_nanti', 'misal_magic_core', 'nanti_gara_hal', 'oii_awas_misal', 'pasti_blunder_pasti', 'pasti_makin_sepi', 'reset_bulan_sumpahin', 'sepi_nanti_gara', 'sumpahin_pasti_blunder']"
"['akun', 'kenapa', 'kaitin', 'suatu', 'salah', 'satu', 'opsi', 'akun', 'ilang', 'bind']","['akun_ilang_bind', 'akun_kenapa_kaitin', 'kaitin_suatu_salah', 'kenapa_kaitin_suatu', 'opsi_akun_ilang', 'salah_satu_opsi', 'satu_opsi_akun', 'suatu_salah_satu']"
"['sekarang', 'mudah', 'lag', 'loding', 'lama', 'wifi', 'masuk', 'masuk', 'afk', 'mohon', 'bantu', 'pak']","['afk_mohon_bantu', 'lag_loding_lama', 'lama_wifi_masuk', 'loding_lama_wifi', 'masuk_afk_mohon', 'masuk_masuk_afk', 'mohon_bantu_pak', 'mudah_lag_loding', 'sekarang_mudah_lag', 'wifi_masuk_masuk']"
['bgus'],[]
"['mermerlukan', 'luar', 'biasa']",['mermerlukan_luar_biasa']
"['bagus', 'kadang', 'masalah', 'seru', 'kesal', 'senang']","['bagus_kadang_masalah', 'kadang_masalah_seru', 'masalah_seru_kesal', 'seru_kesal_senang']"
"['ngawur', 'high', 'mythical', 'glory', 'tinggi', 'ketemu', 'satu', 'high', 'mythic', 'mythical', 'bintang', 'ketemu', 'trio', 'tolong', 'perhati', 'bagus']","['bintang_ketemu_trio', 'glory_tinggi_ketemu', 'high_mythic_mythical', 'high_mythical_glory', 'ketemu_satu_high', 'ketemu_trio_tolong', 'mythic_mythical_bintang', 'mythical_bintang_ketemu', 'mythical_glory_tinggi', 'ngawur_high_mythical', 'satu_high_mythic', 'tinggi_ketemu_satu', 'tolong_perhati_bagus', 'trio_tolong_perhati']"
"['skin', 'bagus']",[]
['anjg'],[]
"['simpel', 'gc', 'jelas', 'spell', 'retri', 'mala', 'ngpus', 'minion', 'kecewa', 'banget']","['gc_jelas_spell', 'jelas_spell_retri', 'mala_ngpus_minion', 'minion_kecewa_banget', 'ngpus_minion_kecewa', 'retri_mala_ngpus', 'simpel_gc_jelas', 'spell_retri_mala']"
"['bagus', 'tahan', 'menara', 'tanpa', 'koneksi', 'pokok', 'bagus']","['bagus_tahan_menara', 'koneksi_pokok_bagus', 'menara_tanpa_koneksi', 'tahan_menara_tanpa', 'tanpa_koneksi_pokok']"
['rusak'],[]
"['saran', 'matchnya', 'buruk']",['saran_matchnya_buruk']
"['strees', 'relog', 'lama', 'jelek', 'banyak', 'update', 'jelek']","['banyak_update_jelek', 'jelek_banyak_update', 'lama_jelek_banyak', 'relog_lama_jelek', 'strees_relog_lama']"
['nyusahin'],[]
"['seru', 'banyak', 'lag']",['seru_banyak_lag']
"['makas', 'sudah', 'lama', 'hibur', 'kadang', 'stres', 'banyak', 'kalah', 'gelap', 'systemnya', 'gapapa', 'bagus', 'beberapa', 'bug', 'update', 'tan', 'terimakasih']","['bagus_beberapa_bug', 'banyak_kalah_gelap', 'beberapa_bug_update', 'bug_update_tan', 'gapapa_bagus_beberapa', 'gelap_systemnya_gapapa', 'hibur_kadang_stres', 'kadang_stres_banyak', 'kalah_gelap_systemnya', 'lama_hibur_kadang', 'makas_sudah_lama', 'stres_banyak_kalah', 'sudah_lama_hibur', 'systemnya_gapapa_bagus', 'update_tan_terimakasih']"
"['bintang', 'buruk', 'ee', 'semua']","['bintang_buruk_ee', 'buruk_ee_semua']"
"['baga', 'buang', 'sja']",['baga_buang_sja']
['bagus'],[]
"['bagus', 'lag', 'jir']",['bagus_lag_jir']
['seru'],[]
"['ta', 'akun', 'ban', 'sembarang', 'tasu']","['akun_ban_sembarang', 'ban_sembarang_tasu', 'ta_akun_ban']"
"['buruk', 'benar', 'anjg', 'ngasi', 'bapuk', 'benar', 'asuu', 'asu', 'boikot', 'anjg']","['anjg_ngasi_bapuk', 'asu_boikot_anjg', 'asuu_asu_boikot', 'bapuk_benar_asuu', 'benar_anjg_ngasi', 'benar_asuu_asu', 'buruk_benar_anjg', 'ngasi_bapuk_benar']"
"['bagus', 'banget', 'sinyal', 'baik']","['bagus_banget_sinyal', 'banget_sinyal_baik']"
"['makin', 'stres', 'koontol']",['makin_stres_koontol']
"['sepi', 'matching', 'sampai', 'menit']","['matching_sampai_menit', 'sepi_matching_sampai']"
['taik'],[]
"['benar', 'masa', 'glory', 'ketemu', 'gtu', 'aneh', 'bngtt']","['benar_masa_glory', 'glory_ketemu_gtu', 'gtu_aneh_bngtt', 'ketemu_gtu_aneh', 'masa_glory_ketemu']"
"['percuma', 'atur', 'draft', 'beberapa', 'imbang', 'banyak', 'feedtroll', 'makin', 'mls']","['atur_draft_beberapa', 'banyak_feedtroll_makin', 'beberapa_imbang_banyak', 'draft_beberapa_imbang', 'feedtroll_makin_mls', 'imbang_banyak_feedtroll', 'percuma_atur_draft']"
"['bintang', 'jg', 'sudah', 'uninstall', 'hilang', 'sinyal', 'full']","['bintang_jg_sudah', 'hilang_sinyal_full', 'jg_sudah_uninstall', 'sudah_uninstall_hilang', 'uninstall_hilang_sinyal']"
"['opsi', 'report', 'tanding', 'guna', 'selain', 'afk', 'ayo', 'meski', 'medal', 'gold', 'bapuk', 'banyak', 'mati', 'push', 'tower', 'bagai', 'sebab', 'kalah', 'wajib', 'tindak', 'cerita', 'lebih', 'bagus', 'kemanamana', 'dalam', 'hal', 'tindak']","['afk_ayo_meski', 'ayo_meski_medal', 'bagai_sebab_kalah', 'bagus_kemanamana_dalam', 'banyak_mati_push', 'bapuk_banyak_mati', 'cerita_lebih_bagus', 'dalam_hal_tindak', 'gold_bapuk_banyak', 'guna_selain_afk', 'kalah_wajib_tindak', 'kemanamana_dalam_hal', 'lebih_bagus_kemanamana', 'mati_push_tower', 'medal_gold_bapuk', 'meski_medal_gold', 'opsi_report_tanding', 'push_tower_bagai', 'report_tanding_guna', 'sebab_kalah_wajib', 'selain_afk_ayo', 'tanding_guna_selain', 'tindak_cerita_lebih', 'tower_bagai_sebab', 'wajib_tindak_cerita']"
"['terlalu', 'banyak', 'akun', 'bot']","['banyak_akun_bot', 'terlalu_banyak_akun']"
['buruk'],[]
"['matching', 'benar', 'jelas']",['matching_benar_jelas']
"['tolong', 'baik', 'bug', 'bug', 'jangan', 'event', 'patch', 'urusin', 'bug', 'bug', 'dalam', 'biarin', 'mana', 'pensi']","['baik_bug_bug', 'biarin_mana_pensi', 'bug_bug_dalam', 'bug_bug_jangan', 'bug_dalam_biarin', 'bug_jangan_event', 'dalam_biarin_mana', 'event_patch_urusin', 'jangan_event_patch', 'patch_urusin_bug', 'tolong_baik_bug', 'urusin_bug_bug']"
"['dongo', 'mentang', 'peringkat', 'global', 'kawan', 'bot', 'lose']","['dongo_mentang_peringkat', 'global_kawan_bot', 'kawan_bot_lose', 'mentang_peringkat_global', 'peringkat_global_kawan']"
"['muntun', 'tolong', 'sinyaljaringan', 'jelek', 'paket', 'lancar', 'pernah', 'pakek', 'wifi', 'sinyal', 'tetap', 'buruk', 'kesel', 'knp', 'lag', 'gerak', 'teman', 'lancar', 'jalan', 'sinyal', 'jelek', 'otomatis', 'lihat', 'lag', 'knp', 'kesel', 'push', 'renk', 'barw', 'tolong', 'muntun', 'history', 'silver', 'coklat', 'kadang', 'afk', 'knp', 'sejak', 'ab', 'tahir', 'buruk']","['ab_tahir_buruk', 'afk_knp_sejak', 'barw_tolong_muntun', 'buruk_kesel_knp', 'coklat_kadang_afk', 'gerak_teman_lancar', 'history_silver_coklat', 'jalan_sinyal_jelek', 'jelek_otomatis_lihat', 'jelek_paket_lancar', 'kadang_afk_knp', 'kesel_knp_lag', 'kesel_push_renk', 'knp_kesel_push', 'knp_lag_gerak', 'knp_sejak_ab', 'lag_gerak_teman', 'lag_knp_kesel', 'lancar_jalan_sinyal', 'lancar_pernah_pakek', 'lihat_lag_knp', 'muntun_history_silver', 'muntun_tolong_sinyaljaringan', 'otomatis_lihat_lag', 'pakek_wifi_sinyal', 'paket_lancar_pernah', 'pernah_pakek_wifi', 'push_renk_barw', 'renk_barw_tolong', 'sejak_ab_tahir', 'silver_coklat_kadang', 'sinyal_jelek_otomatis', 'sinyal_tetap_buruk', 'sinyaljaringan_jelek_paket', 'teman_lancar_jalan', 'tetap_buruk_kesel', 'tolong_muntun_history', 'tolong_sinyaljaringan_jelek', 'wifi_sinyal_tetap']"
"['banyak', 'bug', 'bagi', 'ngasal']","['banyak_bug_bagi', 'bug_bagi_ngasal']"
['oke'],[]
"['banyak', 'gelap']",[]
"['emng', 'seru', 'kadang', 'stres', 'neng', 'sdkit', 'lebih', 'banyak', 'stres', 'buka', 'bahagia', 'kasi', 'bot', 'semua', 'ngerti', 'menang', 'kalah', 'ngertii', 'walaupun', 'lama', 'kolo', 'giniin', 'bosen', 'terimakasih', 'thunny']","['bahagia_kasi_bot', 'banyak_stres_buka', 'bosen_terimakasih_thunny', 'bot_semua_ngerti', 'buka_bahagia_kasi', 'emng_seru_kadang', 'giniin_bosen_terimakasih', 'kadang_stres_neng', 'kalah_ngertii_walaupun', 'kasi_bot_semua', 'kolo_giniin_bosen', 'lama_kolo_giniin', 'lebih_banyak_stres', 'menang_kalah_ngertii', 'neng_sdkit_lebih', 'ngerti_menang_kalah', 'ngertii_walaupun_lama', 'sdkit_lebih_banyak', 'semua_ngerti_menang', 'seru_kadang_stres', 'stres_buka_bahagia', 'stres_neng_sdkit', 'walaupun_lama_kolo']"
"['pilih', 'freya', 'hadiah', 'topup', 'pertama', 'beleric']","['freya_hadiah_topup', 'hadiah_topup_pertama', 'pilih_freya_hadiah', 'topup_pertama_beleric']"
"['musuh', 'jago', 'dongo', 'capek', 'cok', 'ngegendong', 'gendong', 'tu']","['capek_cok_ngegendong', 'cok_ngegendong_gendong', 'dongo_capek_cok', 'jago_dongo_capek', 'musuh_jago_dongo', 'ngegendong_gendong_tu']"
"['tolong', 'baik', 'sinyalnyaping', 'selalu', 'merah', 'lelet']","['baik_sinyalnyaping_selalu', 'selalu_merah_lelet', 'sinyalnyaping_selalu_merah', 'tolong_baik_sinyalnyaping']"
['suka'],[]
"['neng', 'kalah', 'muluk', 'gara', 'gara', 'seim', 'bang', 'tolong', 'jangan', 'sik', 'sa']","['bang_tolong_jangan', 'gara_gara_seim', 'gara_seim_bang', 'jangan_sik_sa', 'kalah_muluk_gara', 'muluk_gara_gara', 'neng_kalah_muluk', 'seim_bang_tolong', 'tolong_jangan_sik']"
"['tolol', 'masalah', 'tulis', 'ruang', 'habis', 'banyak', 'tolol', 'gimana', 'tolol', 'banget', 'yatim']","['banyak_tolol_gimana', 'gimana_tolol_banget', 'habis_banyak_tolol', 'masalah_tulis_ruang', 'ruang_habis_banyak', 'tolol_banget_yatim', 'tolol_gimana_tolol', 'tolol_masalah_tulis', 'tulis_ruang_habis']"
"['hallo', 'tolong', 'server', 'rusak', 'semenjak', 'bug', 'border', 'avatar', 'alucard', 'lag', 'parah', 'ngefrezee', 'stuck', 'tampil', 'utama', 'kalaupun', 'bintang', 'nambah', 'menang', 'invalid']","['alucard_lag_parah', 'avatar_alucard_lag', 'bintang_nambah_menang', 'border_avatar_alucard', 'bug_border_avatar', 'hallo_tolong_server', 'kalaupun_bintang_nambah', 'lag_parah_ngefrezee', 'nambah_menang_invalid', 'ngefrezee_stuck_tampil', 'parah_ngefrezee_stuck', 'rusak_semenjak_bug', 'semenjak_bug_border', 'server_rusak_semenjak', 'stuck_tampil_utama', 'tampil_utama_kalaupun', 'tolong_server_rusak', 'utama_kalaupun_bintang']"
['oah'],[]
"['makin', 'makin', 'aneh', 'gelap', 'pernah', 'padan', 'opmeta', 'dipake', 'musuh', 'jago', 'bot', 'bilang', 'jago', 'bot', 'tolong']","['aneh_gelap_pernah', 'bilang_jago_bot', 'bot_bilang_jago', 'dipake_musuh_jago', 'gelap_pernah_padan', 'jago_bot_bilang', 'jago_bot_tolong', 'makin_aneh_gelap', 'makin_makin_aneh', 'musuh_jago_bot', 'opmeta_dipake_musuh', 'padan_opmeta_dipake', 'pernah_padan_opmeta']"
"['no', 'comment']",[]
"['keran', 'suka']",[]
"['ko', 'sekarang', 'susah', 'buka', 'yh', 'sayah']","['buka_yh_sayah', 'ko_sekarang_susah', 'sekarang_susah_buka', 'susah_buka_yh']"
"['turun', 'harga', 'dm']",['turun_harga_dm']
"['cpe', 'ketemu', 'gelap', 'semua', 'jadeh', 'makin', 'banyak', 'gelap', 'banyak', 'ngtik', 'sok', 'jago', 'hadeh', 'hadeh', 'abk', 'semua', 'cpe', 'ge', 'cpe', 'gendong', 'ketemu', 'abk', 'tolong', 'abk', 'usah', 'cpe', 'dongo', 'semua', 'cpe', 'gendong', 'dongo', 'ajg']","['abk_semua_cpe', 'abk_tolong_abk', 'abk_usah_cpe', 'banyak_gelap_banyak', 'banyak_ngtik_sok', 'cpe_dongo_semua', 'cpe_ge_cpe', 'cpe_gendong_dongo', 'cpe_gendong_ketemu', 'cpe_ketemu_gelap', 'dongo_semua_cpe', 'ge_cpe_gendong', 'gelap_banyak_ngtik', 'gelap_semua_jadeh', 'gendong_dongo_ajg', 'gendong_ketemu_abk', 'hadeh_abk_semua', 'hadeh_hadeh_abk', 'jadeh_makin_banyak', 'jago_hadeh_hadeh', 'ketemu_abk_tolong', 'ketemu_gelap_semua', 'makin_banyak_gelap', 'ngtik_sok_jago', 'semua_cpe_ge', 'semua_cpe_gendong', 'semua_jadeh_makin', 'sok_jago_hadeh', 'tolong_abk_usah', 'usah_cpe_dongo']"
['bagus'],[]
"['kasi', 'yng', 'bagus', 'napa', 'capek', 'kalah', 'kontol']","['bagus_napa_capek', 'capek_kalah_kontol', 'kasi_yng_bagus', 'napa_capek_kalah', 'yng_bagus_napa']"
"['tai', 'bot', 'mending', 'hapus']","['bot_mending_hapus', 'tai_bot_mending']"
"['buruk', 'ping', 'merah', 'payah', 'ubah']","['buruk_ping_merah', 'merah_payah_ubah', 'ping_merah_payah']"
"['rusak', 'mitic', 'tabrakin', 'miskirkisd']","['mitic_tabrakin_miskirkisd', 'rusak_mitic_tabrakin']"
"['habis', 'abdet', 'tambah', 'jelas', 'gems', 'internet', 'ilang', 'mohon', 'segera', 'perhati', 'nyaman', 'para']","['abdet_tambah_jelas', 'gems_internet_ilang', 'habis_abdet_tambah', 'ilang_mohon_segera', 'internet_ilang_mohon', 'jelas_gems_internet', 'mohon_segera_perhati', 'perhati_nyaman_para', 'segera_perhati_nyaman', 'tambah_jelas_gems']"
"['benar', 'masa', 'layla', 'janggel', 'benar', 'baru', 'bintang', 'beban', 'asa', 'musuh', 'bagus', 'bagus', 'agak', 'jago']","['asa_musuh_bagus', 'bagus_agak_jago', 'bagus_bagus_agak', 'baru_bintang_beban', 'beban_asa_musuh', 'benar_baru_bintang', 'benar_masa_layla', 'bintang_beban_asa', 'janggel_benar_baru', 'layla_janggel_benar', 'masa_layla_janggel', 'musuh_bagus_bagus']"
"['fider', 'ripot', 'nunggu', 'dlu', 'aneh', 'bngt', 'mending', 'epep', 'rusak']","['aneh_bngt_mending', 'bngt_mending_epep', 'dlu_aneh_bngt', 'fider_ripot_nunggu', 'mending_epep_rusak', 'nunggu_dlu_aneh', 'ripot_nunggu_dlu']"
"['samakin', 'update', 'makin', 'busuk', 'sinyal', 'macet', 'tolong', 'prngertiannya']","['busuk_sinyal_macet', 'macet_tolong_prngertiannya', 'makin_busuk_sinyal', 'samakin_update_makin', 'sinyal_macet_tolong', 'update_makin_busuk']"
"['buruk', 'rekomendasi', 'cocok', 'buang', 'sampah']","['buruk_rekomendasi_cocok', 'cocok_buang_sampah', 'rekomendasi_cocok_buang']"
['favorit'],[]
"['woy', 'kw', 'benar', 'lol', 'kw', 'beri', 'benar', 'ibarat', 'rombong', 'pascol', 'lawan', 'skaylar', 'tolol', 'kw', 'kalah', 'mvp', 'montan', 'capek', 'normal', 'mitic', 'hanabi', 'ispayer', 'zilong', 'roam', 'tol']","['benar_ibarat_rombong', 'benar_lol_kw', 'beri_benar_ibarat', 'capek_normal_mitic', 'hanabi_ispayer_zilong', 'ibarat_rombong_pascol', 'ispayer_zilong_roam', 'kalah_mvp_montan', 'kw_benar_lol', 'kw_beri_benar', 'kw_kalah_mvp', 'lawan_skaylar_tolol', 'lol_kw_beri', 'mitic_hanabi_ispayer', 'montan_capek_normal', 'mvp_montan_capek', 'normal_mitic_hanabi', 'pascol_lawan_skaylar', 'rombong_pascol_lawan', 'skaylar_tolol_kw', 'tolol_kw_kalah', 'woy_kw_benar', 'zilong_roam_tol']"
"['gatel', 'teman', 'satu', 'jelek', 'buruk', 'kalah', 'kalah', 'mvp', 'satu', 'beban', 'tolong', 'bantu', 'asal', 'asal', 'ban']","['asal_asal_ban', 'bantu_asal_asal', 'beban_tolong_bantu', 'buruk_kalah_kalah', 'gatel_teman_satu', 'jelek_buruk_kalah', 'kalah_kalah_mvp', 'kalah_mvp_satu', 'mvp_satu_beban', 'satu_beban_tolong', 'satu_jelek_buruk', 'teman_satu_jelek', 'tolong_bantu_asal']"
"['seru', 'iy']",[]
"['lihat', 'ulas', 'banyak', 'komen', 'bahkan', 'banyak', 'celah', 'ngak', 'ppa', 'bot', 'kurang', 'faham', 'hadap', 'dalam', 'se', 'pasti', 'satu', 'bodoh', 'klu', 'begini', 'banyak', 'pindah']","['bahkan_banyak_celah', 'banyak_celah_ngak', 'banyak_komen_bahkan', 'begini_banyak_pindah', 'bodoh_klu_begini', 'bot_kurang_faham', 'celah_ngak_ppa', 'dalam_se_pasti', 'faham_hadap_dalam', 'hadap_dalam_se', 'klu_begini_banyak', 'komen_bahkan_banyak', 'kurang_faham_hadap', 'lihat_ulas_banyak', 'ngak_ppa_bot', 'pasti_satu_bodoh', 'ppa_bot_kurang', 'satu_bodoh_klu', 'se_pasti_satu', 'ulas_banyak_komen']"
['bagus'],[]
"['adil', 'bagi']",[]
['bagus'],[]
"['abis', 'draft', 'kenapa', 'ngeframe', 'sudah', 'tengah', 'suka', 'lag']","['abis_draft_kenapa', 'draft_kenapa_ngeframe', 'kenapa_ngeframe_sudah', 'ngeframe_sudah_tengah', 'sudah_tengah_suka', 'tengah_suka_lag']"
"['heh', 'monoton', 'beri', 'benar', 'sore', 'nyampe', 'subuh', 'ubah', 'makin', 'update', 'makin', 'rusak', 'ganti', 'rusak']","['benar_sore_nyampe', 'beri_benar_sore', 'heh_monoton_beri', 'makin_rusak_ganti', 'makin_update_makin', 'monoton_beri_benar', 'nyampe_subuh_ubah', 'rusak_ganti_rusak', 'sore_nyampe_subuh', 'subuh_ubah_makin', 'ubah_makin_update', 'update_makin_rusak']"
"['knpa', 'sekarang', 'lag', 'bagus']","['knpa_sekarang_lag', 'sekarang_lag_bagus']"
"['sll', 'teman', 'buruk', 'pdhl', 'musuh', 'pro', 'jelas', 'uninstall', 'bye', 'th', 'nyata', 'bnr', 'bukan', 'have', 'fun', 'stres']","['bnr_bukan_have', 'bukan_have_fun', 'buruk_pdhl_musuh', 'bye_th_nyata', 'have_fun_stres', 'jelas_uninstall_bye', 'musuh_pro_jelas', 'nyata_bnr_bukan', 'pdhl_musuh_pro', 'pro_jelas_uninstall', 'sll_teman_buruk', 'teman_buruk_pdhl', 'th_nyata_bnr', 'uninstall_bye_th']"
"['gam', 'jelas', 'server', 'lag', 'parah', 'belum', 'rusak', 'lancar', 'draf', 'pik', 'serfer', 'lag', 'rusak', 'nugini', 'nyaingin', 'enak', 'mundur', 'suara', 'dengerin', 'rusak', 'salah', 'serfer', 'muak', 'lag', 'ngek', 'begini', 'lama', 'lama', 'pindah', 'nanti', 'baru']","['begini_lama_lama', 'belum_rusak_lancar', 'dengerin_rusak_salah', 'draf_pik_serfer', 'enak_mundur_suara', 'gam_jelas_server', 'jelas_server_lag', 'lag_ngek_begini', 'lag_parah_belum', 'lag_rusak_nugini', 'lama_lama_pindah', 'lama_pindah_nanti', 'lancar_draf_pik', 'muak_lag_ngek', 'mundur_suara_dengerin', 'ngek_begini_lama', 'nugini_nyaingin_enak', 'nyaingin_enak_mundur', 'parah_belum_rusak', 'pik_serfer_lag', 'pindah_nanti_baru', 'rusak_lancar_draf', 'rusak_nugini_nyaingin', 'rusak_salah_serfer', 'salah_serfer_muak', 'serfer_lag_rusak', 'serfer_muak_lag', 'server_lag_parah', 'suara_dengerin_rusak']"
"['nakin', 'lama', 'signal', 'makin', 'parah', 'signal', 'lancarr', 'hilang', 'frezz', 'jelas', 'banyak', 'an', 'update', 'skin', 'doank', 'perhatiin', 'unistal', 'ganti', 'rugi', 'bintang', 'minus', 'minus', 'skor']","['an_update_skin', 'banyak_an_update', 'bintang_minus_minus', 'doank_perhatiin_unistal', 'frezz_jelas_banyak', 'ganti_rugi_bintang', 'hilang_frezz_jelas', 'jelas_banyak_an', 'lama_signal_makin', 'lancarr_hilang_frezz', 'makin_parah_signal', 'minus_minus_skor', 'nakin_lama_signal', 'parah_signal_lancarr', 'perhatiin_unistal_ganti', 'rugi_bintang_minus', 'signal_lancarr_hilang', 'signal_makin_parah', 'skin_doank_perhatiin', 'unistal_ganti_rugi', 'update_skin_doank']"
"['mohon', 'bosan', 'kalah', 'menang', 'menang', 'pasti', 'lanjut', 'kalah', 'bosan', 'jika', 'punya', 'teman', 'mabar', 'rekomendasi', 'mendownload']","['bosan_jika_punya', 'bosan_kalah_menang', 'jika_punya_teman', 'kalah_bosan_jika', 'kalah_menang_menang', 'lanjut_kalah_bosan', 'mabar_rekomendasi_mendownload', 'menang_menang_pasti', 'menang_pasti_lanjut', 'mohon_bosan_kalah', 'pasti_lanjut_kalah', 'punya_teman_mabar', 'teman_mabar_rekomendasi']"
"['this', 'not', 'fair']",['this_not_fair']
"['moga', 'meningal', 'dunia', 'aminn']","['meningal_dunia_aminn', 'moga_meningal_dunia']"
"['sinyal', 'sekarang', 'buruk', 'full']","['sekarang_buruk_full', 'sinyal_sekarang_buruk']"
"['putus', 'henti', 'makin', 'lama', 'makin', 'jelas', 'tanding', 'feeder', 'lawan', 'pro', 'hibur', 'emosi', 'buruk']","['feeder_lawan_pro', 'henti_makin_lama', 'hibur_emosi_buruk', 'jelas_tanding_feeder', 'lama_makin_jelas', 'lawan_pro_hibur', 'makin_jelas_tanding', 'makin_lama_makin', 'pro_hibur_emosi', 'putus_henti_makin', 'tanding_feeder_lawan']"
"['tolol', 'anjg']",[]
"['aneh', 'kaga', 'pernah', 'benar', 'tolol']","['aneh_kaga_pernah', 'kaga_pernah_benar', 'pernah_benar_tolol']"
"['games', 'filled', 'with', 'gelap', 'systems']","['filled_with_gelap', 'games_filled_with', 'with_gelap_systems']"
"['para', 'streamer', 'pd', 'pindah', 'roblox', 'auto', 'sepi', 'rating', 'y', 'drop']","['auto_sepi_rating', 'para_streamer_pd', 'pd_pindah_roblox', 'pindah_roblox_auto', 'roblox_auto_sepi', 'sepi_rating_drop', 'streamer_pd_pindah']"
"['punya', 'ngk', 'diri', 'tolol', 'amat', 'mentang', 'mentang', 'tolol', 'tolol', 'semua', 'haram']","['amat_mentang_mentang', 'diri_tolol_amat', 'mentang_mentang_tolol', 'mentang_tolol_tolol', 'ngk_diri_tolol', 'punya_ngk_diri', 'tolol_amat_mentang', 'tolol_semua_haram', 'tolol_tolol_semua']"
"['kecewa', 'rasio', 'rusak', 'gara', 'akun', 'baru']","['gara_akun_baru', 'kecewa_rasio_rusak', 'rasio_rusak_gara', 'rusak_gara_akun']"
['suka'],[]
"['isi', 'tolol', 'ras', 'matching', 'rusak', 'idiot']","['isi_tolol_ras', 'matching_rusak_idiot', 'ras_matching_rusak', 'tolol_ras_matching']"
"['makin', 'makin', 'jelas', 'satu', 'ktemu', 'musuh', 'keras', 'abangabang', 'imo', 'layer', 'evic', 'smua', 'jelas', 'adaada', 'lost', 'trek', 'wr', 'hancur', 'mmr', 'ancur', 'ngerti', 'sudah', 'males', 'lamalama']","['abangabang_imo_layer', 'adaada_lost_trek', 'ancur_ngerti_sudah', 'evic_smua_jelas', 'hancur_mmr_ancur', 'imo_layer_evic', 'jelas_adaada_lost', 'jelas_satu_ktemu', 'keras_abangabang_imo', 'ktemu_musuh_keras', 'layer_evic_smua', 'lost_trek_wr', 'makin_jelas_satu', 'makin_makin_jelas', 'mmr_ancur_ngerti', 'musuh_keras_abangabang', 'ngerti_sudah_males', 'satu_ktemu_musuh', 'smua_jelas_adaada', 'sudah_males_lamalama', 'trek_wr_hancur', 'wr_hancur_mmr']"
['lancar'],[]
"['bug', 'bahkan', 'beri', 'deg', 'musuh', 'lipat']","['bahkan_beri_deg', 'beri_deg_musuh', 'bug_bahkan_beri', 'deg_musuh_lipat']"
"['sebenernya', 'suka', 'banget', 'legand', 'cuma', 'sekarang', 'line', 'tentu', 'kurang', 'suka', 'banget', 'punya', 'banyak']","['banget_legand_cuma', 'banget_punya_banyak', 'cuma_sekarang_line', 'kurang_suka_banget', 'legand_cuma_sekarang', 'line_tentu_kurang', 'sebenernya_suka_banget', 'sekarang_line_tentu', 'suka_banget_legand', 'suka_banget_punya', 'tentu_kurang_suka']"
"['selalu', 'kurang', 'bagus']",['selalu_kurang_bagus']
"['lag', 'bareng', 'beda', 'tempat', 'beda', 'beda', 'sinyal']","['bareng_beda_tempat', 'beda_beda_sinyal', 'beda_tempat_beda', 'lag_bareng_beda', 'tempat_beda_beda']"
['haram'],[]
"['nerf', 'cici', 'cok']",['nerf_cici_cok']
"['bodoh', 'tres', 'pemainyah', 'apdetan', 'baru', 'kecewa']","['apdetan_baru_kecewa', 'bodoh_tres_pemainyah', 'pemainyah_apdetan_baru', 'tres_pemainyah_apdetan']"
"['tolong', 'optimal', 'bagus', 'lag', 'makin', 'update', 'makin', 'perag']","['bagus_lag_makin', 'lag_makin_update', 'makin_update_makin', 'optimal_bagus_lag', 'tolong_optimal_bagus', 'update_makin_perag']"
"['terlalu', 'berat', 'pangkat', 'kecil', 'musuh', 'imbang', 'problem', 'tidahanya', 'stres', 'musuh', 'jago', 'sudah', 'lama', 'sedakan', 'baru', 'indonesia', 'cepat', 'baik', 'adil', 'benar', 'bagus', 'musuh', 'berat', 'adil', 'mohon', 'maaf', 'jika', 'sopan', 'maaf']","['adil_benar_bagus', 'adil_mohon_maaf', 'bagus_musuh_berat', 'baik_adil_benar', 'baru_indonesia_cepat', 'benar_bagus_musuh', 'berat_adil_mohon', 'berat_pangkat_kecil', 'cepat_baik_adil', 'imbang_problem_tidahanya', 'indonesia_cepat_baik', 'jago_sudah_lama', 'jika_sopan_maaf', 'kecil_musuh_imbang', 'lama_sedakan_baru', 'maaf_jika_sopan', 'mohon_maaf_jika', 'musuh_berat_adil', 'musuh_imbang_problem', 'musuh_jago_sudah', 'pangkat_kecil_musuh', 'problem_tidahanya_stres', 'sedakan_baru_indonesia', 'stres_musuh_jago', 'sudah_lama_sedakan', 'terlalu_berat_pangkat', 'tidahanya_stres_musuh']"
"['rugi', 'bagai', 'oke', 'dpet', 'slalu', 'gajelas', 'apalgi', 'prapilih', 'role', 'maksain', 'role', 'guna', 'pilih', 'dpetnya', 'roam', 'kyaknya', 'mulai', 'mikirin', 'perihal', 'dpet', 'mvp', 'kalah', 'tetap', 'nmbah', 'bintang', 'sbagai', 'bentuk', 'apresiasi', 'rugi', 'tenaga', 'mmr', 'winrate', 'bintang', 'turun', 'mikir', 'bagus', 'win', 'cuma', 'lose', 'mvp', 'semua', 'kgak', 'nyesek', 'weh', 'mikir', 'woy', 'buruk']","['apalgi_prapilih_role', 'apresiasi_rugi_tenaga', 'bagai_oke_dpet', 'bagus_win_cuma', 'bentuk_apresiasi_rugi', 'bintang_sbagai_bentuk', 'bintang_turun_mikir', 'cuma_lose_mvp', 'dpet_mvp_kalah', 'dpet_slalu_gajelas', 'dpetnya_roam_kyaknya', 'gajelas_apalgi_prapilih', 'guna_pilih_dpetnya', 'kalah_tetap_nmbah', 'kgak_nyesek_weh', 'kyaknya_mulai_mikirin', 'lose_mvp_semua', 'maksain_role_guna', 'mikir_bagus_win', 'mikir_woy_buruk', 'mikirin_perihal_dpet', 'mmr_winrate_bintang', 'mulai_mikirin_perihal', 'mvp_kalah_tetap', 'mvp_semua_kgak', 'nmbah_bintang_sbagai', 'nyesek_weh_mikir', 'oke_dpet_slalu', 'perihal_dpet_mvp', 'pilih_dpetnya_roam', 'prapilih_role_maksain', 'roam_kyaknya_mulai', 'role_guna_pilih', 'role_maksain_role', 'rugi_bagai_oke', 'rugi_tenaga_mmr', 'sbagai_bentuk_apresiasi', 'semua_kgak_nyesek', 'slalu_gajelas_apalgi', 'tenaga_mmr_winrate', 'tetap_nmbah_bintang', 'turun_mikir_bagus', 'weh_mikir_woy', 'win_cuma_lose', 'winrate_bintang_turun']"
"['admin', 'anjg', 'bot', 'trs']","['admin_anjg_bot', 'anjg_bot_trs']"
"['banyak', 'update', 'kualitas', 'buruk', 'kikir', 'babi']","['banyak_update_kualitas', 'buruk_kikir_babi', 'kualitas_buruk_kikir', 'update_kualitas_buruk']"
"['report', 'adu', 'customer', 'servicenya', 'baik', 'jawab', 'template', 'solusi', 'parah', 'kenal', 'sampah']","['adu_customer_servicenya', 'baik_jawab_template', 'customer_servicenya_baik', 'jawab_template_solusi', 'parah_kenal_sampah', 'report_adu_customer', 'servicenya_baik_jawab', 'solusi_parah_kenal', 'template_solusi_parah']"
"['tanya', 'perihal', 'adil', 'alami', 'kalah', 'masif', 'fair', 'selalu', 'rugi', 'rekan', 'coba', 'report', 'tindak', 'lanjut', 'jawab', 'baik', 'dar', 'minta', 'maaf', 'mungkin', 'buruk', 'pernah', 'terimakasih']","['adil_alami_kalah', 'alami_kalah_masif', 'baik_dar_minta', 'buruk_pernah_terimakasih', 'coba_report_tindak', 'dar_minta_maaf', 'fair_selalu_rugi', 'jawab_baik_dar', 'kalah_masif_fair', 'lanjut_jawab_baik', 'maaf_mungkin_buruk', 'masif_fair_selalu', 'minta_maaf_mungkin', 'mungkin_buruk_pernah', 'perihal_adil_alami', 'rekan_coba_report', 'report_tindak_lanjut', 'rugi_rekan_coba', 'selalu_rugi_rekan', 'tanya_perihal_adil', 'tindak_lanjut_jawab']"
['kontol'],[]
"['tolong', 'lh', 'hapus', 'darksistem', 'lebih', 'tanding', 'stuck', 'situ', 'pasti', 'darksistem', 'capek', 'cok', 'bukan', 'have', 'fun', 'stres']","['bukan_have_fun', 'capek_cok_bukan', 'cok_bukan_have', 'darksistem_capek_cok', 'darksistem_lebih_tanding', 'hapus_darksistem_lebih', 'have_fun_stres', 'lebih_tanding_stuck', 'lh_hapus_darksistem', 'pasti_darksistem_capek', 'situ_pasti_darksistem', 'stuck_situ_pasti', 'tanding_stuck_situ', 'tolong_lh_hapus']"
"['mikirr', 'beri', 'matching', 'romawi', 'plus', 'sedang', 'musuh', 'full', 'glory', 'emng', 'tambah', 'stres', 'heran', 'adil', 'banget', 'benar', 'benar', 'rusak', 'rusak', 'ws', 'lgsng', 'ls']","['adil_banget_benar', 'banget_benar_benar', 'benar_benar_rusak', 'benar_rusak_rusak', 'beri_matching_romawi', 'emng_tambah_stres', 'full_glory_emng', 'glory_emng_tambah', 'heran_adil_banget', 'matching_romawi_plus', 'mikirr_beri_matching', 'musuh_full_glory', 'plus_sedang_musuh', 'romawi_plus_sedang', 'rusak_rusak_ws', 'rusak_ws_lgsng', 'sedang_musuh_full', 'stres_heran_adil', 'tambah_stres_heran', 'ws_lgsng_ls']"
['kranjingan'],[]
"['jangan', 'bro', 'buang', 'buang']","['bro_buang_buang', 'jangan_bro_buang']"
"['cari', 'imbang']",[]
"['daerah', 'jawa', 'timur', 'jawa', 'tengah', 'mati', 'babi']","['daerah_jawa_timur', 'jawa_tengah_mati', 'jawa_timur_jawa', 'tengah_mati_babi', 'timur_jawa_tengah']"
"['macam', 'isi', 'balita', 'gelap', 'semua']","['balita_gelap_semua', 'isi_balita_gelap', 'macam_isi_balita']"
"['benar', 'benar', 'aneh', 'bagus', 'lag', 'kadang', 'hapus', 'baru']","['aneh_bagus_lag', 'bagus_lag_kadang', 'benar_aneh_bagus', 'benar_benar_aneh', 'kadang_hapus_baru', 'lag_kadang_hapus']"
"['aneh', 'selalu', 'gelap', 'stres', 'orng']","['aneh_selalu_gelap', 'gelap_stres_orng', 'selalu_gelap_stres']"
"['kontol', 'lag']",[]
"['cl', 'imbang', 'masa', 'bagai', 'beban', 'musuh', 'jago', 'skill', 'sudah', 'gitu', 'wr', 'balance', 'pula', 'kalah', 'turun', 'banyak', 'win', 'naik', 'sedikit', 'sinyal', 'turun', 'naiklag', 'jumping', 'sinyal', 'tes', 'hijau', 'masalah', 'segera', 'atas', 'tetap', 'bintang', 'satu', 'dasar', 'tambah', 'stres']","['atas_tetap_bintang', 'bagai_beban_musuh', 'balance_pula_kalah', 'banyak_win_naik', 'beban_musuh_jago', 'bintang_satu_dasar', 'cl_imbang_masa', 'dasar_tambah_stres', 'gitu_wr_balance', 'hijau_masalah_segera', 'imbang_masa_bagai', 'jago_skill_sudah', 'jumping_sinyal_tes', 'kalah_turun_banyak', 'masa_bagai_beban', 'masalah_segera_atas', 'musuh_jago_skill', 'naik_sedikit_sinyal', 'naiklag_jumping_sinyal', 'pula_kalah_turun', 'satu_dasar_tambah', 'sedikit_sinyal_turun', 'segera_atas_tetap', 'sinyal_tes_hijau', 'sinyal_turun_naiklag', 'skill_sudah_gitu', 'sudah_gitu_wr', 'tes_hijau_masalah', 'tetap_bintang_satu', 'turun_banyak_win', 'turun_naiklag_jumping', 'win_naik_sedikit', 'wr_balance_pula']"
"['abis', 'baru', 'makin', 'lag', 'bagus']","['abis_baru_makin', 'baru_makin_lag', 'makin_lag_bagus']"
"['jelek', 'bnyk', 'gelap']",['jelek_bnyk_gelap']
['tolol'],[]
"['beri', 'pernah', 'benar', 'tolol']","['beri_pernah_benar', 'pernah_benar_tolol']"
"['tolol', 'rate', 'bagus', 'report', 'laen', 'kurang', 'ks', 'report', 'respon', 'buangsat']","['bagus_report_laen', 'ks_report_respon', 'kurang_ks_report', 'laen_kurang_ks', 'rate_bagus_report', 'report_laen_kurang', 'report_respon_buangsat', 'tolol_rate_bagus']"
"['waras', 'dongo', 'moontod', 'poke']","['dongo_moontod_poke', 'waras_dongo_moontod']"
"['rusak', 'stres']",[]
"['rusak', 'sumpah']",[]
"['tolong', 'ban', 'trol', 'masa', 'make', 'zilong', 'mid', 'bilang', 'menang', 'dia', 'mati', 'nyalahin', 'satu', 'teman', 'ngedukung', 'pula', 'make', 'zilong', 'mid', 'lelah', 'pepek']","['ban_trol_masa', 'bilang_menang_dia', 'dia_mati_nyalahin', 'make_zilong_mid', 'masa_make_zilong', 'mati_nyalahin_satu', 'menang_dia_mati', 'mid_bilang_menang', 'mid_lelah_pepek', 'ngedukung_pula_make', 'nyalahin_satu_teman', 'pula_make_zilong', 'satu_teman_ngedukung', 'teman_ngedukung_pula', 'tolong_ban_trol', 'trol_masa_make', 'zilong_mid_bilang', 'zilong_mid_lelah']"
"['sportif', 'adil', 'kurang', 'sportif', 'selalu', 'anggap', 'laku', 'langgar', 'kurang', 'skor', 'poin', 'admin', 'bagus', 'sportif', 'jangan', 'cundang', 'selalu', 'pihak', 'kepada', 'lain', 'cam', 'baik', 'baik', 'ingat', 'paham']","['adil_kurang_sportif', 'admin_bagus_sportif', 'anggap_laku_langgar', 'bagus_sportif_jangan', 'baik_baik_ingat', 'baik_ingat_paham', 'cam_baik_baik', 'cundang_selalu_pihak', 'jangan_cundang_selalu', 'kepada_lain_cam', 'kurang_skor_poin', 'kurang_sportif_selalu', 'lain_cam_baik', 'laku_langgar_kurang', 'langgar_kurang_skor', 'pihak_kepada_lain', 'poin_admin_bagus', 'selalu_anggap_laku', 'selalu_pihak_kepada', 'skor_poin_admin', 'sportif_adil_kurang', 'sportif_jangan_cundang', 'sportif_selalu_anggap']"
"['reng', 'kecil', 'kasi', 'lwan', 'reng', 'tinggi', 'pasti', 'kalah']","['kasi_lwan_reng', 'kecil_kasi_lwan', 'lwan_reng_tinggi', 'reng_kecil_kasi', 'reng_tinggi_pasti', 'tinggi_pasti_kalah']"
"['ngapasi', 'lag', 'make', 'kouta', 'lag', 'kontes', 'lord', 'lag']","['kontes_lord_lag', 'kouta_lag_kontes', 'lag_kontes_lord', 'lag_make_kouta', 'make_kouta_lag', 'ngapasi_lag_make']"
"['babi', 'gemar', 'banyak', 'pernah', 'baik', 'diam', 'mending', 'lebih', 'asik']","['babi_gemar_banyak', 'baik_diam_mending', 'banyak_pernah_baik', 'diam_mending_lebih', 'gemar_banyak_pernah', 'mending_lebih_asik', 'pernah_baik_diam']"
"['overall', 'bagus', 'masa', 'besar', 'iya', 'jelas', 'gajelas', 'inti', 'minggu', 'kemaren', 'menang', 'please', 'mohon', 'banget', 'baik', 'ulang', 'gi', 'grandmaster', 'kompak', 'masa', 'atas', 'susah', 'banget']","['atas_susah_banget', 'bagus_masa_besar', 'baik_ulang_gi', 'banget_baik_ulang', 'besar_iya_jelas', 'gajelas_inti_minggu', 'gi_grandmaster_kompak', 'grandmaster_kompak_masa', 'inti_minggu_kemaren', 'iya_jelas_gajelas', 'jelas_gajelas_inti', 'kemaren_menang_please', 'kompak_masa_atas', 'masa_atas_susah', 'masa_besar_iya', 'menang_please_mohon', 'minggu_kemaren_menang', 'mohon_banget_baik', 'overall_bagus_masa', 'please_mohon_banget', 'ulang_gi_grandmaster']"
"['woy', 'cok', 'dancok', 'gamr', 'mu', 'koyok', 'gatell', 'asu', 'kirekk', 'dancok']","['asu_kirekk_dancok', 'cok_dancok_gamr', 'dancok_gamr_mu', 'gamr_mu_koyok', 'gatell_asu_kirekk', 'koyok_gatell_asu', 'mu_koyok_gatell', 'woy_cok_dancok']"
"['busuk', 'server', 'aneh', 'kalah', 'mach', 'aneh', 'busuk', 'sedang', 'musuh', 'bagus', 'sudah', 'ganti', 'akun', 'baru', 'tetap', 'grafik', 'bagusin', 'event', 'banyakin', 'play', 'benahin', 'tetap', 'busuk', 'sen', 'tolol', 'mach', 'imbang']","['akun_baru_tetap', 'aneh_busuk_sedang', 'aneh_kalah_mach', 'bagus_sudah_ganti', 'bagusin_event_banyakin', 'banyakin_play_benahin', 'baru_tetap_grafik', 'benahin_tetap_busuk', 'busuk_sedang_musuh', 'busuk_sen_tolol', 'busuk_server_aneh', 'event_banyakin_play', 'ganti_akun_baru', 'grafik_bagusin_event', 'kalah_mach_aneh', 'mach_aneh_busuk', 'musuh_bagus_sudah', 'play_benahin_tetap', 'sedang_musuh_bagus', 'sen_tolol_mach', 'server_aneh_kalah', 'sudah_ganti_akun', 'tetap_busuk_sen', 'tetap_grafik_bagusin', 'tolol_mach_imbang']"
['kalah'],[]
"['kenapa', 'sudah', 'update', 'sekarang', 'lebih', 'terputuskoneksi', 'lambatdelayy', 'ganggu', 'kenceng', 'wifidataa']","['ganggu_kenceng_wifidataa', 'kenapa_sudah_update', 'lambatdelayy_ganggu_kenceng', 'lebih_terputuskoneksi_lambatdelayy', 'sekarang_lebih_terputuskoneksi', 'sudah_update_sekarang', 'terputuskoneksi_lambatdelayy_ganggu', 'update_sekarang_lebih']"
"['woy', 'developer', 'makin', 'update', 'makin', 'busuk', 'bug', 'benar', 'rusak', 'server', 'busuk', 'ngaco', 'bug', 'update', 'makin', 'parah']","['benar_rusak_server', 'bug_benar_rusak', 'bug_update_makin', 'busuk_bug_benar', 'busuk_ngaco_bug', 'developer_makin_update', 'makin_busuk_bug', 'makin_update_makin', 'ngaco_bug_update', 'rusak_server_busuk', 'server_busuk_ngaco', 'update_makin_busuk', 'update_makin_parah', 'woy_developer_makin']"
"['tolong', 'beri', 'benar']",['tolong_beri_benar']
"['please', 'fix', 'you', 'server', 'because', 'lag', 'play', 'if', 'used', 'wify', 'and', 'plaese', 'fix', 'chaeter', 'this', 'oke', 'if', 'you', 'already', 'fix', 'lag', 'and', 'cheater', 'wa', 'nt', 'gift', 'you', 'stars', 'oke']","['already_fix_lag', 'and_cheater_wa', 'and_plaese_fix', 'because_lag_play', 'chaeter_this_oke', 'cheater_wa_nt', 'fix_chaeter_this', 'fix_lag_and', 'fix_you_server', 'gift_you_stars', 'if_used_wify', 'if_you_already', 'lag_and_cheater', 'lag_play_if', 'nt_gift_you', 'oke_if_you', 'plaese_fix_chaeter', 'play_if_used', 'please_fix_you', 'server_because_lag', 'this_oke_if', 'used_wify_and', 'wa_nt_gift', 'wify_and_plaese', 'you_already_fix', 'you_server_because', 'you_stars_oke']"
"['taik', 'lostrek']",[]
"['sumpah', 'matckingnya', 'lama', 'banget', 'cuma', 'rool', 'sumpag', 'ngotak', 'lama']","['banget_cuma_rool', 'cuma_rool_sumpag', 'lama_banget_cuma', 'matckingnya_lama_banget', 'rool_sumpag_ngotak', 'sumpag_ngotak_lama', 'sumpah_matckingnya_lama']"
"['pantes', 'ktemu', 'becus', 'sinyal', 'lag', 'sendiri', 'hapus', 'play', 'store']","['becus_sinyal_lag', 'hapus_play_store', 'ktemu_becus_sinyal', 'lag_sendiri_hapus', 'pantes_ktemu_becus', 'sendiri_hapus_play', 'sinyal_lag_sendiri']"
"['jelas', 'lama', 'digabungin', 'semua', 'bocil', 'resah', 'gendong', 'lama', 'males', 'sumpah', 'digabungin', 'tot']","['bocil_resah_gendong', 'digabungin_semua_bocil', 'gendong_lama_males', 'jelas_lama_digabungin', 'lama_digabungin_semua', 'lama_males_sumpah', 'males_sumpah_digabungin', 'resah_gendong_lama', 'semua_bocil_resah', 'sumpah_digabungin_tot']"
"['knapa', 'ketemu', 'top', 'global', 'sentuh', 'top', 'provinsi', 'belum', 'blas']","['global_sentuh_top', 'ketemu_top_global', 'knapa_ketemu_top', 'provinsi_belum_blas', 'sentuh_top_provinsi', 'top_global_sentuh', 'top_provinsi_belum']"
"['tolong', 'misal', 'chat', 'masuk', 'sensitif', 'ilangin', 'minimal', 'kocak', 'biar', 'plonga', 'plongo', 'nungguin', 'balesin', 'chat', 'nyata', 'emg', 'kirim']","['balesin_chat_nyata', 'biar_plonga_plongo', 'chat_masuk_sensitif', 'chat_nyata_emg', 'ilangin_minimal_kocak', 'kocak_biar_plonga', 'masuk_sensitif_ilangin', 'minimal_kocak_biar', 'misal_chat_masuk', 'nungguin_balesin_chat', 'nyata_emg_kirim', 'plonga_plongo_nungguin', 'plongo_nungguin_balesin', 'sensitif_ilangin_minimal', 'tolong_misal_chat']"
['tres'],[]
"['anjing', 'pay', 'win', 'bangsat']","['anjing_pay_win', 'pay_win_bangsat']"
"['hilang', 'stres', 'selalu', 'stres', 'garagara', 'banyak', 'ngerti']","['garagara_banyak_ngerti', 'hilang_stres_selalu', 'selalu_stres_garagara', 'stres_garagara_banyak', 'stres_selalu_stres']"
"['bedain', 'skill', 'playernya', 'masa', 'jago', 'dongo', 'mana', 'musuh', 'jago', 'mytic', 'masa', 'nasih', 'epick', 'aneh', 'oon']","['bedain_skill_playernya', 'dongo_mana_musuh', 'epick_aneh_oon', 'jago_dongo_mana', 'jago_mytic_masa', 'mana_musuh_jago', 'masa_jago_dongo', 'masa_nasih_epick', 'musuh_jago_mytic', 'mytic_masa_nasih', 'nasih_epick_aneh', 'playernya_masa_jago', 'skill_playernya_masa']"
['seru'],[]
"['jelek', 'banget', 'drafpick', 'oot', 'semua', 'benar']","['banget_drafpick_oot', 'drafpick_oot_semua', 'jelek_banget_drafpick', 'oot_semua_benar']"
"['kon', 'tol', 'lawan', 'keras', 'iya', 'kelas', 'ajg', 'naikin', 'bintang', 'susah', 'minta', 'ampun', 'kocak', 'beri', 'cacat', 'gelap', 'taeklah', 'makin', 'lama', 'seru', 'imbang', 'beri', 'dasar', 'ajg', 'moontoon', 'asu']","['ajg_moontoon_asu', 'ajg_naikin_bintang', 'ampun_kocak_beri', 'beri_cacat_gelap', 'beri_dasar_ajg', 'bintang_susah_minta', 'cacat_gelap_taeklah', 'dasar_ajg_moontoon', 'gelap_taeklah_makin', 'imbang_beri_dasar', 'iya_kelas_ajg', 'kelas_ajg_naikin', 'keras_iya_kelas', 'kocak_beri_cacat', 'kon_tol_lawan', 'lama_seru_imbang', 'lawan_keras_iya', 'makin_lama_seru', 'minta_ampun_kocak', 'naikin_bintang_susah', 'seru_imbang_beri', 'susah_minta_ampun', 'taeklah_makin_lama', 'tol_lawan_keras']"
"['matcmaking', 'buruk', 'ktmu', 'musuh', 'jago', 'buruk', 'afk', 'dll', 'gajelas', 'banyak', 'joki', 'jd', 'sakarepmu']","['afk_dll_gajelas', 'banyak_joki_jd', 'buruk_afk_dll', 'buruk_ktmu_musuh', 'dll_gajelas_banyak', 'gajelas_banyak_joki', 'jago_buruk_afk', 'joki_jd_sakarepmu', 'ktmu_musuh_jago', 'matcmaking_buruk_ktmu', 'musuh_jago_buruk']"
"['bagai', 'user', 'layla', 'kecewauntuk', 'skin', 'layla', 'tema', 'nexus', 'sea', 'jangan', 'ubah', 'skin', 'benar', 'suka', 'desain', 'skinnya', 'tolong', 'jangan', 'ubah', 'skin', 'sudah', 'nunggu', 'skin', 'layla', 'baru', 'nyata', 'serius', 'rilissaya', 'sudah', 'nunggu', 'berapa', 'bulan', 'skin', 'layla', 'desain']","['bagai_user_layla', 'baru_nyata_serius', 'benar_suka_desain', 'berapa_bulan_skin', 'bulan_skin_layla', 'desain_skinnya_tolong', 'jangan_ubah_skin', 'kecewauntuk_skin_layla', 'layla_baru_nyata', 'layla_kecewauntuk_skin', 'layla_tema_nexus', 'nexus_sea_jangan', 'nunggu_berapa_bulan', 'nunggu_skin_layla', 'nyata_serius_rilissaya', 'rilissaya_sudah_nunggu', 'sea_jangan_ubah', 'serius_rilissaya_sudah', 'skin_benar_suka', 'skin_layla_baru', 'skin_layla_desain', 'skin_layla_tema', 'skin_sudah_nunggu', 'skinnya_tolong_jangan', 'sudah_nunggu_berapa', 'sudah_nunggu_skin', 'suka_desain_skinnya', 'tema_nexus_sea', 'tolong_jangan_ubah', 'ubah_skin_benar', 'ubah_skin_sudah', 'user_layla_kecewauntuk']"
"['mooton', 'makin', 'makin', 'jelas', 'ngapain', 'turun', 'season', 'segala', 'tolol', 'amat']","['jelas_ngapain_turun', 'makin_jelas_ngapain', 'makin_makin_jelas', 'mooton_makin_makin', 'ngapain_turun_season', 'season_segala_tolol', 'segala_tolol_amat', 'turun_season_segala']"
"['tahu', 'kenapa', 'bisu', 'percakapanmute', 'mulai', 'kena', 'teman', 'bagus', 'mulai', 'asik']","['bagus_mulai_asik', 'bisu_percakapanmute_mulai', 'kena_teman_bagus', 'kenapa_bisu_percakapanmute', 'mulai_kena_teman', 'percakapanmute_mulai_kena', 'tahu_kenapa_bisu', 'teman_bagus_mulai']"
"['darak', 'terlalu', 'banyak']",['darak_terlalu_banyak']
['vinagriil'],[]
"['tambah', 'streas', 'asu', 'senggel', 'mene']","['asu_senggel_mene', 'streas_asu_senggel', 'tambah_streas_asu']"
"['susah', 'naik', 'makin', 'lama', 'makin', 'bosen']","['lama_makin_bosen', 'makin_lama_makin', 'naik_makin_lama', 'susah_naik_makin']"
['bagus'],[]
"['teman', 'ngotak', 'sedikit', 'babi']","['ngotak_sedikit_babi', 'teman_ngotak_sedikit']"
"['babi', 'ngasi', 'gelap', 'baik', 'masa', 'pernah', 'bagus']","['babi_ngasi_gelap', 'baik_masa_pernah', 'gelap_baik_masa', 'masa_pernah_bagus', 'ngasi_gelap_baik']"
"['lostrek', 'kasi', 'punya', 'betumbok']","['kasi_punya_betumbok', 'lostrek_kasi_punya']"
"['rusak', 'ksih', 'pdhl', 'full', 'mitic', 'hdh']","['full_mitic_hdh', 'ksih_pdhl_full', 'pdhl_full_mitic', 'rusak_ksih_pdhl']"
"['luar', 'biasa', 'seru']",['luar_biasa_seru']
"['babi', 'kasi', 'bintang', 'semua', 'hyper', 'bodoh', 'ban', 'akun', 'beberapa', 'biar', 'nyusahin']","['akun_beberapa_biar', 'babi_kasi_bintang', 'ban_akun_beberapa', 'beberapa_biar_nyusahin', 'bintang_semua_hyper', 'bodoh_ban_akun', 'hyper_bodoh_ban', 'kasi_bintang_semua', 'semua_hyper_bodoh']"
"['gokill', 'bagi', 'skin', 'epic', 'gratis', 'makin', 'betah', 'legends']","['bagi_skin_epic', 'epic_gratis_makin', 'gokill_bagi_skin', 'gratis_makin_betah', 'makin_betah_legends', 'skin_epic_gratis']"
"['darksystem', 'banyak', 'imbang', 'masuk', 'akal', 'buruk', 'musuh', 'joki', 'lo', 'laku', 'bos']","['akal_buruk_musuh', 'banyak_imbang_masuk', 'buruk_musuh_joki', 'darksystem_banyak_imbang', 'imbang_masuk_akal', 'joki_lo_laku', 'lo_laku_bos', 'masuk_akal_buruk', 'musuh_joki_lo']"
"['cocok', 'santai', 'santai', 'banyak', 'gelap', 'pantas', 'dimainin', 'online', 'lawan', 'gelap']","['banyak_gelap_pantas', 'cocok_santai_santai', 'dimainin_online_lawan', 'gelap_pantas_dimainin', 'online_lawan_gelap', 'pantas_dimainin_online', 'santai_banyak_gelap', 'santai_santai_banyak']"
"['matching', 'banyak', 'tolol']",['matching_banyak_tolol']
"['adil', 'musuh', 'pro', 'buruk', 'tolong', 'beri', 'adil', 'ton']","['adil_musuh_pro', 'beri_adil_ton', 'buruk_tolong_beri', 'musuh_pro_buruk', 'pro_buruk_tolong', 'tolong_beri_adil']"
"['cheat', 'vip', 'rusak', 'report', 'percuma', 'pengaruh', 'masalah', 'sinyal', 'play', 'bot', 'imbang', 'cuma', 'mikirin', 'cuan', 'kualitas', 'sinyal', 'buruk', 'banyak', 'dalam', 'sebut', 'handle', 'nyaman', 'cuma', 'mikirin', 'grafik', 'menuhi', 'demi', 'cuan', 'banyak', 'korupsi', 'sinyal', 'handle']","['banyak_dalam_sebut', 'banyak_korupsi_sinyal', 'bot_imbang_cuma', 'buruk_banyak_dalam', 'cheat_vip_rusak', 'cuan_banyak_korupsi', 'cuan_kualitas_sinyal', 'cuma_mikirin_cuan', 'cuma_mikirin_grafik', 'dalam_sebut_handle', 'demi_cuan_banyak', 'grafik_menuhi_demi', 'handle_nyaman_cuma', 'imbang_cuma_mikirin', 'korupsi_sinyal_handle', 'kualitas_sinyal_buruk', 'masalah_sinyal_play', 'menuhi_demi_cuan', 'mikirin_cuan_kualitas', 'mikirin_grafik_menuhi', 'nyaman_cuma_mikirin', 'pengaruh_masalah_sinyal', 'percuma_pengaruh_masalah', 'play_bot_imbang', 'report_percuma_pengaruh', 'rusak_report_percuma', 'sebut_handle_nyaman', 'sinyal_buruk_banyak', 'sinyal_play_bot', 'vip_rusak_report']"
"['ui', 'rusak']",[]
"['walau', 'kecewa', 'gema', 'aksi', 'b', 'terlalu', 'banyak', 'joki', 'mula', 'kembang', 'mohon', 'donk', 'd', 'tindak', 'masa', 'mahal', 'atur', 'konsisten', 'serasa', 'murah']","['aksi_terlalu_banyak', 'atur_konsisten_serasa', 'banyak_joki_mula', 'donk_tindak_masa', 'gema_aksi_terlalu', 'joki_mula_kembang', 'kecewa_gema_aksi', 'kembang_mohon_donk', 'konsisten_serasa_murah', 'mahal_atur_konsisten', 'masa_mahal_atur', 'mohon_donk_tindak', 'mula_kembang_mohon', 'terlalu_banyak_joki', 'tindak_masa_mahal', 'walau_kecewa_gema']"
"['makin', 'abdet', 'makin', 'lag', 'sinyal', 'cl', 'selalu', 'sinyal', 'merah', 'sudah', 'wifi', 'internet', 'tetap', 'lag', 'mohon', 'rusak', 'sinyal', 'para', 'enak', 'sinyal', 'lag', 'lain', 'enak']","['abdet_makin_lag', 'cl_selalu_sinyal', 'enak_sinyal_lag', 'internet_tetap_lag', 'lag_lain_enak', 'lag_mohon_rusak', 'lag_sinyal_cl', 'makin_abdet_makin', 'makin_lag_sinyal', 'merah_sudah_wifi', 'mohon_rusak_sinyal', 'para_enak_sinyal', 'rusak_sinyal_para', 'selalu_sinyal_merah', 'sinyal_cl_selalu', 'sinyal_lag_lain', 'sinyal_merah_sudah', 'sinyal_para_enak', 'sudah_wifi_internet', 'tetap_lag_mohon', 'wifi_internet_tetap']"
"['dongo', 'busuk', 'sedikit', 'mitik', 'emng', 'paling', 'benar', 'pindah', 'rada', 'dongo', 'semua']","['benar_pindah_rada', 'busuk_sedikit_mitik', 'dongo_busuk_sedikit', 'emng_paling_benar', 'mitik_emng_paling', 'paling_benar_pindah', 'pindah_rada_dongo', 'rada_dongo_semua', 'sedikit_mitik_emng']"
"['em', 'buruk', 'su', 'asu']","['buruk_su_asu', 'em_buruk_su']"
"['kontol', 'asuu']",[]
"['parah', 'skrang', 'lawan', 'ngak', 'imbang']","['lawan_ngak_imbang', 'parah_skrang_lawan', 'skrang_lawan_ngak']"
"['ketemu', 'satu', 'bocil', 'tolong', 'baik', 'sda', 'niat']","['baik_sda_niat', 'bocil_tolong_baik', 'ketemu_satu_bocil', 'satu_bocil_tolong', 'tolong_baik_sda']"
['kontol'],[]
['tarik'],[]
"['anjg', 'ls', 'bae']",['anjg_ls_bae']
"['buruk', 'jelas', 'kalah']",['buruk_jelas_kalah']
"['lag', 'najiss']",[]
['suka'],[]
"['banyak', 'cheater', 'dalam']",['banyak_cheater_dalam']
"['gila', 'ngotak', 'beri', 'masuk', 'mytikglory', 'setan', 'kau', 'guna']","['beri_masuk_mytikglory', 'gila_ngotak_beri', 'masuk_mytikglory_setan', 'mytikglory_setan_kau', 'ngotak_beri_masuk', 'setan_kau_guna']"
"['bagus', 'matching', 'beri', 'imbang', 'egois', 'bagus', 'sedikit', 'saran', 'bagus', 'beri', 'hukum', 'baned', 'kepada', 'sengaja', 'sadar', 'laku', 'trollfeeder', 'dalam', 'suatu', 'terimakasih', 'moga', 'salam', 'waras', 'sadar']","['bagus_beri_hukum', 'bagus_matching_beri', 'bagus_sedikit_saran', 'baned_kepada_sengaja', 'beri_hukum_baned', 'beri_imbang_egois', 'dalam_suatu_terimakasih', 'egois_bagus_sedikit', 'hukum_baned_kepada', 'imbang_egois_bagus', 'kepada_sengaja_sadar', 'laku_trollfeeder_dalam', 'matching_beri_imbang', 'moga_salam_waras', 'sadar_laku_trollfeeder', 'salam_waras_sadar', 'saran_bagus_beri', 'sedikit_saran_bagus', 'sengaja_sadar_laku', 'suatu_terimakasih_moga', 'terimakasih_moga_salam', 'trollfeeder_dalam_suatu']"
"['lambat', 'masuk', 'lag', 'pusing']","['lambat_masuk_lag', 'masuk_lag_pusing']"
"['banyak', 'nemu', 'musuh', 'guna', 'rw', 'rugi', 'ketemu', 'brengsek']","['banyak_nemu_musuh', 'guna_rw_rugi', 'musuh_guna_rw', 'nemu_musuh_guna', 'rugi_ketemu_brengsek', 'rw_rugi_ketemu']"
"['jelek', 'sekarang', 'lag', 'parah', 'banyak', 'bug', 'patah', 'bahkan', 'chiter', 'jarang', 'ketemu']","['bahkan_chiter_jarang', 'banyak_bug_patah', 'bug_patah_bahkan', 'chiter_jarang_ketemu', 'jelek_sekarang_lag', 'lag_parah_banyak', 'parah_banyak_bug', 'patah_bahkan_chiter', 'sekarang_lag_parah']"
"['sampah', 'adil', 'isi', 'anomali']","['adil_isi_anomali', 'sampah_adil_isi']"
['tres'],[]
"['makin', 'berat', 'semenjak', 'update', 'size', 'makin', 'besar', 'berat', 'bagi', 'device', 'ram', 'demi', 'nyaman', 'kecil', 'size', 'admin']","['bagi_device_ram', 'berat_bagi_device', 'berat_semenjak_update', 'besar_berat_bagi', 'demi_nyaman_kecil', 'device_ram_demi', 'kecil_size_admin', 'makin_berat_semenjak', 'makin_besar_berat', 'nyaman_kecil_size', 'ram_demi_nyaman', 'semenjak_update_size', 'size_makin_besar', 'update_size_makin']"
['kikir'],[]
"['entah', 'bingung', 'mungkin']",['entah_bingung_mungkin']
"['we', 'ban', 'para', 'gelap', 'sistemtim', 'tolol', 'santt', 'ajg']","['ban_para_gelap', 'gelap_sistemtim_tolol', 'para_gelap_sistemtim', 'sistemtim_tolol_santt', 'tolol_santt_ajg', 'we_ban_para']"
"['apalh', 'masa', 'iya', 'ketemu', 'epic', 'mytic', 'kocak', 'puki', 'mending', 'kalah', 'mvp', 'bintang', 'tetap', 'naik', 'uninstall', 'ajalh', 'guna', 'mutu', 'mending', 'gaess']","['ajalh_guna_mutu', 'apalh_masa_iya', 'bintang_tetap_naik', 'epic_mytic_kocak', 'guna_mutu_mending', 'iya_ketemu_epic', 'kalah_mvp_bintang', 'ketemu_epic_mytic', 'kocak_puki_mending', 'masa_iya_ketemu', 'mending_kalah_mvp', 'mutu_mending_gaess', 'mvp_bintang_tetap', 'mytic_kocak_puki', 'naik_uninstall_ajalh', 'puki_mending_kalah', 'tetap_naik_uninstall', 'uninstall_ajalh_guna']"
"['bug', 'pepek']",[]
"['bagi', 'banding', 'jelek', 'oleng', 'sakit', 'kepala']","['bagi_banding_jelek', 'banding_jelek_oleng', 'jelek_oleng_sakit', 'oleng_sakit_kepala']"
"['bagus', 'slalu', 'dpat', 'bapuk']","['bagus_slalu_dpat', 'slalu_dpat_bapuk']"
"['gamee', 'idiot']",[]
"['rusak', 'ketemu', 'stres', 'percuma', 'pilih', 'ujung', 'guna', 'tetap', 'egois']","['guna_tetap_egois', 'ketemu_stres_percuma', 'percuma_pilih_ujung', 'pilih_ujung_guna', 'rusak_ketemu_stres', 'stres_percuma_pilih', 'ujung_guna_tetap']"
"['kagak', 'imbang', 'beri', 'lawan', 'stabil', 'jangan', 'beri', 'susah', 'banget', 'sengaja', 'biar', 'aing', 'ngambil', 'hak', 'lain', 'sayang', 'ginian', 'ngejar', 'bintang', 'untung', 'sat', 'aing', 'hibur', 'bukan', 'nambah', 'stres', 'sat', 'mo', 'bales', 'enggak', 'bodo', 'amat']","['aing_hibur_bukan', 'aing_ngambil_hak', 'bales_enggak_bodo', 'banget_sengaja_biar', 'beri_lawan_stabil', 'beri_susah_banget', 'biar_aing_ngambil', 'bintang_untung_sat', 'bukan_nambah_stres', 'enggak_bodo_amat', 'ginian_ngejar_bintang', 'hak_lain_sayang', 'hibur_bukan_nambah', 'imbang_beri_lawan', 'jangan_beri_susah', 'kagak_imbang_beri', 'lain_sayang_ginian', 'lawan_stabil_jangan', 'mo_bales_enggak', 'nambah_stres_sat', 'ngambil_hak_lain', 'ngejar_bintang_untung', 'sat_aing_hibur', 'sat_mo_bales', 'sayang_ginian_ngejar', 'sengaja_biar_aing', 'stabil_jangan_beri', 'stres_sat_mo', 'susah_banget_sengaja', 'untung_sat_aing']"
"['masuk', 'akal', 'buruk', 'lawan', 'nyaa', 'banding', 'ranket', 'ketemu', 'banding']","['akal_buruk_lawan', 'banding_ranket_ketemu', 'buruk_lawan_nyaa', 'lawan_nyaa_banding', 'masuk_akal_buruk', 'nyaa_banding_ranket', 'ranket_ketemu_banding']"
"['minimal', 'beri', 'jelas', 'yaa', 'sudah', 'muak', 'banget', 'demi', 'sudah']","['banget_demi_sudah', 'beri_jelas_yaa', 'jelas_yaa_sudah', 'minimal_beri_jelas', 'muak_banget_demi', 'sudah_muak_banget', 'yaa_sudah_muak']"
"['terlalu', 'lebih', 'beri', 'lawan', 'keras', 'susah', 'tolong', 'imbang', 'susah', 'menang', 'kalah', 'lebih']","['beri_lawan_keras', 'imbang_susah_menang', 'keras_susah_tolong', 'lawan_keras_susah', 'lebih_beri_lawan', 'menang_kalah_lebih', 'susah_menang_kalah', 'susah_tolong_imbang', 'terlalu_lebih_beri', 'tolong_imbang_susah']"
"['makin', 'banyak', 'update', 'ingame', 'makin', 'sampah']","['banyak_update_ingame', 'ingame_makin_sampah', 'makin_banyak_update', 'update_ingame_makin']"
"['benar', 'buka', 'hepi', 'pusing', 'sampai', 'sekarang', 'bintang', 'naik', 'naik', 'turun', 'rela', 'ngerusak', 'tidur', 'demi', 'buah', 'bintang', 'lose', 'treak', 'pikir', 'ton', 'tres', 'sekarang', 'bales', 'pesan', 'gau']","['bales_pesan_gau', 'benar_buka_hepi', 'bintang_lose_treak', 'bintang_naik_naik', 'buah_bintang_lose', 'buka_hepi_pusing', 'demi_buah_bintang', 'hepi_pusing_sampai', 'lose_treak_pikir', 'naik_naik_turun', 'naik_turun_rela', 'ngerusak_tidur_demi', 'pikir_ton_tres', 'pusing_sampai_sekarang', 'rela_ngerusak_tidur', 'sampai_sekarang_bintang', 'sekarang_bales_pesan', 'sekarang_bintang_naik', 'tidur_demi_buah', 'ton_tres_sekarang', 'treak_pikir_ton', 'tres_sekarang_bales', 'turun_rela_ngerusak']"
['kontot'],[]
['butut'],[]
"['naik', 'mytic', 'susah', 'gimana', 'dpet', 'feeder']","['gimana_dpet_feeder', 'mytic_susah_gimana', 'naik_mytic_susah', 'susah_gimana_dpet']"
"['prik', 'amat', 'bukan', 'happy', 'makin', 'stres', 'patah', 'patah', 'ping', 'bagus', 'bujank', 'darah', 'tinggi', 'cocok', 'kntl']","['amat_bukan_happy', 'bagus_bujank_darah', 'bujank_darah_tinggi', 'bukan_happy_makin', 'darah_tinggi_cocok', 'happy_makin_stres', 'makin_stres_patah', 'patah_patah_ping', 'patah_ping_bagus', 'ping_bagus_bujank', 'prik_amat_bukan', 'stres_patah_patah', 'tinggi_cocok_kntl']"
['taeh'],[]
"['makin', 'rusak']",[]
"['sampah', 'babi', 'darah', 'tinggi', 'cuih']","['babi_darah_tinggi', 'darah_tinggi_cuih', 'sampah_babi_darah']"
"['jangan', 'dowload', 'jelas', 'cok', 'sesat', 'pindah', 'pubg']","['cok_sesat_pindah', 'dowload_jelas_cok', 'jangan_dowload_jelas', 'jelas_cok_sesat', 'sesat_pindah_pubg']"
"['kunyuk', 'gelap', 'mlu']",['kunyuk_gelap_mlu']
"['makin', 'lama', 'makin', 'rusak', 'server', 'busuk']","['lama_makin_rusak', 'makin_lama_makin', 'makin_rusak_server', 'rusak_server_busuk']"
"['knp', 'celasik', 'sinyal', 'jelek', 'pin', 'ijo', 'bukan', 'merah', 'mohon', 'rusak', 'minimal', 'rugi']","['bukan_merah_mohon', 'celasik_sinyal_jelek', 'ijo_bukan_merah', 'jelek_pin_ijo', 'knp_celasik_sinyal', 'merah_mohon_rusak', 'mohon_rusak_minimal', 'pin_ijo_bukan', 'rusak_minimal_rugi', 'sinyal_jelek_pin']"
"['sinyal', 'busuk', 'cape', 'cape', 'naikin', 'level', 'sinyal', 'buruk', 'buruk', 'sampah', 'asu', 'dasar', 'miskin']","['asu_dasar_miskin', 'buruk_buruk_sampah', 'buruk_sampah_asu', 'busuk_cape_cape', 'cape_cape_naikin', 'cape_naikin_level', 'level_sinyal_buruk', 'naikin_level_sinyal', 'sampah_asu_dasar', 'sinyal_buruk_buruk', 'sinyal_busuk_cape']"
"['anjingg', 'bangsdd', 'gajelas', 'ngent']","['anjingg_bangsdd_gajelas', 'bangsdd_gajelas_ngent']"
"['lama', 'afk', 'bentar', 'selesai', 'hitung', 'afk', 'ah', 'benrin', 'benar', 'banget']","['afk_ah_benrin', 'afk_bentar_selesai', 'ah_benrin_benar', 'benrin_benar_banget', 'bentar_selesai_hitung', 'hitung_afk_ah', 'lama_afk_bentar', 'selesai_hitung_afk']"
"['like', 'bintang', 'kasi', 'mqin', 'musuh', 'mudah']","['bintang_kasi_mqin', 'kasi_mqin_musuh', 'like_bintang_kasi', 'mqin_musuh_mudah']"
"['tolong', 'legends', 'malas', 'sekarang', 'pasti', 'lag', 'pakek', 'wifi', 'tetap', 'lag', 'bug']","['lag_pakek_wifi', 'legends_malas_sekarang', 'malas_sekarang_pasti', 'pakek_wifi_tetap', 'pasti_lag_pakek', 'sekarang_pasti_lag', 'tetap_lag_bug', 'tolong_legends_malas', 'wifi_tetap_lag']"
"['sinyal', 'jelek', 'mati', 'masuk', 'bass']","['jelek_mati_masuk', 'mati_masuk_bass', 'sinyal_jelek_mati']"
"['ping', 'merah', 'frame', 'drop', 'lag', 'pernah', 'tingkat', 'dengar', 'keluh']","['drop_lag_pernah', 'frame_drop_lag', 'lag_pernah_tingkat', 'merah_frame_drop', 'pernah_tingkat_dengar', 'ping_merah_frame', 'tingkat_dengar_keluh']"
['just'],[]
"['kurang', 'bagus', 'banyak', 'gelap']","['bagus_banyak_gelap', 'kurang_bagus_banyak']"
"['wahai', 'tolong', 'klok', 'niat', 'beri', 'naek', 'lejen', 'mending', 'ben', 'ajy', 'tres', 'cok', 'anjy']","['ajy_tres_cok', 'ben_ajy_tres', 'beri_naek_lejen', 'klok_niat_beri', 'lejen_mending_ben', 'mending_ben_ajy', 'naek_lejen_mending', 'niat_beri_naek', 'tolong_klok_niat', 'tres_cok_anjy', 'wahai_tolong_klok']"
['mantapp'],[]
['sampah'],[]
"['satu', 'menang', 'tiga', 'kalah', 'enggk', 'gitu', 'minimal', 'darksystembocil', 'mati', 'mulai', 'season', 'kemarin', 'mytic', 'gabisa']","['darksystembocil_mati_mulai', 'enggk_gitu_minimal', 'gitu_minimal_darksystembocil', 'kalah_enggk_gitu', 'kemarin_mytic_gabisa', 'mati_mulai_season', 'menang_tiga_kalah', 'minimal_darksystembocil_mati', 'mulai_season_kemarin', 'satu_menang_tiga', 'season_kemarin_mytic', 'tiga_kalah_enggk']"
"['thing', 'best']",[]
"['salah', 'bg', 'lose', 'ampe', 'gelap', 'epic']","['ampe_gelap_epic', 'bg_lose_ampe', 'lose_ampe_gelap', 'salah_bg_lose']"
"['beuh', 'seru', 'bro']",['beuh_seru_bro']
"['aplikasi', 'gelap', 'makin', 'kembang', 'bukan', 'makin', 'keren', 'makin', 'buruk', 'bubar', 'mnding', 'hps', 'plikasi', 'emosi']","['aplikasi_gelap_makin', 'bubar_mnding_hps', 'bukan_makin_keren', 'buruk_bubar_mnding', 'gelap_makin_kembang', 'hps_plikasi_emosi', 'kembang_bukan_makin', 'keren_makin_buruk', 'makin_buruk_bubar', 'makin_kembang_bukan', 'makin_keren_makin', 'mnding_hps_plikasi']"
"['sampah', 'random', 'noob', 'guna', 'kill', 'banyak', 'selalu', 'kalah', 'uang', 'habis', 'skin', 'obrol', 'mute', 'melulu', 'sampah']","['banyak_selalu_kalah', 'guna_kill_banyak', 'habis_skin_obrol', 'kalah_uang_habis', 'kill_banyak_selalu', 'mute_melulu_sampah', 'noob_guna_kill', 'obrol_mute_melulu', 'random_noob_guna', 'sampah_random_noob', 'selalu_kalah_uang', 'skin_obrol_mute', 'uang_habis_skin']"
"['ls', 'anj']",[]
"['tolong', 'rusak', 'baru', 'kalah', 'begini', 'banyak', 'pindah']","['baru_kalah_begini', 'begini_banyak_pindah', 'kalah_begini_banyak', 'rusak_baru_kalah', 'tolong_rusak_baru']"
"['ksih', 'lh', 'turun', 'kpn', 'mnang']","['ksih_lh_turun', 'lh_turun_kpn', 'turun_kpn_mnang']"
"['tolong', 'fix', 'bug', 'draft', 'lag', 'banget']","['bug_draft_lag', 'draft_lag_banget', 'fix_bug_draft', 'tolong_fix_bug']"
"['bagi', 'mula', 'belum', 'candu', 'jangan', 'slot', 'menang', 'kalah', 'sampai', 'rungkat', 'ketemu', 'dll']","['bagi_mula_belum', 'belum_candu_jangan', 'candu_jangan_slot', 'jangan_slot_menang', 'kalah_sampai_rungkat', 'menang_kalah_sampai', 'mula_belum_candu', 'rungkat_ketemu_dll', 'sampai_rungkat_ketemu', 'slot_menang_kalah']"
"['detik', 'hancur', 'aamiin', 'sdh', 'mulai', 'kurang', 'playersnya', 'salah', 'satu', 'kawan', 'sdh', 'mls', 'bodoh', 'sampah', 'adil', 'bagi', 'teamnya']","['aamiin_sdh_mulai', 'adil_bagi_teamnya', 'bodoh_sampah_adil', 'detik_hancur_aamiin', 'hancur_aamiin_sdh', 'kawan_sdh_mls', 'kurang_playersnya_salah', 'mls_bodoh_sampah', 'mulai_kurang_playersnya', 'playersnya_salah_satu', 'salah_satu_kawan', 'sampah_adil_bagi', 'satu_kawan_sdh', 'sdh_mls_bodoh', 'sdh_mulai_kurang']"
"['paling', 'jelek']",[]
"['buruk', 'lawan', 'tu', 'padan', 'buruk', 'masa', 'kontribusi', 'apaa']","['buruk_lawan_tu', 'buruk_masa_kontribusi', 'lawan_tu_padan', 'masa_kontribusi_apaa', 'padan_buruk_masa', 'tu_padan_buruk']"
"['tolol', 'sudah', 'brpa', 'kalah', 'menang', 'kalah', 'sampek', 'gilak', 'gx', 'ad', 'otak', 'besok', 'baik', 'lg', 'jangan', 'gitu', 'nyengsarain']","['ad_otak_besok', 'baik_lg_jangan', 'besok_baik_lg', 'brpa_kalah_menang', 'gilak_gx_ad', 'gx_ad_otak', 'jangan_gitu_nyengsarain', 'kalah_menang_kalah', 'kalah_sampek_gilak', 'lg_jangan_gitu', 'menang_kalah_sampek', 'otak_besok_baik', 'sampek_gilak_gx', 'sudah_brpa_kalah', 'tolol_sudah_brpa']"
"['bintang', 'pilih', 'kurang', 'tegas', 'hadap', 'niat', 'ngefeed', 'dalam']","['bintang_pilih_kurang', 'hadap_niat_ngefeed', 'kurang_tegas_hadap', 'niat_ngefeed_dalam', 'pilih_kurang_tegas', 'tegas_hadap_niat']"
['kontol'],[]
"['stres', 'menang', 'kalah', 'sampai', 'imbang', 'adil', 'beda', 'bagus', 'sekarang', 'anj']","['adil_beda_bagus', 'bagus_sekarang_anj', 'beda_bagus_sekarang', 'imbang_adil_beda', 'kalah_sampai_imbang', 'menang_kalah_sampai', 'sampai_imbang_adil', 'stres_menang_kalah']"
"['makin', 'makin', 'ruksak', 'masalah', 'lobby', 'hijau', 'drapick', 'hijau', 'masuk', 'freeze', 'putus', 'ampun', 'parah', 'benar', 'makin', 'ponsel', 'luas', 'alhasil', 'apk', 'nyaman', 'muak', 'gitu']","['alhasil_apk_nyaman', 'ampun_parah_benar', 'apk_nyaman_muak', 'benar_makin_ponsel', 'drapick_hijau_masuk', 'freeze_putus_ampun', 'hijau_drapick_hijau', 'hijau_masuk_freeze', 'lobby_hijau_drapick', 'luas_alhasil_apk', 'makin_makin_ruksak', 'makin_ponsel_luas', 'makin_ruksak_masalah', 'masalah_lobby_hijau', 'masuk_freeze_putus', 'nyaman_muak_gitu', 'parah_benar_makin', 'ponsel_luas_alhasil', 'putus_ampun_parah', 'ruksak_masalah_lobby']"
"['jelas', 'banyak', 'bot']",['jelas_banyak_bot']
['kontol'],[]
"['knpa', 'skrng', 'jringn', 'bgus', 'lag', 'jringan', 'ijo', 'klau', 'merah', 'slh', 'mh', 'hijo', 'jringn', 'merah']","['bgus_lag_jringan', 'hijo_jringn_merah', 'ijo_klau_merah', 'jringan_ijo_klau', 'jringn_bgus_lag', 'klau_merah_slh', 'knpa_skrng_jringn', 'lag_jringan_ijo', 'merah_slh_mh', 'mh_hijo_jringn', 'skrng_jringn_bgus', 'slh_mh_hijo']"
"['tanding', 'atur', 'biar', 'naikini', 'paling', 'jengkel']","['atur_biar_naikini', 'biar_naikini_paling', 'naikini_paling_jengkel', 'tanding_atur_biar']"
"['pernah', 'adil', 'dalam', 'tanding', 'gajelas', 'dalam', 'rankednya', 'lawan', 'tier', 'ranknya']","['adil_dalam_tanding', 'dalam_rankednya_lawan', 'dalam_tanding_gajelas', 'gajelas_dalam_rankednya', 'lawan_tier_ranknya', 'pernah_adil_dalam', 'rankednya_lawan_tier', 'tanding_gajelas_dalam']"
"['kecewa', 'masa', 'musuh', 'jago', 'sendiri', 'lolot', 'lag', 'parah']","['jago_sendiri_lolot', 'kecewa_masa_musuh', 'lolot_lag_parah', 'masa_musuh_jago', 'musuh_jago_sendiri', 'sendiri_lolot_lag']"
"['cape', 'ketemu', 'poke', 'musuh', 'jago', 'jangan', 'gamau', 'stres']","['cape_ketemu_poke', 'jago_jangan_gamau', 'jangan_gamau_stres', 'ketemu_poke_musuh', 'musuh_jago_jangan', 'poke_musuh_jago']"
"['sampah', 'gelap', 'pisah', 'partian', 'anj', 'busuk']","['gelap_pisah_partian', 'partian_anj_busuk', 'pisah_partian_anj', 'sampah_gelap_pisah']"
"['yangg', 'bot', 'musuh', 'jagoo', 'gakk', 'suu']","['bot_musuh_jagoo', 'jagoo_gakk_suu', 'musuh_jagoo_gakk', 'yangg_bot_musuh']"
"['sinya', 'penuh', 'ngeleh', 'tolol', 'tolol', 'asu']","['ngeleh_tolol_tolol', 'penuh_ngeleh_tolol', 'sinya_penuh_ngeleh', 'tolol_tolol_asu']"
"['jelek', 'ls', 'buruk']",['jelek_ls_buruk']
"['babi', 'stak', 'epik', 'babi', 'klonnga', 'musuh', 'full', 'mitik', 'begok']","['babi_klonnga_musuh', 'babi_stak_epik', 'epik_babi_klonnga', 'full_mitik_begok', 'klonnga_musuh_full', 'musuh_full_mitik', 'stak_epik_babi']"
"['punya', 'hati', 'jelas', 'menang', 'kalah', 'ngilangin', 'stres']","['hati_jelas_menang', 'jelas_menang_kalah', 'kalah_ngilangin_stres', 'menang_kalah_ngilangin', 'punya_hati_jelas']"
"['lawan', 'menang', 'kalah', 'apapa', 'masalah']","['kalah_apapa_masalah', 'lawan_menang_kalah', 'menang_kalah_apapa']"
"['buruk', 'merah', 'pdhl', 'nonton', 'yt', 'roblox', 'lancar', 'jaya', 'buruk', 'ubah']","['buruk_merah_pdhl', 'jaya_buruk_ubah', 'lancar_jaya_buruk', 'merah_pdhl_nonton', 'nonton_yt_roblox', 'pdhl_nonton_yt', 'roblox_lancar_jaya', 'yt_roblox_lancar']"
"['porno', 'rusak', 'mental', 'pikir']","['porno_rusak_mental', 'rusak_mental_pikir']"
"['kagak', 'adil', 'kontol', 'asu']","['adil_kontol_asu', 'kagak_adil_kontol']"
"['gamek', 'ontol', 'lag', 'ngentod']","['gamek_ontol_lag', 'ontol_lag_ngentod']"
"['woy', 'musnah']",[]
"['tahu', 'jika', 'tagih', 'sportif', 'curang', 'curang', 'beri', 'teman', 'komputer', 'sendiri', 'nickname', 'hampir', 'biasa', 'angkanyakalau', 'laku', 'curang', 'tagih', 'salah', 'justru', 'hapus']","['angkanyakalau_laku_curang', 'beri_teman_komputer', 'biasa_angkanyakalau_laku', 'curang_beri_teman', 'curang_curang_beri', 'curang_tagih_salah', 'hampir_biasa_angkanyakalau', 'jika_tagih_sportif', 'komputer_sendiri_nickname', 'laku_curang_tagih', 'nickname_hampir_biasa', 'salah_justru_hapus', 'sendiri_nickname_hampir', 'sportif_curang_curang', 'tagih_salah_justru', 'tagih_sportif_curang', 'tahu_jika_tagih', 'teman_komputer_sendiri']"
"['kontol', 'anjing']",[]
['mantap'],[]
"['kasi', 'baik', 'muntun', 'jgan', 'kasi', 'gelap', 'lahh']","['baik_muntun_jgan', 'jgan_kasi_gelap', 'kasi_baik_muntun', 'kasi_gelap_lahh', 'muntun_jgan_kasi']"
"['bane', 'mohon', 'sesuikan']",['bane_mohon_sesuikan']
"['hehh', 'bagus', 'capek', 'bintang', 'bagus', 'kau', 'bagus', 'kau', 'bintang']","['bagus_capek_bintang', 'bagus_kau_bagus', 'bagus_kau_bintang', 'bintang_bagus_kau', 'capek_bintang_bagus', 'hehh_bagus_capek', 'kau_bagus_kau']"
"['masalah', 'imbang', 'total', 'tanding', 'k', 'ketemu', 'sampai', 'kocak', 'rusak']","['imbang_total_tanding', 'ketemu_sampai_kocak', 'masalah_imbang_total', 'sampai_kocak_rusak', 'tanding_ketemu_sampai', 'total_tanding_ketemu']"
"['yey', 'ws', 'smaa', 'mimin', 'syg', 'mimin']","['mimin_syg_mimin', 'smaa_mimin_syg', 'ws_smaa_mimin', 'yey_ws_smaa']"
"['akun', 'kena', 'ban']",['akun_kena_ban']
"['bagus', 'tolong', 'baik', 'machmaking', 'sampah', 'mythic', 'masa', 'ketemu', 'sedang', 'pihak', 'lawan', 'mythic', 'tolong', 'baik', 'machmaking', 'adil']","['bagus_tolong_baik', 'baik_machmaking_adil', 'baik_machmaking_sampah', 'ketemu_sedang_pihak', 'lawan_mythic_tolong', 'machmaking_sampah_mythic', 'masa_ketemu_sedang', 'mythic_masa_ketemu', 'mythic_tolong_baik', 'pihak_lawan_mythic', 'sampah_mythic_masa', 'sedang_pihak_lawan', 'tolong_baik_machmaking']"
"['seru', 'santai']",[]
"['bodoh', 'rusak', 'tolo', 'tolo']","['bodoh_rusak_tolo', 'rusak_tolo_tolo']"
['busuk'],[]
"['culas', 'busuk', 'wajar', 'ketemu', 'musuh', 'buruk', 'gerak', 'mati', 'langsung', 'lancar']","['buruk_gerak_mati', 'busuk_wajar_ketemu', 'culas_busuk_wajar', 'gerak_mati_langsung', 'ketemu_musuh_buruk', 'mati_langsung_lancar', 'musuh_buruk_gerak', 'wajar_ketemu_musuh']"
"['akun', 'hubung', 'sudah', 'beberapa', 'coba', 'tetap', 'hubung', 'tolong', 'arah']","['akun_hubung_sudah', 'beberapa_coba_tetap', 'coba_tetap_hubung', 'hubung_sudah_beberapa', 'hubung_tolong_arah', 'sudah_beberapa_coba', 'tetap_hubung_tolong']"
"['wah', 'gmnya', 'bagus', 'gerafiknya', 'bagus', 'derak', 'bananyak', 'coba', 'banyak', 'darak', 'jamin', 'alam', 'seta', 'seson']","['alam_seta_seson', 'bagus_derak_bananyak', 'bagus_gerafiknya_bagus', 'bananyak_coba_banyak', 'banyak_darak_jamin', 'coba_banyak_darak', 'darak_jamin_alam', 'derak_bananyak_coba', 'gerafiknya_bagus_derak', 'gmnya_bagus_gerafiknya', 'jamin_alam_seta', 'wah_gmnya_bagus']"
['oke'],[]
['lacur'],[]
"['ko', 'makin', 'ngeselin', 'yaa', 'lag', 'parah', 'merah', 'gerak', 'tar', 'jalan', 'sndiri', 'bunuh', 'ngeselin', 'banget', 'asli', 'buka', 'yt', 'kualitas', 'hd', 'ttp', 'jalan']","['asli_buka_yt', 'banget_asli_buka', 'buka_yt_kualitas', 'bunuh_ngeselin_banget', 'gerak_tar_jalan', 'hd_ttp_jalan', 'jalan_sndiri_bunuh', 'ko_makin_ngeselin', 'kualitas_hd_ttp', 'lag_parah_merah', 'makin_ngeselin_yaa', 'merah_gerak_tar', 'ngeselin_banget_asli', 'ngeselin_yaa_lag', 'parah_merah_gerak', 'sndiri_bunuh_ngeselin', 'tar_jalan_sndiri', 'yaa_lag_parah', 'yt_kualitas_hd']"
"['musuh', 'imbang', 'adil', 'seru']","['imbang_adil_seru', 'musuh_imbang_adil']"
"['selesai', 'draf', 'selalu', 'lag', 'parah', 'bagus']","['draf_selalu_lag', 'lag_parah_bagus', 'selalu_lag_parah', 'selesai_draf_selalu']"
"['bagus', 'suka', 'role', 'guna', 'role', 'role', 'dapt']","['bagus_suka_role', 'guna_role_role', 'role_guna_role', 'role_role_dapt', 'suka_role_guna']"
"['sinyal', 'bagus', 'support', 'ngk', 'gerak']","['bagus_support_ngk', 'sinyal_bagus_support', 'support_ngk_gerak']"
"['fedder', 'ngk', 'imbang']",['fedder_ngk_imbang']
"['buruk', 'benar', 'masa', 'musuh', 'sulit', 'keras', 'trol', 'feeder', 'mana', 'suka', 'lag', 'tibatiba', 'makin', 'makin', 'parah']","['benar_masa_musuh', 'buruk_benar_masa', 'feeder_mana_suka', 'keras_trol_feeder', 'lag_tibatiba_makin', 'makin_makin_parah', 'mana_suka_lag', 'masa_musuh_sulit', 'musuh_sulit_keras', 'suka_lag_tibatiba', 'sulit_keras_trol', 'tibatiba_makin_makin', 'trol_feeder_mana']"
"['anjing', 'cape', 'cape', 'naekin', 'ketemu', 'epic', 'muluu']","['anjing_cape_cape', 'cape_cape_naekin', 'cape_naekin_ketemu', 'ketemu_epic_muluu', 'naekin_ketemu_epic']"
"['hei', 'beri', 'jangan', 'duo', 'trio', 'tolol', 'duotrio', 'tolol']","['beri_jangan_duo', 'duo_trio_tolol', 'hei_beri_jangan', 'jangan_duo_trio', 'tolol_duotrio_tolol', 'trio_tolol_duotrio']"
"['sinyal', 'full', 'hijau', 'aneh', 'lag', 'parah', 'sampai', 'kira', 'afk', 'benar', 'benar', 'rugi']","['afk_benar_benar', 'aneh_lag_parah', 'benar_benar_rugi', 'full_hijau_aneh', 'hijau_aneh_lag', 'kira_afk_benar', 'lag_parah_sampai', 'parah_sampai_kira', 'sampai_kira_afk', 'sinyal_full_hijau']"
"['lag', 'ngentod']",[]
"['matching', 'gajelas']",[]
"['biasa', 'gelap', 'pasti', 'jumping', 'sinyal', 'oke']","['biasa_gelap_pasti', 'gelap_pasti_jumping', 'jumping_sinyal_oke', 'pasti_jumping_sinyal']"
['kontoll'],[]
"['baik', 'noh', 'bug']",['baik_noh_bug']
"['bug', 'coba', 'report', 'masalah', 'atas', 'balas', 'report']","['atas_balas_report', 'bug_coba_report', 'coba_report_masalah', 'masalah_atas_balas', 'report_masalah_atas']"
"['kasi', 'musuh', 'sm', 'musuh', 'jago', 'gabisa']","['kasi_musuh_sm', 'musuh_jago_gabisa', 'musuh_sm_musuh', 'sm_musuh_jago']"
"['ngilangin', 'stres', 'ehh', 'tambah', 'stres', 'gaush', 'gila', 'ntr']","['ehh_tambah_stres', 'gaush_gila_ntr', 'ngilangin_stres_ehh', 'stres_ehh_tambah', 'stres_gaush_gila', 'tambah_stres_gaush']"
['buruk'],[]
"['ganti', 'akun', 'cuma', 'arah', 'pusat', 'akun', 'ikut', 'arah', 'customer', 'servis', 'emosi', 'kadang', 'kode', 'verifikasi', 'salah', 'ganti', 'akun', 'email', 'google', 'sudah', 'benar', 'masukin']","['akun_cuma_arah', 'akun_email_google', 'akun_ikut_arah', 'arah_customer_servis', 'arah_pusat_akun', 'cuma_arah_pusat', 'customer_servis_emosi', 'email_google_sudah', 'emosi_kadang_kode', 'ganti_akun_cuma', 'ganti_akun_email', 'google_sudah_benar', 'ikut_arah_customer', 'kadang_kode_verifikasi', 'kode_verifikasi_salah', 'pusat_akun_ikut', 'salah_ganti_akun', 'servis_emosi_kadang', 'sudah_benar_masukin', 'verifikasi_salah_ganti']"
"['kenapa', 'suara', 'hiro', 'dalam', 'ngak', 'hilang']","['dalam_ngak_hilang', 'hiro_dalam_ngak', 'kenapa_suara_hiro', 'suara_hiro_dalam']"
"['mikir', 'susah', 'komunikasi', 'gelap', 'aneh']","['komunikasi_gelap_aneh', 'mikir_susah_komunikasi', 'susah_komunikasi_gelap']"
['good'],[]
"['kenapa', 'sekarang', 'selesai', 'yapping', 'bujang', 'bungkam', 'timkukuat']","['bujang_bungkam_timkukuat', 'kenapa_sekarang_selesai', 'sekarang_selesai_yapping', 'selesai_yapping_bujang', 'yapping_bujang_bungkam']"
"['yatempiyatu', 'asu', 'ngekei', 'goblog', 'kabeh', 'meh', 'munggah', 'mitik', 'e', 'angel', 'e', 'asu', 'jembot']","['angel_asu_jembot', 'asu_ngekei_goblog', 'goblog_kabeh_meh', 'kabeh_meh_munggah', 'meh_munggah_mitik', 'mitik_angel_asu', 'munggah_mitik_angel', 'ngekei_goblog_kabeh', 'yatempiyatu_asu_ngekei']"
"['jelas', 'makin', 'lama', 'makin', 'hilang', 'sampah']","['jelas_makin_lama', 'lama_makin_hilang', 'makin_hilang_sampah', 'makin_lama_makin']"
"['sudah', 'session', 'makin', 'njng', 'moontonnya', 'menang', 'lanjut', 'jangan', 'harap', 'menang', 'darksystemnya', 'ngotak', 'developer', 'selalu', 'binatang', 'buruk', 'su', 'sampai', 'kapan', 'imbang', 'dalam']","['binatang_buruk_su', 'buruk_su_sampai', 'darksystemnya_ngotak_developer', 'developer_selalu_binatang', 'harap_menang_darksystemnya', 'jangan_harap_menang', 'kapan_imbang_dalam', 'lanjut_jangan_harap', 'makin_njng_moontonnya', 'menang_darksystemnya_ngotak', 'menang_lanjut_jangan', 'moontonnya_menang_lanjut', 'ngotak_developer_selalu', 'njng_moontonnya_menang', 'sampai_kapan_imbang', 'selalu_binatang_buruk', 'session_makin_njng', 'su_sampai_kapan', 'sudah_session_makin']"
['lawak'],[]
"['lot', 'baru', 'rang', 'kredit', 'skor', 'babi', 'kau', 'gelap', 'parah']","['babi_kau_gelap', 'baru_rang_kredit', 'kau_gelap_parah', 'kredit_skor_babi', 'lot_baru_rang', 'rang_kredit_skor', 'skor_babi_kau']"
"['menang', 'kalah', 'sampai', 'lima']","['kalah_sampai_lima', 'menang_kalah_sampai']"
"['peerbaiki', 'sinyal', 'jngan', 'banyak', 'event']","['jngan_banyak_event', 'peerbaiki_sinyal_jngan', 'sinyal_jngan_banyak']"
"['seru', 'tantang', 'sukapake', 'lancelot']","['seru_tantang_sukapake', 'tantang_sukapake_lancelot']"
['normal'],[]
"['makin', 'server', 'lag', 'anj']","['makin_server_lag', 'server_lag_anj']"
"['kenapa', 'kalahh', 'teruss', 'ton', 'capemonton', 'kasi', 'apaa', 'kenapa', 'susang', 'benget', 'keluar', 'legendsmonton', 'gamau', 'lose', 'cape']","['apaa_kenapa_susang', 'benget_keluar_legendsmonton', 'capemonton_kasi_apaa', 'gamau_lose_cape', 'kalahh_teruss_ton', 'kasi_apaa_kenapa', 'keluar_legendsmonton_gamau', 'kenapa_kalahh_teruss', 'kenapa_susang_benget', 'legendsmonton_gamau_lose', 'susang_benget_keluar', 'teruss_ton_capemonton', 'ton_capemonton_kasi']"
"['lag', 'ping', 'merah', 'busuk']","['lag_ping_merah', 'ping_merah_busuk']"
"['manajemen', 'milih', 'seluruh', 'cuma', 'indonesia', 'internetnya', 'lambat', 'paksa', 'semua', 'kentang', 'lag', 'brutal', 'pilih', 'mana', 'momen', 'penting', 'tentu', 'menang', 'buah']","['brutal_pilih_mana', 'cuma_indonesia_internetnya', 'indonesia_internetnya_lambat', 'internetnya_lambat_paksa', 'kentang_lag_brutal', 'lag_brutal_pilih', 'lambat_paksa_semua', 'mana_momen_penting', 'manajemen_milih_seluruh', 'milih_seluruh_cuma', 'momen_penting_tentu', 'paksa_semua_kentang', 'penting_tentu_menang', 'pilih_mana_momen', 'seluruh_cuma_indonesia', 'semua_kentang_lag', 'tentu_menang_buah']"
"['pokimai', 'masuk', 'akal', 'sedang', 'musuh', 'jago', 'poqi']","['akal_sedang_musuh', 'masuk_akal_sedang', 'musuh_jago_poqi', 'pokimai_masuk_akal', 'sedang_musuh_jago']"
"['binatang', 'beri', 'hapus', 'banyak', 'bug', 'update', 'sekian', 'wasalam']","['banyak_bug_update', 'beri_hapus_banyak', 'binatang_beri_hapus', 'bug_update_sekian', 'hapus_banyak_bug', 'update_sekian_wasalam']"
['aneh'],[]
"['seru', 'banget', 'sudah', 'th', 'bosen', 'bosen']","['banget_sudah_th', 'seru_banget_sudah', 'sudah_th_bosen', 'th_bosen_bosen']"
"['season', 'kemarin', 'cuam', 'puterputer', 'menang', 'kalah', 'naik', 'enggak', 'turun', 'enggak', 'stuck', 'situ', 'macth', 'mvp', 'kalah', 'menang', 'mvp', 'privilege']","['cuam_puterputer_menang', 'enggak_stuck_situ', 'enggak_turun_enggak', 'kalah_menang_mvp', 'kalah_naik_enggak', 'kemarin_cuam_puterputer', 'macth_mvp_kalah', 'menang_kalah_naik', 'menang_mvp_privilege', 'mvp_kalah_menang', 'naik_enggak_turun', 'puterputer_menang_kalah', 'season_kemarin_cuam', 'situ_macth_mvp', 'stuck_situ_macth', 'turun_enggak_stuck']"
"['sekrang', 'ngasi', 'tolol', 'semua']","['ngasi_tolol_semua', 'sekrang_ngasi_tolol']"
"['like', 'it']",[]
"['rusak', 'masalah']",[]
"['jelas', 'd', 'kurang', 'kredit', 'skor', 'ngga', 'ngapa', 'ngapain']","['jelas_kurang_kredit', 'kredit_skor_ngga', 'kurang_kredit_skor', 'ngga_ngapa_ngapain', 'skor_ngga_ngapa']"
"['suka', 'lag', 'karuan', 'pen', 'lag', 'bagus', 'tolong', 'jangan', 'rusak', 'nyaman']","['bagus_tolong_jangan', 'jangan_rusak_nyaman', 'karuan_pen_lag', 'lag_bagus_tolong', 'lag_karuan_pen', 'pen_lag_bagus', 'suka_lag_karuan', 'tolong_jangan_rusak']"
"['gemm', 'jembot', 'kontol', 'asu', 'tempek', 'keok', 'akeh', 'gelap', 'coknasu']","['akeh_gelap_coknasu', 'asu_tempek_keok', 'gemm_jembot_kontol', 'jembot_kontol_asu', 'keok_akeh_gelap', 'kontol_asu_tempek', 'tempek_keok_akeh']"
"['kikir', 'bgst', 'ajg', 'losstreak']","['bgst_ajg_losstreak', 'kikir_bgst_ajg']"
"['bagus', 'ngotak', 'kadang', 'siyal', 'jelek', 'pus', 'dpet', 'musuh', 'jago', 'semua', 'sendiri', 'jelek', 'lgi', 'pusreng', 'dpet', 'musuh', 'jgo', 'semua']","['bagus_ngotak_kadang', 'dpet_musuh_jago', 'dpet_musuh_jgo', 'jago_semua_sendiri', 'jelek_lgi_pusreng', 'jelek_pus_dpet', 'kadang_siyal_jelek', 'lgi_pusreng_dpet', 'musuh_jago_semua', 'musuh_jgo_semua', 'ngotak_kadang_siyal', 'pus_dpet_musuh', 'pusreng_dpet_musuh', 'semua_sendiri_jelek', 'sendiri_jelek_lgi', 'siyal_jelek_pus']"
"['tolong', 'musuh', 'padan', 'masa', 'ex', 'ketemu', 'musuh', 'ex', 'imo', 'semua', 'adil', 'padan']","['ex_imo_semua', 'ex_ketemu_musuh', 'imo_semua_adil', 'ketemu_musuh_ex', 'masa_ex_ketemu', 'musuh_ex_imo', 'musuh_padan_masa', 'padan_masa_ex', 'semua_adil_padan', 'tolong_musuh_padan']"
['buruk'],[]
"['beri', 'adil', 'adil', 'banyak', 'meng', 'troll', 'jika', 'role', 'sengsara', 'jika', 'troll', 'ranking', 'kena', 'lindung', 'kasihan', 'orng', 'lain', 'troll', 'turun']","['adil_adil_banyak', 'adil_banyak_meng', 'banyak_meng_troll', 'beri_adil_adil', 'jika_role_sengsara', 'jika_troll_ranking', 'kasihan_orng_lain', 'kena_lindung_kasihan', 'lain_troll_turun', 'lindung_kasihan_orng', 'meng_troll_jika', 'orng_lain_troll', 'ranking_kena_lindung', 'role_sengsara_jika', 'sengsara_jika_troll', 'troll_jika_role', 'troll_ranking_kena']"
['tae'],[]
"['punya', 'bocil', 'minimal', 'waras', 'lol']","['bocil_minimal_waras', 'minimal_waras_lol', 'punya_bocil_minimal']"
"['jelek', 'mending', 'hapus', 'darksistem', 'semua', 'musuh', 'jago', 'adil', 'jelek', 'usah', 'mainin', 'usak', 'otak']","['adil_jelek_usah', 'darksistem_semua_musuh', 'hapus_darksistem_semua', 'jago_adil_jelek', 'jelek_mending_hapus', 'jelek_usah_mainin', 'mainin_usak_otak', 'mending_hapus_darksistem', 'musuh_jago_adil', 'semua_musuh_jago', 'usah_mainin_usak']"
"['gblok', 'alam', 'romawi', 'glory', 'guobloknya', 'berapa', 'gblok', 'profil', 'tolol', 'parah', 'matchnya', 'anjeng']","['alam_romawi_glory', 'berapa_gblok_profil', 'gblok_alam_romawi', 'gblok_profil_tolol', 'glory_guobloknya_berapa', 'guobloknya_berapa_gblok', 'parah_matchnya_anjeng', 'profil_tolol_parah', 'romawi_glory_guobloknya', 'tolol_parah_matchnya']"
"['saranin', 'sabar', 'setip', 'tisu', 'jangan', 'otak', 'stres', 'lama', 'lama', 'kesel', 'jugaa', 'rusak']","['jangan_otak_stres', 'kesel_jugaa_rusak', 'lama_kesel_jugaa', 'lama_lama_kesel', 'otak_stres_lama', 'sabar_setip_tisu', 'saranin_sabar_setip', 'setip_tisu_jangan', 'stres_lama_lama', 'tisu_jangan_otak']"
"['kait', 'rusak', 'ngotak', 'sedikit']","['kait_rusak_ngotak', 'rusak_ngotak_sedikit']"
"['gm', 'taik', 'tol', 'semuaa', 'kasi', 'ajingg', 'binatang', 'ngsi', 'kontoll', 'anjing']","['ajingg_binatang_ngsi', 'binatang_ngsi_kontoll', 'gm_taik_tol', 'kasi_ajingg_binatang', 'ngsi_kontoll_anjing', 'semuaa_kasi_ajingg', 'taik_tol_semuaa', 'tol_semuaa_kasi']"
"['rusak', 'tres', 'ngk', 'adil', 'lolot', 'mending', 'pindah', 'king', 'lebih', 'tarik', 'lebih', 'adil', 'beri', 'lawan', 'sesuai', 'mampu', 'sendiri', 'beda', 'beri', 'musuh', 'ngak', 'imbang', 'sendiri', 'tambah', 'sekarang', 'sendiri', 'mati', 'pasti', 'langsung', 'ripot', 'kurang', 'kredit', 'kor', 'ngak', 'kasi', 'layer', 'buruk']","['adil_beri_lawan', 'adil_lolot_mending', 'beda_beri_musuh', 'beri_lawan_sesuai', 'beri_musuh_ngak', 'imbang_sendiri_tambah', 'kasi_layer_buruk', 'king_lebih_tarik', 'kor_ngak_kasi', 'kredit_kor_ngak', 'kurang_kredit_kor', 'langsung_ripot_kurang', 'lawan_sesuai_mampu', 'lebih_adil_beri', 'lebih_tarik_lebih', 'lolot_mending_pindah', 'mampu_sendiri_beda', 'mati_pasti_langsung', 'mending_pindah_king', 'musuh_ngak_imbang', 'ngak_imbang_sendiri', 'ngak_kasi_layer', 'ngk_adil_lolot', 'pasti_langsung_ripot', 'pindah_king_lebih', 'ripot_kurang_kredit', 'rusak_tres_ngk', 'sekarang_sendiri_mati', 'sendiri_beda_beri', 'sendiri_mati_pasti', 'sendiri_tambah_sekarang', 'sesuai_mampu_sendiri', 'tambah_sekarang_sendiri', 'tarik_lebih_adil', 'tres_ngk_adil']"
"['bagus', 'grafik', 'sudah', 'gabisa', 'sekarang']","['bagus_grafik_sudah', 'grafik_sudah_gabisa', 'sudah_gabisa_sekarang']"
['kotl'],[]
"['pesan', 'buka', 'beri', 'langgar', 'tanpa', 'lihat', 'mentulusuri', 'tolong', 'perbaikin', 'belum', 'ambil', 'tindak']","['belum_ambil_tindak', 'beri_langgar_tanpa', 'buka_beri_langgar', 'langgar_tanpa_lihat', 'lihat_mentulusuri_tolong', 'mentulusuri_tolong_perbaikin', 'perbaikin_belum_ambil', 'pesan_buka_beri', 'tanpa_lihat_mentulusuri', 'tolong_perbaikin_belum']"
"['ketemu', 'gajelas']",[]
['dongo'],[]
"['settingan', 'banyak', 'bot', 'kalah', 'moga', 'cepat', 'bangkrut', 'aamiin']","['banyak_bot_kalah', 'bot_kalah_moga', 'cepat_bangkrut_aamiin', 'kalah_moga_cepat', 'moga_cepat_bangkrut', 'settingan_banyak_bot']"
"['gaje', 'lama', 'season', 'isi', 'banyak', 'maksa', 'sedang', 'musuh', 'renk', 'tinggi', 'glory', 'renk', 'tinggi', 'epic', 'mawi', 'username', 'fadil', 'elek', 'lama', 'season', 'pernah', 'ws']","['banyak_maksa_sedang', 'elek_lama_season', 'epic_mawi_username', 'fadil_elek_lama', 'gaje_lama_season', 'glory_renk_tinggi', 'isi_banyak_maksa', 'lama_season_isi', 'lama_season_pernah', 'maksa_sedang_musuh', 'mawi_username_fadil', 'musuh_renk_tinggi', 'renk_tinggi_epic', 'renk_tinggi_glory', 'season_isi_banyak', 'season_pernah_ws', 'sedang_musuh_renk', 'tinggi_epic_mawi', 'tinggi_glory_renk', 'username_fadil_elek']"
['oke'],[]
"['lain', 'jali', 'kasi', 'waras', 'sedikit', 'jn', 'ngetrol', 'mikir', 'napa', 'org', 'improve', 'dr', 'skill', 'kasi', 'gt', 'org', 'mentok', 'lawak']","['dr_skill_kasi', 'gt_org_mentok', 'improve_dr_skill', 'jali_kasi_waras', 'jn_ngetrol_mikir', 'kasi_gt_org', 'kasi_waras_sedikit', 'lain_jali_kasi', 'mikir_napa_org', 'napa_org_improve', 'ngetrol_mikir_napa', 'org_improve_dr', 'org_mentok_lawak', 'sedikit_jn_ngetrol', 'skill_kasi_gt', 'waras_sedikit_jn']"
"['sudah', 'apus', 'beri', 'gprnah', 'benar']","['apus_beri_gprnah', 'beri_gprnah_benar', 'sudah_apus_beri']"
"['skin', 'gratis', 'jangan', 'trial', 'herobadang', 'helcrut', 'semuahero', 'gratis', 'nanti', 'bintang', 'suka', 'pasang', 'hapymod']","['bintang_suka_pasang', 'gratis_jangan_trial', 'gratis_nanti_bintang', 'helcrut_semuahero_gratis', 'herobadang_helcrut_semuahero', 'jangan_trial_herobadang', 'nanti_bintang_suka', 'semuahero_gratis_nanti', 'skin_gratis_jangan', 'suka_pasang_hapymod', 'trial_herobadang_helcrut']"
"['bagus', 'beri', 'diamond', 'beri', 'bintang', 'cukup']","['bagus_beri_diamond', 'beri_bintang_cukup', 'beri_diamond_beri', 'diamond_beri_bintang']"
"['usah', 'ngekil', 'ges', 'mending', 'assist', 'cape', 'cape', 'kill', 'ngepush', 'kalah', 'punya', 'assist', 'lebih', 'banyak', 'mvp', 'mati', 'banyak', 'dia']","['assist_cape_cape', 'assist_lebih_banyak', 'banyak_mvp_mati', 'cape_cape_kill', 'cape_kill_ngepush', 'ges_mending_assist', 'kalah_punya_assist', 'kill_ngepush_kalah', 'lebih_banyak_mvp', 'mati_banyak_dia', 'mending_assist_cape', 'mvp_mati_banyak', 'ngekil_ges_mending', 'ngepush_kalah_punya', 'punya_assist_lebih', 'usah_ngekil_ges']"
['pepek'],[]
"['banyak', 'darksistem']",[]
"['seru', 'tolong', 'imbang']",['seru_tolong_imbang']
['kontol'],[]
[],[]
"['parah', 'banget', 'ngebug', 'oke', 'plus', 'tia', 'sentuh', 'kena', 'afk', 'baik']","['banget_ngebug_oke', 'kena_afk_baik', 'ngebug_oke_plus', 'oke_plus_tia', 'parah_banget_ngebug', 'plus_tia_sentuh', 'sentuh_kena_afk', 'tia_sentuh_kena']"
"['klok', 'bot', 'musuh', 'jugak', 'bot', 'bot', 'musuh', 'gg', 'tololtolong', 'ituh', 'lobi', 'bnerin', 'mles']","['bot_bot_musuh', 'bot_musuh_gg', 'bot_musuh_jugak', 'gg_tololtolong_ituh', 'ituh_lobi_bnerin', 'jugak_bot_bot', 'klok_bot_musuh', 'lobi_bnerin_mles', 'musuh_gg_tololtolong', 'musuh_jugak_bot', 'tololtolong_ituh_lobi']"
"['ngotak', 'sedikit', 'lawan', 'imbang', 'pasti', 'pindah', 'tolong', 'baik', 'napa', 'lawan', 'ngotak', 'senang', 'senang', 'imbang', 'lawan', 'alhasil', 'lose', 'streakkecewa', 'berat']","['alhasil_lose_streakkecewa', 'baik_napa_lawan', 'imbang_lawan_alhasil', 'imbang_pasti_pindah', 'lawan_alhasil_lose', 'lawan_imbang_pasti', 'lawan_ngotak_senang', 'lose_streakkecewa_berat', 'napa_lawan_ngotak', 'ngotak_sedikit_lawan', 'ngotak_senang_senang', 'pasti_pindah_tolong', 'pindah_tolong_baik', 'sedikit_lawan_imbang', 'senang_imbang_lawan', 'senang_senang_imbang', 'tolong_baik_napa']"
"['grafik', 'bagus', 'banget', 'ngasi', 'curang', 'keye']","['bagus_banget_ngasi', 'banget_ngasi_curang', 'grafik_bagus_banget', 'ngasi_curang_keye']"
"['asu', 'celeng', 'lol']",['asu_celeng_lol']
"['sampah', 'naik', 'buruk', 'kyk', 'gitu']","['buruk_kyk_gitu', 'naik_buruk_kyk', 'sampah_naik_buruk']"
"['hapus', 'play', 'store', 'beberapa', 'selalu', 'baik']","['beberapa_selalu_baik', 'hapus_play_store', 'play_store_beberapa', 'store_beberapa_selalu']"
"['banyak', 'satu', 'banyak', 'ngadu', 'admin', 'parah', 'banyak', 'atur']","['admin_parah_banyak', 'banyak_ngadu_admin', 'banyak_satu_banyak', 'ngadu_admin_parah', 'parah_banyak_atur', 'satu_banyak_ngadu']"
"['tolol', 'banyak', 'benar', 'gelap', 'tolol']","['banyak_benar_gelap', 'benar_gelap_tolol', 'tolol_banyak_benar']"
"['scam', 'recommended', 'selalu', 'gabisa', 'nyeleneh', 'musuh', 'jago', 'padan', 'daya', 'punya', 'party', 'gimana', 'ngembangin', 'skill', 'rata', 'gabisa']","['daya_punya_party', 'gabisa_nyeleneh_musuh', 'gimana_ngembangin_skill', 'jago_padan_daya', 'musuh_jago_padan', 'ngembangin_skill_rata', 'nyeleneh_musuh_jago', 'padan_daya_punya', 'party_gimana_ngembangin', 'punya_party_gimana', 'recommended_selalu_gabisa', 'scam_recommended_selalu', 'selalu_gabisa_nyeleneh', 'skill_rata_gabisa']"
"['selalu', 'lag', 'walau', 'baik']","['lag_walau_baik', 'selalu_lag_walau']"
"['tolong', 'baik', 'sudah', 'terlalu', 'lag']","['baik_sudah_terlalu', 'sudah_terlalu_lag', 'tolong_baik_sudah']"
['taek'],[]
['mantap'],[]
"['selesai', 'draft', 'selalu', 'patah', 'patah', 'sempat', 'ganti', 'build', 'build', 'rekomendasi', 'belum', 'update', 'lancar', 'lancar', 'sekarang', 'kenapa', 'menggangu', 'errorlag', 'selesai', 'draft', 'sinyal', 'bagus', 'bintang', 'satu', 'update', 'sekarang', 'sudah', 'fiks', 'baru', 'bintang']","['bagus_bintang_satu', 'belum_update_lancar', 'bintang_satu_update', 'build_build_rekomendasi', 'build_rekomendasi_belum', 'draft_selalu_patah', 'draft_sinyal_bagus', 'errorlag_selesai_draft', 'fiks_baru_bintang', 'ganti_build_build', 'kenapa_menggangu_errorlag', 'lancar_lancar_sekarang', 'lancar_sekarang_kenapa', 'menggangu_errorlag_selesai', 'patah_patah_sempat', 'patah_sempat_ganti', 'rekomendasi_belum_update', 'satu_update_sekarang', 'sekarang_kenapa_menggangu', 'sekarang_sudah_fiks', 'selalu_patah_patah', 'selesai_draft_selalu', 'selesai_draft_sinyal', 'sempat_ganti_build', 'sinyal_bagus_bintang', 'sudah_fiks_baru', 'update_lancar_lancar', 'update_sekarang_sudah']"
"['tolol', 'ge', 'updet', 'mas', 'salah', 'lag', 'hijau', 'sinyal', 'ko', 'lag', 'rusak', 'jangan', 'diem', 'tangung', 'jawab']","['diem_tangung_jawab', 'ge_updet_mas', 'hijau_sinyal_ko', 'jangan_diem_tangung', 'ko_lag_rusak', 'lag_hijau_sinyal', 'lag_rusak_jangan', 'mas_salah_lag', 'rusak_jangan_diem', 'salah_lag_hijau', 'sinyal_ko_lag', 'tolol_ge_updet', 'updet_mas_salah']"
['cool'],[]
['best'],[]
['kontol'],[]
"['rusak', 'lag', 'ping', 'jumping', 'kaga', 'jelas']","['jumping_kaga_jelas', 'lag_ping_jumping', 'ping_jumping_kaga', 'rusak_lag_ping']"
"['bro', 'puas', 'permainin', 'menang', 'kala', 'ajing', 'musu', 'lol', 'jan', 'mityik', 'gaem', 'lol']","['ajing_musu_lol', 'bro_puas_permainin', 'jan_mityik_gaem', 'kala_ajing_musu', 'lol_jan_mityik', 'menang_kala_ajing', 'mityik_gaem_lol', 'musu_lol_jan', 'permainin_menang_kala', 'puas_permainin_menang']"
"['lag', 'lobby', 'aman', 'nyaman']","['lag_lobby_aman', 'lobby_aman_nyaman']"
"['woy', 'sinyal', 'lag', 'make', 'wifi', 'lohh', 'make', 'bagus', 'lag', 'banget', 'lag', 'sampai', 'gerak']","['bagus_lag_banget', 'banget_lag_sampai', 'lag_banget_lag', 'lag_make_wifi', 'lag_sampai_gerak', 'lohh_make_bagus', 'make_bagus_lag', 'make_wifi_lohh', 'sinyal_lag_make', 'wifi_lohh_make', 'woy_sinyal_lag']"
"['minimal', 'tolong', 'pernah', 'menang', 'sujud', 'kantor', 'jilat', 'kaki', 'karyawanmu', 'biar', 'ws', 'tolong', 'minimal', 'frustasi', 'pernah', 'ws', 'kawan', 'pindah', 'ff', 'gara', 'gara', 'ls', 'ah', 'percuma', 'ngomong', 'notice']","['ah_percuma_ngomong', 'biar_ws_tolong', 'ff_gara_gara', 'frustasi_pernah_ws', 'gara_gara_ls', 'gara_ls_ah', 'jilat_kaki_karyawanmu', 'kaki_karyawanmu_biar', 'kantor_jilat_kaki', 'karyawanmu_biar_ws', 'kawan_pindah_ff', 'ls_ah_percuma', 'menang_sujud_kantor', 'minimal_frustasi_pernah', 'minimal_tolong_pernah', 'percuma_ngomong_notice', 'pernah_menang_sujud', 'pernah_ws_kawan', 'pindah_ff_gara', 'sujud_kantor_jilat', 'tolong_minimal_frustasi', 'tolong_pernah_menang', 'ws_kawan_pindah', 'ws_tolong_minimal']"
['yeah'],[]
"['kacau', 'stabil']",[]
"['update', 'patch', 'nalah', 'tambah', 'busuk', 'super', 'busuk', 'drafting', 'lag', 'aman', 'notif', 'putus', 'sampai', 'masuk', 'menit', 'update', 'patch', 'bukan', 'makin', 'baik', 'makin', 'busuk']","['aman_notif_putus', 'baik_makin_busuk', 'bukan_makin_baik', 'busuk_drafting_lag', 'busuk_super_busuk', 'drafting_lag_aman', 'lag_aman_notif', 'makin_baik_makin', 'masuk_menit_update', 'menit_update_patch', 'nalah_tambah_busuk', 'notif_putus_sampai', 'patch_bukan_makin', 'patch_nalah_tambah', 'putus_sampai_masuk', 'sampai_masuk_menit', 'super_busuk_drafting', 'tambah_busuk_super', 'update_patch_bukan', 'update_patch_nalah']"
"['gelap', 'semua', 'anjng']",['gelap_semua_anjng']
"['pilih', 'lawan', 'terlalu', 'adil', 'selalu', 'ngerti', 'balik', 'lawan', 'semua', 'terlalu', 'adil', 'bab']","['adil_selalu_ngerti', 'balik_lawan_semua', 'lawan_semua_terlalu', 'lawan_terlalu_adil', 'ngerti_balik_lawan', 'pilih_lawan_terlalu', 'selalu_ngerti_balik', 'semua_terlalu_adil', 'terlalu_adil_bab', 'terlalu_adil_selalu']"
"['penarngetan', 'bebas', 'tetap', 'kunci', 'musuh', 'hapus']","['bebas_tetap_kunci', 'kunci_musuh_hapus', 'penarngetan_bebas_tetap', 'tetap_kunci_musuh']"
"['seru', 'suka', 'moga', 'makin', 'bagus']","['moga_makin_bagus', 'seru_suka_moga', 'suka_moga_makin']"
"['bagus', 'cocok', 'milik', 'sifat', 'mudah', 'marah', 'bantu', 'tenang', 'diri', 'hati', 'tolong', 'baik', 'bagi', 'imbang', 'biar', 'senang']","['bagi_imbang_biar', 'bagus_cocok_milik', 'baik_bagi_imbang', 'bantu_tenang_diri', 'cocok_milik_sifat', 'diri_hati_tolong', 'hati_tolong_baik', 'imbang_biar_senang', 'marah_bantu_tenang', 'milik_sifat_mudah', 'mudah_marah_bantu', 'sifat_mudah_marah', 'tenang_diri_hati', 'tolong_baik_bagi']"
"['buruk', 'buka', 'ping', 'selalu', 'merah', 'lag', 'parah', 'buka', 'aplikasi', 'lain', 'lancar']","['aplikasi_lain_lancar', 'buka_aplikasi_lain', 'buka_ping_selalu', 'buruk_buka_ping', 'lag_parah_buka', 'merah_lag_parah', 'parah_buka_aplikasi', 'ping_selalu_merah', 'selalu_merah_lag']"
"['buruk', 'kalah', 'nurun', 'satu', 'bintang', 'naik', 'bintang', 'satu', 'lindung', 'tai']","['bintang_naik_bintang', 'bintang_satu_lindung', 'buruk_kalah_nurun', 'kalah_nurun_satu', 'naik_bintang_satu', 'nurun_satu_bintang', 'satu_bintang_naik', 'satu_lindung_tai']"
"['kontol', 'bujang', 'anjingg', 'bagus', 'cepek', 'lose', 'ngentot', 'anjiing']","['anjingg_bagus_cepek', 'bagus_cepek_lose', 'bujang_anjingg_bagus', 'cepek_lose_ngentot', 'kontol_bujang_anjingg', 'lose_ngentot_anjiing']"
"['kecewa', 'imbang', 'chat', 'dalam', 'anggap', 'kasar', 'semua', 'batas', 'teman', 'imbang', 'anggap', 'salah', 'chat', 'lebih', 'kurang', 'credit', 'score']","['anggap_kasar_semua', 'anggap_salah_chat', 'batas_teman_imbang', 'chat_dalam_anggap', 'chat_lebih_kurang', 'dalam_anggap_kasar', 'imbang_anggap_salah', 'imbang_chat_dalam', 'kasar_semua_batas', 'kecewa_imbang_chat', 'kurang_credit_score', 'lebih_kurang_credit', 'salah_chat_lebih', 'semua_batas_teman', 'teman_imbang_anggap']"
"['mith', 'please']",[]
"['jelek', 'ashu', 'pagi', 'sampai', 'sore', 'buka', 'bintang', 'naik', 'lose', 'gajelas', 'mas', 'monnton', 'kasi', 'imbang', 'ashu', 'buka', 'daak', 'kasi', 'sedang', 'musuh', 'kairi', 'ashu', 'uninstall', 'kwuonthol']","['ashu_buka_daak', 'ashu_pagi_sampai', 'ashu_uninstall_kwuonthol', 'bintang_naik_lose', 'buka_bintang_naik', 'buka_daak_kasi', 'daak_kasi_sedang', 'gajelas_mas_monnton', 'imbang_ashu_buka', 'jelek_ashu_pagi', 'kairi_ashu_uninstall', 'kasi_imbang_ashu', 'kasi_sedang_musuh', 'lose_gajelas_mas', 'mas_monnton_kasi', 'monnton_kasi_imbang', 'musuh_kairi_ashu', 'naik_lose_gajelas', 'pagi_sampai_sore', 'sampai_sore_buka', 'sedang_musuh_kairi', 'sore_buka_bintang']"
"['masa', 'ganti', 'pp', 'keluar', 'lobby', 'sendiri', 'sinyalperangkat', 'tdk', 'kendala', 'kocak', 'bintang', 'no', 'recommend']","['bintang_no_recommend', 'ganti_pp_keluar', 'keluar_lobby_sendiri', 'kendala_kocak_bintang', 'kocak_bintang_no', 'lobby_sendiri_sinyalperangkat', 'masa_ganti_pp', 'pp_keluar_lobby', 'sendiri_sinyalperangkat_tdk', 'sinyalperangkat_tdk_kendala', 'tdk_kendala_kocak']"
"['kasi', 'benar', 'masa', 'ketemu', 'tolol', 'sudah', 'season', 'ketemu', 'tolol', 'sumpah']","['benar_masa_ketemu', 'kasi_benar_masa', 'ketemu_tolol_sudah', 'ketemu_tolol_sumpah', 'masa_ketemu_tolol', 'season_ketemu_tolol', 'sudah_season_ketemu', 'tolol_sudah_season']"
"['parah', 'lag', 'stabil', 'emosi']","['lag_stabil_emosi', 'parah_lag_stabil']"
"['bagus', 'selalu', 'lag', 'patah', 'patah', 'rusak', 'rusak', 'rusakk', 'mending', 'uninstal', 'pindah']","['bagus_selalu_lag', 'lag_patah_patah', 'mending_uninstal_pindah', 'patah_patah_rusak', 'patah_rusak_rusak', 'rusak_rusak_rusakk', 'rusak_rusakk_mending', 'rusakk_mending_uninstal', 'selalu_lag_patah']"
"['rusak', 'lag', 'banget', 'sial']","['lag_banget_sial', 'rusak_lag_banget']"
"['pasti', 'sinyal', 'langsung', 'merah', 'tolong', 'd', 'baik', 'tolong', 'baik', 'parah']","['baik_tolong_baik', 'langsung_merah_tolong', 'merah_tolong_baik', 'pasti_sinyal_langsung', 'sinyal_langsung_merah', 'tolong_baik_parah', 'tolong_baik_tolong']"
"['adill', 'cok', 'mitikk', 'musuh', 'glory', 'rata', 'sedang', 'campur', 'biadab']","['adill_cok_mitikk', 'cok_mitikk_musuh', 'glory_rata_sedang', 'mitikk_musuh_glory', 'musuh_glory_rata', 'rata_sedang_campur', 'sedang_campur_biadab']"
"['update', 'makin', 'tolol', 'bapuk']","['makin_tolol_bapuk', 'update_makin_tolol']"
"['banyak', 'gelap', 'malasin']",['banyak_gelap_malasin']
"['sinyal', 'bagus', 'ping', 'merah', 'tolong', 'baik']","['bagus_ping_merah', 'merah_tolong_baik', 'ping_merah_tolong', 'sinyal_bagus_ping']"
['adil'],[]
"['makin', 'makin', 'lag', 'parah', 'pdhl', 'bagus']","['lag_parah_pdhl', 'makin_lag_parah', 'makin_makin_lag', 'parah_pdhl_bagus']"
"['kuota', 'banyak', 'wifi', 'jga', 'oke', 'stak', 'afk', 'kesel', 'banget', 'dlu', 'bgtu', 'mls']","['afk_kesel_banget', 'banget_dlu_bgtu', 'banyak_wifi_jga', 'dlu_bgtu_mls', 'jga_oke_stak', 'kesel_banget_dlu', 'kuota_banyak_wifi', 'oke_stak_afk', 'stak_afk_kesel', 'wifi_jga_oke']"
"['keluh', 'kagak', 'benar', 'adil', 'baik', 'jelek', 'banget', 'sumpah', 'dengerin', 'keluh', 'mu', 'baik', 'tolong', 'banget']","['adil_baik_jelek', 'baik_jelek_banget', 'baik_tolong_banget', 'banget_sumpah_dengerin', 'benar_adil_baik', 'dengerin_keluh_mu', 'jelek_banget_sumpah', 'kagak_benar_adil', 'keluh_kagak_benar', 'keluh_mu_baik', 'mu_baik_tolong', 'sumpah_dengerin_keluh']"
"['ping', 'selalu', 'buruk', 'aneh', 'banget']","['buruk_aneh_banget', 'ping_selalu_buruk', 'selalu_buruk_aneh']"
['buruk'],[]
"['montong', 'kurang', 'ngiclik', 'licik', 'lag']","['kurang_ngiclik_licik', 'montong_kurang_ngiclik', 'ngiclik_licik_lag']"
"['sinyal', 'bagus', 'henti', 'suka', 'henti', 'tolong', 'baik', 'bug', 'muntun']","['bagus_henti_suka', 'baik_bug_muntun', 'henti_suka_henti', 'henti_tolong_baik', 'sinyal_bagus_henti', 'suka_henti_tolong', 'tolong_baik_bug']"
['taik'],[]
"['aneh', 'temuin', 'party', 'makin', 'lama', 'makin', 'aneh']","['aneh_temuin_party', 'lama_makin_aneh', 'makin_lama_makin', 'party_makin_lama', 'temuin_party_makin']"
"['buruk', 'kenapa', 'update', 'ping', 'stabil', 'benar', 'gara', 'gara', 'ping', 'stabil', 'rusak', 'lahh', 'tai']","['benar_gara_gara', 'buruk_kenapa_update', 'gara_gara_ping', 'gara_ping_stabil', 'kenapa_update_ping', 'ping_stabil_benar', 'ping_stabil_rusak', 'rusak_lahh_tai', 'stabil_benar_gara', 'stabil_rusak_lahh', 'update_ping_stabil']"
"['perbaikin', 'freze', 'sinyal', 'aman', 'ko', 'freze', 'berkalikali', 'ganggu', 'alam']","['aman_ko_freze', 'berkalikali_ganggu_alam', 'freze_berkalikali_ganggu', 'freze_sinyal_aman', 'ko_freze_berkalikali', 'perbaikin_freze_sinyal', 'sinyal_aman_ko']"
"['asu', 'teman', 'naik', 'naik', 'teman', 'bot', 'adil']","['asu_teman_naik', 'naik_naik_teman', 'naik_teman_bot', 'teman_bot_adil', 'teman_naik_naik']"
"['taii', 'lain', 'tuju', 'senangsenang', 'gilastres', 'gila', 'isi', 'gelap', 'semua', 'bintang', 'lima', 'deteksi', 'tolong']","['bintang_lima_deteksi', 'gelap_semua_bintang', 'gila_isi_gelap', 'gilastres_gila_isi', 'isi_gelap_semua', 'lain_tuju_senangsenang', 'lima_deteksi_tolong', 'semua_bintang_lima', 'senangsenang_gilastres_gila', 'taii_lain_tuju', 'tuju_senangsenang_gilastres']"
"['banyak', 'layer', 'buruk', 'beri', 'derak', 'malas', 'hati', 'hancur', 'anak', 'yatim', 'para', 'bilang', 'bapak', 'sono', 'bapak']","['anak_yatim_para', 'banyak_layer_buruk', 'bapak_sono_bapak', 'beri_derak_malas', 'bilang_bapak_sono', 'buruk_beri_derak', 'derak_malas_hati', 'hancur_anak_yatim', 'hati_hancur_anak', 'layer_buruk_beri', 'malas_hati_hancur', 'para_bilang_bapak', 'yatim_para_bilang']"
"['bosan', 'lag', 'lag', 'lag', 'dn', 'lag', 'sinyak', 'stbil', 'wifi', 'parah', 'total', 'mending', 'ganti', 'pindah']","['bosan_lag_lag', 'dn_lag_sinyak', 'lag_dn_lag', 'lag_lag_dn', 'lag_lag_lag', 'lag_sinyak_stbil', 'mending_ganti_pindah', 'parah_total_mending', 'sinyak_stbil_wifi', 'stbil_wifi_parah', 'total_mending_ganti', 'wifi_parah_total']"
"['kompak', 'jng', 'pilihin', 'busuk', 'kurang', 'sekolah', 'masa', 'sinyal', 'merah', 'anggap', 'afk', 'gimana']","['anggap_afk_gimana', 'busuk_kurang_sekolah', 'jng_pilihin_busuk', 'kompak_jng_pilihin', 'kurang_sekolah_masa', 'masa_sinyal_merah', 'merah_anggap_afk', 'pilihin_busuk_kurang', 'sekolah_masa_sinyal', 'sinyal_merah_anggap']"
"['percumah', 'menang', 'menang', 'kalah', 'ting', 'satu', 'bot']","['kalah_ting_satu', 'menang_kalah_ting', 'menang_menang_kalah', 'percumah_menang_menang', 'ting_satu_bot']"
"['kenapa', 'sudah', 'makin', 'lama', 'makin', 'jelek', 'lag', 'lag', 'jelas', 'dalam', 'tanding', 'patah', 'patah', 'tibatiba', 'afk', 'patah', 'patah', 'mending', 'brawl', 'clasic', 'patah', 'patah', 'aplikasi', 'makin', 'lama', 'makin', 'berat', 'makin', 'patah', 'patah', 'tolong', 'baik', 'sedikit', 'ringan', 'jangan', 'terlalu', 'berat', 'kasi', 'pengunaan', 'ram', 'kecil', 'tanggap', 'ubah', 'mending', 'pindah']","['afk_patah_patah', 'aplikasi_makin_lama', 'baik_sedikit_ringan', 'berat_kasi_pengunaan', 'berat_makin_patah', 'brawl_clasic_patah', 'clasic_patah_patah', 'dalam_tanding_patah', 'jangan_terlalu_berat', 'jelas_dalam_tanding', 'jelek_lag_lag', 'kasi_pengunaan_ram', 'kecil_tanggap_ubah', 'kenapa_sudah_makin', 'lag_jelas_dalam', 'lag_lag_jelas', 'lama_makin_berat', 'lama_makin_jelek', 'makin_berat_makin', 'makin_jelek_lag', 'makin_lama_makin', 'makin_patah_patah', 'mending_brawl_clasic', 'patah_aplikasi_makin', 'patah_mending_brawl', 'patah_patah_aplikasi', 'patah_patah_mending', 'patah_patah_tibatiba', 'patah_patah_tolong', 'patah_tibatiba_afk', 'patah_tolong_baik', 'pengunaan_ram_kecil', 'ram_kecil_tanggap', 'ringan_jangan_terlalu', 'sedikit_ringan_jangan', 'sudah_makin_lama', 'tanding_patah_patah', 'tanggap_ubah_mending', 'terlalu_berat_kasi', 'tibatiba_afk_patah', 'tolong_baik_sedikit', 'ubah_mending_pindah']"
"['buruk', 'binatang', 'baik', 'bug', 'sinyal', 'mu']","['baik_bug_sinyal', 'binatang_baik_bug', 'bug_sinyal_mu', 'buruk_binatang_baik']"
"['halo', 'mas', 'muntun', 'tolong', 'jago', 'cape', 'gendong', 'pasti', 'menang', 'kalah', 'menang', 'kalah', 'percaya', 'akun', 'sutsujinkw', 'pindah', 'terimakasih']","['akun_sutsujinkw_pindah', 'cape_gendong_pasti', 'gendong_pasti_menang', 'halo_mas_muntun', 'jago_cape_gendong', 'kalah_menang_kalah', 'kalah_percaya_akun', 'mas_muntun_tolong', 'menang_kalah_menang', 'menang_kalah_percaya', 'muntun_tolong_jago', 'pasti_menang_kalah', 'percaya_akun_sutsujinkw', 'sutsujinkw_pindah_terimakasih', 'tolong_jago_cape']"
"['lag', 'banyak', 'emperor']",['lag_banyak_emperor']
"['mohon', 'baik', 'eror', 'bnyk', 'gelap']","['baik_eror_bnyk', 'eror_bnyk_gelap', 'mohon_baik_eror']"
"['ban', 'akun', 'lama', 'dri', 'defeet', 'mllu']","['akun_lama_dri', 'ban_akun_lama', 'dri_defeet_mllu', 'lama_dri_defeet']"
"['lag', 'server', 'bug', 'ui', 'lag', 'server', 'speed', 'on', 'lag', 'gerak', 'speed', 'off', 'lag', 'gerak', 'bug', 'ui', 'bug', 'tanding', 'draft', 'pasuk', 'tanding']","['bug_tanding_draft', 'bug_ui_bug', 'bug_ui_lag', 'draft_pasuk_tanding', 'gerak_bug_ui', 'gerak_speed_off', 'lag_gerak_bug', 'lag_gerak_speed', 'lag_server_bug', 'lag_server_speed', 'off_lag_gerak', 'on_lag_gerak', 'server_bug_ui', 'server_speed_on', 'speed_off_lag', 'speed_on_lag', 'tanding_draft_pasuk', 'ui_bug_tanding', 'ui_lag_server']"
"['ap', 'anjing']",[]
"['maaf', 'hapus', 'males', 'beban', 'teman', 'lama', 'pensi', 'terimakasih', 'banyak', 'nemenin', 'mungkin', 'nanti', 'kapankapan']","['banyak_nemenin_mungkin', 'beban_teman_lama', 'hapus_males_beban', 'lama_pensi_terimakasih', 'maaf_hapus_males', 'males_beban_teman', 'mungkin_nanti_kapankapan', 'nemenin_mungkin_nanti', 'pensi_terimakasih_banyak', 'teman_lama_pensi', 'terimakasih_banyak_nemenin']"
"['banyak', 'gelap']",[]
"['orng', 'baru', 'pertama', 'mending', 'usah', 'happy', 'tenang', 'gan', 'stres', 'pusing']","['baru_pertama_mending', 'gan_stres_pusing', 'happy_tenang_gan', 'mending_usah_happy', 'orng_baru_pertama', 'pertama_mending_usah', 'tenang_gan_stres', 'usah_happy_tenang']"
"['ketemu', 'gelap', 'mana', 'mana', 'jelas']","['gelap_mana_mana', 'ketemu_gelap_mana', 'mana_mana_jelas']"
"['tolol', 'kalah']",[]
"['rusak', 'lol']",[]
"['stres', 'isi', 'gelap', 'swmua']","['isi_gelap_swmua', 'stres_isi_gelap']"
"['makin', 'update', 'makin', 'lag', 'jelas', 'loogin', 'sampai', 'gerak', 'lancar', 'tetap', 'ngaruh', 'sekian', 'terimakasih', 'gaji']","['gerak_lancar_tetap', 'jelas_loogin_sampai', 'lag_jelas_loogin', 'lancar_tetap_ngaruh', 'loogin_sampai_gerak', 'makin_lag_jelas', 'makin_update_makin', 'ngaruh_sekian_terimakasih', 'sampai_gerak_lancar', 'sekian_terimakasih_gaji', 'tetap_ngaruh_sekian', 'update_makin_lag']"
"['adil', 'dalam', 'pilih', 'bot', 'semua', 'sedang', 'musuh', 'jago', 'jago']","['adil_dalam_pilih', 'bot_semua_sedang', 'dalam_pilih_bot', 'musuh_jago_jago', 'pilih_bot_semua', 'sedang_musuh_jago', 'semua_sedang_musuh']"
"['adill', 'dalam', 'bagi', 'banyak', 'gelap', 'musuh', 'gg', 'bot']","['adill_dalam_bagi', 'bagi_banyak_gelap', 'banyak_gelap_musuh', 'dalam_bagi_banyak', 'gelap_musuh_gg', 'musuh_gg_bot']"
"['sinyal', 'hilang', 'mati', 'sinyal', 'pull', 'tolong', 'baik', 'sudah', 'baik', 'bintang', 'naikin', 'bintang', 'lima']","['baik_bintang_naikin', 'baik_sudah_baik', 'bintang_naikin_bintang', 'hilang_mati_sinyal', 'mati_sinyal_pull', 'naikin_bintang_lima', 'pull_tolong_baik', 'sinyal_hilang_mati', 'sinyal_pull_tolong', 'sudah_baik_bintang', 'tolong_baik_sudah']"
"['percuma', 'update', 'cape', 'sumpah', 'bot', 'musuh', 'sakit', 'banya', 'buuf', 'buka', 'update', 'makin', 'bagus', 'mah', 'makin', 'parah', 'dasar', 'gaje', 'lol']","['bagus_mah_makin', 'banya_buuf_buka', 'bot_musuh_sakit', 'buka_update_makin', 'buuf_buka_update', 'cape_sumpah_bot', 'dasar_gaje_lol', 'mah_makin_parah', 'makin_bagus_mah', 'makin_parah_dasar', 'musuh_sakit_banya', 'parah_dasar_gaje', 'percuma_update_cape', 'sakit_banya_buuf', 'sumpah_bot_musuh', 'update_cape_sumpah', 'update_makin_bagus']"
"['grafik', 'bagus', 'tetapi', 'jangan', 'mainin', 'samsung', 'oppo']","['bagus_tetapi_jangan', 'grafik_bagus_tetapi', 'jangan_mainin_samsung', 'mainin_samsung_oppo', 'tetapi_jangan_mainin']"
"['sial', 'ajg', 'kasi', 'teman', 'draksistem']","['ajg_kasi_teman', 'kasi_teman_draksistem', 'sial_ajg_kasi']"
"['beres', 'lek', 'sinyal', 'pin', 'bagus', 'gerak', 'jelek', 'buruk']","['bagus_gerak_jelek', 'beres_lek_sinyal', 'gerak_jelek_buruk', 'lek_sinyal_pin', 'pin_bagus_gerak', 'sinyal_pin_bagus']"
"['banyak', 'gelap', 'minimal', 'banget', 'mvp', 'turun', 'bintang', 'lebih', 'baik', 'kalah', 'mvp', 'bintang', 'bayangin', 'gendong', 'gendong', 'ujung', 'ujung', 'kalah', 'aneh', 'gendong', 'rugi', 'bahkan', 'ngerti']","['aneh_gendong_rugi', 'baik_kalah_mvp', 'banget_mvp_turun', 'banyak_gelap_minimal', 'bayangin_gendong_gendong', 'bintang_bayangin_gendong', 'bintang_lebih_baik', 'gelap_minimal_banget', 'gendong_gendong_ujung', 'gendong_rugi_bahkan', 'gendong_ujung_ujung', 'kalah_aneh_gendong', 'kalah_mvp_bintang', 'lebih_baik_kalah', 'minimal_banget_mvp', 'mvp_bintang_bayangin', 'mvp_turun_bintang', 'rugi_bahkan_ngerti', 'turun_bintang_lebih', 'ujung_kalah_aneh', 'ujung_ujung_kalah']"
"['nek', 'ngekeii', 'genah', 'tel', 'gatel']","['genah_tel_gatel', 'nek_ngekeii_genah', 'ngekeii_genah_tel']"
"['tolong', 'koneksi', 'diperbaikigua', 'kalah', 'gara', 'koneksi', 'stabil']","['diperbaikigua_kalah_gara', 'gara_koneksi_stabil', 'kalah_gara_koneksi', 'koneksi_diperbaikigua_kalah', 'tolong_koneksi_diperbaikigua']"
"['elek', 'masa', 'sinyal', 'ijo', 'lag', 'niat', 'bintang', 'lawak', 'sinyal', 'perhati', 'su']","['bintang_lawak_sinyal', 'elek_masa_sinyal', 'ijo_lag_niat', 'lag_niat_bintang', 'lawak_sinyal_perhati', 'masa_sinyal_ijo', 'niat_bintang_lawak', 'sinyal_ijo_lag', 'sinyal_perhati_su']"
"['hama', 'draft', 'bug', 'hama', 'jelas', 'hama']","['bug_hama_jelas', 'draft_bug_hama', 'hama_draft_bug', 'hama_jelas_hama']"
"['lag', 'ping', 'jumping', 'sinyal', 'bagus']","['jumping_sinyal_bagus', 'lag_ping_jumping', 'ping_jumping_sinyal']"
"['tolong', 'masa', 'lag', 'trs', 'tadi']","['lag_trs_tadi', 'masa_lag_trs', 'tolong_masa_lag']"
"['bug', 'sinyal', 'bner']",['bug_sinyal_bner']
"['tolong', 'sinyal', 'rusak', 'iya', 'loby', 'sinyal', 'hijau', 'trs', 'dalam', 'sinyal', 'merah', 'kuning', 'beri', 'bintang', 'lima', 'bukan', 'rekomendasitapi', 'biar', 'komenan', 'lihat', 'tindak', 'lanjut', 'meryport', 'jelasjelas', 'mangganggu', 'kog', 'kena', 'pelanggaranini', 'adi', 'banget', 'sinyal', 'lag', 'buka', 'pemberitahuan', 'sinyal', 'setabil', 'kog', 'malh', 'afk', 'gimana', 'maksud', 'minimal', 'adil']","['adi_banget_sinyal', 'afk_gimana_maksud', 'banget_sinyal_lag', 'beri_bintang_lima', 'biar_komenan_lihat', 'bintang_lima_bukan', 'buka_pemberitahuan_sinyal', 'bukan_rekomendasitapi_biar', 'dalam_sinyal_merah', 'gimana_maksud_minimal', 'hijau_trs_dalam', 'iya_loby_sinyal', 'jelasjelas_mangganggu_kog', 'kena_pelanggaranini_adi', 'kog_kena_pelanggaranini', 'kog_malh_afk', 'komenan_lihat_tindak', 'kuning_beri_bintang', 'lag_buka_pemberitahuan', 'lanjut_meryport_jelasjelas', 'lihat_tindak_lanjut', 'lima_bukan_rekomendasitapi', 'loby_sinyal_hijau', 'maksud_minimal_adil', 'malh_afk_gimana', 'mangganggu_kog_kena', 'merah_kuning_beri', 'meryport_jelasjelas_mangganggu', 'pelanggaranini_adi_banget', 'pemberitahuan_sinyal_setabil', 'rekomendasitapi_biar_komenan', 'rusak_iya_loby', 'setabil_kog_malh', 'sinyal_hijau_trs', 'sinyal_lag_buka', 'sinyal_merah_kuning', 'sinyal_rusak_iya', 'sinyal_setabil_kog', 'tindak_lanjut_meryport', 'tolong_sinyal_rusak', 'trs_dalam_sinyal']"
"['he', 'kena', 'afk', 'gara', 'sinyal', 'd', 'berhentiin', 'paket', 'unlimited', 'edition', 'tolong', 'd', 'baik', 'bagus', 'kog']","['afk_gara_sinyal', 'baik_bagus_kog', 'berhentiin_paket_unlimited', 'edition_tolong_baik', 'gara_sinyal_berhentiin', 'he_kena_afk', 'kena_afk_gara', 'paket_unlimited_edition', 'sinyal_berhentiin_paket', 'tolong_baik_bagus', 'unlimited_edition_tolong']"
"['sinyal', 'jelek']",[]
"['ngasi', 'benar', 'dr', 'kemarin', 'sesoen', 'sampai', 'sekarang', 'jls', 'sudah', 'mabar', 'epic', 'klau', 'org', 'komen', 'tanggap', 'tondasar', 'jls']","['benar_dr_kemarin', 'dr_kemarin_sesoen', 'epic_klau_org', 'jls_sudah_mabar', 'kemarin_sesoen_sampai', 'klau_org_komen', 'komen_tanggap_tondasar', 'mabar_epic_klau', 'ngasi_benar_dr', 'org_komen_tanggap', 'sampai_sekarang_jls', 'sekarang_jls_sudah', 'sesoen_sampai_sekarang', 'sudah_mabar_epic', 'tanggap_tondasar_jls']"
"['iqoo', 'neo', 'chipset', 'snapdragon', 'gen', 'masa', 'iya', 'panas', 'sedikit', 'langsung', 'redup', 'cerah', 'redup', 'sudah', 'beberapa', 'report', 'tetapi', 'solusi']","['beberapa_report_tetapi', 'cerah_redup_sudah', 'chipset_snapdragon_gen', 'gen_masa_iya', 'iqoo_neo_chipset', 'iya_panas_sedikit', 'langsung_redup_cerah', 'masa_iya_panas', 'neo_chipset_snapdragon', 'panas_sedikit_langsung', 'redup_cerah_redup', 'redup_sudah_beberapa', 'report_tetapi_solusi', 'sedikit_langsung_redup', 'snapdragon_gen_masa', 'sudah_beberapa_report']"
"['gim', 'seru']",[]
"['bagus', 'patah', 'jelas']",['bagus_patah_jelas']
"['ngasi', 'musuh', 'pandang', 'capek', 'jir', 'push', 'naik', 'turun', 'naik', 'turun', 'kapan', 'imonya', 'kompak', 'musuh', 'turun', 'imo', 'semua', 'epik', 'kelar', 'kelar', 'capek', 'jirr']","['capek_jir_push', 'epik_kelar_kelar', 'imo_semua_epik', 'imonya_kompak_musuh', 'jir_push_naik', 'kapan_imonya_kompak', 'kelar_capek_jirr', 'kelar_kelar_capek', 'kompak_musuh_turun', 'musuh_pandang_capek', 'musuh_turun_imo', 'naik_turun_kapan', 'naik_turun_naik', 'ngasi_musuh_pandang', 'pandang_capek_jir', 'push_naik_turun', 'semua_epik_kelar', 'turun_imo_semua', 'turun_kapan_imonya', 'turun_naik_turun']"
"['bug', 'mu', 'rusak', 'jing']","['bug_mu_rusak', 'mu_rusak_jing']"
"['buruk', 'dunia']",[]
"['selalu', 'buruk', 'hijau', 'buruk']","['buruk_hijau_buruk', 'selalu_buruk_hijau']"
"['sumpah', 'tambah', 'lama', 'tambah', 'benar', 'kasi', 'teman', 'imbang', 'jangan', 'berat']","['benar_kasi_teman', 'imbang_jangan_berat', 'kasi_teman_imbang', 'lama_tambah_benar', 'sumpah_tambah_lama', 'tambah_benar_kasi', 'tambah_lama_tambah', 'teman_imbang_jangan']"
"['tolol', 'adil', 'kikir', 'buruk', 'moga', 'hapus', 'playstore']","['adil_kikir_buruk', 'buruk_moga_hapus', 'kikir_buruk_moga', 'moga_hapus_playstore', 'tolol_adil_kikir']"
"['tolol', 'banyak', 'draksistem']",['tolol_banyak_draksistem']
"['walaupun', 'kesal', 'favorit']",['walaupun_kesal_favorit']
"['games', 'skrng', 'bantak', 'bocil']","['games_skrng_bantak', 'skrng_bantak_bocil']"
"['minimal', 'starlight', 'member', 'bug', 'ngestak', 'lv', 'dri', 'lalu', 'tolong', 'rusak', 'minimal', 'gaji', 'minggu']","['bug_ngestak_lv', 'dri_lalu_tolong', 'lalu_tolong_rusak', 'lv_dri_lalu', 'member_bug_ngestak', 'minimal_gaji_minggu', 'minimal_starlight_member', 'ngestak_lv_dri', 'rusak_minimal_gaji', 'starlight_member_bug', 'tolong_rusak_minimal']"
"['musuh', 'imbang']",[]
"['lag', 'suka', 'maju', 'maju', 'sendiri', 'enk']","['lag_suka_maju', 'maju_maju_sendiri', 'maju_sendiri_enk', 'suka_maju_maju']"
['cocok'],[]
"['baru', 'tulis', 'ulas', 'lama', 'berapa', 'report', 'after', 'kirain', 'sendiri', 'rasain', 'inbalance', 'nyata', 'banyak', 'kasus', 'tinggal', 'setia']","['after_kirain_sendiri', 'banyak_kasus_tinggal', 'baru_tulis_ulas', 'berapa_report_after', 'inbalance_nyata_banyak', 'kasus_tinggal_setia', 'kirain_sendiri_rasain', 'lama_berapa_report', 'nyata_banyak_kasus', 'rasain_inbalance_nyata', 'report_after_kirain', 'sendiri_rasain_inbalance', 'tulis_ulas_lama', 'ulas_lama_berapa']"
"['buruk', 'asli', 'bagus']",['buruk_asli_bagus']
"['mohon', 'atas', 'imbang', 'draft', 'pilih', 'role']","['atas_imbang_draft', 'draft_pilih_role', 'imbang_draft_pilih', 'mohon_atas_imbang']"
"['knapa', 'bngt', 'lag', 'sendiri', 'bukan', 'cuma', 'sya', 'kena', 'kena', 'pdahal', 'sinyal', 'lancar', 'pubg', 'pernah', 'kya']","['bngt_lag_sendiri', 'bukan_cuma_sya', 'cuma_sya_kena', 'kena_kena_pdahal', 'kena_pdahal_sinyal', 'knapa_bngt_lag', 'lag_sendiri_bukan', 'lancar_pubg_pernah', 'pdahal_sinyal_lancar', 'pubg_pernah_kya', 'sendiri_bukan_cuma', 'sinyal_lancar_pubg', 'sya_kena_kena']"
"['senang', 'stres', 'lumayan', 'kecuali', 'gelap']","['lumayan_kecuali_gelap', 'senang_stres_lumayan', 'stres_lumayan_kecuali']"
"['bosen', 'kalah', 'mending', 'ajar']","['bosen_kalah_mending', 'kalah_mending_ajar']"
"['kontl', 'su', 'isi', 'gelap', 'jan', 'donlod', 'ges', 'gl']","['donlod_ges_gl', 'gelap_jan_donlod', 'isi_gelap_jan', 'jan_donlod_ges', 'kontl_su_isi', 'su_isi_gelap']"
"['sinyal', 'hilang', 'habis', 'tu', 'draf', 'lag', 'banget', 'mending', 'fix', 'ngurusin', 'update', 'rusak']","['banget_mending_fix', 'draf_lag_banget', 'fix_ngurusin_update', 'habis_tu_draf', 'hilang_habis_tu', 'lag_banget_mending', 'mending_fix_ngurusin', 'ngurusin_update_rusak', 'sinyal_hilang_habis', 'tu_draf_lag']"
"['baik', 'bug', 'bukan', 'skin', 'keluar', 'wifi', 'rumah', 'oke', 'bug', 'bosen', 'jika', 'bug']","['baik_bug_bukan', 'bosen_jika_bug', 'bug_bosen_jika', 'bug_bukan_skin', 'bukan_skin_keluar', 'keluar_wifi_rumah', 'oke_bug_bosen', 'rumah_oke_bug', 'skin_keluar_wifi', 'wifi_rumah_oke']"
"['kenapa', 'baik', 'lag', 'banget', 'tolong', 'rusak', 'susah', 'mood']","['baik_lag_banget', 'banget_tolong_rusak', 'kenapa_baik_lag', 'lag_banget_tolong', 'rusak_susah_mood', 'tolong_rusak_susah']"
"['lag', 'parah', 'bagus', 'becus', 'cepet', 'rusak', 'pindah', 'rasain']","['bagus_becus_cepet', 'becus_cepet_rusak', 'cepet_rusak_pindah', 'lag_parah_bagus', 'parah_bagus_becus', 'rusak_pindah_rasain']"
['rusak'],[]
"['tolong', 'ubah', 'selalu', 'lain', 'alam', 'format', 'biasa', 'dua', 'imbang', 'beberapa', 'duo', 'trio', 'beda', 'beda', 'saling', 'kenal', 'baru', 'kenal', 'bahkan', 'kenal', 'satu', 'lainbiasanya', 'duotrio', 'suatu', 'dominasi', 'tetapi', 'duotrio', 'satu', 'kompak', 'akibat', 'ketidakseimbangan', 'rusak', 'alam']","['akibat_ketidakseimbangan_rusak', 'alam_format_biasa', 'bahkan_kenal_satu', 'baru_kenal_bahkan', 'beberapa_duo_trio', 'beda_beda_saling', 'beda_saling_kenal', 'biasa_dua_imbang', 'dominasi_tetapi_duotrio', 'dua_imbang_beberapa', 'duo_trio_beda', 'duotrio_satu_kompak', 'duotrio_suatu_dominasi', 'format_biasa_dua', 'imbang_beberapa_duo', 'kenal_bahkan_kenal', 'kenal_baru_kenal', 'kenal_satu_lainbiasanya', 'ketidakseimbangan_rusak_alam', 'kompak_akibat_ketidakseimbangan', 'lain_alam_format', 'lainbiasanya_duotrio_suatu', 'saling_kenal_baru', 'satu_kompak_akibat', 'satu_lainbiasanya_duotrio', 'selalu_lain_alam', 'suatu_dominasi_tetapi', 'tetapi_duotrio_satu', 'tolong_ubah_selalu', 'trio_beda_beda', 'ubah_selalu_lain']"
"['ketemu', 'gelap', 'sudah', 'gendong', 'capek', 'juang', 'gabisa', 'bahkan', 'musuh', 'jago', 'banget', 'mohon', 'baik']","['bahkan_musuh_jago', 'banget_mohon_baik', 'capek_juang_gabisa', 'gabisa_bahkan_musuh', 'gelap_sudah_gendong', 'gendong_capek_juang', 'jago_banget_mohon', 'juang_gabisa_bahkan', 'ketemu_gelap_sudah', 'musuh_jago_banget', 'sudah_gendong_capek']"
"['woy', 'server', 'masalah', 'rusak', 'masa', 'sinyal', 'full', 'langsung', 'ping', 'down', 'aneh', 'banget', 'lama', 'lama']","['aneh_banget_lama', 'banget_lama_lama', 'down_aneh_banget', 'full_langsung_ping', 'langsung_ping_down', 'masa_sinyal_full', 'masalah_rusak_masa', 'ping_down_aneh', 'rusak_masa_sinyal', 'server_masalah_rusak', 'sinyal_full_langsung', 'woy_server_masalah']"
"['los', 'hapus']",[]
['buruk'],[]
['kntl'],[]
"['rusak', 'kg', 'tenang', 'lag', 'banget', 'lancar', 'lag', 'parah', 'gimana']","['banget_lancar_lag', 'kg_tenang_lag', 'lag_banget_lancar', 'lag_parah_gimana', 'lancar_lag_parah', 'rusak_kg_tenang', 'tenang_lag_banget']"
"['ganguan', 'maet', 'engga', 'jelas']","['ganguan_maet_engga', 'maet_engga_jelas']"
"['suka', 'legends', 'tolong', 'mooton', 'kurang', 'gelap', 'jago', 'troll', 'musuh', 'jago', 'semua', 'hadeh']","['gelap_jago_troll', 'jago_semua_hadeh', 'jago_troll_musuh', 'kurang_gelap_jago', 'legends_tolong_mooton', 'mooton_kurang_gelap', 'musuh_jago_semua', 'suka_legends_tolong', 'tolong_mooton_kurang', 'troll_musuh_jago']"
"['buruk', 'banyak', 'bugkebanyakan', 'draksistem']","['banyak_bugkebanyakan_draksistem', 'buruk_banyak_bugkebanyakan']"
"['logika', 'rendah']",[]
"['baik', 'kadang', 'gemplay', 'lag', 'jaringanya', 'bagus', 'aduh', 'rugi', 'ginj']","['aduh_rugi_ginj', 'bagus_aduh_rugi', 'baik_kadang_gemplay', 'gemplay_lag_jaringanya', 'jaringanya_bagus_aduh', 'kadang_gemplay_lag', 'lag_jaringanya_bagus']"
"['he', 'monnton', 'kasihh', 'benar', 'ngapa', 'tadi', 'benar', 'serius', 'ngetroll', 'gimana', 'nyusahin', 'gwe', 'imbang', 'laahh', 'udhh', 'susah', 'susah', 'mlh', 'kena', 'trol', 'publik', 'kentang', 'kapan', 'lite', 'gwe', 'sudah', 'kuat', 'nihh']","['benar_ngapa_tadi', 'benar_serius_ngetroll', 'gimana_nyusahin_gwe', 'gwe_imbang_laahh', 'gwe_sudah_kuat', 'he_monnton_kasihh', 'imbang_laahh_udhh', 'kapan_lite_gwe', 'kasihh_benar_ngapa', 'kena_trol_publik', 'kentang_kapan_lite', 'laahh_udhh_susah', 'lite_gwe_sudah', 'mlh_kena_trol', 'monnton_kasihh_benar', 'ngapa_tadi_benar', 'ngetroll_gimana_nyusahin', 'nyusahin_gwe_imbang', 'publik_kentang_kapan', 'serius_ngetroll_gimana', 'sudah_kuat_nihh', 'susah_mlh_kena', 'susah_susah_mlh', 'tadi_benar_serius', 'trol_publik_kentang', 'udhh_susah_susah']"
"['musuh', 'susah', 'banget']",['musuh_susah_banget']
"['makin', 'makin', 'jelas', 'ijoo', 'nglag', 'taii']","['ijoo_nglag_taii', 'jelas_ijoo_nglag', 'makin_jelas_ijoo', 'makin_makin_jelas']"
"['makin', 'lama', 'makin', 'cacat', 'servernya', 'masa', 'kecepetan', 'wifi', 'mbs', 'lag', 'sampai', 'laen', 'lancar', 'lancar', 'ajaa', 'banyak', 'makan', 'skin', 'guna']","['ajaa_banyak_makan', 'banyak_makan_skin', 'cacat_servernya_masa', 'kecepetan_wifi_mbs', 'laen_lancar_lancar', 'lag_sampai_laen', 'lama_makin_cacat', 'lancar_ajaa_banyak', 'lancar_lancar_ajaa', 'makan_skin_guna', 'makin_cacat_servernya', 'makin_lama_makin', 'masa_kecepetan_wifi', 'mbs_lag_sampai', 'sampai_laen_lancar', 'servernya_masa_kecepetan', 'wifi_mbs_lag']"
"['tres', 'banyak', 'gelap']",['tres_banyak_gelap']
"['tolol', 'anj']",[]
"['sinyal', 'ijo', 'pencet', 'merahapaan', 'sudah', 'ping', 'bagus']","['ijo_pencet_merahapaan', 'merahapaan_sudah_ping', 'pencet_merahapaan_sudah', 'sinyal_ijo_pencet', 'sudah_ping_bagus']"
"['nambah', 'stres', 'jelas', 'semua', 'sedikit', 'sedikit', 'menang', 'sedikit', 'sedikit', 'kalah', 'gitu', 'sampai', 'semua', 'pindah', 'roblox']","['gitu_sampai_semua', 'jelas_semua_sedikit', 'kalah_gitu_sampai', 'menang_sedikit_sedikit', 'nambah_stres_jelas', 'sampai_semua_pindah', 'sedikit_kalah_gitu', 'sedikit_menang_sedikit', 'sedikit_sedikit_kalah', 'sedikit_sedikit_menang', 'semua_pindah_roblox', 'semua_sedikit_sedikit', 'stres_jelas_semua']"
"['lain', 'winstreak', 'gausah', 'busuk', 'musuh', 'jago', 'napa', 'minimal', 'gitu', 'napa', 'lose', 'streak', 'jing', 'sudah', 'capek', 'hadepin', 'tel']","['busuk_musuh_jago', 'capek_hadepin_tel', 'gausah_busuk_musuh', 'gitu_napa_lose', 'jago_napa_minimal', 'jing_sudah_capek', 'lain_winstreak_gausah', 'lose_streak_jing', 'minimal_gitu_napa', 'musuh_jago_napa', 'napa_lose_streak', 'napa_minimal_gitu', 'streak_jing_sudah', 'sudah_capek_hadepin', 'winstreak_gausah_busuk']"
"['do', 'nt', 'this', 'because', 'it', 'not', 'good', 'for', 'your', 'health']","['because_it_not', 'do_nt_this', 'for_your_health', 'good_for_your', 'it_not_good', 'not_good_for', 'nt_this_because', 'this_because_it']"
"['baik', 'bug', 'kocak', 'aneh', 'banget', 'sosmed', 'yt', 'semua', 'lancar', 'jarngan', 'naik', 'turun', 'aneh', 'banget', 'kocak']","['aneh_banget_kocak', 'aneh_banget_sosmed', 'baik_bug_kocak', 'banget_sosmed_yt', 'bug_kocak_aneh', 'jarngan_naik_turun', 'kocak_aneh_banget', 'lancar_jarngan_naik', 'naik_turun_aneh', 'semua_lancar_jarngan', 'sosmed_yt_semua', 'turun_aneh_banget', 'yt_semua_lancar']"
"['seru', 'tambah', 'kenang']",['seru_tambah_kenang']
"['tolong', 'hapus', 'bag', 'gelek', 'sinyal', 'lancar', 'aplikasi', 'lain', 'lancar', 'buwat', 'lag', 'brawel', 'lag', 'reng', 'lag', 'banget']","['aplikasi_lain_lancar', 'bag_gelek_sinyal', 'brawel_lag_reng', 'buwat_lag_brawel', 'gelek_sinyal_lancar', 'hapus_bag_gelek', 'lag_brawel_lag', 'lag_reng_lag', 'lain_lancar_buwat', 'lancar_aplikasi_lain', 'lancar_buwat_lag', 'reng_lag_banget', 'sinyal_lancar_aplikasi', 'tolong_hapus_bag']"
"['lag', 'bangett', 'kl', 'bapuk']","['bangett_kl_bapuk', 'lag_bangett_kl']"
"['bagus', 'tolong', 'sudah', 'beri', 'musuh', 'susah', 'sampah', 'jangan', 'lag', 'bagus', 'ijo', 'paket', 'banyak', 'lag', 'jln', 'tempat', 'tolong', 'keluh', 'tolong', 'banget', 'usah', 'lag', 'lag', 'segala', 'sudah', 'beri', 'mach', 'susah', 'yaudah', 'jangan', 'tambah', 'lag', 'nambah', 'cape', 'lawan', 'musuh', 'gendong', 'lag', 'coba', 'tolong', 'baik']","['bagus_ijo_paket', 'bagus_tolong_sudah', 'banget_usah_lag', 'banyak_lag_jln', 'beri_mach_susah', 'beri_musuh_susah', 'cape_lawan_musuh', 'coba_tolong_baik', 'gendong_lag_coba', 'ijo_paket_banyak', 'jangan_lag_bagus', 'jangan_tambah_lag', 'jln_tempat_tolong', 'keluh_tolong_banget', 'lag_bagus_ijo', 'lag_coba_tolong', 'lag_jln_tempat', 'lag_lag_segala', 'lag_nambah_cape', 'lag_segala_sudah', 'lawan_musuh_gendong', 'mach_susah_yaudah', 'musuh_gendong_lag', 'musuh_susah_sampah', 'nambah_cape_lawan', 'paket_banyak_lag', 'sampah_jangan_lag', 'segala_sudah_beri', 'sudah_beri_mach', 'sudah_beri_musuh', 'susah_sampah_jangan', 'susah_yaudah_jangan', 'tambah_lag_nambah', 'tempat_tolong_keluh', 'tolong_banget_usah', 'tolong_keluh_tolong', 'tolong_sudah_beri', 'usah_lag_lag', 'yaudah_jangan_tambah']"
"['mungkin', 'iri', 'baru', 'win', 'musuh', 'jago', 'bego', 'ulangin', 'sampai', 'bintang', 'habis', 'smph']","['baru_win_musuh', 'bego_ulangin_sampai', 'bintang_habis_smph', 'iri_baru_win', 'jago_bego_ulangin', 'mungkin_iri_baru', 'musuh_jago_bego', 'sampai_bintang_habis', 'ulangin_sampai_bintang', 'win_musuh_jago']"
['monyet'],[]
"['sudah', 'susah', 'susah', 'kode', 'redem', 'emot', 'sudah', 'lihat', 'kena', 'izin', 'sudah', 'capet']","['emot_sudah_lihat', 'izin_sudah_capet', 'kena_izin_sudah', 'kode_redem_emot', 'lihat_kena_izin', 'redem_emot_sudah', 'sudah_lihat_kena', 'sudah_susah_susah', 'susah_kode_redem', 'susah_susah_kode']"
"['lawak', 'sekarang', 'becus', 'dalam', 'tangan', 'akun', 'komputer']","['becus_dalam_tangan', 'dalam_tangan_akun', 'lawak_sekarang_becus', 'sekarang_becus_dalam', 'tangan_akun_komputer']"
"['banyak', 'gelap', 'komtol']",['banyak_gelap_komtol']
"['hallo', 'support', 'sedikit', 'keluh', 'habis', 'update', 'patch', 'baru', 'device', 'redmi', 'note', 'pro', 'lag', 'parah', 'last', 'semua', 'sudah', 'heromenyiapkan', 'tanding', 'sangking', 'lag', 'parah', 'costum', 'emblem', 'belum', 'belum', 'update', 'peta', 'patch', 'baru', 'aman', 'rugi', 'dalam', 'tempur', 'terkadang', 'detik', 'sudah', 'jalan', 'baru', 'masuk', 'tanding', 'sudah', 'coba', 'device', 'nyata', 'terimakasih']","['aman_rugi_dalam', 'baru_aman_rugi', 'baru_device_redmi', 'baru_masuk_tanding', 'belum_belum_update', 'belum_update_peta', 'coba_device_nyata', 'costum_emblem_belum', 'dalam_tempur_terkadang', 'detik_sudah_jalan', 'device_nyata_terimakasih', 'device_redmi_note', 'emblem_belum_belum', 'habis_update_patch', 'hallo_support_sedikit', 'heromenyiapkan_tanding_sangking', 'jalan_baru_masuk', 'keluh_habis_update', 'lag_parah_costum', 'lag_parah_last', 'last_semua_sudah', 'masuk_tanding_sudah', 'note_pro_lag', 'parah_costum_emblem', 'parah_last_semua', 'patch_baru_aman', 'patch_baru_device', 'peta_patch_baru', 'pro_lag_parah', 'redmi_note_pro', 'rugi_dalam_tempur', 'sangking_lag_parah', 'sedikit_keluh_habis', 'semua_sudah_heromenyiapkan', 'sudah_coba_device', 'sudah_heromenyiapkan_tanding', 'sudah_jalan_baru', 'support_sedikit_keluh', 'tanding_sangking_lag', 'tanding_sudah_coba', 'tempur_terkadang_detik', 'terkadang_detik_sudah', 'update_patch_baru', 'update_peta_patch']"
"['banyak', 'draksistem', 'mumet', 'das']","['banyak_draksistem_mumet', 'draksistem_mumet_das']"
"['sinyal', 'bagus', 'lag']",['sinyal_bagus_lag']
['bagus'],[]
"['parah', 'kasi', 'darksistem', 'makin', 'lama', 'makin', 'males']","['darksistem_makin_lama', 'kasi_darksistem_makin', 'lama_makin_males', 'makin_lama_makin', 'parah_kasi_darksistem']"
"['kenapa', 'season', 'makin', 'buruk', 'bagus', 'buka', 'apk', 'lain', 'lancar', 'lag', 'banget', 'diem', 'lobby', 'kadang', 'muter', 'muter', 'draft', 'detik', 'akhir', 'selalu', 'lag', 'ping', 'ijo', 'pdhl', 'lag', 'banget', 'tbtb', 'ping', 'merah', 'season', 'belum', 'lancar', 'entah', 'kentang', 'sudah', 'kuat', 'gmn', 'tolong', 'baik', 'jangan', 'sedikit', 'sedikit', 'pikirin', 'cuma', 'revamp', 'revamp']","['akhir_selalu_lag', 'apk_lain_lancar', 'bagus_buka_apk', 'baik_jangan_sedikit', 'banget_diem_lobby', 'banget_tbtb_ping', 'belum_lancar_entah', 'buka_apk_lain', 'buruk_bagus_buka', 'cuma_revamp_revamp', 'detik_akhir_selalu', 'diem_lobby_kadang', 'draft_detik_akhir', 'entah_kentang_sudah', 'gmn_tolong_baik', 'ijo_pdhl_lag', 'jangan_sedikit_sedikit', 'kadang_muter_muter', 'kenapa_season_makin', 'kentang_sudah_kuat', 'kuat_gmn_tolong', 'lag_banget_diem', 'lag_banget_tbtb', 'lag_ping_ijo', 'lain_lancar_lag', 'lancar_entah_kentang', 'lancar_lag_banget', 'lobby_kadang_muter', 'makin_buruk_bagus', 'merah_season_belum', 'muter_draft_detik', 'muter_muter_draft', 'pdhl_lag_banget', 'pikirin_cuma_revamp', 'ping_ijo_pdhl', 'ping_merah_season', 'season_belum_lancar', 'season_makin_buruk', 'sedikit_pikirin_cuma', 'sedikit_sedikit_pikirin', 'selalu_lag_ping', 'sudah_kuat_gmn', 'tbtb_ping_merah', 'tolong_baik_jangan']"
"['suka', 'cocok', 'stabil', 'wifi', 'kemarin', 'jelek', 'kenapa', 'napa', 'lag', 'mls']","['cocok_stabil_wifi', 'jelek_kenapa_napa', 'kemarin_jelek_kenapa', 'kenapa_napa_lag', 'napa_lag_mls', 'stabil_wifi_kemarin', 'suka_cocok_stabil', 'wifi_kemarin_jelek']"
"['taik', 'lag', 'lag', 'jelas', 'j', 'ng']","['lag_jelas_ng', 'lag_lag_jelas', 'taik_lag_lag']"
"['banyak', 'gelap', 'sistemm', 'beri', 'winstreak']","['banyak_gelap_sistemm', 'gelap_sistemm_beri', 'sistemm_beri_winstreak']"
['gajee'],[]
"['ajg', 'kntl', 'bab', 'kmk', 'mmk', 'geje', 'mending', 'tutup', 'have', 'fun', 'bukan', 'stres', 'sok', 'beri', 'ingat', 'baik', 'kau', 'baru', 'beri', 'ingat', 'dongok']","['ajg_kntl_bab', 'bab_kmk_mmk', 'baik_kau_baru', 'baru_beri_ingat', 'beri_ingat_baik', 'beri_ingat_dongok', 'bukan_stres_sok', 'fun_bukan_stres', 'geje_mending_tutup', 'have_fun_bukan', 'ingat_baik_kau', 'kau_baru_beri', 'kmk_mmk_geje', 'kntl_bab_kmk', 'mending_tutup_have', 'mmk_geje_mending', 'sok_beri_ingat', 'stres_sok_beri', 'tutup_have_fun']"
"['karana', 'banyak', 'drk']",['karana_banyak_drk']
"['bagus', 'lansia']",[]
"['bagus', 'suka', 'kolo', 'mabar', 'buruk', 'suka']","['bagus_suka_kolo', 'kolo_mabar_buruk', 'mabar_buruk_suka', 'suka_kolo_mabar']"
"['hama', 'gampang', 'bobol', 'banyak', 'cheater', 'server', 'urus', 'masalah', 'pernah', 'benar', 'guna', 'dev']","['banyak_cheater_server', 'benar_guna_dev', 'bobol_banyak_cheater', 'cheater_server_urus', 'gampang_bobol_banyak', 'hama_gampang_bobol', 'masalah_pernah_benar', 'pernah_benar_guna', 'server_urus_masalah', 'urus_masalah_pernah']"
"['aneh', 'server', 'adil', 'niat', 'pen', 'hilangin', 'cape', 'lose', 'server', 'buruk']","['adil_niat_pen', 'aneh_server_adil', 'cape_lose_server', 'hilangin_cape_lose', 'lose_server_buruk', 'niat_pen_hilangin', 'pen_hilangin_cape', 'server_adil_niat']"
"['tolol', 'kalah', 'ton', 'kalah', 'rating']","['kalah_ton_kalah', 'tolol_kalah_ton', 'ton_kalah_rating']"
"['resah', 'masyarakat', 'stres', 'kepala', 'uda', 'jago', 'labih', 'parah', 'musuh', 'luar', 'logika']","['jago_labih_parah', 'kepala_uda_jago', 'labih_parah_musuh', 'masyarakat_stres_kepala', 'musuh_luar_logika', 'parah_musuh_luar', 'resah_masyarakat_stres', 'stres_kepala_uda', 'uda_jago_labih']"
"['sudah', 'sekarang', 'mangkin', 'lag']","['sekarang_mangkin_lag', 'sudah_sekarang_mangkin']"
"['guna', 'jelass', 'pilih', 'jng', 'donwload', 'nanti', 'nyesel']","['donwload_nanti_nyesel', 'guna_jelass_pilih', 'jelass_pilih_jng', 'jng_donwload_nanti', 'pilih_jng_donwload']"
"['rusak', 'cacat', 'banyak', 'gelap']","['cacat_banyak_gelap', 'rusak_cacat_banyak']"
['bagus'],[]
"['perhatiin', 'makin', 'rusak', 'wifi', 'ping', 'lompat', 'gaje', 'bngt', 'sumpah', 'mood']","['bngt_sumpah_mood', 'gaje_bngt_sumpah', 'lompat_gaje_bngt', 'makin_rusak_wifi', 'perhatiin_makin_rusak', 'ping_lompat_gaje', 'rusak_wifi_ping', 'wifi_ping_lompat']"
"['tolong', 'jelas', 'draksistem', 'semua', 'smpai', 'lostrek']","['draksistem_semua_smpai', 'jelas_draksistem_semua', 'semua_smpai_lostrek', 'tolong_jelas_draksistem']"
"['ubah', 'maka', 'nilai', 'ubah']","['maka_nilai_ubah', 'ubah_maka_nilai']"
"['makin', 'rajalela', 'pakek', 'cheat', 'kena', 'report', 'banyak', 'ngecheat', 'kadang', 'report', 'nick', 'name', 'barusan', 'ngecheat', 'jg', 'hilang', 'hasil', 'pertngdingan', 'jg', 'hilang', 'aneh', 'bintang', 'tetap', 'hilang', 'report', 'percuma', 'gubris', 'tetap', 'lepas']","['aneh_bintang_tetap', 'banyak_ngecheat_kadang', 'barusan_ngecheat_jg', 'bintang_tetap_hilang', 'cheat_kena_report', 'gubris_tetap_lepas', 'hasil_pertngdingan_jg', 'hilang_aneh_bintang', 'hilang_hasil_pertngdingan', 'hilang_report_percuma', 'jg_hilang_aneh', 'jg_hilang_hasil', 'kadang_report_nick', 'kena_report_banyak', 'makin_rajalela_pakek', 'name_barusan_ngecheat', 'ngecheat_jg_hilang', 'ngecheat_kadang_report', 'nick_name_barusan', 'pakek_cheat_kena', 'percuma_gubris_tetap', 'pertngdingan_jg_hilang', 'rajalela_pakek_cheat', 'report_banyak_ngecheat', 'report_nick_name', 'report_percuma_gubris', 'tetap_hilang_report']"
"['bang', 'resale', 'angela', 'cc', 'pls', 'nnti', 'rate', 'bintang']","['angela_cc_pls', 'bang_resale_angela', 'cc_pls_nnti', 'nnti_rate_bintang', 'pls_nnti_rate', 'resale_angela_cc']"
"['sinyal', 'jelek']",[]
"['kenapa', 'sekarang', 'beda', 'riel', 'adu', 'jago', 'sekarang', 'lebih', 'adu', 'gelap', 'muntun', 'rame', 'jngn', 'gelap', 'kurang', 'senang', 'sulit', 'bagus', 'terlalu', 'banyak', 'ngetrol', 'pesan', 'jika', 'rame', 'hilang', 'gelap']","['adu_gelap_muntun', 'adu_jago_sekarang', 'bagus_terlalu_banyak', 'banyak_ngetrol_pesan', 'beda_riel_adu', 'gelap_kurang_senang', 'gelap_muntun_rame', 'jago_sekarang_lebih', 'jika_rame_hilang', 'jngn_gelap_kurang', 'kenapa_sekarang_beda', 'kurang_senang_sulit', 'lebih_adu_gelap', 'muntun_rame_jngn', 'ngetrol_pesan_jika', 'pesan_jika_rame', 'rame_hilang_gelap', 'rame_jngn_gelap', 'riel_adu_jago', 'sekarang_beda_riel', 'sekarang_lebih_adu', 'senang_sulit_bagus', 'sulit_bagus_terlalu', 'terlalu_banyak_ngetrol']"
"['bagus', 'baik', 'bug', 'begitu', 'bug', 'langsung', 'rusak', 'mantap']","['bagus_baik_bug', 'baik_bug_begitu', 'begitu_bug_langsung', 'bug_begitu_bug', 'bug_langsung_rusak', 'langsung_rusak_mantap']"
"['dongo', 'kadang', 'susah', 'swap', 'akun']","['dongo_kadang_susah', 'kadang_susah_swap', 'susah_swap_akun']"
"['pliss', 'selalu', 'update', 'moga', 'rezeki', 'lancar', 'amin']","['moga_rezeki_lancar', 'pliss_selalu_update', 'rezeki_lancar_amin', 'selalu_update_moga', 'update_moga_rezeki']"
"['masa', 'kalah', 'baru', 'update', 'kalah', 'line', 'gimana', 'exp', 'bosen', 'ken', 'leni', 'lain', 'gimana', 'buruk', 'gimana']","['baru_update_kalah', 'bosen_ken_leni', 'exp_bosen_ken', 'gimana_buruk_gimana', 'gimana_exp_bosen', 'kalah_baru_update', 'kalah_line_gimana', 'ken_leni_lain', 'lain_gimana_buruk', 'leni_lain_gimana', 'line_gimana_exp', 'masa_kalah_baru', 'update_kalah_line']"
"['update', 'makin', 'jelek', 'loading', 'lama', 'full', 'draft', 'lag', 'malas', 'ngepush', 'tolong', 'baik']","['draft_lag_malas', 'full_draft_lag', 'jelek_loading_lama', 'lag_malas_ngepush', 'lama_full_draft', 'loading_lama_full', 'makin_jelek_loading', 'malas_ngepush_tolong', 'ngepush_tolong_baik', 'update_makin_jelek']"
['buruk'],[]
"['beri', 'lawan', 'imbang', 'tolol']","['beri_lawan_imbang', 'lawan_imbang_tolol']"
"['selalu', 'jelek', 'lag', 'pernah', 'online', 'lain', 'sekarang', 'sudah', 'jelek', 'jelek', 'menit', 'mending', 'lain']","['jelek_jelek_menit', 'jelek_lag_pernah', 'jelek_menit_mending', 'lag_pernah_online', 'lain_sekarang_sudah', 'menit_mending_lain', 'online_lain_sekarang', 'pernah_online_lain', 'sekarang_sudah_jelek', 'selalu_jelek_lag', 'sudah_jelek_jelek']"
"['sekarang', 'seru', 'hampir', 'stres', 'gara', 'gara', 'gimana', 'stres', 'menang', 'kalah', 'berkalikali', 'bahkan', 'itung', 'lose']","['bahkan_itung_lose', 'berkalikali_bahkan_itung', 'gara_gara_gimana', 'gara_gimana_stres', 'gimana_stres_menang', 'hampir_stres_gara', 'kalah_berkalikali_bahkan', 'menang_kalah_berkalikali', 'sekarang_seru_hampir', 'seru_hampir_stres', 'stres_gara_gara', 'stres_menang_kalah']"
"['anjeng', 'isi', 'hewan', 'hewan', 'patek']","['anjeng_isi_hewan', 'hewan_hewan_patek', 'isi_hewan_hewan']"
"['makin', 'buruk', 'bagus', 'dalam', 'sinyalerah']","['bagus_dalam_sinyalerah', 'buruk_bagus_dalam', 'makin_buruk_bagus']"
['mantap'],[]
"['sinyal', 'tolong', 'baik']",['sinyal_tolong_baik']
"['update', 'bug', 'lag', 'kgk', 'rusak', 'lol']","['bug_lag_kgk', 'kgk_rusak_lol', 'lag_kgk_rusak', 'update_bug_lag']"
"['update', 'kemarin', 'makin', 'gajelas', 'lag', 'wifi', 'bagus', 'lag', 'ngekah', 'ping', 'an', 'lag', 'banget', 'ketemu', 'musuh', 'lag', 'ketemu', 'lancar', 'jangan', 'bagus', 'taoi', 'bik']","['an_lag_banget', 'bagus_lag_ngekah', 'bagus_taoi_bik', 'banget_ketemu_musuh', 'gajelas_lag_wifi', 'jangan_bagus_taoi', 'kemarin_makin_gajelas', 'ketemu_lancar_jangan', 'ketemu_musuh_lag', 'lag_banget_ketemu', 'lag_ketemu_lancar', 'lag_ngekah_ping', 'lag_wifi_bagus', 'lancar_jangan_bagus', 'makin_gajelas_lag', 'musuh_lag_ketemu', 'ngekah_ping_an', 'ping_an_lag', 'update_kemarin_makin', 'wifi_bagus_lag']"
"['makin', 'makin', 'gajelas', 'ijo', 'ngelegngefreze', 'bug', 'akhir', 'draft']","['bug_akhir_draft', 'gajelas_ijo_ngelegngefreze', 'ijo_ngelegngefreze_bug', 'makin_gajelas_ijo', 'makin_makin_gajelas', 'ngelegngefreze_bug_akhir']"
['oh'],[]
"['gjls', 'lag', 'bagus', 'isi', 'draksistem', 'semua']","['bagus_isi_draksistem', 'gjls_lag_bagus', 'isi_draksistem_semua', 'lag_bagus_isi']"
"['mkin', 'ksni', 'mkin', 'rusak', 'tu', 'server', 'ajg']","['ksni_mkin_rusak', 'mkin_ksni_mkin', 'mkin_rusak_tu', 'rusak_tu_server', 'tu_server_ajg']"
"['plagiat', 'tolol']",[]
"['bagus', 'banget']",[]
"['lag', 'ngehe']",[]
"['bug', 'seta', 'update', 'baru', 'lag', 'ngelekan']","['baru_lag_ngelekan', 'bug_seta_update', 'seta_update_baru', 'update_baru_lag']"
"['tambah', 'berat', 'kentang']",['tambah_berat_kentang']
"['tambah', 'transfer', 'bp', 'diamond']","['tambah_transfer_bp', 'transfer_bp_diamond']"
"['jangan', 'rusak', 'otak', 'jangan']","['jangan_rusak_otak', 'rusak_otak_jangan']"
"['anjur', 'suka', 'lag', 'jangan', 'instal', 'sedikit']","['anjur_suka_lag', 'jangan_instal_sedikit', 'lag_jangan_instal', 'suka_lag_jangan']"
['ngotak'],[]
"['ex', 'glory', 'bahkan', 'gapernah', 'musik']","['bahkan_gapernah_musik', 'ex_glory_bahkan', 'glory_bahkan_gapernah']"
['stres'],[]
"['gila', 'muak', 'ditrol', 'publik', 'dongo', 'jung', 'tb', 'neh', 'mending', 'jung', 'assassin']","['ditrol_publik_dongo', 'dongo_jung_tb', 'gila_muak_ditrol', 'jung_tb_neh', 'mending_jung_assassin', 'muak_ditrol_publik', 'neh_mending_jung', 'publik_dongo_jung', 'tb_neh_mending']"
"['beri', 'gapernah', 'beres', 'usang']","['beri_gapernah_beres', 'gapernah_beres_usang']"
"['apasih', 'sedikit', 'sedikit', 'defeat', 'sedikit', 'sedikit', 'defeat', 'menang', 'lag', 'ping', 'merah', 'kalah', 'developer', 'asu', 'gapernah', 'benar']","['apasih_sedikit_sedikit', 'asu_gapernah_benar', 'defeat_menang_lag', 'defeat_sedikit_sedikit', 'developer_asu_gapernah', 'kalah_developer_asu', 'lag_ping_merah', 'menang_lag_ping', 'merah_kalah_developer', 'ping_merah_kalah', 'sedikit_defeat_menang', 'sedikit_defeat_sedikit', 'sedikit_sedikit_defeat']"
"['mana', 'sinyal', 'buruk', 'luar', 'ruang', 'ko', 'sudah', 'luar', 'tetap', 'lag', 'bulan']","['buruk_luar_ruang', 'ko_sudah_luar', 'luar_ruang_ko', 'luar_tetap_lag', 'mana_sinyal_buruk', 'ruang_ko_sudah', 'sinyal_buruk_luar', 'sudah_luar_tetap', 'tetap_lag_bulan']"
"['gelap', 'dh', 'hapus']",['gelap_dh_hapus']
"['emosimain', 'trio', 'duomawi']",['emosimain_trio_duomawi']
"['systemnya', 'jelek']",[]
"['sumpah', 'parah', 'benar', 'lag', 'sinyal', 'bagus', 'kuota', 'gede', 'wifi', 'kenceng', 'heran', 'sudah', 'babi', 'kesel']","['bagus_kuota_gede', 'benar_lag_sinyal', 'gede_wifi_kenceng', 'heran_sudah_babi', 'kenceng_heran_sudah', 'kuota_gede_wifi', 'lag_sinyal_bagus', 'parah_benar_lag', 'sinyal_bagus_kuota', 'sudah_babi_kesel', 'sumpah_parah_benar', 'wifi_kenceng_heran']"
"['paling', 'tolol', 'panjang', 'masa', 'paling', 'banyak']","['masa_paling_banyak', 'paling_tolol_panjang', 'panjang_masa_paling', 'tolol_panjang_masa']"
"['report', 'langgan', 'cuma', 'tenang', 'bukan', 'tindak']","['cuma_tenang_bukan', 'langgan_cuma_tenang', 'report_langgan_cuma', 'tenang_bukan_tindak']"
"['punya', 'buka', 'akun', 'sudah', 'kait']","['akun_sudah_kait', 'buka_akun_sudah', 'punya_buka_akun']"
"['parah', 'sesaon', 'skrng', 'kalah', 'menang', 'lemah', 'semua', 'musuh', 'jagokompak', 'banding', 'klassic', 'parah', 'bobot', 'adil', 'jangan', 'pernah', 'donwload', 'parah', 'manusiawi', 'duo', 'ketemu', 'mushh', 'trio', 'kadang', 'duo', 'dua', 'musuh', 'sedang', 'cuma', 'satu', 'duo', 'lihat', 'buruk', 'sengaja', 'akun', 'lose', 'biar', 'susah', 'naik']","['adil_jangan_pernah', 'akun_lose_biar', 'banding_klassic_parah', 'biar_susah_naik', 'bobot_adil_jangan', 'buruk_sengaja_akun', 'cuma_satu_duo', 'donwload_parah_manusiawi', 'dua_musuh_sedang', 'duo_dua_musuh', 'duo_ketemu_mushh', 'duo_lihat_buruk', 'jagokompak_banding_klassic', 'jangan_pernah_donwload', 'kadang_duo_dua', 'kalah_menang_lemah', 'ketemu_mushh_trio', 'klassic_parah_bobot', 'lemah_semua_musuh', 'lihat_buruk_sengaja', 'lose_biar_susah', 'manusiawi_duo_ketemu', 'menang_lemah_semua', 'mushh_trio_kadang', 'musuh_jagokompak_banding', 'musuh_sedang_cuma', 'parah_bobot_adil', 'parah_manusiawi_duo', 'parah_sesaon_skrng', 'pernah_donwload_parah', 'satu_duo_lihat', 'sedang_cuma_satu', 'semua_musuh_jagokompak', 'sengaja_akun_lose', 'sesaon_skrng_kalah', 'skrng_kalah_menang', 'trio_kadang_duo']"
"['gemm', 'banyak', 'gelap', 'sistemm', 'asu']","['banyak_gelap_sistemm', 'gelap_sistemm_asu', 'gemm_banyak_gelap']"
"['biasa', 'dalam', 'bila', 'menang', 'kenya', 'merah', 'report', 'ingat', 'afk', 'potong', 'kredit', 'skor', 'dasar', 'punya', 'atitude', 'senang', 'ujungujungnya', 'hukum', 'tuju', 'afk', 'lebih', 'kejar', 'tinggal', 'assu', 'tibatiba', 'potong', 'kredit', 'skor', 'babi']","['afk_lebih_kejar', 'afk_potong_kredit', 'assu_tibatiba_potong', 'atitude_senang_ujungujungnya', 'biasa_dalam_bila', 'bila_menang_kenya', 'dalam_bila_menang', 'dasar_punya_atitude', 'hukum_tuju_afk', 'ingat_afk_potong', 'kejar_tinggal_assu', 'kenya_merah_report', 'kredit_skor_babi', 'kredit_skor_dasar', 'lebih_kejar_tinggal', 'menang_kenya_merah', 'merah_report_ingat', 'potong_kredit_skor', 'punya_atitude_senang', 'report_ingat_afk', 'senang_ujungujungnya_hukum', 'skor_dasar_punya', 'tibatiba_potong_kredit', 'tinggal_assu_tibatiba', 'tuju_afk_lebih', 'ujungujungnya_hukum_tuju']"
"['bagus', 'dha']",[]
"['seru', 'stres', 'stuck', 'epik']","['seru_stres_stuck', 'stres_stuck_epik']"
['adil'],[]
"['reapot', 'gara', 'gara', 'cheat', 'kagak', 'cheat']","['cheat_kagak_cheat', 'gara_cheat_kagak', 'gara_gara_cheat', 'reapot_gara_gara']"
"['makin', 'lama', 'chet', 'makin', 'banyak', 'utama', 'cheat', 'lag']","['banyak_utama_cheat', 'chet_makin_banyak', 'lama_chet_makin', 'makin_banyak_utama', 'makin_lama_chet', 'utama_cheat_lag']"
['bagus'],[]
"['buruk', 'mending', 'epep', 'gelap']","['buruk_mending_epep', 'mending_epep_gelap']"
"['update', 'lag', 'parah', 'lag', 'sinyal', 'bagus', 'wifi', 'tolong', 'baik', 'cepat']","['bagus_wifi_tolong', 'lag_parah_lag', 'lag_sinyal_bagus', 'parah_lag_sinyal', 'sinyal_bagus_wifi', 'tolong_baik_cepat', 'update_lag_parah', 'wifi_tolong_baik']"
"['seru', 'asik']",[]
['rusak'],[]
"['baik', 'tambah', 'lag', 'frame', 'drop', 'semenjak', 'update', 'wifidata', 'bagus']","['baik_tambah_lag', 'drop_semenjak_update', 'frame_drop_semenjak', 'lag_frame_drop', 'semenjak_update_wifidata', 'tambah_lag_frame', 'update_wifidata_bagus']"
"['teammatch', 'imbang', 'lh', 'kala']","['imbang_lh_kala', 'teammatch_imbang_lh']"
"['tantang', 'seru', 'emosi', 'seru', 'rate', 'bintang', 'yng', 'mabar', 'nick', 'name', 'coba', 'tabak', 'siapa', 'sorry', 'namany', 'keliru', 'arigato']","['bintang_yng_mabar', 'coba_tabak_siapa', 'emosi_seru_rate', 'mabar_nick_name', 'namany_keliru_arigato', 'name_coba_tabak', 'nick_name_coba', 'rate_bintang_yng', 'seru_emosi_seru', 'seru_rate_bintang', 'siapa_sorry_namany', 'sorry_namany_keliru', 'tabak_siapa_sorry', 'tantang_seru_emosi', 'yng_mabar_nick']"
"['menang', 'kalah', 'banyak', 'ngetrol']","['kalah_banyak_ngetrol', 'menang_kalah_banyak']"
"['jangn', 'emosi', 'sinyal', 'bagus', 'lag', 'lag', 'parah', 'getak', 'sinyal', 'bagus', 'kuning', 'merah', 'lag']","['bagus_kuning_merah', 'bagus_lag_lag', 'emosi_sinyal_bagus', 'getak_sinyal_bagus', 'jangn_emosi_sinyal', 'kuning_merah_lag', 'lag_lag_parah', 'lag_parah_getak', 'parah_getak_sinyal', 'sinyal_bagus_kuning', 'sinyal_bagus_lag']"
"['sya', 'tdak', 'pus', 'gemes', 'tambah', 'parah', 'jarigan', 'nga', 'stabil', 'loby', 'bagus', 'merah', 'apdep', 'terlalalu', 'nga', 'jelas', 'baget']","['apdep_terlalalu_nga', 'bagus_merah_apdep', 'gemes_tambah_parah', 'jarigan_nga_stabil', 'loby_bagus_merah', 'merah_apdep_terlalalu', 'nga_jelas_baget', 'nga_stabil_loby', 'parah_jarigan_nga', 'pus_gemes_tambah', 'stabil_loby_bagus', 'sya_tdak_pus', 'tambah_parah_jarigan', 'tdak_pus_gemes', 'terlalalu_nga_jelas']"
['mantap'],[]
"['gelap', 'gj']",[]
"['bintang', 'naik', 'turun']",['bintang_naik_turun']
"['oke', 'bos']",[]
