stopwords_removed,trigrams_mlbb
"['malas', 'nak', 'cakap', 'dh', 'enemy', 'dh', 'pro', 'dh', 'noob', 'paling', 'malas', 'rendah', 'nyasar', 'sendiri', 'sedang', 'enmy', 'sampai', 'bekas', 'immortal', 'dh', 'cam', 'sial', 'update', 'sekaranggood', 'bye', 'forever']","[('malas', 'nak', 'cakap'), ('nak', 'cakap', 'dh'), ('cakap', 'dh', 'enemy'), ('dh', 'enemy', 'dh'), ('enemy', 'dh', 'pro'), ('dh', 'pro', 'dh'), ('pro', 'dh', 'noob'), ('dh', 'noob', 'paling'), ('noob', 'paling', 'malas'), ('paling', 'malas', 'rendah'), ('malas', 'rendah', 'nyasar'), ('rendah', 'nyasar', 'sendiri'), ('nyasar', 'sendiri', 'sedang'), ('sendiri', 'sedang', 'enmy'), ('sedang', 'enmy', 'sampai'), ('enmy', 'sampai', 'bekas'), ('sampai', 'bekas', 'immortal'), ('bekas', 'immortal', 'dh'), ('immortal', 'dh', 'cam'), ('dh', 'cam', 'sial'), ('cam', 'sial', 'update'), ('sial', 'update', 'sekaranggood'), ('update', 'sekaranggood', 'bye'), ('sekaranggood', 'bye', 'forever')]"
['pamaniyasarusakali'],[]
['yatim'],[]
"['bagus', 'suka', 'ikan', 'ws', 'lebih', 'banyak']","[('bagus', 'suka', 'ikan'), ('suka', 'ikan', 'ws'), ('ikan', 'ws', 'lebih'), ('ws', 'lebih', 'banyak')]"
"['semenjak', 'ganti', 'season', 'baru', 'makin', 'ngaco', 'matching', 'bug', 'lag', 'sinyal', 'bagus', 'entah', 'cheat', 'sebab', 'lag', 'makin', 'jelas', 'pokok']","[('semenjak', 'ganti', 'season'), ('ganti', 'season', 'baru'), ('season', 'baru', 'makin'), ('baru', 'makin', 'ngaco'), ('makin', 'ngaco', 'matching'), ('ngaco', 'matching', 'bug'), ('matching', 'bug', 'lag'), ('bug', 'lag', 'sinyal'), ('lag', 'sinyal', 'bagus'), ('sinyal', 'bagus', 'entah'), ('bagus', 'entah', 'cheat'), ('entah', 'cheat', 'sebab'), ('cheat', 'sebab', 'lag'), ('sebab', 'lag', 'makin'), ('lag', 'makin', 'jelas'), ('makin', 'jelas', 'pokok')]"
"['bagus', 'tolong', 'baik', 'muntun', 'renk', 'computer', 'musuh', 'serasa', 'joki', 'beri', 'lawan', 'padan', 'baik', 'pindah']","[('bagus', 'tolong', 'baik'), ('tolong', 'baik', 'muntun'), ('baik', 'muntun', 'renk'), ('muntun', 'renk', 'computer'), ('renk', 'computer', 'musuh'), ('computer', 'musuh', 'serasa'), ('musuh', 'serasa', 'joki'), ('serasa', 'joki', 'beri'), ('joki', 'beri', 'lawan'), ('beri', 'lawan', 'padan'), ('lawan', 'padan', 'baik'), ('padan', 'baik', 'pindah')]"
"['minus', 'permainanan', 'se', 'imbang', 'mvp', 'kalah', 'mah', 'ilangin', 'darat', 'cape']","[('minus', 'permainanan', 'se'), ('permainanan', 'se', 'imbang'), ('se', 'imbang', 'mvp'), ('imbang', 'mvp', 'kalah'), ('mvp', 'kalah', 'mah'), ('kalah', 'mah', 'ilangin'), ('mah', 'ilangin', 'darat'), ('ilangin', 'darat', 'cape')]"
"['seru', 'banget']",[]
"['buruk', 'efek', 'skin', 'biasa', 'hera', 'aneh', 'tampil', 'majapahit', 'rata', 'win', 'kalah', 'berkalikali', 'stres', 'ginian', 'banyak', 'banget', 'gelap']","[('buruk', 'efek', 'skin'), ('efek', 'skin', 'biasa'), ('skin', 'biasa', 'hera'), ('biasa', 'hera', 'aneh'), ('hera', 'aneh', 'tampil'), ('aneh', 'tampil', 'majapahit'), ('tampil', 'majapahit', 'rata'), ('majapahit', 'rata', 'win'), ('rata', 'win', 'kalah'), ('win', 'kalah', 'berkalikali'), ('kalah', 'berkalikali', 'stres'), ('berkalikali', 'stres', 'ginian'), ('stres', 'ginian', 'banyak'), ('ginian', 'banyak', 'banget'), ('banyak', 'banget', 'gelap')]"
"['kenapa', 'banyak', 'draksistem', 'capek', 'trol', 'jelas']","[('kenapa', 'banyak', 'draksistem'), ('banyak', 'draksistem', 'capek'), ('draksistem', 'capek', 'trol'), ('capek', 'trol', 'jelas')]"
"['update', 'patch', 'baru', 'sekarang', 'kk', 'stuck', 'loading', 'afk', 'sampai', 'menit', 'skoth', 'kah']","[('update', 'patch', 'baru'), ('patch', 'baru', 'sekarang'), ('baru', 'sekarang', 'kk'), ('sekarang', 'kk', 'stuck'), ('kk', 'stuck', 'loading'), ('stuck', 'loading', 'afk'), ('loading', 'afk', 'sampai'), ('afk', 'sampai', 'menit'), ('sampai', 'menit', 'skoth'), ('menit', 'skoth', 'kah')]"
"['tanding', 'stuck', 'lama', 'keluar', 'tanding', 'ngelakuin', 'gimana']","[('tanding', 'stuck', 'lama'), ('stuck', 'lama', 'keluar'), ('lama', 'keluar', 'tanding'), ('keluar', 'tanding', 'ngelakuin'), ('tanding', 'ngelakuin', 'gimana')]"
"['knp', 'akun', 'kena', 'bug', 'verifikasi', 'langkah', 'kena', 'verifikasi', 'langkah', 'tolong', 'jawab']","[('knp', 'akun', 'kena'), ('akun', 'kena', 'bug'), ('kena', 'bug', 'verifikasi'), ('bug', 'verifikasi', 'langkah'), ('verifikasi', 'langkah', 'kena'), ('langkah', 'kena', 'verifikasi'), ('kena', 'verifikasi', 'langkah'), ('verifikasi', 'langkah', 'tolong'), ('langkah', 'tolong', 'jawab')]"
"['mending', 'gausah', 'banyak', 'draks', 'bag', 'tu', 'ter', 'parah', 'pernah', 'alamin', 'mending', 'ff', 'pubg', 'bloods', 'trek', 'ghenshingimana', 'mythic', 'ngesetak', 'ketemu', 'muntum', 'dia', 'lukas']","[('mending', 'gausah', 'banyak'), ('gausah', 'banyak', 'draks'), ('banyak', 'draks', 'bag'), ('draks', 'bag', 'tu'), ('bag', 'tu', 'ter'), ('tu', 'ter', 'parah'), ('ter', 'parah', 'pernah'), ('parah', 'pernah', 'alamin'), ('pernah', 'alamin', 'mending'), ('alamin', 'mending', 'ff'), ('mending', 'ff', 'pubg'), ('ff', 'pubg', 'bloods'), ('pubg', 'bloods', 'trek'), ('bloods', 'trek', 'ghenshingimana'), ('trek', 'ghenshingimana', 'mythic'), ('ghenshingimana', 'mythic', 'ngesetak'), ('mythic', 'ngesetak', 'ketemu'), ('ngesetak', 'ketemu', 'muntum'), ('ketemu', 'muntum', 'dia'), ('muntum', 'dia', 'lukas')]"
"['bagus', 'dalam', 'segi', 'skin', 'keren', 'keren', 'kenapa', 'gimana', 'gitu', 'tinggi', 'tinggi', 'bocil', 'mityik', 'susah', 'naik']","[('bagus', 'dalam', 'segi'), ('dalam', 'segi', 'skin'), ('segi', 'skin', 'keren'), ('skin', 'keren', 'keren'), ('keren', 'keren', 'kenapa'), ('keren', 'kenapa', 'gimana'), ('kenapa', 'gimana', 'gitu'), ('gimana', 'gitu', 'tinggi'), ('gitu', 'tinggi', 'tinggi'), ('tinggi', 'tinggi', 'bocil'), ('tinggi', 'bocil', 'mityik'), ('bocil', 'mityik', 'susah'), ('mityik', 'susah', 'naik')]"
"['sumpah', 'marah', 'pasti', 'kalah', 'maksud', 'gimana', 'sengaja', 'biar', 'kalah', 'stuck', 'ken', 'ngerasain', 'mytic', 'sampai', 'ngeluarin', 'mutiara', 'tolong', 'kerjasamanya']","[('sumpah', 'marah', 'pasti'), ('marah', 'pasti', 'kalah'), ('pasti', 'kalah', 'maksud'), ('kalah', 'maksud', 'gimana'), ('maksud', 'gimana', 'sengaja'), ('gimana', 'sengaja', 'biar'), ('sengaja', 'biar', 'kalah'), ('biar', 'kalah', 'stuck'), ('kalah', 'stuck', 'ken'), ('stuck', 'ken', 'ngerasain'), ('ken', 'ngerasain', 'mytic'), ('ngerasain', 'mytic', 'sampai'), ('mytic', 'sampai', 'ngeluarin'), ('sampai', 'ngeluarin', 'mutiara'), ('ngeluarin', 'mutiara', 'tolong'), ('mutiara', 'tolong', 'kerjasamanya')]"
"['banyak', 'update', 'baru', 'makin', 'seru', 'bug', 'alam', 'buruk', 'lancar', 'bagus', 'guna', 'dalam', 'lag', 'sudah', 'mati', 'lancar', 'asa', 'pernah', 'fix', 'masalah', 'apakah', 'pihak', 'sengaja', 'sudah', 'banyak', 'masalah', 'masalah', 'pernah', 'tanggap', 'pihak']","[('banyak', 'update', 'baru'), ('update', 'baru', 'makin'), ('baru', 'makin', 'seru'), ('makin', 'seru', 'bug'), ('seru', 'bug', 'alam'), ('bug', 'alam', 'buruk'), ('alam', 'buruk', 'lancar'), ('buruk', 'lancar', 'bagus'), ('lancar', 'bagus', 'guna'), ('bagus', 'guna', 'dalam'), ('guna', 'dalam', 'lag'), ('dalam', 'lag', 'sudah'), ('lag', 'sudah', 'mati'), ('sudah', 'mati', 'lancar'), ('mati', 'lancar', 'asa'), ('lancar', 'asa', 'pernah'), ('asa', 'pernah', 'fix'), ('pernah', 'fix', 'masalah'), ('fix', 'masalah', 'apakah'), ('masalah', 'apakah', 'pihak'), ('apakah', 'pihak', 'sengaja'), ('pihak', 'sengaja', 'sudah'), ('sengaja', 'sudah', 'banyak'), ('sudah', 'banyak', 'masalah'), ('banyak', 'masalah', 'masalah'), ('masalah', 'masalah', 'pernah'), ('masalah', 'pernah', 'tanggap'), ('pernah', 'tanggap', 'pihak')]"
"['macem', 'tolol', 'sinyal', 'hilang', 'sendiri', 'full', 'sinyal', 'dimatiin', 'gerak']","[('macem', 'tolol', 'sinyal'), ('tolol', 'sinyal', 'hilang'), ('sinyal', 'hilang', 'sendiri'), ('hilang', 'sendiri', 'full'), ('sendiri', 'full', 'sinyal'), ('full', 'sinyal', 'dimatiin'), ('sinyal', 'dimatiin', 'gerak')]"
"['buruk', 'kontol', 'baba']","[('buruk', 'kontol', 'baba')]"
"['lumayan', 'dikenalin', 'emry']","[('lumayan', 'dikenalin', 'emry')]"
"['bodoh', 'sudah', 'top', 'up', 'banyak', 'cuma', 'kalah', 'keren']","[('bodoh', 'sudah', 'top'), ('sudah', 'top', 'up'), ('top', 'up', 'banyak'), ('up', 'banyak', 'cuma'), ('banyak', 'cuma', 'kalah'), ('cuma', 'kalah', 'keren')]"
"['buruk', 'update', 'yng', 'sekarang', 'buruk', 'offline', 'pass', 'masuk', 'pilih', 'mulai', 'tulis', 'gitu', 'pass', 'pencet', 'oke', 'mulai', 'sendiri', 'lag', 'keluar', 'sendiri', 'baik', 'pliss', 'maaf', 'rate', 'cuma', 'dua', 'bintang', 'baik', 'terimakasih', 'maaf', 'terlalu', 'panjang']","[('buruk', 'update', 'yng'), ('update', 'yng', 'sekarang'), ('yng', 'sekarang', 'buruk'), ('sekarang', 'buruk', 'offline'), ('buruk', 'offline', 'pass'), ('offline', 'pass', 'masuk'), ('pass', 'masuk', 'pilih'), ('masuk', 'pilih', 'mulai'), ('pilih', 'mulai', 'tulis'), ('mulai', 'tulis', 'gitu'), ('tulis', 'gitu', 'pass'), ('gitu', 'pass', 'pencet'), ('pass', 'pencet', 'oke'), ('pencet', 'oke', 'mulai'), ('oke', 'mulai', 'sendiri'), ('mulai', 'sendiri', 'lag'), ('sendiri', 'lag', 'keluar'), ('lag', 'keluar', 'sendiri'), ('keluar', 'sendiri', 'baik'), ('sendiri', 'baik', 'pliss'), ('baik', 'pliss', 'maaf'), ('pliss', 'maaf', 'rate'), ('maaf', 'rate', 'cuma'), ('rate', 'cuma', 'dua'), ('cuma', 'dua', 'bintang'), ('dua', 'bintang', 'baik'), ('bintang', 'baik', 'terimakasih'), ('baik', 'terimakasih', 'maaf'), ('terimakasih', 'maaf', 'terlalu'), ('maaf', 'terlalu', 'panjang')]"
['otak'],[]
"['gblk', 'beri', 'gaperna', 'benar', 'mm', 'anjg']","[('gblk', 'beri', 'gaperna'), ('beri', 'gaperna', 'benar'), ('gaperna', 'benar', 'mm'), ('benar', 'mm', 'anjg')]"
"['lumayan', 'ngendali', 'pasti', 'seru', 'lawan', 'computer', 'maksud', 'skin', 'gratis', 'rendom']","[('lumayan', 'ngendali', 'pasti'), ('ngendali', 'pasti', 'seru'), ('pasti', 'seru', 'lawan'), ('seru', 'lawan', 'computer'), ('lawan', 'computer', 'maksud'), ('computer', 'maksud', 'skin'), ('maksud', 'skin', 'gratis'), ('skin', 'gratis', 'rendom')]"
"['buruk', 'banyak', 'cheater', 'tambah', 'tambah', 'jelek', 'kurang', 'bagus', 'sengaja', 'bintang', 'otw', 'uninstal']","[('buruk', 'banyak', 'cheater'), ('banyak', 'cheater', 'tambah'), ('cheater', 'tambah', 'tambah'), ('tambah', 'tambah', 'jelek'), ('tambah', 'jelek', 'kurang'), ('jelek', 'kurang', 'bagus'), ('kurang', 'bagus', 'sengaja'), ('bagus', 'sengaja', 'bintang'), ('sengaja', 'bintang', 'otw'), ('bintang', 'otw', 'uninstal')]"
"['makingg', 'adil', 'massa', 'ketemu', 'legenda', 'dmna', 'letak', 'adil', 'dri', 'dlu', 'smpee', 'skrngg', 'kya', 'gth', 'aneh']","[('makingg', 'adil', 'massa'), ('adil', 'massa', 'ketemu'), ('massa', 'ketemu', 'legenda'), ('ketemu', 'legenda', 'dmna'), ('legenda', 'dmna', 'letak'), ('dmna', 'letak', 'adil'), ('letak', 'adil', 'dri'), ('adil', 'dri', 'dlu'), ('dri', 'dlu', 'smpee'), ('dlu', 'smpee', 'skrngg'), ('smpee', 'skrngg', 'kya'), ('skrngg', 'kya', 'gth'), ('kya', 'gth', 'aneh')]"
['mengibur'],[]
"['perbaikin', 'terlalu', 'delaylag', 'padalan', 'bagus']","[('perbaikin', 'terlalu', 'delaylag'), ('terlalu', 'delaylag', 'padalan'), ('delaylag', 'padalan', 'bagus')]"
"['stres', 'puyeng', 'satu', 'ujung', 'losetreak', 'trs']","[('stres', 'puyeng', 'satu'), ('puyeng', 'satu', 'ujung'), ('satu', 'ujung', 'losetreak'), ('ujung', 'losetreak', 'trs')]"
"['epik', 'benar', 'lahh', 'ey', 'rusak', 'dongg', 'susah', 'kalah', 'lebih', 'baik', 'bintang', 'satu']","[('epik', 'benar', 'lahh'), ('benar', 'lahh', 'ey'), ('lahh', 'ey', 'rusak'), ('ey', 'rusak', 'dongg'), ('rusak', 'dongg', 'susah'), ('dongg', 'susah', 'kalah'), ('susah', 'kalah', 'lebih'), ('kalah', 'lebih', 'baik'), ('lebih', 'baik', 'bintang'), ('baik', 'bintang', 'satu')]"
"['bagus', 'bgtt', 'walaupun', 'lag', 'gatau', 'knp', 'wifi', 'bagus', 'win', 'kalah', 'lebih', 'win', 'gara', 'gara', 'bot', 'gitu', 'thanks']","[('bagus', 'bgtt', 'walaupun'), ('bgtt', 'walaupun', 'lag'), ('walaupun', 'lag', 'gatau'), ('lag', 'gatau', 'knp'), ('gatau', 'knp', 'wifi'), ('knp', 'wifi', 'bagus'), ('wifi', 'bagus', 'win'), ('bagus', 'win', 'kalah'), ('win', 'kalah', 'lebih'), ('kalah', 'lebih', 'win'), ('lebih', 'win', 'gara'), ('win', 'gara', 'gara'), ('gara', 'gara', 'bot'), ('gara', 'bot', 'gitu'), ('bot', 'gitu', 'thanks')]"
"['kontolo', 'memek']",[]
"['seru', 'banget']",[]
"['ubah', 'rang']",[]
"['suka', 'banget', 'seru']","[('suka', 'banget', 'seru')]"
"['terimakasih', 'teman', 'nin', 'pergi', 'lama', 'mu', 'lama', 'love', 'you', 'bye']","[('terimakasih', 'teman', 'nin'), ('teman', 'nin', 'pergi'), ('nin', 'pergi', 'lama'), ('pergi', 'lama', 'mu'), ('lama', 'mu', 'lama'), ('mu', 'lama', 'love'), ('lama', 'love', 'you'), ('love', 'you', 'bye')]"
['seru'],[]
"['gg', 'coo', 'keren', 'mantap', 'lebih', 'keren', 'ff', 'awokawokawok']","[('gg', 'coo', 'keren'), ('coo', 'keren', 'mantap'), ('keren', 'mantap', 'lebih'), ('mantap', 'lebih', 'keren'), ('lebih', 'keren', 'ff'), ('keren', 'ff', 'awokawokawok')]"
"['tolong', 'lawan']",[]
['tolol'],[]
"['rusak', 'bug', 'hijau', 'lag']","[('rusak', 'bug', 'hijau'), ('bug', 'hijau', 'lag')]"
"['maaf', 'motoon', 'inanilahi', 'mati', 'pensi', 'cpe', 'naik', 'trun', 'naik', 'trun', 'bismilah', 'mti']","[('maaf', 'motoon', 'inanilahi'), ('motoon', 'inanilahi', 'mati'), ('inanilahi', 'mati', 'pensi'), ('mati', 'pensi', 'cpe'), ('pensi', 'cpe', 'naik'), ('cpe', 'naik', 'trun'), ('naik', 'trun', 'naik'), ('trun', 'naik', 'trun'), ('naik', 'trun', 'bismilah'), ('trun', 'bismilah', 'mti')]"
"['minimal', 'lgi']",[]
"['tolol', 'musuh', 'susah', 'kasi', 'ws']","[('tolol', 'musuh', 'susah'), ('musuh', 'susah', 'kasi'), ('susah', 'kasi', 'ws')]"
"['goblog', 'pusing']",[]
"['ramah', 'sombong']",[]
['lostrek'],[]
"['hadeh', 'bayak', 'gelap', 'epik', 'gj', 'jelas', 'lus']","[('hadeh', 'bayak', 'gelap'), ('bayak', 'gelap', 'epik'), ('gelap', 'epik', 'gj'), ('epik', 'gj', 'jelas'), ('gj', 'jelas', 'lus')]"
"['sang', 'at', 'bail', 'mi']","[('sang', 'at', 'bail'), ('at', 'bail', 'mi')]"
"['timgak', 'amin']",[]
['bagus'],[]
"['mantap', 'sakuramba']",[]
"['pilih', 'anjg']",[]
"['sinyal', 'bagus', 'standart', 'kenapa', 'lag', 'akibat', 'hitung', 'afk', 'rugi', 'nyari', 'senang', 'stres']","[('sinyal', 'bagus', 'standart'), ('bagus', 'standart', 'kenapa'), ('standart', 'kenapa', 'lag'), ('kenapa', 'lag', 'akibat'), ('lag', 'akibat', 'hitung'), ('akibat', 'hitung', 'afk'), ('hitung', 'afk', 'rugi'), ('afk', 'rugi', 'nyari'), ('rugi', 'nyari', 'senang'), ('nyari', 'senang', 'stres')]"
"['kalah', 'gara', 'gara', 'jago', 'bae', 'musuh', 'drack', 'semua']","[('kalah', 'gara', 'gara'), ('gara', 'gara', 'jago'), ('gara', 'jago', 'bae'), ('jago', 'bae', 'musuh'), ('bae', 'musuh', 'drack'), ('musuh', 'drack', 'semua')]"
['adil'],[]
"['seru', 'banget']",[]
"['bagus', 'suka', 'makanya', 'jgn', 'bot', 'sudah', 'kg', 'bs', 'dongoo']","[('bagus', 'suka', 'makanya'), ('suka', 'makanya', 'jgn'), ('makanya', 'jgn', 'bot'), ('jgn', 'bot', 'sudah'), ('bot', 'sudah', 'kg'), ('sudah', 'kg', 'bs'), ('kg', 'bs', 'dongoo')]"
"['susah', 'banget', 'masuk', 'makin', 'berat']","[('susah', 'banget', 'masuk'), ('banget', 'masuk', 'makin'), ('masuk', 'makin', 'berat')]"
"['kalah', 'menang', 'sudah', 'biasa', 'kalah', 'tanpa', 'progress', 'sebal', 'baru', 'season', 'sekarang', 'alami', 'hal', 'your', 'gelap']","[('kalah', 'menang', 'sudah'), ('menang', 'sudah', 'biasa'), ('sudah', 'biasa', 'kalah'), ('biasa', 'kalah', 'tanpa'), ('kalah', 'tanpa', 'progress'), ('tanpa', 'progress', 'sebal'), ('progress', 'sebal', 'baru'), ('sebal', 'baru', 'season'), ('baru', 'season', 'sekarang'), ('season', 'sekarang', 'alami'), ('sekarang', 'alami', 'hal'), ('alami', 'hal', 'your'), ('hal', 'your', 'gelap')]"
['suka'],[]
"['seru', 'senang', 'enak', 'dimainin', 'seru', 'banget', 'teman', 'seru', 'seru', 'seru', 'seru', 'seru', 'seru', 'seru', 'banget', 'lebih', 'seru', 'sonia', 'sun', 'sun', 'guys', 'usah', 'teman', 'lebih', 'seru', 'hujanhujanan', 'dimarahin', 'tuhan']","[('seru', 'senang', 'enak'), ('senang', 'enak', 'dimainin'), ('enak', 'dimainin', 'seru'), ('dimainin', 'seru', 'banget'), ('seru', 'banget', 'teman'), ('banget', 'teman', 'seru'), ('teman', 'seru', 'seru'), ('seru', 'seru', 'seru'), ('seru', 'seru', 'seru'), ('seru', 'seru', 'seru'), ('seru', 'seru', 'seru'), ('seru', 'seru', 'seru'), ('seru', 'seru', 'banget'), ('seru', 'banget', 'lebih'), ('banget', 'lebih', 'seru'), ('lebih', 'seru', 'sonia'), ('seru', 'sonia', 'sun'), ('sonia', 'sun', 'sun'), ('sun', 'sun', 'guys'), ('sun', 'guys', 'usah'), ('guys', 'usah', 'teman'), ('usah', 'teman', 'lebih'), ('teman', 'lebih', 'seru'), ('lebih', 'seru', 'hujanhujanan'), ('seru', 'hujanhujanan', 'dimarahin'), ('hujanhujanan', 'dimarahin', 'tuhan')]"
['kontl'],[]
"['cuma', 'fokus', 'event', 'tanpa', 'optimal', 'ubah', 'ui', 'cacat', 'serius', 'fokus', 'jual', 'merchandise', 'event', 'kikir']","[('cuma', 'fokus', 'event'), ('fokus', 'event', 'tanpa'), ('event', 'tanpa', 'optimal'), ('tanpa', 'optimal', 'ubah'), ('optimal', 'ubah', 'ui'), ('ubah', 'ui', 'cacat'), ('ui', 'cacat', 'serius'), ('cacat', 'serius', 'fokus'), ('serius', 'fokus', 'jual'), ('fokus', 'jual', 'merchandise'), ('jual', 'merchandise', 'event'), ('merchandise', 'event', 'kikir')]"
"['stuck', 'baik', 'jg']","[('stuck', 'baik', 'jg')]"
"['ngga', 'guna', 'ngga', 'pernah', 'beri', 'bangus']","[('ngga', 'guna', 'ngga'), ('guna', 'ngga', 'pernah'), ('ngga', 'pernah', 'beri'), ('pernah', 'beri', 'bangus')]"
"['sinyal', 'bagus', 'gerak', 'ngentod', 'niat']","[('sinyal', 'bagus', 'gerak'), ('bagus', 'gerak', 'ngentod'), ('gerak', 'ngentod', 'niat')]"
"['seru', 'banyak', 'gelap', 'sytem', 'bintang', 'naik', 'legen', 'poke', 'musuh', 'top', 'globalpenjoki']","[('seru', 'banyak', 'gelap'), ('banyak', 'gelap', 'sytem'), ('gelap', 'sytem', 'bintang'), ('sytem', 'bintang', 'naik'), ('bintang', 'naik', 'legen'), ('naik', 'legen', 'poke'), ('legen', 'poke', 'musuh'), ('poke', 'musuh', 'top'), ('musuh', 'top', 'globalpenjoki')]"
['jembut'],[]
['anjing'],[]
"['banyak', 'update', 'sinyal', 'server', 'urus', 'sinyal', 'bagus', 'lag']","[('banyak', 'update', 'sinyal'), ('update', 'sinyal', 'server'), ('sinyal', 'server', 'urus'), ('server', 'urus', 'sinyal'), ('urus', 'sinyal', 'bagus'), ('sinyal', 'bagus', 'lag')]"
['bagus'],[]
"['bagus', 'walaupun', 'ngelagketemu', 'gelap', 'situ', 'ajar', 'toxic', 'terimakasih', 'developer', 'makanya', 'dm', 'sampai', 'assalamualaikum', 'warahmatullahi', 'wabarakatuh']","[('bagus', 'walaupun', 'ngelagketemu'), ('walaupun', 'ngelagketemu', 'gelap'), ('ngelagketemu', 'gelap', 'situ'), ('gelap', 'situ', 'ajar'), ('situ', 'ajar', 'toxic'), ('ajar', 'toxic', 'terimakasih'), ('toxic', 'terimakasih', 'developer'), ('terimakasih', 'developer', 'makanya'), ('developer', 'makanya', 'dm'), ('makanya', 'dm', 'sampai'), ('dm', 'sampai', 'assalamualaikum'), ('sampai', 'assalamualaikum', 'warahmatullahi'), ('assalamualaikum', 'warahmatullahi', 'wabarakatuh')]"
"['seru', 'knpa', 'beberapa', 'parah', 'banget', 'pdhl', 'bagus', 'langsung', 'parah', 'banget', 'pdhl', 'belum', 'gprnh', 'masalah', 'lg']","[('seru', 'knpa', 'beberapa'), ('knpa', 'beberapa', 'parah'), ('beberapa', 'parah', 'banget'), ('parah', 'banget', 'pdhl'), ('banget', 'pdhl', 'bagus'), ('pdhl', 'bagus', 'langsung'), ('bagus', 'langsung', 'parah'), ('langsung', 'parah', 'banget'), ('parah', 'banget', 'pdhl'), ('banget', 'pdhl', 'belum'), ('pdhl', 'belum', 'gprnh'), ('belum', 'gprnh', 'masalah'), ('gprnh', 'masalah', 'lg')]"
"['rekomendasi', 'ton', 'kurang', 'gelap']","[('rekomendasi', 'ton', 'kurang'), ('ton', 'kurang', 'gelap')]"
"['pertama', 'terimakasih', 'cipta', 'epic', 'beri', 'saran', 'tolong', 'benah', 'minta', 'tolong', 'benah', 'matching', 'garis', 'bawah', 'sungguh', 'classic', 'lagend', 'dapetnya', 'pangkat', 'warior', 'masuk', 'akal', 'mohon', 'benah', 'begitu', 'sudah', 'maklum', 'classic', 'lebih']","[('pertama', 'terimakasih', 'cipta'), ('terimakasih', 'cipta', 'epic'), ('cipta', 'epic', 'beri'), ('epic', 'beri', 'saran'), ('beri', 'saran', 'tolong'), ('saran', 'tolong', 'benah'), ('tolong', 'benah', 'minta'), ('benah', 'minta', 'tolong'), ('minta', 'tolong', 'benah'), ('tolong', 'benah', 'matching'), ('benah', 'matching', 'garis'), ('matching', 'garis', 'bawah'), ('garis', 'bawah', 'sungguh'), ('bawah', 'sungguh', 'classic'), ('sungguh', 'classic', 'lagend'), ('classic', 'lagend', 'dapetnya'), ('lagend', 'dapetnya', 'pangkat'), ('dapetnya', 'pangkat', 'warior'), ('pangkat', 'warior', 'masuk'), ('warior', 'masuk', 'akal'), ('masuk', 'akal', 'mohon'), ('akal', 'mohon', 'benah'), ('mohon', 'benah', 'begitu'), ('benah', 'begitu', 'sudah'), ('begitu', 'sudah', 'maklum'), ('sudah', 'maklum', 'classic'), ('maklum', 'classic', 'lebih')]"
"['selalu', 'adil', 'mana', 'musuh', 'terlalu', 'jago', 'mula']","[('selalu', 'adil', 'mana'), ('adil', 'mana', 'musuh'), ('mana', 'musuh', 'terlalu'), ('musuh', 'terlalu', 'jago'), ('terlalu', 'jago', 'mula')]"
"['ketemu', 'bot']",[]
"['minimal', 'beri', 'musuh', 'sendiri', 'imbang', 'laa', 'sendiri', 'gabisaa', 'lawan', 'jago', 'gimana', 'menang']","[('minimal', 'beri', 'musuh'), ('beri', 'musuh', 'sendiri'), ('musuh', 'sendiri', 'imbang'), ('sendiri', 'imbang', 'laa'), ('imbang', 'laa', 'sendiri'), ('laa', 'sendiri', 'gabisaa'), ('sendiri', 'gabisaa', 'lawan'), ('gabisaa', 'lawan', 'jago'), ('lawan', 'jago', 'gimana'), ('jago', 'gimana', 'menang')]"
"['inih', 'bagus']",[]
"['legends', 'seruu']",[]
['baik'],[]
"['kotol', 'lose', 'lose', 'moga', 'ceper', 'mati', 'nonton']","[('kotol', 'lose', 'lose'), ('lose', 'lose', 'moga'), ('lose', 'moga', 'ceper'), ('moga', 'ceper', 'mati'), ('ceper', 'mati', 'nonton')]"
['tai'],[]
['bantu'],[]
"['tolong', 'baik']",[]
"['bagus', 'ampe', 'ratarata', 'playernya', 'sdm', 'turun']","[('bagus', 'ampe', 'ratarata'), ('ampe', 'ratarata', 'playernya'), ('ratarata', 'playernya', 'sdm'), ('playernya', 'sdm', 'turun')]"
"['wah', 'keren', 'banget', 'ruang', 'clasik', 'brawel', 'arkade', 'tang', 'kasing', 'bintang', 'lima', 'musuh', 'botsemua', 'padaha', 'tang', 'epik', 'kenapa', 'musuh', 'bot']","[('wah', 'keren', 'banget'), ('keren', 'banget', 'ruang'), ('banget', 'ruang', 'clasik'), ('ruang', 'clasik', 'brawel'), ('clasik', 'brawel', 'arkade'), ('brawel', 'arkade', 'tang'), ('arkade', 'tang', 'kasing'), ('tang', 'kasing', 'bintang'), ('kasing', 'bintang', 'lima'), ('bintang', 'lima', 'musuh'), ('lima', 'musuh', 'botsemua'), ('musuh', 'botsemua', 'padaha'), ('botsemua', 'padaha', 'tang'), ('padaha', 'tang', 'epik'), ('tang', 'epik', 'kenapa'), ('epik', 'kenapa', 'musuh'), ('kenapa', 'musuh', 'bot')]"
"['babi', 'selalu', 'sampah']","[('babi', 'selalu', 'sampah')]"
"['hampir', 'semuah', 'gelap', 'kecewa']","[('hampir', 'semuah', 'gelap'), ('semuah', 'gelap', 'kecewa')]"
"['rusak', 'rusak']",[]
"['kenapa', 'selalu', 'bot', 'capek']","[('kenapa', 'selalu', 'bot'), ('selalu', 'bot', 'capek')]"
['bagong'],[]
"['gelap', 'banyak']",[]
"['banyak', 'darksistem', 'n', 'lag']","[('banyak', 'darksistem', 'n'), ('darksistem', 'n', 'lag')]"
"['skrng', 'suka', 'lag', 'pdahl', 'bukak', 'apk', 'lain', 'lancaraja']","[('skrng', 'suka', 'lag'), ('suka', 'lag', 'pdahl'), ('lag', 'pdahl', 'bukak'), ('pdahl', 'bukak', 'apk'), ('bukak', 'apk', 'lain'), ('apk', 'lain', 'lancaraja')]"
"['bagus', 'semua', 'dowlodtannya', 'selalu', 'hilang', 'tinggal', 'sekolah', 'smp', 'hilang', 'mohon', 'baik', 'moga', 'perhati', 'segitu', 'mohon', 'kerja']","[('bagus', 'semua', 'dowlodtannya'), ('semua', 'dowlodtannya', 'selalu'), ('dowlodtannya', 'selalu', 'hilang'), ('selalu', 'hilang', 'tinggal'), ('hilang', 'tinggal', 'sekolah'), ('tinggal', 'sekolah', 'smp'), ('sekolah', 'smp', 'hilang'), ('smp', 'hilang', 'mohon'), ('hilang', 'mohon', 'baik'), ('mohon', 'baik', 'moga'), ('baik', 'moga', 'perhati'), ('moga', 'perhati', 'segitu'), ('perhati', 'segitu', 'mohon'), ('segitu', 'mohon', 'kerja')]"
"['seru', 'iklann', 'skin', 'banyakk', 'lukas', 'zilong', 'lain', 'lain']","[('seru', 'iklann', 'skin'), ('iklann', 'skin', 'banyakk'), ('skin', 'banyakk', 'lukas'), ('banyakk', 'lukas', 'zilong'), ('lukas', 'zilong', 'lain'), ('zilong', 'lain', 'lain')]"
"['makin', 'ancor', 'laq', 'sekrang', 'bagus']","[('makin', 'ancor', 'laq'), ('ancor', 'laq', 'sekrang'), ('laq', 'sekrang', 'bagus')]"
"['makin', 'makin', 'buruk', 'selalu', 'lag', 'mulai', 'jengkel']","[('makin', 'makin', 'buruk'), ('makin', 'buruk', 'selalu'), ('buruk', 'selalu', 'lag'), ('selalu', 'lag', 'mulai'), ('lag', 'mulai', 'jengkel')]"
"['kenapa', 'musuh', 'skin', 'skin', 'gaje', 'sekarang']","[('kenapa', 'musuh', 'skin'), ('musuh', 'skin', 'skin'), ('skin', 'skin', 'gaje'), ('skin', 'gaje', 'sekarang')]"
"['jelas', 'sinyal', 'lag', 'dalem', 'buruk']","[('jelas', 'sinyal', 'lag'), ('sinyal', 'lag', 'dalem'), ('lag', 'dalem', 'buruk')]"
"['kon', 'ol', 'anjg', 'lag', 'parah', 'c', 'k']","[('kon', 'ol', 'anjg'), ('ol', 'anjg', 'lag'), ('anjg', 'lag', 'parah'), ('lag', 'parah', 'c'), ('parah', 'c', 'k')]"
"['lumayan', 'bagus', 'tipe', 'banget', 'rating', 'lebih', 'enak', 'king', 'segi', 'gamplay', 'bagus']","[('lumayan', 'bagus', 'tipe'), ('bagus', 'tipe', 'banget'), ('tipe', 'banget', 'rating'), ('banget', 'rating', 'lebih'), ('rating', 'lebih', 'enak'), ('lebih', 'enak', 'king'), ('enak', 'king', 'segi'), ('king', 'segi', 'gamplay'), ('segi', 'gamplay', 'bagus')]"
['draksistem'],[]
"['jelas', 'gelap', 'semua', 'gendong']","[('jelas', 'gelap', 'semua'), ('gelap', 'semua', 'gendong')]"
"['ilang', 'signal']",[]
"['woy', 'kenapa', 'makin', 'makin', 'lag', 'sinyal', 'pdhal', 'kouta', 'byk', 'sinyal', 'hijau', 'kenapa', 'lag', 'skin', 'banyak', 'lag', 'biarin']","[('woy', 'kenapa', 'makin'), ('kenapa', 'makin', 'makin'), ('makin', 'makin', 'lag'), ('makin', 'lag', 'sinyal'), ('lag', 'sinyal', 'pdhal'), ('sinyal', 'pdhal', 'kouta'), ('pdhal', 'kouta', 'byk'), ('kouta', 'byk', 'sinyal'), ('byk', 'sinyal', 'hijau'), ('sinyal', 'hijau', 'kenapa'), ('hijau', 'kenapa', 'lag'), ('kenapa', 'lag', 'skin'), ('lag', 'skin', 'banyak'), ('skin', 'banyak', 'lag'), ('banyak', 'lag', 'biarin')]"
"['seru', 'baru', 'seru', 'teman', 'cuma', 'punya', 'keluh', 'masa', 'tadi', 'sudah', 'chat', 'yatim', 'random', 'moga', 'ramah', 'semua']","[('seru', 'baru', 'seru'), ('baru', 'seru', 'teman'), ('seru', 'teman', 'cuma'), ('teman', 'cuma', 'punya'), ('cuma', 'punya', 'keluh'), ('punya', 'keluh', 'masa'), ('keluh', 'masa', 'tadi'), ('masa', 'tadi', 'sudah'), ('tadi', 'sudah', 'chat'), ('sudah', 'chat', 'yatim'), ('chat', 'yatim', 'random'), ('yatim', 'random', 'moga'), ('random', 'moga', 'ramah'), ('moga', 'ramah', 'semua')]"
"['season', 'sekarang', 'ngaco', 'auto', 'lag', 'pdhl', 'sinyal', 'wifi', 'amanalhasil', 'jd', 'kalah', 'jg', 'kacausll', 'troll']","[('season', 'sekarang', 'ngaco'), ('sekarang', 'ngaco', 'auto'), ('ngaco', 'auto', 'lag'), ('auto', 'lag', 'pdhl'), ('lag', 'pdhl', 'sinyal'), ('pdhl', 'sinyal', 'wifi'), ('sinyal', 'wifi', 'amanalhasil'), ('wifi', 'amanalhasil', 'jd'), ('amanalhasil', 'jd', 'kalah'), ('jd', 'kalah', 'jg'), ('kalah', 'jg', 'kacausll'), ('jg', 'kacausll', 'troll')]"
"['macthmaking', 'busuk', 'jelas', 'banget', 'beban', 'report', 'sedang', 'sungguh', 'sungguh', 'nak', 'report', 'aneh', 'mtyhic', 'atas', 'aneh', 'aneh', 'atur', 'aneh', 'mending', 'uninstal']","[('macthmaking', 'busuk', 'jelas'), ('busuk', 'jelas', 'banget'), ('jelas', 'banget', 'beban'), ('banget', 'beban', 'report'), ('beban', 'report', 'sedang'), ('report', 'sedang', 'sungguh'), ('sedang', 'sungguh', 'sungguh'), ('sungguh', 'sungguh', 'nak'), ('sungguh', 'nak', 'report'), ('nak', 'report', 'aneh'), ('report', 'aneh', 'mtyhic'), ('aneh', 'mtyhic', 'atas'), ('mtyhic', 'atas', 'aneh'), ('atas', 'aneh', 'aneh'), ('aneh', 'aneh', 'atur'), ('aneh', 'atur', 'aneh'), ('atur', 'aneh', 'mending'), ('aneh', 'mending', 'uninstal')]"
['bagus'],[]
"['bagus', 'bget', 'ramh', 'pk']","[('bagus', 'bget', 'ramh'), ('bget', 'ramh', 'pk')]"
"['sinyal', 'hijau', 'lag', 'sampai', 'afk']","[('sinyal', 'hijau', 'lag'), ('hijau', 'lag', 'sampai'), ('lag', 'sampai', 'afk')]"
"['legends', 'sekarang', 'suka', 'lag', 'gajelas', 'bagus', 'lag', 'sendiri', 'knapa']","[('legends', 'sekarang', 'suka'), ('sekarang', 'suka', 'lag'), ('suka', 'lag', 'gajelas'), ('lag', 'gajelas', 'bagus'), ('gajelas', 'bagus', 'lag'), ('bagus', 'lag', 'sendiri'), ('lag', 'sendiri', 'knapa')]"
"['sampah', 'jelas', 'beranta', 'ngatur', 'kikir', 'busuk']","[('sampah', 'jelas', 'beranta'), ('jelas', 'beranta', 'ngatur'), ('beranta', 'ngatur', 'kikir'), ('ngatur', 'kikir', 'busuk')]"
"['parah', 'kena', 'kredit', 'skor', 'bs', 'ranked', 'cma', 'gara', 'gara', 'kurang', 'bs', 'sperti', 'lain', 'biar', 'lancar', 'mending', 'pindah', 'king']","[('parah', 'kena', 'kredit'), ('kena', 'kredit', 'skor'), ('kredit', 'skor', 'bs'), ('skor', 'bs', 'ranked'), ('bs', 'ranked', 'cma'), ('ranked', 'cma', 'gara'), ('cma', 'gara', 'gara'), ('gara', 'gara', 'kurang'), ('gara', 'kurang', 'bs'), ('kurang', 'bs', 'sperti'), ('bs', 'sperti', 'lain'), ('sperti', 'lain', 'biar'), ('lain', 'biar', 'lancar'), ('biar', 'lancar', 'mending'), ('lancar', 'mending', 'pindah'), ('mending', 'pindah', 'king')]"
['bagus'],[]
"['ngomong', 'tosix', 'sopan', 'kasihan', 'anak', 'anak', 'bawah', 'umur', 'bilang', 'mundur', 'mundur', 'lostreek', 'kualitas', 'bagus', 'mending', 'lain', 'mati', 'suri']","[('ngomong', 'tosix', 'sopan'), ('tosix', 'sopan', 'kasihan'), ('sopan', 'kasihan', 'anak'), ('kasihan', 'anak', 'anak'), ('anak', 'anak', 'bawah'), ('anak', 'bawah', 'umur'), ('bawah', 'umur', 'bilang'), ('umur', 'bilang', 'mundur'), ('bilang', 'mundur', 'mundur'), ('mundur', 'mundur', 'lostreek'), ('mundur', 'lostreek', 'kualitas'), ('lostreek', 'kualitas', 'bagus'), ('kualitas', 'bagus', 'mending'), ('bagus', 'mending', 'lain'), ('mending', 'lain', 'mati'), ('lain', 'mati', 'suri')]"
"['masa', 'iya', 'ketemu', 'trio', 'gitu', 'duoyg', 'imbang']","[('masa', 'iya', 'ketemu'), ('iya', 'ketemu', 'trio'), ('ketemu', 'trio', 'gitu'), ('trio', 'gitu', 'duoyg'), ('gitu', 'duoyg', 'imbang')]"
"['kalah', 'naik', 'legendmonton', 'kecewa']","[('kalah', 'naik', 'legendmonton'), ('naik', 'legendmonton', 'kecewa')]"
['haji'],[]
"['beri', 'ma', 'en', 'tolol', 'semua']","[('beri', 'ma', 'en'), ('ma', 'en', 'tolol'), ('en', 'tolol', 'semua')]"
['lumayan'],[]
"['bento', 'banyak', 'bot']","[('bento', 'banyak', 'bot')]"
"['ehh', 'poke', 'punya', 'apk', 'baharu', 'update', 'tan', 'benar', 'emosi', 'ping', 'stabil', 'fress', 'kwk', 'laq', 'laku', 'lalai', 'update']","[('ehh', 'poke', 'punya'), ('poke', 'punya', 'apk'), ('punya', 'apk', 'baharu'), ('apk', 'baharu', 'update'), ('baharu', 'update', 'tan'), ('update', 'tan', 'benar'), ('tan', 'benar', 'emosi'), ('benar', 'emosi', 'ping'), ('emosi', 'ping', 'stabil'), ('ping', 'stabil', 'fress'), ('stabil', 'fress', 'kwk'), ('fress', 'kwk', 'laq'), ('kwk', 'laq', 'laku'), ('laq', 'laku', 'lalai'), ('laku', 'lalai', 'update')]"
"['aneh', 'sekarang', 'mulai', 'mact', 'tulis', 'reconet', 'sinyal', 'bagus', 'winstrake', 'hancur', 'gara', 'gara', 'haduh', 'mohon', 'perhatianya']","[('aneh', 'sekarang', 'mulai'), ('sekarang', 'mulai', 'mact'), ('mulai', 'mact', 'tulis'), ('mact', 'tulis', 'reconet'), ('tulis', 'reconet', 'sinyal'), ('reconet', 'sinyal', 'bagus'), ('sinyal', 'bagus', 'winstrake'), ('bagus', 'winstrake', 'hancur'), ('winstrake', 'hancur', 'gara'), ('hancur', 'gara', 'gara'), ('gara', 'gara', 'haduh'), ('gara', 'haduh', 'mohon'), ('haduh', 'mohon', 'perhatianya')]"
"['akhir', 'bug', 'jelas', 'sampai', 'late', 'mainin', 'lancar', 'suka', 'lag', 'sungguh', 'masuk', 'akal', 'tolong', 'baik']","[('akhir', 'bug', 'jelas'), ('bug', 'jelas', 'sampai'), ('jelas', 'sampai', 'late'), ('sampai', 'late', 'mainin'), ('late', 'mainin', 'lancar'), ('mainin', 'lancar', 'suka'), ('lancar', 'suka', 'lag'), ('suka', 'lag', 'sungguh'), ('lag', 'sungguh', 'masuk'), ('sungguh', 'masuk', 'akal'), ('masuk', 'akal', 'tolong'), ('akal', 'tolong', 'baik')]"
"['coba', 'tambahin', 'ngirim', 'battle', 'poin', 'biar', 'ngirim', 'teman']","[('coba', 'tambahin', 'ngirim'), ('tambahin', 'ngirim', 'battle'), ('ngirim', 'battle', 'poin'), ('battle', 'poin', 'biar'), ('poin', 'biar', 'ngirim'), ('biar', 'ngirim', 'teman')]"
"['bagus', 'keren', 'bagus', 'bagus', 'balik', 'jembut', 'buruk', 'buruk']","[('bagus', 'keren', 'bagus'), ('keren', 'bagus', 'bagus'), ('bagus', 'bagus', 'balik'), ('bagus', 'balik', 'jembut'), ('balik', 'jembut', 'buruk'), ('jembut', 'buruk', 'buruk')]"
"['makin', 'makin', 'jelas', 'masalah', 'jelek', 'banget', 'stabil', 'suka', 'lag', 'tibajadi', 'makin', 'males', 'update', 'makin', 'gede', 'mb', 'baik', 'sudah', 'waras']","[('makin', 'makin', 'jelas'), ('makin', 'jelas', 'masalah'), ('jelas', 'masalah', 'jelek'), ('masalah', 'jelek', 'banget'), ('jelek', 'banget', 'stabil'), ('banget', 'stabil', 'suka'), ('stabil', 'suka', 'lag'), ('suka', 'lag', 'tibajadi'), ('lag', 'tibajadi', 'makin'), ('tibajadi', 'makin', 'males'), ('makin', 'males', 'update'), ('males', 'update', 'makin'), ('update', 'makin', 'gede'), ('makin', 'gede', 'mb'), ('gede', 'mb', 'baik'), ('mb', 'baik', 'sudah'), ('baik', 'sudah', 'waras')]"
"['waw', 'seru']",[]
"['mantap', 'bagus', 'banget', 'ws', 'alhamdulillah']","[('mantap', 'bagus', 'banget'), ('bagus', 'banget', 'ws'), ('banget', 'ws', 'alhamdulillah')]"
"['bagussihh', 'tolong', 'gelap', 'hapus']","[('bagussihh', 'tolong', 'gelap'), ('tolong', 'gelap', 'hapus')]"
"['sukak', 'user', 'franko', 'tari', 'maut', 'langsung', 'kena', 'lord']","[('sukak', 'user', 'franko'), ('user', 'franko', 'tari'), ('franko', 'tari', 'maut'), ('tari', 'maut', 'langsung'), ('maut', 'langsung', 'kena'), ('langsung', 'kena', 'lord')]"
"['sedot', 'makin', 'makin', 'jelek', 'makin', 'buruk', 'full', 'leq', 'bnyak', 'bug']","[('sedot', 'makin', 'makin'), ('makin', 'makin', 'jelek'), ('makin', 'jelek', 'makin'), ('jelek', 'makin', 'buruk'), ('makin', 'buruk', 'full'), ('buruk', 'full', 'leq'), ('full', 'leq', 'bnyak'), ('leq', 'bnyak', 'bug')]"
"['moga', 'bagus']",[]
"['buruk', 'banyak', 'draksistem', 'buruk', 'pernah']","[('buruk', 'banyak', 'draksistem'), ('banyak', 'draksistem', 'buruk'), ('draksistem', 'buruk', 'pernah')]"
"['makin', 'lama', 'makin', 'anj', 'bagus', 'stabil', 'gabisa', 'gerak', 'pencet', 'bilang', 'buruk', 'muncul', 'bagusstabil', 'jelas', 'musuh', 'party', 'posisi', 'menang', 'hubung', 'ulang', 'make', 'kuota']","[('makin', 'lama', 'makin'), ('lama', 'makin', 'anj'), ('makin', 'anj', 'bagus'), ('anj', 'bagus', 'stabil'), ('bagus', 'stabil', 'gabisa'), ('stabil', 'gabisa', 'gerak'), ('gabisa', 'gerak', 'pencet'), ('gerak', 'pencet', 'bilang'), ('pencet', 'bilang', 'buruk'), ('bilang', 'buruk', 'muncul'), ('buruk', 'muncul', 'bagusstabil'), ('muncul', 'bagusstabil', 'jelas'), ('bagusstabil', 'jelas', 'musuh'), ('jelas', 'musuh', 'party'), ('musuh', 'party', 'posisi'), ('party', 'posisi', 'menang'), ('posisi', 'menang', 'hubung'), ('menang', 'hubung', 'ulang'), ('hubung', 'ulang', 'make'), ('ulang', 'make', 'kuota')]"
"['rusak', 'bug', 'afk', 'bodo']","[('rusak', 'bug', 'afk'), ('bug', 'afk', 'bodo')]"
"['bagus', 'banget', 'bos']","[('bagus', 'banget', 'bos')]"
"['keri', 'gs', 'jangn', 'coba', 'adik', 'mainnin', 'lama', 'bulan', 'lebih', 'masuk', 'rumah', 'sakit', 'jiwa', 'setress', 'lebih', 'habus', 'baik', 'kesehatanmental']","[('keri', 'gs', 'jangn'), ('gs', 'jangn', 'coba'), ('jangn', 'coba', 'adik'), ('coba', 'adik', 'mainnin'), ('adik', 'mainnin', 'lama'), ('mainnin', 'lama', 'bulan'), ('lama', 'bulan', 'lebih'), ('bulan', 'lebih', 'masuk'), ('lebih', 'masuk', 'rumah'), ('masuk', 'rumah', 'sakit'), ('rumah', 'sakit', 'jiwa'), ('sakit', 'jiwa', 'setress'), ('jiwa', 'setress', 'lebih'), ('setress', 'lebih', 'habus'), ('lebih', 'habus', 'baik'), ('habus', 'baik', 'kesehatanmental')]"
"['hadeuh', 'mah', 'seru', 'stres', 'wortit', 'banget', 'apalgi', 'sengaja', 'banget', 'kasi', 'gelap', 'gelap', 'melulu', 'tambah', 'sinyal', 'bagus', 'lag', 'lag']","[('hadeuh', 'mah', 'seru'), ('mah', 'seru', 'stres'), ('seru', 'stres', 'wortit'), ('stres', 'wortit', 'banget'), ('wortit', 'banget', 'apalgi'), ('banget', 'apalgi', 'sengaja'), ('apalgi', 'sengaja', 'banget'), ('sengaja', 'banget', 'kasi'), ('banget', 'kasi', 'gelap'), ('kasi', 'gelap', 'gelap'), ('gelap', 'gelap', 'melulu'), ('gelap', 'melulu', 'tambah'), ('melulu', 'tambah', 'sinyal'), ('tambah', 'sinyal', 'bagus'), ('sinyal', 'bagus', 'lag'), ('bagus', 'lag', 'lag')]"
"['makin', 'update', 'lag', 'enak', 'khusus', 'mending', 'usah', 'maksa', 'yaudah', 'awas', 'darah', 'tinggi', 'bubarin', 'tod']","[('makin', 'update', 'lag'), ('update', 'lag', 'enak'), ('lag', 'enak', 'khusus'), ('enak', 'khusus', 'mending'), ('khusus', 'mending', 'usah'), ('mending', 'usah', 'maksa'), ('usah', 'maksa', 'yaudah'), ('maksa', 'yaudah', 'awas'), ('yaudah', 'awas', 'darah'), ('awas', 'darah', 'tinggi'), ('darah', 'tinggi', 'bubarin'), ('tinggi', 'bubarin', 'tod')]"
"['seru', 'cari', 'teman', 'pacar']","[('seru', 'cari', 'teman'), ('cari', 'teman', 'pacar')]"
['seru'],[]
"['moga', 'sabar', 'tinggi', 'serta', 'semua', 'domzz', 'stay']","[('moga', 'sabar', 'tinggi'), ('sabar', 'tinggi', 'serta'), ('tinggi', 'serta', 'semua'), ('serta', 'semua', 'domzz'), ('semua', 'domzz', 'stay')]"
"['seru', 'epic', 'moga', 'onic']","[('seru', 'epic', 'moga'), ('epic', 'moga', 'onic')]"
"['lovyu', 'muntun', 'akun', 'balik', 'cs', 'bgus', 'banget', 'banget', 'banget', 'lovyu', 'muntun']","[('lovyu', 'muntun', 'akun'), ('muntun', 'akun', 'balik'), ('akun', 'balik', 'cs'), ('balik', 'cs', 'bgus'), ('cs', 'bgus', 'banget'), ('bgus', 'banget', 'banget'), ('banget', 'banget', 'banget'), ('banget', 'banget', 'lovyu'), ('banget', 'lovyu', 'muntun')]"
"['jangan', 'guys', 'haram', 'isi', 'gelap', 'selalu', 'kalah', 'adil', 'scak', 'epic', 'gegera', 'gelap', 'tolong', 'pisahin', 'gelap', 'kikirr', 'emosi', 'bukan', 'ngilangin', 'stres', 'tambah', 'stres', 'haram', 'kikir', 'poke', 'adil', 'ngepus', 'sampai', 'imo', 'nyata', 'kalah', 'haram', 'tolong', 'not', 'mending', 'free', 'fire', 'lose', 'treak', 'cape', 'epic', 'tolong', 'bagus']","[('jangan', 'guys', 'haram'), ('guys', 'haram', 'isi'), ('haram', 'isi', 'gelap'), ('isi', 'gelap', 'selalu'), ('gelap', 'selalu', 'kalah'), ('selalu', 'kalah', 'adil'), ('kalah', 'adil', 'scak'), ('adil', 'scak', 'epic'), ('scak', 'epic', 'gegera'), ('epic', 'gegera', 'gelap'), ('gegera', 'gelap', 'tolong'), ('gelap', 'tolong', 'pisahin'), ('tolong', 'pisahin', 'gelap'), ('pisahin', 'gelap', 'kikirr'), ('gelap', 'kikirr', 'emosi'), ('kikirr', 'emosi', 'bukan'), ('emosi', 'bukan', 'ngilangin'), ('bukan', 'ngilangin', 'stres'), ('ngilangin', 'stres', 'tambah'), ('stres', 'tambah', 'stres'), ('tambah', 'stres', 'haram'), ('stres', 'haram', 'kikir'), ('haram', 'kikir', 'poke'), ('kikir', 'poke', 'adil'), ('poke', 'adil', 'ngepus'), ('adil', 'ngepus', 'sampai'), ('ngepus', 'sampai', 'imo'), ('sampai', 'imo', 'nyata'), ('imo', 'nyata', 'kalah'), ('nyata', 'kalah', 'haram'), ('kalah', 'haram', 'tolong'), ('haram', 'tolong', 'not'), ('tolong', 'not', 'mending'), ('not', 'mending', 'free'), ('mending', 'free', 'fire'), ('free', 'fire', 'lose'), ('fire', 'lose', 'treak'), ('lose', 'treak', 'cape'), ('treak', 'cape', 'epic'), ('cape', 'epic', 'tolong'), ('epic', 'tolong', 'bagus')]"
"['legends', 'nggk', 'mobil', 'aplikasi', 'nggk', 'didonwloadya', 'mungkin', 'nokia', 'hehe']","[('legends', 'nggk', 'mobil'), ('nggk', 'mobil', 'aplikasi'), ('mobil', 'aplikasi', 'nggk'), ('aplikasi', 'nggk', 'didonwloadya'), ('nggk', 'didonwloadya', 'mungkin'), ('didonwloadya', 'mungkin', 'nokia'), ('mungkin', 'nokia', 'hehe')]"
"['kontribusi', 'playernya', 'toxic', 'trs', 'wifi', 'lag', 'scroll', 'yt', 'tiktok', 'lag']","[('kontribusi', 'playernya', 'toxic'), ('playernya', 'toxic', 'trs'), ('toxic', 'trs', 'wifi'), ('trs', 'wifi', 'lag'), ('wifi', 'lag', 'scroll'), ('lag', 'scroll', 'yt'), ('scroll', 'yt', 'tiktok'), ('yt', 'tiktok', 'lag')]"
"['makin', 'jelas', 'resah', 'tambah', 'makin', 'banyak', 'draksistem', 'adalagi', 'bila', 'bintang', 'ketemu', 'trol', 'makin', 'makin', 'bb']","[('makin', 'jelas', 'resah'), ('jelas', 'resah', 'tambah'), ('resah', 'tambah', 'makin'), ('tambah', 'makin', 'banyak'), ('makin', 'banyak', 'draksistem'), ('banyak', 'draksistem', 'adalagi'), ('draksistem', 'adalagi', 'bila'), ('adalagi', 'bila', 'bintang'), ('bila', 'bintang', 'ketemu'), ('bintang', 'ketemu', 'trol'), ('ketemu', 'trol', 'makin'), ('trol', 'makin', 'makin'), ('makin', 'makin', 'bb')]"
"['najis', 'bug', 'lol', 'emosi', 'rusak', 'bug', 'buka', 'aplikasi', 'lain', 'lancar', 'jaya', 'kocak']","[('najis', 'bug', 'lol'), ('bug', 'lol', 'emosi'), ('lol', 'emosi', 'rusak'), ('emosi', 'rusak', 'bug'), ('rusak', 'bug', 'buka'), ('bug', 'buka', 'aplikasi'), ('buka', 'aplikasi', 'lain'), ('aplikasi', 'lain', 'lancar'), ('lain', 'lancar', 'jaya'), ('lancar', 'jaya', 'kocak')]"
"['gonta', 'ganti', 'provider', 'clasic', 'super', 'lag', 'niat', 'cari', 'hibur', 'emosi', 'uninstall', 'males']","[('gonta', 'ganti', 'provider'), ('ganti', 'provider', 'clasic'), ('provider', 'clasic', 'super'), ('clasic', 'super', 'lag'), ('super', 'lag', 'niat'), ('lag', 'niat', 'cari'), ('niat', 'cari', 'hibur'), ('cari', 'hibur', 'emosi'), ('hibur', 'emosi', 'uninstall'), ('emosi', 'uninstall', 'males')]"
"['merah', 'bgs', 'classic', 'bagus', 'kacau', 'skrng', 'bagus']","[('merah', 'bgs', 'classic'), ('bgs', 'classic', 'bagus'), ('classic', 'bagus', 'kacau'), ('bagus', 'kacau', 'skrng'), ('kacau', 'skrng', 'bagus')]"
"['hello', 'justin', 'yuan', 'and', 'watson', 'xu', 'zhenhua', 'will', 'never', 'read', 'letter', 'al', 'jabar', 'you', 'm', 'already', 'hurt', 'by', 'you', 'so', 'congratulations', 'on', 'what', 'will', 'happen', 'pain', 'that', 'why']","[('hello', 'justin', 'yuan'), ('justin', 'yuan', 'and'), ('yuan', 'and', 'watson'), ('and', 'watson', 'xu'), ('watson', 'xu', 'zhenhua'), ('xu', 'zhenhua', 'will'), ('zhenhua', 'will', 'never'), ('will', 'never', 'read'), ('never', 'read', 'letter'), ('read', 'letter', 'al'), ('letter', 'al', 'jabar'), ('al', 'jabar', 'you'), ('jabar', 'you', 'm'), ('you', 'm', 'already'), ('m', 'already', 'hurt'), ('already', 'hurt', 'by'), ('hurt', 'by', 'you'), ('by', 'you', 'so'), ('you', 'so', 'congratulations'), ('so', 'congratulations', 'on'), ('congratulations', 'on', 'what'), ('on', 'what', 'will'), ('what', 'will', 'happen'), ('will', 'happen', 'pain'), ('happen', 'pain', 'that'), ('pain', 'that', 'why')]"
"['kece', 'badai']",[]
"['ngasi', 'teman', 'tu', 'benar', 'gausah', 'kawan', 'epik', 'lawan', 'glory', 'imbang', 'menang', 'kalah', 'sampek', 'imbang', 'kawan', 'lawan', 'cuihh']","[('ngasi', 'teman', 'tu'), ('teman', 'tu', 'benar'), ('tu', 'benar', 'gausah'), ('benar', 'gausah', 'kawan'), ('gausah', 'kawan', 'epik'), ('kawan', 'epik', 'lawan'), ('epik', 'lawan', 'glory'), ('lawan', 'glory', 'imbang'), ('glory', 'imbang', 'menang'), ('imbang', 'menang', 'kalah'), ('menang', 'kalah', 'sampek'), ('kalah', 'sampek', 'imbang'), ('sampek', 'imbang', 'kawan'), ('imbang', 'kawan', 'lawan'), ('kawan', 'lawan', 'cuihh')]"
"['sip', 'bagus']",[]
"['kadang', 'kadang', 'emosi']","[('kadang', 'kadang', 'emosi')]"
['seru'],[]
"['lumayan', 'agak', 'agak', 'lag']","[('lumayan', 'agak', 'agak'), ('agak', 'agak', 'lag')]"
"['bjirr', 'baru', 'bulan', 'epic']","[('bjirr', 'baru', 'bulan'), ('baru', 'bulan', 'epic')]"
"['ygy', 'donlowd', 'usak', 'mentaly', 'saling', 'ngejek', 'toxic', 'recal', 'ramah', 'dikill', 'musuh', 'lansung', 'lanjut', 'cril', 'mah', 'ngetik', 'dikill', 'musuh', 'omongin', 'pou', 'recal', 'ygy', 'jgn', 'donlowd', 'banke', 'tolol', 'idiot', 'montod']","[('ygy', 'donlowd', 'usak'), ('donlowd', 'usak', 'mentaly'), ('usak', 'mentaly', 'saling'), ('mentaly', 'saling', 'ngejek'), ('saling', 'ngejek', 'toxic'), ('ngejek', 'toxic', 'recal'), ('toxic', 'recal', 'ramah'), ('recal', 'ramah', 'dikill'), ('ramah', 'dikill', 'musuh'), ('dikill', 'musuh', 'lansung'), ('musuh', 'lansung', 'lanjut'), ('lansung', 'lanjut', 'cril'), ('lanjut', 'cril', 'mah'), ('cril', 'mah', 'ngetik'), ('mah', 'ngetik', 'dikill'), ('ngetik', 'dikill', 'musuh'), ('dikill', 'musuh', 'omongin'), ('musuh', 'omongin', 'pou'), ('omongin', 'pou', 'recal'), ('pou', 'recal', 'ygy'), ('recal', 'ygy', 'jgn'), ('ygy', 'jgn', 'donlowd'), ('jgn', 'donlowd', 'banke'), ('donlowd', 'banke', 'tolol'), ('banke', 'tolol', 'idiot'), ('tolol', 'idiot', 'montod')]"
"['win', 'lose', 'gitu', 'sampai', 'tres', 'sekarang', 'sudah', 'hapus', 'tres']","[('win', 'lose', 'gitu'), ('lose', 'gitu', 'sampai'), ('gitu', 'sampai', 'tres'), ('sampai', 'tres', 'sekarang'), ('tres', 'sekarang', 'sudah'), ('sekarang', 'sudah', 'hapus'), ('sudah', 'hapus', 'tres')]"
"['buruk', 'sinyal', 'bagus', 'lag', 'lag', 'riport', 'sudah', 'bagus', 'sinyal', 'cok', 'cek', 'sudah', 'bagus', 'abang']","[('buruk', 'sinyal', 'bagus'), ('sinyal', 'bagus', 'lag'), ('bagus', 'lag', 'lag'), ('lag', 'lag', 'riport'), ('lag', 'riport', 'sudah'), ('riport', 'sudah', 'bagus'), ('sudah', 'bagus', 'sinyal'), ('bagus', 'sinyal', 'cok'), ('sinyal', 'cok', 'cek'), ('cok', 'cek', 'sudah'), ('cek', 'sudah', 'bagus'), ('sudah', 'bagus', 'abang')]"
"['ayo', 'rusak', 'enginesistem']","[('ayo', 'rusak', 'enginesistem')]"
"['naon', 'naon', 'minion', 'aing', 'kalah', 'nyerang', 'base', 'aing', 'tolol', 'minion', 'kanker']","[('naon', 'naon', 'minion'), ('naon', 'minion', 'aing'), ('minion', 'aing', 'kalah'), ('aing', 'kalah', 'nyerang'), ('kalah', 'nyerang', 'base'), ('nyerang', 'base', 'aing'), ('base', 'aing', 'tolol'), ('aing', 'tolol', 'minion'), ('tolol', 'minion', 'kanker')]"
"['memng', 'mantap', 'bosan']","[('memng', 'mantap', 'bosan')]"
"['bagus', 'seru', 'banget', 'buru', 'coba']","[('bagus', 'seru', 'banget'), ('seru', 'banget', 'buru'), ('banget', 'buru', 'coba')]"
"['beri', 'adil', 'pensi']","[('beri', 'adil', 'pensi')]"
"['tolong', 'baik', 'signyal', 'full', 'patah']","[('tolong', 'baik', 'signyal'), ('baik', 'signyal', 'full'), ('signyal', 'full', 'patah')]"
"['uda', 'lama', 'sekarang', 'sekarang', 'lag', 'gejalas', 'bahkan', 'sampai', 'ngga', 'gerak', 'sinyal', 'bagus', 'wifi', 'bagus', 'tolong', 'server', 'baik', 'mas', 'ngga', 'baik', 'hormat', 'uninstal']","[('uda', 'lama', 'sekarang'), ('lama', 'sekarang', 'sekarang'), ('sekarang', 'sekarang', 'lag'), ('sekarang', 'lag', 'gejalas'), ('lag', 'gejalas', 'bahkan'), ('gejalas', 'bahkan', 'sampai'), ('bahkan', 'sampai', 'ngga'), ('sampai', 'ngga', 'gerak'), ('ngga', 'gerak', 'sinyal'), ('gerak', 'sinyal', 'bagus'), ('sinyal', 'bagus', 'wifi'), ('bagus', 'wifi', 'bagus'), ('wifi', 'bagus', 'tolong'), ('bagus', 'tolong', 'server'), ('tolong', 'server', 'baik'), ('server', 'baik', 'mas'), ('baik', 'mas', 'ngga'), ('mas', 'ngga', 'baik'), ('ngga', 'baik', 'hormat'), ('baik', 'hormat', 'uninstal')]"
"['makin', 'devices', 'friendly', 'detik', 'sampai', 'frame', 'drop', 'fps', 'per', 'detik', 'parah', 'alhasil', 'ganti', 'emblem', 'battle', 'spell', 'bayang', 'suruh', 'fast', 'respon', 'cuma', 'detik', 'chipset', 'sd', 'kurang', 'kah']","[('makin', 'devices', 'friendly'), ('devices', 'friendly', 'detik'), ('friendly', 'detik', 'sampai'), ('detik', 'sampai', 'frame'), ('sampai', 'frame', 'drop'), ('frame', 'drop', 'fps'), ('drop', 'fps', 'per'), ('fps', 'per', 'detik'), ('per', 'detik', 'parah'), ('detik', 'parah', 'alhasil'), ('parah', 'alhasil', 'ganti'), ('alhasil', 'ganti', 'emblem'), ('ganti', 'emblem', 'battle'), ('emblem', 'battle', 'spell'), ('battle', 'spell', 'bayang'), ('spell', 'bayang', 'suruh'), ('bayang', 'suruh', 'fast'), ('suruh', 'fast', 'respon'), ('fast', 'respon', 'cuma'), ('respon', 'cuma', 'detik'), ('cuma', 'detik', 'chipset'), ('detik', 'chipset', 'sd'), ('chipset', 'sd', 'kurang'), ('sd', 'kurang', 'kah')]"
"['makin', 'makin', 'jelas', 'lag', 'selalu', 'kalah', 'untun', 'jelek']","[('makin', 'makin', 'jelas'), ('makin', 'jelas', 'lag'), ('jelas', 'lag', 'selalu'), ('lag', 'selalu', 'kalah'), ('selalu', 'kalah', 'untun'), ('kalah', 'untun', 'jelek')]"
"['jelek', 'sekarang', 'ngga', 'android']","[('jelek', 'sekarang', 'ngga'), ('sekarang', 'ngga', 'android')]"
[],[]
['gelap'],[]
"['macam', 'seru', 'banget']","[('macam', 'seru', 'banget')]"
['bagus'],[]
"['ciga', 'bagong', 'ayna', 'sia', 't', 'ngajawab', 'tanya', 'aing', 'kana', 'aing', 'sia', 'jieun', 'rem', 'najis', 'ayna', 'mah', 'aing', 'kudu', 'deui', 'ieu']","[('ciga', 'bagong', 'ayna'), ('bagong', 'ayna', 'sia'), ('ayna', 'sia', 't'), ('sia', 't', 'ngajawab'), ('t', 'ngajawab', 'tanya'), ('ngajawab', 'tanya', 'aing'), ('tanya', 'aing', 'kana'), ('aing', 'kana', 'aing'), ('kana', 'aing', 'sia'), ('aing', 'sia', 'jieun'), ('sia', 'jieun', 'rem'), ('jieun', 'rem', 'najis'), ('rem', 'najis', 'ayna'), ('najis', 'ayna', 'mah'), ('ayna', 'mah', 'aing'), ('mah', 'aing', 'kudu'), ('aing', 'kudu', 'deui'), ('kudu', 'deui', 'ieu')]"
"['mkin', 'rusak', 'suka', 'lag', 'pdhal', 'jringan', 'hijau', 'mnding', 'usah', 'dowload']","[('mkin', 'rusak', 'suka'), ('rusak', 'suka', 'lag'), ('suka', 'lag', 'pdhal'), ('lag', 'pdhal', 'jringan'), ('pdhal', 'jringan', 'hijau'), ('jringan', 'hijau', 'mnding'), ('hijau', 'mnding', 'usah'), ('mnding', 'usah', 'dowload')]"
['hama'],[]
"['sinyal', 'bagus', 'lag', 'emosi']","[('sinyal', 'bagus', 'lag'), ('bagus', 'lag', 'emosi')]"
"['lag', 'wifi']",[]
"['guna', 'jelek', 'nonton', 'yt', 'ig', 'tiktok', 'lancar', 'banget', 'asli', 'guna', 'kntol']","[('guna', 'jelek', 'nonton'), ('jelek', 'nonton', 'yt'), ('nonton', 'yt', 'ig'), ('yt', 'ig', 'tiktok'), ('ig', 'tiktok', 'lancar'), ('tiktok', 'lancar', 'banget'), ('lancar', 'banget', 'asli'), ('banget', 'asli', 'guna'), ('asli', 'guna', 'kntol')]"
"['bagus', 'bangett']",[]
"['makin', 'buruk', 'kagak', 'senengin', 'selalu', 'feeder', 'bot', 'tahu', 'jenis', 'item', 'emblem', 'butuh', 'terkadang', 'asal', 'pilih', 'king', 'jauh', 'lebih', 'seru']","[('makin', 'buruk', 'kagak'), ('buruk', 'kagak', 'senengin'), ('kagak', 'senengin', 'selalu'), ('senengin', 'selalu', 'feeder'), ('selalu', 'feeder', 'bot'), ('feeder', 'bot', 'tahu'), ('bot', 'tahu', 'jenis'), ('tahu', 'jenis', 'item'), ('jenis', 'item', 'emblem'), ('item', 'emblem', 'butuh'), ('emblem', 'butuh', 'terkadang'), ('butuh', 'terkadang', 'asal'), ('terkadang', 'asal', 'pilih'), ('asal', 'pilih', 'king'), ('pilih', 'king', 'jauh'), ('king', 'jauh', 'lebih'), ('jauh', 'lebih', 'seru')]"
"['buruk', 'kau', 'bagus', 'bagus', 'sikit', 'beri', 't', 'n', 'semua', 'hapus', 'play', 'store']","[('buruk', 'kau', 'bagus'), ('kau', 'bagus', 'bagus'), ('bagus', 'bagus', 'sikit'), ('bagus', 'sikit', 'beri'), ('sikit', 'beri', 't'), ('beri', 't', 'n'), ('t', 'n', 'semua'), ('n', 'semua', 'hapus'), ('semua', 'hapus', 'play'), ('hapus', 'play', 'store')]"
"['bagus', 'usia', 'baik']","[('bagus', 'usia', 'baik')]"
"['update', 'season', 'pernah', 'rusak', 'sinyal', 'bagus', 'lag', 'butut']","[('update', 'season', 'pernah'), ('season', 'pernah', 'rusak'), ('pernah', 'rusak', 'sinyal'), ('rusak', 'sinyal', 'bagus'), ('sinyal', 'bagus', 'lag'), ('bagus', 'lag', 'butut')]"
"['kalah', 'lawa', 'ngeri', 'lol']","[('kalah', 'lawa', 'ngeri'), ('lawa', 'ngeri', 'lol')]"
['aneh'],[]
['buruk'],[]
"['muak', 'daritadi', 'sengaja', 'kalah']","[('muak', 'daritadi', 'sengaja'), ('daritadi', 'sengaja', 'kalah')]"
"['tolong', 'notice', 'milik', 'masuk', 'coba', 'tambah', 'brawl', 'brawl', 'masuk', 'semangat']","[('tolong', 'notice', 'milik'), ('notice', 'milik', 'masuk'), ('milik', 'masuk', 'coba'), ('masuk', 'coba', 'tambah'), ('coba', 'tambah', 'brawl'), ('tambah', 'brawl', 'brawl'), ('brawl', 'brawl', 'masuk'), ('brawl', 'masuk', 'semangat')]"
"['sinyal', 'down', 'pernah', 'perhati', 'complain', 'ttg', 'stabil', 'sinyal', 'update', 'baru', 'lag', 'parah']","[('sinyal', 'down', 'pernah'), ('down', 'pernah', 'perhati'), ('pernah', 'perhati', 'complain'), ('perhati', 'complain', 'ttg'), ('complain', 'ttg', 'stabil'), ('ttg', 'stabil', 'sinyal'), ('stabil', 'sinyal', 'update'), ('sinyal', 'update', 'baru'), ('update', 'baru', 'lag'), ('baru', 'lag', 'parah')]"
"['jelas', 'lama', 'update', 'makin', 'parah', 'lag', 'pdhl', 'hijau', 'sinyal', 'msuk', 'lagg', 'afk', 'jelas']","[('jelas', 'lama', 'update'), ('lama', 'update', 'makin'), ('update', 'makin', 'parah'), ('makin', 'parah', 'lag'), ('parah', 'lag', 'pdhl'), ('lag', 'pdhl', 'hijau'), ('pdhl', 'hijau', 'sinyal'), ('hijau', 'sinyal', 'msuk'), ('sinyal', 'msuk', 'lagg'), ('msuk', 'lagg', 'afk'), ('lagg', 'afk', 'jelas')]"
"['gaje', 'glory', 'isi', 'tetp', 'banyak', 'draksisitem']","[('gaje', 'glory', 'isi'), ('glory', 'isi', 'tetp'), ('isi', 'tetp', 'banyak'), ('tetp', 'banyak', 'draksisitem')]"
"['mending', 'lain', 'curang']","[('mending', 'lain', 'curang')]"
"['munafik', 'bego', 'win', 'klh', 'dlu', 'wkwk', 'buruk', 'push', 'lama', 'stack', 'lingkar', 'setan', 'gtu', 'mending', 'pindah', 'ketimbang', 'kikir', 'stack', 'mawi', 'minimal', 'beri', 'imbang', 'sedikit', 'biadab', 'masa', 'musuh', 'pro', 'bot', 'mikir', 'bego', 'mending', 'ep', 'ep', 'ketimbang', 'kikir']","[('munafik', 'bego', 'win'), ('bego', 'win', 'klh'), ('win', 'klh', 'dlu'), ('klh', 'dlu', 'wkwk'), ('dlu', 'wkwk', 'buruk'), ('wkwk', 'buruk', 'push'), ('buruk', 'push', 'lama'), ('push', 'lama', 'stack'), ('lama', 'stack', 'lingkar'), ('stack', 'lingkar', 'setan'), ('lingkar', 'setan', 'gtu'), ('setan', 'gtu', 'mending'), ('gtu', 'mending', 'pindah'), ('mending', 'pindah', 'ketimbang'), ('pindah', 'ketimbang', 'kikir'), ('ketimbang', 'kikir', 'stack'), ('kikir', 'stack', 'mawi'), ('stack', 'mawi', 'minimal'), ('mawi', 'minimal', 'beri'), ('minimal', 'beri', 'imbang'), ('beri', 'imbang', 'sedikit'), ('imbang', 'sedikit', 'biadab'), ('sedikit', 'biadab', 'masa'), ('biadab', 'masa', 'musuh'), ('masa', 'musuh', 'pro'), ('musuh', 'pro', 'bot'), ('pro', 'bot', 'mikir'), ('bot', 'mikir', 'bego'), ('mikir', 'bego', 'mending'), ('bego', 'mending', 'ep'), ('mending', 'ep', 'ep'), ('ep', 'ep', 'ketimbang'), ('ep', 'ketimbang', 'kikir')]"
"['makin', 'absurb', 'imbang', 'cuih', 'sampah', 'staffnya', 'ngga', 'kerja']","[('makin', 'absurb', 'imbang'), ('absurb', 'imbang', 'cuih'), ('imbang', 'cuih', 'sampah'), ('cuih', 'sampah', 'staffnya'), ('sampah', 'staffnya', 'ngga'), ('staffnya', 'ngga', 'kerja')]"
"['cocok', 'bintang', 'satu', 'ws', 'ls']","[('cocok', 'bintang', 'satu'), ('bintang', 'satu', 'ws'), ('satu', 'ws', 'ls')]"
"['alam', 'senang', 'bagus', 'inspirasi', 'tokohtokoh', 'nasional', 'kenal', 'negara', 'beda', 'tema', 'tarik', 'dukung', 'kembang', 'lonjak', 'drastis', 'sudah', 'masuk', 'salah', 'satu', 'favorit', 'alam', 'virtual', 'senang', 'senang', 'selalu', 'buff', 'nerf', 'sesuai', 'play', 'imbang']","[('alam', 'senang', 'bagus'), ('senang', 'bagus', 'inspirasi'), ('bagus', 'inspirasi', 'tokohtokoh'), ('inspirasi', 'tokohtokoh', 'nasional'), ('tokohtokoh', 'nasional', 'kenal'), ('nasional', 'kenal', 'negara'), ('kenal', 'negara', 'beda'), ('negara', 'beda', 'tema'), ('beda', 'tema', 'tarik'), ('tema', 'tarik', 'dukung'), ('tarik', 'dukung', 'kembang'), ('dukung', 'kembang', 'lonjak'), ('kembang', 'lonjak', 'drastis'), ('lonjak', 'drastis', 'sudah'), ('drastis', 'sudah', 'masuk'), ('sudah', 'masuk', 'salah'), ('masuk', 'salah', 'satu'), ('salah', 'satu', 'favorit'), ('satu', 'favorit', 'alam'), ('favorit', 'alam', 'virtual'), ('alam', 'virtual', 'senang'), ('virtual', 'senang', 'senang'), ('senang', 'senang', 'selalu'), ('senang', 'selalu', 'buff'), ('selalu', 'buff', 'nerf'), ('buff', 'nerf', 'sesuai'), ('nerf', 'sesuai', 'play'), ('sesuai', 'play', 'imbang')]"
"['jelas', 'beri', 'ngotak', 'tres']","[('jelas', 'beri', 'ngotak'), ('beri', 'ngotak', 'tres')]"
"['makin', 'ngaco', 'down', 'ms', 'naik', 'turuun', 'rating']","[('makin', 'ngaco', 'down'), ('ngaco', 'down', 'ms'), ('down', 'ms', 'naik'), ('ms', 'naik', 'turuun'), ('naik', 'turuun', 'rating')]"
"['kadita', 'butuh', 'skin', 'epic', 'zenith', 'kadita', 'ariel', 'cocok', 'zenith']","[('kadita', 'butuh', 'skin'), ('butuh', 'skin', 'epic'), ('skin', 'epic', 'zenith'), ('epic', 'zenith', 'kadita'), ('zenith', 'kadita', 'ariel'), ('kadita', 'ariel', 'cocok'), ('ariel', 'cocok', 'zenith')]"
"['bangke', 'mending', 'urusin', 'masalah', 'bug', 'ingame', 'ngurusin', 'event', 'skin', 'siasia', 'banyak', 'event', 'skin', 'masalah', 'bug', 'urusin', 'ijo', 'lag', 'aneh']","[('bangke', 'mending', 'urusin'), ('mending', 'urusin', 'masalah'), ('urusin', 'masalah', 'bug'), ('masalah', 'bug', 'ingame'), ('bug', 'ingame', 'ngurusin'), ('ingame', 'ngurusin', 'event'), ('ngurusin', 'event', 'skin'), ('event', 'skin', 'siasia'), ('skin', 'siasia', 'banyak'), ('siasia', 'banyak', 'event'), ('banyak', 'event', 'skin'), ('event', 'skin', 'masalah'), ('skin', 'masalah', 'bug'), ('masalah', 'bug', 'urusin'), ('bug', 'urusin', 'ijo'), ('urusin', 'ijo', 'lag'), ('ijo', 'lag', 'aneh')]"
"['sekarang', 'aneh', 'banget', 'satuin', 'bego', 'musuh', 'op', 'malesin']","[('sekarang', 'aneh', 'banget'), ('aneh', 'banget', 'satuin'), ('banget', 'satuin', 'bego'), ('satuin', 'bego', 'musuh'), ('bego', 'musuh', 'op'), ('musuh', 'op', 'malesin')]"
"['baik', 'dunia']",[]
"['bukan', 'makin', 'bagus', 'makin', 'parah', 'lagnya', 'setting', 'speed', 'tingkat', 'masalah', 'aktif', 'selalu', 'suka', 'nonaktif', 'sendiri', 'nyalain', 'speed', 'tingkat', 'tambah', 'kira', 'masalah', 'signal', 'sendiri', 'wifi', 'cek', 'signal', 'bar', 'penuh', 'begitu', 'wifi', 'tes', 'youtube', 'lain', 'lancar', 'gimana', 'tolong', 'walau', 'merek', 'as', 'lama', 'lain', 'bagus']","[('bukan', 'makin', 'bagus'), ('makin', 'bagus', 'makin'), ('bagus', 'makin', 'parah'), ('makin', 'parah', 'lagnya'), ('parah', 'lagnya', 'setting'), ('lagnya', 'setting', 'speed'), ('setting', 'speed', 'tingkat'), ('speed', 'tingkat', 'masalah'), ('tingkat', 'masalah', 'aktif'), ('masalah', 'aktif', 'selalu'), ('aktif', 'selalu', 'suka'), ('selalu', 'suka', 'nonaktif'), ('suka', 'nonaktif', 'sendiri'), ('nonaktif', 'sendiri', 'nyalain'), ('sendiri', 'nyalain', 'speed'), ('nyalain', 'speed', 'tingkat'), ('speed', 'tingkat', 'tambah'), ('tingkat', 'tambah', 'kira'), ('tambah', 'kira', 'masalah'), ('kira', 'masalah', 'signal'), ('masalah', 'signal', 'sendiri'), ('signal', 'sendiri', 'wifi'), ('sendiri', 'wifi', 'cek'), ('wifi', 'cek', 'signal'), ('cek', 'signal', 'bar'), ('signal', 'bar', 'penuh'), ('bar', 'penuh', 'begitu'), ('penuh', 'begitu', 'wifi'), ('begitu', 'wifi', 'tes'), ('wifi', 'tes', 'youtube'), ('tes', 'youtube', 'lain'), ('youtube', 'lain', 'lancar'), ('lain', 'lancar', 'gimana'), ('lancar', 'gimana', 'tolong'), ('gimana', 'tolong', 'walau'), ('tolong', 'walau', 'merek'), ('walau', 'merek', 'as'), ('merek', 'as', 'lama'), ('as', 'lama', 'lain'), ('lama', 'lain', 'bagus')]"
"['aneh', 'tinggi', 'teman', 'bot', 'aneh', 'bett', 'musuh', 'semua', 'sendiri', 'bott', 'buay', 'serius', 'bodoh']","[('aneh', 'tinggi', 'teman'), ('tinggi', 'teman', 'bot'), ('teman', 'bot', 'aneh'), ('bot', 'aneh', 'bett'), ('aneh', 'bett', 'musuh'), ('bett', 'musuh', 'semua'), ('musuh', 'semua', 'sendiri'), ('semua', 'sendiri', 'bott'), ('sendiri', 'bott', 'buay'), ('bott', 'buay', 'serius'), ('buay', 'serius', 'bodoh')]"
"['buruk', 'wifi', 'bagus', 'apakah', 'legends', 'rusak']","[('buruk', 'wifi', 'bagus'), ('wifi', 'bagus', 'apakah'), ('bagus', 'apakah', 'legends'), ('apakah', 'legends', 'rusak')]"
['rusak'],[]
"['coba', 'baik', 'anjg', 'bagus', 'kenapa', 'lag', 'emosi', 'heran']","[('coba', 'baik', 'anjg'), ('baik', 'anjg', 'bagus'), ('anjg', 'bagus', 'kenapa'), ('bagus', 'kenapa', 'lag'), ('kenapa', 'lag', 'emosi'), ('lag', 'emosi', 'heran')]"
"['pliss', 'baik', 'masa', 'ie', 'lezen', 'epic', 'gara', 'gara', 'punya', 'guna', 'gelap', 'aduh']","[('pliss', 'baik', 'masa'), ('baik', 'masa', 'ie'), ('masa', 'ie', 'lezen'), ('ie', 'lezen', 'epic'), ('lezen', 'epic', 'gara'), ('epic', 'gara', 'gara'), ('gara', 'gara', 'punya'), ('gara', 'punya', 'guna'), ('punya', 'guna', 'gelap'), ('guna', 'gelap', 'aduh')]"
"['kalah', 'sampai', 'menang', 'lawan', 'komputer']","[('kalah', 'sampai', 'menang'), ('sampai', 'menang', 'lawan'), ('menang', 'lawan', 'komputer')]"
['gjls'],[]
"['makin', 'updetan', 'makin', 'jelas', 'selalu', 'lag', 'sinyal', 'bagus']","[('makin', 'updetan', 'makin'), ('updetan', 'makin', 'jelas'), ('makin', 'jelas', 'selalu'), ('jelas', 'selalu', 'lag'), ('selalu', 'lag', 'sinyal'), ('lag', 'sinyal', 'bagus')]"
"['bagus', 'kikir', 'imbang', 'banyak', 'bansos', 'gacha', 'wangi', 'baik', 'wangiin', 'akun', 'moontod', 'tambahin', 'bintang', 'gacha', 'aspirant', 'pola', 'akun', 'danish']","[('bagus', 'kikir', 'imbang'), ('kikir', 'imbang', 'banyak'), ('imbang', 'banyak', 'bansos'), ('banyak', 'bansos', 'gacha'), ('bansos', 'gacha', 'wangi'), ('gacha', 'wangi', 'baik'), ('wangi', 'baik', 'wangiin'), ('baik', 'wangiin', 'akun'), ('wangiin', 'akun', 'moontod'), ('akun', 'moontod', 'tambahin'), ('moontod', 'tambahin', 'bintang'), ('tambahin', 'bintang', 'gacha'), ('bintang', 'gacha', 'aspirant'), ('gacha', 'aspirant', 'pola'), ('aspirant', 'pola', 'akun'), ('pola', 'akun', 'danish')]"
"['sinyal', 'bagus', 'lag', 'mentok', 'loby', 'patah', 'patah', 'sudah', 'bagus', 'ram', 'besar', 'banyak', 'performa', 'asik']","[('sinyal', 'bagus', 'lag'), ('bagus', 'lag', 'mentok'), ('lag', 'mentok', 'loby'), ('mentok', 'loby', 'patah'), ('loby', 'patah', 'patah'), ('patah', 'patah', 'sudah'), ('patah', 'sudah', 'bagus'), ('sudah', 'bagus', 'ram'), ('bagus', 'ram', 'besar'), ('ram', 'besar', 'banyak'), ('besar', 'banyak', 'performa'), ('banyak', 'performa', 'asik')]"
"['sampah', 'tolol', 'banyak', 'bocah', 'random', 'acak', 'jelas', 'tolol', 'buruk']","[('sampah', 'tolol', 'banyak'), ('tolol', 'banyak', 'bocah'), ('banyak', 'bocah', 'random'), ('bocah', 'random', 'acak'), ('random', 'acak', 'jelas'), ('acak', 'jelas', 'tolol'), ('jelas', 'tolol', 'buruk')]"
['kontol'],[]
"['cocok', 'hilang', 'strees', 'strees']","[('cocok', 'hilang', 'strees'), ('hilang', 'strees', 'strees')]"
['stres'],[]
"['ketemu', 'party', 'aneh', 'busuk', 'busuk']","[('ketemu', 'party', 'aneh'), ('party', 'aneh', 'busuk'), ('aneh', 'busuk', 'busuk')]"
['bagus'],[]
"['tolong', 'imbang', 'troll', 'afk', 'sesuai', 'mending']","[('tolong', 'imbang', 'troll'), ('imbang', 'troll', 'afk'), ('troll', 'afk', 'sesuai'), ('afk', 'sesuai', 'mending')]"
['bagus'],[]
"['beberapa', 'imbang', 'afk']","[('beberapa', 'imbang', 'afk')]"
"['susah', 'gampang']",[]
"['pls', 'bagi', 'koin', 'teman']","[('pls', 'bagi', 'koin'), ('bagi', 'koin', 'teman')]"
"['benar', 'ancur', 'season', 'masa', 'full', 'ketemu', 'duo', 'trio', 'party', 'kocak', 'niat', 'happy', 'fun', 'emosi', 'saran', 'mending', 'hapus', 'dri', 'kalean']","[('benar', 'ancur', 'season'), ('ancur', 'season', 'masa'), ('season', 'masa', 'full'), ('masa', 'full', 'ketemu'), ('full', 'ketemu', 'duo'), ('ketemu', 'duo', 'trio'), ('duo', 'trio', 'party'), ('trio', 'party', 'kocak'), ('party', 'kocak', 'niat'), ('kocak', 'niat', 'happy'), ('niat', 'happy', 'fun'), ('happy', 'fun', 'emosi'), ('fun', 'emosi', 'saran'), ('emosi', 'saran', 'mending'), ('saran', 'mending', 'hapus'), ('mending', 'hapus', 'dri'), ('hapus', 'dri', 'kalean')]"
"['babi', 'macth', 'tier', 'epic', 'atas', 'tdk', 'adil', 'tuk', 'lose', 'streak', 'percuma', 'mvp', 'tuk', 'kalah', 'dasar', 'anjing']","[('babi', 'macth', 'tier'), ('macth', 'tier', 'epic'), ('tier', 'epic', 'atas'), ('epic', 'atas', 'tdk'), ('atas', 'tdk', 'adil'), ('tdk', 'adil', 'tuk'), ('adil', 'tuk', 'lose'), ('tuk', 'lose', 'streak'), ('lose', 'streak', 'percuma'), ('streak', 'percuma', 'mvp'), ('percuma', 'mvp', 'tuk'), ('mvp', 'tuk', 'kalah'), ('tuk', 'kalah', 'dasar'), ('kalah', 'dasar', 'anjing')]"
"['jamet', 'bedahal', 'wifi', 'lancar', 'dasar', 'buruk', 'mending', 'ff']","[('jamet', 'bedahal', 'wifi'), ('bedahal', 'wifi', 'lancar'), ('wifi', 'lancar', 'dasar'), ('lancar', 'dasar', 'buruk'), ('dasar', 'buruk', 'mending'), ('buruk', 'mending', 'ff')]"
"['buruk', 'jangan', 'gelap', 'tadi', 'sudah', 'lose', 'trik', 'pensi']","[('buruk', 'jangan', 'gelap'), ('jangan', 'gelap', 'tadi'), ('gelap', 'tadi', 'sudah'), ('tadi', 'sudah', 'lose'), ('sudah', 'lose', 'trik'), ('lose', 'trik', 'pensi')]"
"['coba', 'lag', 'simulator', 'wifi', 'plus', 'tingkat', 'aktif', 'semua', 'lag']","[('coba', 'lag', 'simulator'), ('lag', 'simulator', 'wifi'), ('simulator', 'wifi', 'plus'), ('wifi', 'plus', 'tingkat'), ('plus', 'tingkat', 'aktif'), ('tingkat', 'aktif', 'semua'), ('aktif', 'semua', 'lag')]"
"['rusak', 'habis', 'update', 'lag', 'suka', 'ngetroll', 'rusak']","[('rusak', 'habis', 'update'), ('habis', 'update', 'lag'), ('update', 'lag', 'suka'), ('lag', 'suka', 'ngetroll'), ('suka', 'ngetroll', 'rusak')]"
"['tolong', 'skin', 'dalam', 'tanding', 'gede', 'banget', 'tolong', 'biar', 'hapus', 'lain', 'guna', 'biar', 'hapus', 'berat', 'banget', 'afk', 'sanksi', 'kocak', 'salah', 'gada', 'ringan', 'kentang']","[('tolong', 'skin', 'dalam'), ('skin', 'dalam', 'tanding'), ('dalam', 'tanding', 'gede'), ('tanding', 'gede', 'banget'), ('gede', 'banget', 'tolong'), ('banget', 'tolong', 'biar'), ('tolong', 'biar', 'hapus'), ('biar', 'hapus', 'lain'), ('hapus', 'lain', 'guna'), ('lain', 'guna', 'biar'), ('guna', 'biar', 'hapus'), ('biar', 'hapus', 'berat'), ('hapus', 'berat', 'banget'), ('berat', 'banget', 'afk'), ('banget', 'afk', 'sanksi'), ('afk', 'sanksi', 'kocak'), ('sanksi', 'kocak', 'salah'), ('kocak', 'salah', 'gada'), ('salah', 'gada', 'ringan'), ('gada', 'ringan', 'kentang')]"
"['lag', 'parah', 'update', 'project', 'next', 'buka', 'event', 'draft', 'akhir', 'lag', 'wajar', 'kadang', 'loading', 'stuck', 'jelass']","[('lag', 'parah', 'update'), ('parah', 'update', 'project'), ('update', 'project', 'next'), ('project', 'next', 'buka'), ('next', 'buka', 'event'), ('buka', 'event', 'draft'), ('event', 'draft', 'akhir'), ('draft', 'akhir', 'lag'), ('akhir', 'lag', 'wajar'), ('lag', 'wajar', 'kadang'), ('wajar', 'kadang', 'loading'), ('kadang', 'loading', 'stuck'), ('loading', 'stuck', 'jelass')]"
"['makin', 'mantap']",[]
"['kira', 'kira', 'luh', 'rangin', 'kredit', 'skor', 'afk', 'sebentar', 'kurang', 'admin', 'lol']","[('kira', 'kira', 'luh'), ('kira', 'luh', 'rangin'), ('luh', 'rangin', 'kredit'), ('rangin', 'kredit', 'skor'), ('kredit', 'skor', 'afk'), ('skor', 'afk', 'sebentar'), ('afk', 'sebentar', 'kurang'), ('sebentar', 'kurang', 'admin'), ('kurang', 'admin', 'lol')]"
"['minimal', 'baik', 'sinyal', 'minimal', 'lag', 'banget', 'beta']","[('minimal', 'baik', 'sinyal'), ('baik', 'sinyal', 'minimal'), ('sinyal', 'minimal', 'lag'), ('minimal', 'lag', 'banget'), ('lag', 'banget', 'beta')]"
"['tani', 'sepi']",[]
"['ng', 'bagus', 'cuma', 'tensi', 'naik']","[('ng', 'bagus', 'cuma'), ('bagus', 'cuma', 'tensi'), ('cuma', 'tensi', 'naik')]"
"['apalahh', 'signal', 'hijau', 'lag', 'olah', 'kouta', 'mana', 'moment', 'krusial', 'late', 'lose', 'akibat', 'ping', 'benar']","[('apalahh', 'signal', 'hijau'), ('signal', 'hijau', 'lag'), ('hijau', 'lag', 'olah'), ('lag', 'olah', 'kouta'), ('olah', 'kouta', 'mana'), ('kouta', 'mana', 'moment'), ('mana', 'moment', 'krusial'), ('moment', 'krusial', 'late'), ('krusial', 'late', 'lose'), ('late', 'lose', 'akibat'), ('lose', 'akibat', 'ping'), ('akibat', 'ping', 'benar')]"
"['bangus', 'sip']",[]
"['he', 'memeq', 'user', 'mm', 'sat', 'ngapa', 'exp', 'meq']","[('he', 'memeq', 'user'), ('memeq', 'user', 'mm'), ('user', 'mm', 'sat'), ('mm', 'sat', 'ngapa'), ('sat', 'ngapa', 'exp'), ('ngapa', 'exp', 'meq')]"
"['jelek', 'gelap']",[]
"['moontn', 'kyk', 't', 'lag', 'bett', 'hijau', 'dahh', 'ajaa', 'lahh']","[('moontn', 'kyk', 't'), ('kyk', 't', 'lag'), ('t', 'lag', 'bett'), ('lag', 'bett', 'hijau'), ('bett', 'hijau', 'dahh'), ('hijau', 'dahh', 'ajaa'), ('dahh', 'ajaa', 'lahh')]"
"['banyak', 'ramah', 'intimidasi', 'lebih', 'rendah']","[('banyak', 'ramah', 'intimidasi'), ('ramah', 'intimidasi', 'lebih'), ('intimidasi', 'lebih', 'rendah')]"
"['tolongg', 'baik', 'ngestack', 'masalah', 'afk', 'gara', 'gara', 'masalah', 'sampai', 'jika', 'salah', 'mohon', 'koreksi', 'teman', 'teman']","[('tolongg', 'baik', 'ngestack'), ('baik', 'ngestack', 'masalah'), ('ngestack', 'masalah', 'afk'), ('masalah', 'afk', 'gara'), ('afk', 'gara', 'gara'), ('gara', 'gara', 'masalah'), ('gara', 'masalah', 'sampai'), ('masalah', 'sampai', 'jika'), ('sampai', 'jika', 'salah'), ('jika', 'salah', 'mohon'), ('salah', 'mohon', 'koreksi'), ('mohon', 'koreksi', 'teman'), ('koreksi', 'teman', 'teman')]"
['rusak'],[]
['bagus'],[]
"['update', 'busuk', 'nunggu', 'delay']","[('update', 'busuk', 'nunggu'), ('busuk', 'nunggu', 'delay')]"
"['bagus', 'banget', 'like', 'it']","[('bagus', 'banget', 'like'), ('banget', 'like', 'it')]"
['bagus'],[]
"['sampah', 'kalah']",[]
"['kikir', 'kalah']",[]
"['bagus', 'sakal', 'engak', 'tarik', 'tolong', 'minta', 'konter']","[('bagus', 'sakal', 'engak'), ('sakal', 'engak', 'tarik'), ('engak', 'tarik', 'tolong'), ('tarik', 'tolong', 'minta'), ('tolong', 'minta', 'konter')]"
"['benar', 'anj', 'masa', 'ketemu', 'trio', 'random', 'tolol', 'lawan', 'partyaan', 'lima']","[('benar', 'anj', 'masa'), ('anj', 'masa', 'ketemu'), ('masa', 'ketemu', 'trio'), ('ketemu', 'trio', 'random'), ('trio', 'random', 'tolol'), ('random', 'tolol', 'lawan'), ('tolol', 'lawan', 'partyaan'), ('lawan', 'partyaan', 'lima')]"
"['bagus', 'hal', 'dewasa']","[('bagus', 'hal', 'dewasa')]"
"['kuliah', 'baru', 'ikut', 'rame', 'isi', 'kosong']","[('kuliah', 'baru', 'ikut'), ('baru', 'ikut', 'rame'), ('ikut', 'rame', 'isi'), ('rame', 'isi', 'kosong')]"
"['jangan', 'dowload', 'ketemu', 'beban', 'anjg', 'kaasih', 'beban', 'cape', 'bangsat']","[('jangan', 'dowload', 'ketemu'), ('dowload', 'ketemu', 'beban'), ('ketemu', 'beban', 'anjg'), ('beban', 'anjg', 'kaasih'), ('anjg', 'kaasih', 'beban'), ('kaasih', 'beban', 'cape'), ('beban', 'cape', 'bangsat')]"
"['menit', 'kalah', 'bintang', 'lindung', 'mmr', 'turun', 'sudah', 'bagus', 'asu', 'asu', 'asu', 'buruk']","[('menit', 'kalah', 'bintang'), ('kalah', 'bintang', 'lindung'), ('bintang', 'lindung', 'mmr'), ('lindung', 'mmr', 'turun'), ('mmr', 'turun', 'sudah'), ('turun', 'sudah', 'bagus'), ('sudah', 'bagus', 'asu'), ('bagus', 'asu', 'asu'), ('asu', 'asu', 'asu'), ('asu', 'asu', 'buruk')]"
"['beri', 'benar']",[]
"['cuma', 'ngehabisin', 'paket', 'semua', 'afk', 'gausah']","[('cuma', 'ngehabisin', 'paket'), ('ngehabisin', 'paket', 'semua'), ('paket', 'semua', 'afk'), ('semua', 'afk', 'gausah')]"
"['goreng', 'patut', 'lag', 'wae']","[('goreng', 'patut', 'lag'), ('patut', 'lag', 'wae')]"
"['buruk', 'pernah', 'lag', 'gabisa', 'gerak', 'tolong', 'baik', 'jika', 'baik', 'mending', 'hapus', 'gane', 'rusak']","[('buruk', 'pernah', 'lag'), ('pernah', 'lag', 'gabisa'), ('lag', 'gabisa', 'gerak'), ('gabisa', 'gerak', 'tolong'), ('gerak', 'tolong', 'baik'), ('tolong', 'baik', 'jika'), ('baik', 'jika', 'baik'), ('jika', 'baik', 'mending'), ('baik', 'mending', 'hapus'), ('mending', 'hapus', 'gane'), ('hapus', 'gane', 'rusak')]"
"['banyak', 'jelas', 'mending', 'poin', 'bintang', 'coklat', 'poin', 'kurang', 'paling', 'banyak', 'mvp', 'point', 'kurang', 'masa', 'banyak', 'kalah', 'menang', 'tinggal', 'nunggu', 'baru', 'laku']","[('banyak', 'jelas', 'mending'), ('jelas', 'mending', 'poin'), ('mending', 'poin', 'bintang'), ('poin', 'bintang', 'coklat'), ('bintang', 'coklat', 'poin'), ('coklat', 'poin', 'kurang'), ('poin', 'kurang', 'paling'), ('kurang', 'paling', 'banyak'), ('paling', 'banyak', 'mvp'), ('banyak', 'mvp', 'point'), ('mvp', 'point', 'kurang'), ('point', 'kurang', 'masa'), ('kurang', 'masa', 'banyak'), ('masa', 'banyak', 'kalah'), ('banyak', 'kalah', 'menang'), ('kalah', 'menang', 'tinggal'), ('menang', 'tinggal', 'nunggu'), ('tinggal', 'nunggu', 'baru'), ('nunggu', 'baru', 'laku')]"
"['woyy', 'kenapa', 'gabisa', 'bukak', 'bagus']","[('woyy', 'kenapa', 'gabisa'), ('kenapa', 'gabisa', 'bukak'), ('gabisa', 'bukak', 'bagus')]"
['bagus'],[]
"['bagus', 'rangin', 'gelap']","[('bagus', 'rangin', 'gelap')]"
"['adil', 'banyak', 'beban']","[('adil', 'banyak', 'beban')]"
"['bagus', 'banget', 'terimakasih', 'bagus']","[('bagus', 'banget', 'terimakasih'), ('banget', 'terimakasih', 'bagus')]"
"['bagus', 'banget', 'suka']","[('bagus', 'banget', 'suka')]"
['bagusds'],[]
"['pesan', 'tolong', 'lh', 'ringan', 'kentang', 'jauh', 'pelosok', 'ken', 'nyaman', 'alami', 'utama', 'tarung', 'lawan', 'alami', 'lag', 'langsung', 'merah', 'stabil', 'tanya', 'kenapa', 'ad', 'musuh', 'tarung', 'baru', 'bagus', 'belum', 'bagus', 'bagus', 'kenapa', 'tolong', 'tolong', 'kasi', 'ringan', 'lh', 'kepada']","[('pesan', 'tolong', 'lh'), ('tolong', 'lh', 'ringan'), ('lh', 'ringan', 'kentang'), ('ringan', 'kentang', 'jauh'), ('kentang', 'jauh', 'pelosok'), ('jauh', 'pelosok', 'ken'), ('pelosok', 'ken', 'nyaman'), ('ken', 'nyaman', 'alami'), ('nyaman', 'alami', 'utama'), ('alami', 'utama', 'tarung'), ('utama', 'tarung', 'lawan'), ('tarung', 'lawan', 'alami'), ('lawan', 'alami', 'lag'), ('alami', 'lag', 'langsung'), ('lag', 'langsung', 'merah'), ('langsung', 'merah', 'stabil'), ('merah', 'stabil', 'tanya'), ('stabil', 'tanya', 'kenapa'), ('tanya', 'kenapa', 'ad'), ('kenapa', 'ad', 'musuh'), ('ad', 'musuh', 'tarung'), ('musuh', 'tarung', 'baru'), ('tarung', 'baru', 'bagus'), ('baru', 'bagus', 'belum'), ('bagus', 'belum', 'bagus'), ('belum', 'bagus', 'bagus'), ('bagus', 'bagus', 'kenapa'), ('bagus', 'kenapa', 'tolong'), ('kenapa', 'tolong', 'tolong'), ('tolong', 'tolong', 'kasi'), ('tolong', 'kasi', 'ringan'), ('kasi', 'ringan', 'lh'), ('ringan', 'lh', 'kepada')]"
['kikir'],[]
"['minimal', 'tolong', 'punya', 'masuk', 'lobby', 'sinyal', 'oke', 'tibatiba', 'gm', 'bilang', 'mohon', 'maaf', 'gagal', 'sambung', 'periksa', 'jangan', 'bagus', 'minimal', 'tolong', 'baless', 'minimal']","[('minimal', 'tolong', 'punya'), ('tolong', 'punya', 'masuk'), ('punya', 'masuk', 'lobby'), ('masuk', 'lobby', 'sinyal'), ('lobby', 'sinyal', 'oke'), ('sinyal', 'oke', 'tibatiba'), ('oke', 'tibatiba', 'gm'), ('tibatiba', 'gm', 'bilang'), ('gm', 'bilang', 'mohon'), ('bilang', 'mohon', 'maaf'), ('mohon', 'maaf', 'gagal'), ('maaf', 'gagal', 'sambung'), ('gagal', 'sambung', 'periksa'), ('sambung', 'periksa', 'jangan'), ('periksa', 'jangan', 'bagus'), ('jangan', 'bagus', 'minimal'), ('bagus', 'minimal', 'tolong'), ('minimal', 'tolong', 'baless'), ('tolong', 'baless', 'minimal')]"
['bagus'],[]
"['apasih', 'jelas', 'bngt', 'afk', 'sebentar', 'trs', 'balik', 'lgi', 'kena', 'ingat', 'afk']","[('apasih', 'jelas', 'bngt'), ('jelas', 'bngt', 'afk'), ('bngt', 'afk', 'sebentar'), ('afk', 'sebentar', 'trs'), ('sebentar', 'trs', 'balik'), ('trs', 'balik', 'lgi'), ('balik', 'lgi', 'kena'), ('lgi', 'kena', 'ingat'), ('kena', 'ingat', 'afk')]"
"['rusakk', 'beri', 'imbang', 'lawakk', 'mana', 'lag']","[('rusakk', 'beri', 'imbang'), ('beri', 'imbang', 'lawakk'), ('imbang', 'lawakk', 'mana'), ('lawakk', 'mana', 'lag')]"
['baik'],[]
"['makin', 'buriq', 'banget', 'asli', 'sumpah', 'mending', 'unistall', 'dehh', 'mainin', 'lama', 'semakain', 'jelek', 'masa', 'bagus', 'gerak', 'skill', 'analog', 'pencet', 'utama', 'bagi', 'analog', 'kadang', 'mencet', 'sendiri', 'reccal', 'vakum']","[('makin', 'buriq', 'banget'), ('buriq', 'banget', 'asli'), ('banget', 'asli', 'sumpah'), ('asli', 'sumpah', 'mending'), ('sumpah', 'mending', 'unistall'), ('mending', 'unistall', 'dehh'), ('unistall', 'dehh', 'mainin'), ('dehh', 'mainin', 'lama'), ('mainin', 'lama', 'semakain'), ('lama', 'semakain', 'jelek'), ('semakain', 'jelek', 'masa'), ('jelek', 'masa', 'bagus'), ('masa', 'bagus', 'gerak'), ('bagus', 'gerak', 'skill'), ('gerak', 'skill', 'analog'), ('skill', 'analog', 'pencet'), ('analog', 'pencet', 'utama'), ('pencet', 'utama', 'bagi'), ('utama', 'bagi', 'analog'), ('bagi', 'analog', 'kadang'), ('analog', 'kadang', 'mencet'), ('kadang', 'mencet', 'sendiri'), ('mencet', 'sendiri', 'reccal'), ('sendiri', 'reccal', 'vakum')]"
"['love', 'this', 'for', 'not', 'having', 'ai', 'animation', 'for', 'their', 'trailer', 'pls', 'dont', 'change']","[('love', 'this', 'for'), ('this', 'for', 'not'), ('for', 'not', 'having'), ('not', 'having', 'ai'), ('having', 'ai', 'animation'), ('ai', 'animation', 'for'), ('animation', 'for', 'their'), ('for', 'their', 'trailer'), ('their', 'trailer', 'pls'), ('trailer', 'pls', 'dont'), ('pls', 'dont', 'change')]"
"['jangan', 'akibat', 'stres', 'jarak', 'makan', 'jarang', 'sholat', 'lebih', 'parah', 'akn', 'akibat', 'marahmarah']","[('jangan', 'akibat', 'stres'), ('akibat', 'stres', 'jarak'), ('stres', 'jarak', 'makan'), ('jarak', 'makan', 'jarang'), ('makan', 'jarang', 'sholat'), ('jarang', 'sholat', 'lebih'), ('sholat', 'lebih', 'parah'), ('lebih', 'parah', 'akn'), ('parah', 'akn', 'akibat'), ('akn', 'akibat', 'marahmarah')]"
['bangsat'],[]
"['seru', 'gemburik']",[]
"['stres', 'banyak', 'gelap', 'epik', 'buruk', 'jangan', 'sampai', 'anak', 'kecil', 'men', 'dawlod', 'ngerusakin']","[('stres', 'banyak', 'gelap'), ('banyak', 'gelap', 'epik'), ('gelap', 'epik', 'buruk'), ('epik', 'buruk', 'jangan'), ('buruk', 'jangan', 'sampai'), ('jangan', 'sampai', 'anak'), ('sampai', 'anak', 'kecil'), ('anak', 'kecil', 'men'), ('kecil', 'men', 'dawlod'), ('men', 'dawlod', 'ngerusakin')]"
"['makin', 'makin', 'jelas', 'loststeak', 'sampai', 'ditroll', 'kadang', 'lag', 'akibat', 'keluar', 'sendiri', 'masuk', 'langsung', 'afk', 'payah', 'mem', 'milih']","[('makin', 'makin', 'jelas'), ('makin', 'jelas', 'loststeak'), ('jelas', 'loststeak', 'sampai'), ('loststeak', 'sampai', 'ditroll'), ('sampai', 'ditroll', 'kadang'), ('ditroll', 'kadang', 'lag'), ('kadang', 'lag', 'akibat'), ('lag', 'akibat', 'keluar'), ('akibat', 'keluar', 'sendiri'), ('keluar', 'sendiri', 'masuk'), ('sendiri', 'masuk', 'langsung'), ('masuk', 'langsung', 'afk'), ('langsung', 'afk', 'payah'), ('afk', 'payah', 'mem'), ('payah', 'mem', 'milih')]"
"['selalu', 'tolol', 'admin', 'masa', 'mvp', 'defeat', 'mantep', 'mind', 'biar', 'gendong', 'bocil', 'tolol']","[('selalu', 'tolol', 'admin'), ('tolol', 'admin', 'masa'), ('admin', 'masa', 'mvp'), ('masa', 'mvp', 'defeat'), ('mvp', 'defeat', 'mantep'), ('defeat', 'mantep', 'mind'), ('mantep', 'mind', 'biar'), ('mind', 'biar', 'gendong'), ('biar', 'gendong', 'bocil'), ('gendong', 'bocil', 'tolol')]"
"['have', 'fun']",[]
"['gemnya', 'rayan', 'seru']","[('gemnya', 'rayan', 'seru')]"
"['banyak', 'gelap']",[]
"['woy', 'lag', 'sampai', 'crash', 'dalam', 'tanding', 'rusak', 'lol']","[('woy', 'lag', 'sampai'), ('lag', 'sampai', 'crash'), ('sampai', 'crash', 'dalam'), ('crash', 'dalam', 'tanding'), ('dalam', 'tanding', 'rusak'), ('tanding', 'rusak', 'lol')]"
"['rusak', 'setan']",[]
"['seru', 'tolong', 'draksistemnya', 'rangin', 'sya', 'selalu', 'tolol', 'tb', 'lag', 'pdhl', 'lag', 'mohon', 'muntun', 'rangin', 'tolol', 'hehh']","[('seru', 'tolong', 'draksistemnya'), ('tolong', 'draksistemnya', 'rangin'), ('draksistemnya', 'rangin', 'sya'), ('rangin', 'sya', 'selalu'), ('sya', 'selalu', 'tolol'), ('selalu', 'tolol', 'tb'), ('tolol', 'tb', 'lag'), ('tb', 'lag', 'pdhl'), ('lag', 'pdhl', 'lag'), ('pdhl', 'lag', 'mohon'), ('lag', 'mohon', 'muntun'), ('mohon', 'muntun', 'rangin'), ('muntun', 'rangin', 'tolol'), ('rangin', 'tolol', 'hehh')]"
"['wins', 'treak']",[]
"['bingung', 'saran', 'bawah', 'umur']","[('bingung', 'saran', 'bawah'), ('saran', 'bawah', 'umur')]"
['hibur'],[]
"['jngn', 'rusak', 'sinyal', 'parah']","[('jngn', 'rusak', 'sinyal'), ('rusak', 'sinyal', 'parah')]"
"['najis', 'kalah']",[]
"['busuk', 'skin', 'makin', 'banyak', 'kualitas', 'turun', 'benar', 'ingame', 'stuck', 'gerak', 'sinyal', 'hijau']","[('busuk', 'skin', 'makin'), ('skin', 'makin', 'banyak'), ('makin', 'banyak', 'kualitas'), ('banyak', 'kualitas', 'turun'), ('kualitas', 'turun', 'benar'), ('turun', 'benar', 'ingame'), ('benar', 'ingame', 'stuck'), ('ingame', 'stuck', 'gerak'), ('stuck', 'gerak', 'sinyal'), ('gerak', 'sinyal', 'hijau')]"
"['gubluk', 'lolot', 'dev', 'kikir', 'cuma', 'mikirin', 'uang', 'uang', 'melulu', 'collab', 'melulu', 'benar', 'mai', 'skill', 'warrior', 'sia', 'sia', 'ranked', 'asu', 'tolong', 'tingkat', 'jgn', 'notice', 'uang', 'pernah', 'urus', 'sudah', 'gitu', 'troll', 'biasa', 'kena', 'hukum', 'ban']","[('gubluk', 'lolot', 'dev'), ('lolot', 'dev', 'kikir'), ('dev', 'kikir', 'cuma'), ('kikir', 'cuma', 'mikirin'), ('cuma', 'mikirin', 'uang'), ('mikirin', 'uang', 'uang'), ('uang', 'uang', 'melulu'), ('uang', 'melulu', 'collab'), ('melulu', 'collab', 'melulu'), ('collab', 'melulu', 'benar'), ('melulu', 'benar', 'mai'), ('benar', 'mai', 'skill'), ('mai', 'skill', 'warrior'), ('skill', 'warrior', 'sia'), ('warrior', 'sia', 'sia'), ('sia', 'sia', 'ranked'), ('sia', 'ranked', 'asu'), ('ranked', 'asu', 'tolong'), ('asu', 'tolong', 'tingkat'), ('tolong', 'tingkat', 'jgn'), ('tingkat', 'jgn', 'notice'), ('jgn', 'notice', 'uang'), ('notice', 'uang', 'pernah'), ('uang', 'pernah', 'urus'), ('pernah', 'urus', 'sudah'), ('urus', 'sudah', 'gitu'), ('sudah', 'gitu', 'troll'), ('gitu', 'troll', 'biasa'), ('troll', 'biasa', 'kena'), ('biasa', 'kena', 'hukum'), ('kena', 'hukum', 'ban')]"
"['we', 'pontoon', 'jago', 'kasi', 'jago', 'donk']","[('we', 'pontoon', 'jago'), ('pontoon', 'jago', 'kasi'), ('jago', 'kasi', 'jago'), ('kasi', 'jago', 'donk')]"
"['kenapa', 'woy', 'sinyal', 'hijau', 'ping', 'ms', 'sambung', 'perangkat', 'babi', 'update', 'gagal', 'palah', 'rilis', 'tolol']","[('kenapa', 'woy', 'sinyal'), ('woy', 'sinyal', 'hijau'), ('sinyal', 'hijau', 'ping'), ('hijau', 'ping', 'ms'), ('ping', 'ms', 'sambung'), ('ms', 'sambung', 'perangkat'), ('sambung', 'perangkat', 'babi'), ('perangkat', 'babi', 'update'), ('babi', 'update', 'gagal'), ('update', 'gagal', 'palah'), ('gagal', 'palah', 'rilis'), ('palah', 'rilis', 'tolol')]"
['senang'],[]
"['oke', 'tolong', 'banget', 'beri', 'musuh', 'bukan', 'ketemu', 'musuh', 'duo', 'trio', 'benar', 'benar', 'susah', 'tolong', 'banget', 'baru', 'terimakasih']","[('oke', 'tolong', 'banget'), ('tolong', 'banget', 'beri'), ('banget', 'beri', 'musuh'), ('beri', 'musuh', 'bukan'), ('musuh', 'bukan', 'ketemu'), ('bukan', 'ketemu', 'musuh'), ('ketemu', 'musuh', 'duo'), ('musuh', 'duo', 'trio'), ('duo', 'trio', 'benar'), ('trio', 'benar', 'benar'), ('benar', 'benar', 'susah'), ('benar', 'susah', 'tolong'), ('susah', 'tolong', 'banget'), ('tolong', 'banget', 'baru'), ('banget', 'baru', 'terimakasih')]"
"['oyy', 'jelsas', 'sedikit', 'napa', 'bias', 'sinyal', 'bagus', 'kadang', 'pin', 'gabisa', 'gerak', 'plislah', 'defeat', 'sakit', 'klw', 'banding', 'ff', 'gitu', 'lancar', 'bisah', 'gerak', 'kocak', 'makanya', 'yakin', 'masalah', 'bukan', 'sinyal', 'ingat', 'bukan']","[('oyy', 'jelsas', 'sedikit'), ('jelsas', 'sedikit', 'napa'), ('sedikit', 'napa', 'bias'), ('napa', 'bias', 'sinyal'), ('bias', 'sinyal', 'bagus'), ('sinyal', 'bagus', 'kadang'), ('bagus', 'kadang', 'pin'), ('kadang', 'pin', 'gabisa'), ('pin', 'gabisa', 'gerak'), ('gabisa', 'gerak', 'plislah'), ('gerak', 'plislah', 'defeat'), ('plislah', 'defeat', 'sakit'), ('defeat', 'sakit', 'klw'), ('sakit', 'klw', 'banding'), ('klw', 'banding', 'ff'), ('banding', 'ff', 'gitu'), ('ff', 'gitu', 'lancar'), ('gitu', 'lancar', 'bisah'), ('lancar', 'bisah', 'gerak'), ('bisah', 'gerak', 'kocak'), ('gerak', 'kocak', 'makanya'), ('kocak', 'makanya', 'yakin'), ('makanya', 'yakin', 'masalah'), ('yakin', 'masalah', 'bukan'), ('masalah', 'bukan', 'sinyal'), ('bukan', 'sinyal', 'ingat'), ('sinyal', 'ingat', 'bukan')]"
"['event', 'lg', 'bosen', 'trs', 'lg', 'event', 'lain']","[('event', 'lg', 'bosen'), ('lg', 'bosen', 'trs'), ('bosen', 'trs', 'lg'), ('trs', 'lg', 'event'), ('lg', 'event', 'lain')]"
"['otak', 'normal', 'strees']","[('otak', 'normal', 'strees')]"
['keren'],[]
"['jangan', 'curang', 'musuh', 'komputer']","[('jangan', 'curang', 'musuh'), ('curang', 'musuh', 'komputer')]"
['bagus'],[]
['enak'],[]
['rusak'],[]
"['selalu', 'beban', 'sengaja', 'troll', 'gelap', 'susah', 'naik', 'tahay']","[('selalu', 'beban', 'sengaja'), ('beban', 'sengaja', 'troll'), ('sengaja', 'troll', 'gelap'), ('troll', 'gelap', 'susah'), ('gelap', 'susah', 'naik'), ('susah', 'naik', 'tahay')]"
"['bangkrut', 'baru', 'paksa', 'diamond']","[('bangkrut', 'baru', 'paksa'), ('baru', 'paksa', 'diamond')]"
"['brawl', 'slot']",[]
"['seru', 'pokok']",[]
"['juang', 'anj']",[]
"['stiap', 'ngestak', 'pdhl', 'mh', 'aman', 'tolong', 'segera', 'baik']","[('stiap', 'ngestak', 'pdhl'), ('ngestak', 'pdhl', 'mh'), ('pdhl', 'mh', 'aman'), ('mh', 'aman', 'tolong'), ('aman', 'tolong', 'segera'), ('tolong', 'segera', 'baik')]"
"['season', 'baru', 'ngomong', 'paling', 'parah', 'sndiri', 'tipikal', 'pernah', 'komplen', 'emng', 'kalah', 'pasti', 'lag', 'semua', 'lag', 'parah', 'musuh', 'pasti', 'gg', 'parah', 'terlalu', 'jgn', 'donlod', 'buruk']","[('season', 'baru', 'ngomong'), ('baru', 'ngomong', 'paling'), ('ngomong', 'paling', 'parah'), ('paling', 'parah', 'sndiri'), ('parah', 'sndiri', 'tipikal'), ('sndiri', 'tipikal', 'pernah'), ('tipikal', 'pernah', 'komplen'), ('pernah', 'komplen', 'emng'), ('komplen', 'emng', 'kalah'), ('emng', 'kalah', 'pasti'), ('kalah', 'pasti', 'lag'), ('pasti', 'lag', 'semua'), ('lag', 'semua', 'lag'), ('semua', 'lag', 'parah'), ('lag', 'parah', 'musuh'), ('parah', 'musuh', 'pasti'), ('musuh', 'pasti', 'gg'), ('pasti', 'gg', 'parah'), ('gg', 'parah', 'terlalu'), ('parah', 'terlalu', 'jgn'), ('terlalu', 'jgn', 'donlod'), ('jgn', 'donlod', 'buruk')]"
"['selalu', 'lag', 'tibaba', 'mati', 'baik']","[('selalu', 'lag', 'tibaba'), ('lag', 'tibaba', 'mati'), ('tibaba', 'mati', 'baik')]"
"['masa', 'full', 'baik', 'lag', 'sendiri', 'error', 'tolong', 'baik']","[('masa', 'full', 'baik'), ('full', 'baik', 'lag'), ('baik', 'lag', 'sendiri'), ('lag', 'sendiri', 'error'), ('sendiri', 'error', 'tolong'), ('error', 'tolong', 'baik')]"
"['banyak', 'banyak', 'istighfar']","[('banyak', 'banyak', 'istighfar')]"
"['haram', 'naik', 'turun', 'naik', 'turun', 'asu', 'komputer']","[('haram', 'naik', 'turun'), ('naik', 'turun', 'naik'), ('turun', 'naik', 'turun'), ('naik', 'turun', 'asu'), ('turun', 'asu', 'komputer')]"
['bagus'],[]
"['teman', 'selalu', 'gelap', 'selalu', 'lag', 'buka', 'youtube', 'bagus', 'bagus', 'teman', 'gelap', 'ahk', 'benar', 'gg', 'pro', 'rating', 'satu', 'bintang', 'musuh', 'gg', 'sedang', 'bot', 'pokok', 'joki', 'proplayer', 'top', 'global']","[('teman', 'selalu', 'gelap'), ('selalu', 'gelap', 'selalu'), ('gelap', 'selalu', 'lag'), ('selalu', 'lag', 'buka'), ('lag', 'buka', 'youtube'), ('buka', 'youtube', 'bagus'), ('youtube', 'bagus', 'bagus'), ('bagus', 'bagus', 'teman'), ('bagus', 'teman', 'gelap'), ('teman', 'gelap', 'ahk'), ('gelap', 'ahk', 'benar'), ('ahk', 'benar', 'gg'), ('benar', 'gg', 'pro'), ('gg', 'pro', 'rating'), ('pro', 'rating', 'satu'), ('rating', 'satu', 'bintang'), ('satu', 'bintang', 'musuh'), ('bintang', 'musuh', 'gg'), ('musuh', 'gg', 'sedang'), ('gg', 'sedang', 'bot'), ('sedang', 'bot', 'pokok'), ('bot', 'pokok', 'joki'), ('pokok', 'joki', 'proplayer'), ('joki', 'proplayer', 'top'), ('proplayer', 'top', 'global')]"
"['bagus', 'hd', 'cakep', 'bagus', 'utama', 'obsidia']","[('bagus', 'hd', 'cakep'), ('hd', 'cakep', 'bagus'), ('cakep', 'bagus', 'utama'), ('bagus', 'utama', 'obsidia')]"
['seruu'],[]
"['keren', 'bagus', 'sedikit', 'kurang', 'yaitu', 'lag', 'stabil', 'harap', 'tanggap', 'ulas', 'baik']","[('keren', 'bagus', 'sedikit'), ('bagus', 'sedikit', 'kurang'), ('sedikit', 'kurang', 'yaitu'), ('kurang', 'yaitu', 'lag'), ('yaitu', 'lag', 'stabil'), ('lag', 'stabil', 'harap'), ('stabil', 'harap', 'tanggap'), ('harap', 'tanggap', 'ulas'), ('tanggap', 'ulas', 'baik')]"
"['update', 'sekarang', 'freeze', 'al', 'hasil', 'lose', 'streak', 'belum', 'update', 'lancar', 'kecewa']","[('update', 'sekarang', 'freeze'), ('sekarang', 'freeze', 'al'), ('freeze', 'al', 'hasil'), ('al', 'hasil', 'lose'), ('hasil', 'lose', 'streak'), ('lose', 'streak', 'belum'), ('streak', 'belum', 'update'), ('belum', 'update', 'lancar'), ('update', 'lancar', 'kecewa')]"
"['cukup', 'seru', 'makin', 'lama', 'makin', 'berat', 'hpku', 'bukan', 'gaming', 'gampang', 'panas']","[('cukup', 'seru', 'makin'), ('seru', 'makin', 'lama'), ('makin', 'lama', 'makin'), ('lama', 'makin', 'berat'), ('makin', 'berat', 'hpku'), ('berat', 'hpku', 'bukan'), ('hpku', 'bukan', 'gaming'), ('bukan', 'gaming', 'gampang'), ('gaming', 'gampang', 'panas')]"
"['musuh', 'susah']",[]
"['atas', 'teman', 'yaitu', 'samuel', 'prabowo', 'jika', 'guna', 'samar', 'anggap', 'langgar', 'atur', 'pasal', 'undangundang']","[('atas', 'teman', 'yaitu'), ('teman', 'yaitu', 'samuel'), ('yaitu', 'samuel', 'prabowo'), ('samuel', 'prabowo', 'jika'), ('prabowo', 'jika', 'guna'), ('jika', 'guna', 'samar'), ('guna', 'samar', 'anggap'), ('samar', 'anggap', 'langgar'), ('anggap', 'langgar', 'atur'), ('langgar', 'atur', 'pasal'), ('atur', 'pasal', 'undangundang')]"
"['ngerank', 'bocil']",[]
"['fikss', 'percaya', 'banyak', 'legends', 'bang', 'bang', 'pasti', 'banyak', 'ngalamin', 'bug', 'skill', 'sinyal', 'slalu', 'hilang', 'ingame', 'rating', 'b', 'tuju', 'pihak', 'bukan', 'dua', 'ngalamin', 'kyk', 'begini', 'performa', 'turun', 'bukan', 'cuma', 'banyak', 'banyak', 'pensi', 'masalah', 'bgni', 'contoh', 'teman', 'tolong', 'developer', 'baik', 'jt', 'lebih', 'wakil']","[('fikss', 'percaya', 'banyak'), ('percaya', 'banyak', 'legends'), ('banyak', 'legends', 'bang'), ('legends', 'bang', 'bang'), ('bang', 'bang', 'pasti'), ('bang', 'pasti', 'banyak'), ('pasti', 'banyak', 'ngalamin'), ('banyak', 'ngalamin', 'bug'), ('ngalamin', 'bug', 'skill'), ('bug', 'skill', 'sinyal'), ('skill', 'sinyal', 'slalu'), ('sinyal', 'slalu', 'hilang'), ('slalu', 'hilang', 'ingame'), ('hilang', 'ingame', 'rating'), ('ingame', 'rating', 'b'), ('rating', 'b', 'tuju'), ('b', 'tuju', 'pihak'), ('tuju', 'pihak', 'bukan'), ('pihak', 'bukan', 'dua'), ('bukan', 'dua', 'ngalamin'), ('dua', 'ngalamin', 'kyk'), ('ngalamin', 'kyk', 'begini'), ('kyk', 'begini', 'performa'), ('begini', 'performa', 'turun'), ('performa', 'turun', 'bukan'), ('turun', 'bukan', 'cuma'), ('bukan', 'cuma', 'banyak'), ('cuma', 'banyak', 'banyak'), ('banyak', 'banyak', 'pensi'), ('banyak', 'pensi', 'masalah'), ('pensi', 'masalah', 'bgni'), ('masalah', 'bgni', 'contoh'), ('bgni', 'contoh', 'teman'), ('contoh', 'teman', 'tolong'), ('teman', 'tolong', 'developer'), ('tolong', 'developer', 'baik'), ('developer', 'baik', 'jt'), ('baik', 'jt', 'lebih'), ('jt', 'lebih', 'wakil')]"
"['muas', 'tolong', 'gelap', 'rangin']","[('muas', 'tolong', 'gelap'), ('tolong', 'gelap', 'rangin')]"
"['bagus', 'reting', 'bintang']","[('bagus', 'reting', 'bintang')]"
"['jelek', 'banyak', 'ewean', 'hapus']","[('jelek', 'banyak', 'ewean'), ('banyak', 'ewean', 'hapus')]"
"['punya', 'kendala', 'yaitu', 'asik', 'sinyal', 'hilang', 'tampil', 'teks', 'hubung', 'tanding', 'umum', 'kuota', 'aktif', 'ping', 'hijau', 'sekitar', 'ms', 'entah', 'knp', 'makin', 'berat', 'kentang', 'sinyal', 'makin', 'kacau', 'moga', 'lain', 'lebih', 'baik']","[('punya', 'kendala', 'yaitu'), ('kendala', 'yaitu', 'asik'), ('yaitu', 'asik', 'sinyal'), ('asik', 'sinyal', 'hilang'), ('sinyal', 'hilang', 'tampil'), ('hilang', 'tampil', 'teks'), ('tampil', 'teks', 'hubung'), ('teks', 'hubung', 'tanding'), ('hubung', 'tanding', 'umum'), ('tanding', 'umum', 'kuota'), ('umum', 'kuota', 'aktif'), ('kuota', 'aktif', 'ping'), ('aktif', 'ping', 'hijau'), ('ping', 'hijau', 'sekitar'), ('hijau', 'sekitar', 'ms'), ('sekitar', 'ms', 'entah'), ('ms', 'entah', 'knp'), ('entah', 'knp', 'makin'), ('knp', 'makin', 'berat'), ('makin', 'berat', 'kentang'), ('berat', 'kentang', 'sinyal'), ('kentang', 'sinyal', 'makin'), ('sinyal', 'makin', 'kacau'), ('makin', 'kacau', 'moga'), ('kacau', 'moga', 'lain'), ('moga', 'lain', 'lebih'), ('lain', 'lebih', 'baik')]"
"['represing', 'hilang', 'stres', 'nambah', 'stres', 'lost', 'treak', 'kon']","[('represing', 'hilang', 'stres'), ('hilang', 'stres', 'nambah'), ('stres', 'nambah', 'stres'), ('nambah', 'stres', 'lost'), ('stres', 'lost', 'treak'), ('lost', 'treak', 'kon')]"
"['tolol', 'jelas']",[]
"['buruk', 'sinyal', 'rusak', 'buruk', 'kematen', 'update', 'skin', 'kolektor', 'sinyal', 'dadak', 'hilang', 'lping', 'atas', 'begini', 'lama', 'banyak', 'uninstal', 'gara', 'sinyal', 'hilang', 'lostreak', 'njing']","[('buruk', 'sinyal', 'rusak'), ('sinyal', 'rusak', 'buruk'), ('rusak', 'buruk', 'kematen'), ('buruk', 'kematen', 'update'), ('kematen', 'update', 'skin'), ('update', 'skin', 'kolektor'), ('skin', 'kolektor', 'sinyal'), ('kolektor', 'sinyal', 'dadak'), ('sinyal', 'dadak', 'hilang'), ('dadak', 'hilang', 'lping'), ('hilang', 'lping', 'atas'), ('lping', 'atas', 'begini'), ('atas', 'begini', 'lama'), ('begini', 'lama', 'banyak'), ('lama', 'banyak', 'uninstal'), ('banyak', 'uninstal', 'gara'), ('uninstal', 'gara', 'sinyal'), ('gara', 'sinyal', 'hilang'), ('sinyal', 'hilang', 'lostreak'), ('hilang', 'lostreak', 'njing')]"
"['emng', 't', 'buka', 'neng', 'stres']","[('emng', 't', 'buka'), ('t', 'buka', 'neng'), ('buka', 'neng', 'stres')]"
['bagus'],[]
"['keren', 'banget']",[]
"['tolong', 'jangan', 'darksistem', 'semua', 'anj', 'pen', 'mythic', 'glory', 'cok', 'liatt', 'komen']","[('tolong', 'jangan', 'darksistem'), ('jangan', 'darksistem', 'semua'), ('darksistem', 'semua', 'anj'), ('semua', 'anj', 'pen'), ('anj', 'pen', 'mythic'), ('pen', 'mythic', 'glory'), ('mythic', 'glory', 'cok'), ('glory', 'cok', 'liatt'), ('cok', 'liatt', 'komen')]"
"['lag', 'lag', 'mid', 'baru', 'lag', 'gimana', 'kalah', 'dominasi', 'duluan', 'musuh']","[('lag', 'lag', 'mid'), ('lag', 'mid', 'baru'), ('mid', 'baru', 'lag'), ('baru', 'lag', 'gimana'), ('lag', 'gimana', 'kalah'), ('gimana', 'kalah', 'dominasi'), ('kalah', 'dominasi', 'duluan'), ('dominasi', 'duluan', 'musuh')]"
"['makin', 'parah', 'lag']","[('makin', 'parah', 'lag')]"
"['jelas', 'gelap']",[]
"['minimal', 'nyepin', 'pernah', 'hoki', 'win', 'strikk', 'beri', 'komputer', 'semua', 'anj']","[('minimal', 'nyepin', 'pernah'), ('nyepin', 'pernah', 'hoki'), ('pernah', 'hoki', 'win'), ('hoki', 'win', 'strikk'), ('win', 'strikk', 'beri'), ('strikk', 'beri', 'komputer'), ('beri', 'komputer', 'semua'), ('komputer', 'semua', 'anj')]"
['bagus'],[]
"['bagi', 'skin']",[]
"['asu', 'lag', 'sudah', 'pakek', 'wifipaket', 'dataa', 'tolol', 'babi', 'haramm']","[('asu', 'lag', 'sudah'), ('lag', 'sudah', 'pakek'), ('sudah', 'pakek', 'wifipaket'), ('pakek', 'wifipaket', 'dataa'), ('wifipaket', 'dataa', 'tolol'), ('dataa', 'tolol', 'babi'), ('tolol', 'babi', 'haramm')]"
"['sihh', 'gede', 'lag', 'tolol']","[('sihh', 'gede', 'lag'), ('gede', 'lag', 'tolol')]"
"['tolol', 'co']",[]
"['benar', 'milih', 'lawan', 'sendiri', 'imbang', 'bukan', 'vs', 'afkjangan', 'beban', 'ranked', 'benah', 'vs', 'padan', 'menang', 'kalah', 'urus', 'nanti', 'turun', 'ketemu', 'gelap', 'vs', 'lalu', 'vs', 'gelap', 'bukan', 'kalah', 'fear', 'vs', 'gapapa', 'classic', 'ketemu', 'gelap', 'vs']","[('benar', 'milih', 'lawan'), ('milih', 'lawan', 'sendiri'), ('lawan', 'sendiri', 'imbang'), ('sendiri', 'imbang', 'bukan'), ('imbang', 'bukan', 'vs'), ('bukan', 'vs', 'afkjangan'), ('vs', 'afkjangan', 'beban'), ('afkjangan', 'beban', 'ranked'), ('beban', 'ranked', 'benah'), ('ranked', 'benah', 'vs'), ('benah', 'vs', 'padan'), ('vs', 'padan', 'menang'), ('padan', 'menang', 'kalah'), ('menang', 'kalah', 'urus'), ('kalah', 'urus', 'nanti'), ('urus', 'nanti', 'turun'), ('nanti', 'turun', 'ketemu'), ('turun', 'ketemu', 'gelap'), ('ketemu', 'gelap', 'vs'), ('gelap', 'vs', 'lalu'), ('vs', 'lalu', 'vs'), ('lalu', 'vs', 'gelap'), ('vs', 'gelap', 'bukan'), ('gelap', 'bukan', 'kalah'), ('bukan', 'kalah', 'fear'), ('kalah', 'fear', 'vs'), ('fear', 'vs', 'gapapa'), ('vs', 'gapapa', 'classic'), ('gapapa', 'classic', 'ketemu'), ('classic', 'ketemu', 'gelap'), ('ketemu', 'gelap', 'vs')]"
['sampah'],[]
['redy'],[]
"['bintang', 'bukan', 'bagus', 'jelek', 'makin', 'sekarang', 'makin', 'ngebug', 'masa', 'loby', 'warna', 'ungu', 'draf', 'suka', 'lag', 'tambah', 'bagus', 'suka', 'lag']","[('bintang', 'bukan', 'bagus'), ('bukan', 'bagus', 'jelek'), ('bagus', 'jelek', 'makin'), ('jelek', 'makin', 'sekarang'), ('makin', 'sekarang', 'makin'), ('sekarang', 'makin', 'ngebug'), ('makin', 'ngebug', 'masa'), ('ngebug', 'masa', 'loby'), ('masa', 'loby', 'warna'), ('loby', 'warna', 'ungu'), ('warna', 'ungu', 'draf'), ('ungu', 'draf', 'suka'), ('draf', 'suka', 'lag'), ('suka', 'lag', 'tambah'), ('lag', 'tambah', 'bagus'), ('tambah', 'bagus', 'suka'), ('bagus', 'suka', 'lag')]"
"['pencet', 'hubung', 'akun', 'wanya']","[('pencet', 'hubung', 'akun'), ('hubung', 'akun', 'wanya')]"
"['offline', 'bintang', 'lima', 'biasa', 'hotspot', 'tetangga', 'lag', 'marah', 'pukul', 'gitu']","[('offline', 'bintang', 'lima'), ('bintang', 'lima', 'biasa'), ('lima', 'biasa', 'hotspot'), ('biasa', 'hotspot', 'tetangga'), ('hotspot', 'tetangga', 'lag'), ('tetangga', 'lag', 'marah'), ('lag', 'marah', 'pukul'), ('marah', 'pukul', 'gitu')]"
"['terlalu', 'banyak', 'jasa', 'joki', 'banyak', 'beban', 'ranked', 'ripot', 'pernah', 'hasil', 'walaupun', 'skor', 'gelap', 'kacau']","[('terlalu', 'banyak', 'jasa'), ('banyak', 'jasa', 'joki'), ('jasa', 'joki', 'banyak'), ('joki', 'banyak', 'beban'), ('banyak', 'beban', 'ranked'), ('beban', 'ranked', 'ripot'), ('ranked', 'ripot', 'pernah'), ('ripot', 'pernah', 'hasil'), ('pernah', 'hasil', 'walaupun'), ('hasil', 'walaupun', 'skor'), ('walaupun', 'skor', 'gelap'), ('skor', 'gelap', 'kacau')]"
"['babi', 'benar']",[]
"['gelap', 'mlu', 'gmn', 'mles', 'hpus', 'ganti']","[('gelap', 'mlu', 'gmn'), ('mlu', 'gmn', 'mles'), ('gmn', 'mles', 'hpus'), ('mles', 'hpus', 'ganti')]"
"['parah', 'benar', 'selalu', 'lag', 'pdahal', 'bgus', 'sinyal', 'banyak', 'bug', 'nie', 'tolong', 'baik', 'perhati']","[('parah', 'benar', 'selalu'), ('benar', 'selalu', 'lag'), ('selalu', 'lag', 'pdahal'), ('lag', 'pdahal', 'bgus'), ('pdahal', 'bgus', 'sinyal'), ('bgus', 'sinyal', 'banyak'), ('sinyal', 'banyak', 'bug'), ('banyak', 'bug', 'nie'), ('bug', 'nie', 'tolong'), ('nie', 'tolong', 'baik'), ('tolong', 'baik', 'perhati')]"
['kombeck'],[]
"['kenapaa', 'sinyalnyaa', 'sinyal', 'bagus', 'lag', 'ahh', 'rusak', 'napa']","[('kenapaa', 'sinyalnyaa', 'sinyal'), ('sinyalnyaa', 'sinyal', 'bagus'), ('sinyal', 'bagus', 'lag'), ('bagus', 'lag', 'ahh'), ('lag', 'ahh', 'rusak'), ('ahh', 'rusak', 'napa')]"
"['tolong', 'rangin', 'mb']","[('tolong', 'rangin', 'mb')]"
"['oii', 'awas', 'misal', 'magic', 'core', 'reset', 'bulan', 'sumpahin', 'pasti', 'blunder', 'pasti', 'makin', 'sepi', 'nanti', 'gara', 'hal']","[('oii', 'awas', 'misal'), ('awas', 'misal', 'magic'), ('misal', 'magic', 'core'), ('magic', 'core', 'reset'), ('core', 'reset', 'bulan'), ('reset', 'bulan', 'sumpahin'), ('bulan', 'sumpahin', 'pasti'), ('sumpahin', 'pasti', 'blunder'), ('pasti', 'blunder', 'pasti'), ('blunder', 'pasti', 'makin'), ('pasti', 'makin', 'sepi'), ('makin', 'sepi', 'nanti'), ('sepi', 'nanti', 'gara'), ('nanti', 'gara', 'hal')]"
"['akun', 'kenapa', 'kaitin', 'suatu', 'salah', 'satu', 'opsi', 'akun', 'ilang', 'bind']","[('akun', 'kenapa', 'kaitin'), ('kenapa', 'kaitin', 'suatu'), ('kaitin', 'suatu', 'salah'), ('suatu', 'salah', 'satu'), ('salah', 'satu', 'opsi'), ('satu', 'opsi', 'akun'), ('opsi', 'akun', 'ilang'), ('akun', 'ilang', 'bind')]"
"['sekarang', 'mudah', 'lag', 'loding', 'lama', 'wifi', 'masuk', 'masuk', 'afk', 'mohon', 'bantu', 'pak']","[('sekarang', 'mudah', 'lag'), ('mudah', 'lag', 'loding'), ('lag', 'loding', 'lama'), ('loding', 'lama', 'wifi'), ('lama', 'wifi', 'masuk'), ('wifi', 'masuk', 'masuk'), ('masuk', 'masuk', 'afk'), ('masuk', 'afk', 'mohon'), ('afk', 'mohon', 'bantu'), ('mohon', 'bantu', 'pak')]"
['bgus'],[]
"['mermerlukan', 'luar', 'biasa']","[('mermerlukan', 'luar', 'biasa')]"
"['bagus', 'kadang', 'masalah', 'seru', 'kesal', 'senang']","[('bagus', 'kadang', 'masalah'), ('kadang', 'masalah', 'seru'), ('masalah', 'seru', 'kesal'), ('seru', 'kesal', 'senang')]"
"['ngawur', 'high', 'mythical', 'glory', 'tinggi', 'ketemu', 'satu', 'high', 'mythic', 'mythical', 'bintang', 'ketemu', 'trio', 'tolong', 'perhati', 'bagus']","[('ngawur', 'high', 'mythical'), ('high', 'mythical', 'glory'), ('mythical', 'glory', 'tinggi'), ('glory', 'tinggi', 'ketemu'), ('tinggi', 'ketemu', 'satu'), ('ketemu', 'satu', 'high'), ('satu', 'high', 'mythic'), ('high', 'mythic', 'mythical'), ('mythic', 'mythical', 'bintang'), ('mythical', 'bintang', 'ketemu'), ('bintang', 'ketemu', 'trio'), ('ketemu', 'trio', 'tolong'), ('trio', 'tolong', 'perhati'), ('tolong', 'perhati', 'bagus')]"
"['skin', 'bagus']",[]
['anjg'],[]
"['simpel', 'gc', 'jelas', 'spell', 'retri', 'mala', 'ngpus', 'minion', 'kecewa', 'banget']","[('simpel', 'gc', 'jelas'), ('gc', 'jelas', 'spell'), ('jelas', 'spell', 'retri'), ('spell', 'retri', 'mala'), ('retri', 'mala', 'ngpus'), ('mala', 'ngpus', 'minion'), ('ngpus', 'minion', 'kecewa'), ('minion', 'kecewa', 'banget')]"
"['bagus', 'tahan', 'menara', 'tanpa', 'koneksi', 'pokok', 'bagus']","[('bagus', 'tahan', 'menara'), ('tahan', 'menara', 'tanpa'), ('menara', 'tanpa', 'koneksi'), ('tanpa', 'koneksi', 'pokok'), ('koneksi', 'pokok', 'bagus')]"
['rusak'],[]
"['saran', 'matchnya', 'buruk']","[('saran', 'matchnya', 'buruk')]"
"['strees', 'relog', 'lama', 'jelek', 'banyak', 'update', 'jelek']","[('strees', 'relog', 'lama'), ('relog', 'lama', 'jelek'), ('lama', 'jelek', 'banyak'), ('jelek', 'banyak', 'update'), ('banyak', 'update', 'jelek')]"
['nyusahin'],[]
"['seru', 'banyak', 'lag']","[('seru', 'banyak', 'lag')]"
"['makas', 'sudah', 'lama', 'hibur', 'kadang', 'stres', 'banyak', 'kalah', 'gelap', 'systemnya', 'gapapa', 'bagus', 'beberapa', 'bug', 'update', 'tan', 'terimakasih']","[('makas', 'sudah', 'lama'), ('sudah', 'lama', 'hibur'), ('lama', 'hibur', 'kadang'), ('hibur', 'kadang', 'stres'), ('kadang', 'stres', 'banyak'), ('stres', 'banyak', 'kalah'), ('banyak', 'kalah', 'gelap'), ('kalah', 'gelap', 'systemnya'), ('gelap', 'systemnya', 'gapapa'), ('systemnya', 'gapapa', 'bagus'), ('gapapa', 'bagus', 'beberapa'), ('bagus', 'beberapa', 'bug'), ('beberapa', 'bug', 'update'), ('bug', 'update', 'tan'), ('update', 'tan', 'terimakasih')]"
"['bintang', 'buruk', 'ee', 'semua']","[('bintang', 'buruk', 'ee'), ('buruk', 'ee', 'semua')]"
"['baga', 'buang', 'sja']","[('baga', 'buang', 'sja')]"
['bagus'],[]
"['bagus', 'lag', 'jir']","[('bagus', 'lag', 'jir')]"
['seru'],[]
"['ta', 'akun', 'ban', 'sembarang', 'tasu']","[('ta', 'akun', 'ban'), ('akun', 'ban', 'sembarang'), ('ban', 'sembarang', 'tasu')]"
"['buruk', 'benar', 'anjg', 'ngasi', 'bapuk', 'benar', 'asuu', 'asu', 'boikot', 'anjg']","[('buruk', 'benar', 'anjg'), ('benar', 'anjg', 'ngasi'), ('anjg', 'ngasi', 'bapuk'), ('ngasi', 'bapuk', 'benar'), ('bapuk', 'benar', 'asuu'), ('benar', 'asuu', 'asu'), ('asuu', 'asu', 'boikot'), ('asu', 'boikot', 'anjg')]"
"['bagus', 'banget', 'sinyal', 'baik']","[('bagus', 'banget', 'sinyal'), ('banget', 'sinyal', 'baik')]"
"['makin', 'stres', 'koontol']","[('makin', 'stres', 'koontol')]"
"['sepi', 'matching', 'sampai', 'menit']","[('sepi', 'matching', 'sampai'), ('matching', 'sampai', 'menit')]"
['taik'],[]
"['benar', 'masa', 'glory', 'ketemu', 'gtu', 'aneh', 'bngtt']","[('benar', 'masa', 'glory'), ('masa', 'glory', 'ketemu'), ('glory', 'ketemu', 'gtu'), ('ketemu', 'gtu', 'aneh'), ('gtu', 'aneh', 'bngtt')]"
"['percuma', 'atur', 'draft', 'beberapa', 'imbang', 'banyak', 'feedtroll', 'makin', 'mls']","[('percuma', 'atur', 'draft'), ('atur', 'draft', 'beberapa'), ('draft', 'beberapa', 'imbang'), ('beberapa', 'imbang', 'banyak'), ('imbang', 'banyak', 'feedtroll'), ('banyak', 'feedtroll', 'makin'), ('feedtroll', 'makin', 'mls')]"
"['bintang', 'jg', 'sudah', 'uninstall', 'hilang', 'sinyal', 'full']","[('bintang', 'jg', 'sudah'), ('jg', 'sudah', 'uninstall'), ('sudah', 'uninstall', 'hilang'), ('uninstall', 'hilang', 'sinyal'), ('hilang', 'sinyal', 'full')]"
"['opsi', 'report', 'tanding', 'guna', 'selain', 'afk', 'ayo', 'meski', 'medal', 'gold', 'bapuk', 'banyak', 'mati', 'push', 'tower', 'bagai', 'sebab', 'kalah', 'wajib', 'tindak', 'cerita', 'lebih', 'bagus', 'kemanamana', 'dalam', 'hal', 'tindak']","[('opsi', 'report', 'tanding'), ('report', 'tanding', 'guna'), ('tanding', 'guna', 'selain'), ('guna', 'selain', 'afk'), ('selain', 'afk', 'ayo'), ('afk', 'ayo', 'meski'), ('ayo', 'meski', 'medal'), ('meski', 'medal', 'gold'), ('medal', 'gold', 'bapuk'), ('gold', 'bapuk', 'banyak'), ('bapuk', 'banyak', 'mati'), ('banyak', 'mati', 'push'), ('mati', 'push', 'tower'), ('push', 'tower', 'bagai'), ('tower', 'bagai', 'sebab'), ('bagai', 'sebab', 'kalah'), ('sebab', 'kalah', 'wajib'), ('kalah', 'wajib', 'tindak'), ('wajib', 'tindak', 'cerita'), ('tindak', 'cerita', 'lebih'), ('cerita', 'lebih', 'bagus'), ('lebih', 'bagus', 'kemanamana'), ('bagus', 'kemanamana', 'dalam'), ('kemanamana', 'dalam', 'hal'), ('dalam', 'hal', 'tindak')]"
"['terlalu', 'banyak', 'akun', 'bot']","[('terlalu', 'banyak', 'akun'), ('banyak', 'akun', 'bot')]"
['buruk'],[]
"['matching', 'benar', 'jelas']","[('matching', 'benar', 'jelas')]"
"['tolong', 'baik', 'bug', 'bug', 'jangan', 'event', 'patch', 'urusin', 'bug', 'bug', 'dalam', 'biarin', 'mana', 'pensi']","[('tolong', 'baik', 'bug'), ('baik', 'bug', 'bug'), ('bug', 'bug', 'jangan'), ('bug', 'jangan', 'event'), ('jangan', 'event', 'patch'), ('event', 'patch', 'urusin'), ('patch', 'urusin', 'bug'), ('urusin', 'bug', 'bug'), ('bug', 'bug', 'dalam'), ('bug', 'dalam', 'biarin'), ('dalam', 'biarin', 'mana'), ('biarin', 'mana', 'pensi')]"
"['dongo', 'mentang', 'peringkat', 'global', 'kawan', 'bot', 'lose']","[('dongo', 'mentang', 'peringkat'), ('mentang', 'peringkat', 'global'), ('peringkat', 'global', 'kawan'), ('global', 'kawan', 'bot'), ('kawan', 'bot', 'lose')]"
"['muntun', 'tolong', 'sinyaljaringan', 'jelek', 'paket', 'lancar', 'pernah', 'pakek', 'wifi', 'sinyal', 'tetap', 'buruk', 'kesel', 'knp', 'lag', 'gerak', 'teman', 'lancar', 'jalan', 'sinyal', 'jelek', 'otomatis', 'lihat', 'lag', 'knp', 'kesel', 'push', 'renk', 'barw', 'tolong', 'muntun', 'history', 'silver', 'coklat', 'kadang', 'afk', 'knp', 'sejak', 'ab', 'tahir', 'buruk']","[('muntun', 'tolong', 'sinyaljaringan'), ('tolong', 'sinyaljaringan', 'jelek'), ('sinyaljaringan', 'jelek', 'paket'), ('jelek', 'paket', 'lancar'), ('paket', 'lancar', 'pernah'), ('lancar', 'pernah', 'pakek'), ('pernah', 'pakek', 'wifi'), ('pakek', 'wifi', 'sinyal'), ('wifi', 'sinyal', 'tetap'), ('sinyal', 'tetap', 'buruk'), ('tetap', 'buruk', 'kesel'), ('buruk', 'kesel', 'knp'), ('kesel', 'knp', 'lag'), ('knp', 'lag', 'gerak'), ('lag', 'gerak', 'teman'), ('gerak', 'teman', 'lancar'), ('teman', 'lancar', 'jalan'), ('lancar', 'jalan', 'sinyal'), ('jalan', 'sinyal', 'jelek'), ('sinyal', 'jelek', 'otomatis'), ('jelek', 'otomatis', 'lihat'), ('otomatis', 'lihat', 'lag'), ('lihat', 'lag', 'knp'), ('lag', 'knp', 'kesel'), ('knp', 'kesel', 'push'), ('kesel', 'push', 'renk'), ('push', 'renk', 'barw'), ('renk', 'barw', 'tolong'), ('barw', 'tolong', 'muntun'), ('tolong', 'muntun', 'history'), ('muntun', 'history', 'silver'), ('history', 'silver', 'coklat'), ('silver', 'coklat', 'kadang'), ('coklat', 'kadang', 'afk'), ('kadang', 'afk', 'knp'), ('afk', 'knp', 'sejak'), ('knp', 'sejak', 'ab'), ('sejak', 'ab', 'tahir'), ('ab', 'tahir', 'buruk')]"
"['banyak', 'bug', 'bagi', 'ngasal']","[('banyak', 'bug', 'bagi'), ('bug', 'bagi', 'ngasal')]"
['oke'],[]
"['banyak', 'gelap']",[]
"['emng', 'seru', 'kadang', 'stres', 'neng', 'sdkit', 'lebih', 'banyak', 'stres', 'buka', 'bahagia', 'kasi', 'bot', 'semua', 'ngerti', 'menang', 'kalah', 'ngertii', 'walaupun', 'lama', 'kolo', 'giniin', 'bosen', 'terimakasih', 'thunny']","[('emng', 'seru', 'kadang'), ('seru', 'kadang', 'stres'), ('kadang', 'stres', 'neng'), ('stres', 'neng', 'sdkit'), ('neng', 'sdkit', 'lebih'), ('sdkit', 'lebih', 'banyak'), ('lebih', 'banyak', 'stres'), ('banyak', 'stres', 'buka'), ('stres', 'buka', 'bahagia'), ('buka', 'bahagia', 'kasi'), ('bahagia', 'kasi', 'bot'), ('kasi', 'bot', 'semua'), ('bot', 'semua', 'ngerti'), ('semua', 'ngerti', 'menang'), ('ngerti', 'menang', 'kalah'), ('menang', 'kalah', 'ngertii'), ('kalah', 'ngertii', 'walaupun'), ('ngertii', 'walaupun', 'lama'), ('walaupun', 'lama', 'kolo'), ('lama', 'kolo', 'giniin'), ('kolo', 'giniin', 'bosen'), ('giniin', 'bosen', 'terimakasih'), ('bosen', 'terimakasih', 'thunny')]"
"['pilih', 'freya', 'hadiah', 'topup', 'pertama', 'beleric']","[('pilih', 'freya', 'hadiah'), ('freya', 'hadiah', 'topup'), ('hadiah', 'topup', 'pertama'), ('topup', 'pertama', 'beleric')]"
"['musuh', 'jago', 'dongo', 'capek', 'cok', 'ngegendong', 'gendong', 'tu']","[('musuh', 'jago', 'dongo'), ('jago', 'dongo', 'capek'), ('dongo', 'capek', 'cok'), ('capek', 'cok', 'ngegendong'), ('cok', 'ngegendong', 'gendong'), ('ngegendong', 'gendong', 'tu')]"
"['tolong', 'baik', 'sinyalnyaping', 'selalu', 'merah', 'lelet']","[('tolong', 'baik', 'sinyalnyaping'), ('baik', 'sinyalnyaping', 'selalu'), ('sinyalnyaping', 'selalu', 'merah'), ('selalu', 'merah', 'lelet')]"
['suka'],[]
"['neng', 'kalah', 'muluk', 'gara', 'gara', 'seim', 'bang', 'tolong', 'jangan', 'sik', 'sa']","[('neng', 'kalah', 'muluk'), ('kalah', 'muluk', 'gara'), ('muluk', 'gara', 'gara'), ('gara', 'gara', 'seim'), ('gara', 'seim', 'bang'), ('seim', 'bang', 'tolong'), ('bang', 'tolong', 'jangan'), ('tolong', 'jangan', 'sik'), ('jangan', 'sik', 'sa')]"
"['tolol', 'masalah', 'tulis', 'ruang', 'habis', 'banyak', 'tolol', 'gimana', 'tolol', 'banget', 'yatim']","[('tolol', 'masalah', 'tulis'), ('masalah', 'tulis', 'ruang'), ('tulis', 'ruang', 'habis'), ('ruang', 'habis', 'banyak'), ('habis', 'banyak', 'tolol'), ('banyak', 'tolol', 'gimana'), ('tolol', 'gimana', 'tolol'), ('gimana', 'tolol', 'banget'), ('tolol', 'banget', 'yatim')]"
"['hallo', 'tolong', 'server', 'rusak', 'semenjak', 'bug', 'border', 'avatar', 'alucard', 'lag', 'parah', 'ngefrezee', 'stuck', 'tampil', 'utama', 'kalaupun', 'bintang', 'nambah', 'menang', 'invalid']","[('hallo', 'tolong', 'server'), ('tolong', 'server', 'rusak'), ('server', 'rusak', 'semenjak'), ('rusak', 'semenjak', 'bug'), ('semenjak', 'bug', 'border'), ('bug', 'border', 'avatar'), ('border', 'avatar', 'alucard'), ('avatar', 'alucard', 'lag'), ('alucard', 'lag', 'parah'), ('lag', 'parah', 'ngefrezee'), ('parah', 'ngefrezee', 'stuck'), ('ngefrezee', 'stuck', 'tampil'), ('stuck', 'tampil', 'utama'), ('tampil', 'utama', 'kalaupun'), ('utama', 'kalaupun', 'bintang'), ('kalaupun', 'bintang', 'nambah'), ('bintang', 'nambah', 'menang'), ('nambah', 'menang', 'invalid')]"
['oah'],[]
"['makin', 'makin', 'aneh', 'gelap', 'pernah', 'padan', 'opmeta', 'dipake', 'musuh', 'jago', 'bot', 'bilang', 'jago', 'bot', 'tolong']","[('makin', 'makin', 'aneh'), ('makin', 'aneh', 'gelap'), ('aneh', 'gelap', 'pernah'), ('gelap', 'pernah', 'padan'), ('pernah', 'padan', 'opmeta'), ('padan', 'opmeta', 'dipake'), ('opmeta', 'dipake', 'musuh'), ('dipake', 'musuh', 'jago'), ('musuh', 'jago', 'bot'), ('jago', 'bot', 'bilang'), ('bot', 'bilang', 'jago'), ('bilang', 'jago', 'bot'), ('jago', 'bot', 'tolong')]"
"['no', 'comment']",[]
"['keran', 'suka']",[]
"['ko', 'sekarang', 'susah', 'buka', 'yh', 'sayah']","[('ko', 'sekarang', 'susah'), ('sekarang', 'susah', 'buka'), ('susah', 'buka', 'yh'), ('buka', 'yh', 'sayah')]"
"['turun', 'harga', 'dm']","[('turun', 'harga', 'dm')]"
"['cpe', 'ketemu', 'gelap', 'semua', 'jadeh', 'makin', 'banyak', 'gelap', 'banyak', 'ngtik', 'sok', 'jago', 'hadeh', 'hadeh', 'abk', 'semua', 'cpe', 'ge', 'cpe', 'gendong', 'ketemu', 'abk', 'tolong', 'abk', 'usah', 'cpe', 'dongo', 'semua', 'cpe', 'gendong', 'dongo', 'ajg']","[('cpe', 'ketemu', 'gelap'), ('ketemu', 'gelap', 'semua'), ('gelap', 'semua', 'jadeh'), ('semua', 'jadeh', 'makin'), ('jadeh', 'makin', 'banyak'), ('makin', 'banyak', 'gelap'), ('banyak', 'gelap', 'banyak'), ('gelap', 'banyak', 'ngtik'), ('banyak', 'ngtik', 'sok'), ('ngtik', 'sok', 'jago'), ('sok', 'jago', 'hadeh'), ('jago', 'hadeh', 'hadeh'), ('hadeh', 'hadeh', 'abk'), ('hadeh', 'abk', 'semua'), ('abk', 'semua', 'cpe'), ('semua', 'cpe', 'ge'), ('cpe', 'ge', 'cpe'), ('ge', 'cpe', 'gendong'), ('cpe', 'gendong', 'ketemu'), ('gendong', 'ketemu', 'abk'), ('ketemu', 'abk', 'tolong'), ('abk', 'tolong', 'abk'), ('tolong', 'abk', 'usah'), ('abk', 'usah', 'cpe'), ('usah', 'cpe', 'dongo'), ('cpe', 'dongo', 'semua'), ('dongo', 'semua', 'cpe'), ('semua', 'cpe', 'gendong'), ('cpe', 'gendong', 'dongo'), ('gendong', 'dongo', 'ajg')]"
['bagus'],[]
"['kasi', 'yng', 'bagus', 'napa', 'capek', 'kalah', 'kontol']","[('kasi', 'yng', 'bagus'), ('yng', 'bagus', 'napa'), ('bagus', 'napa', 'capek'), ('napa', 'capek', 'kalah'), ('capek', 'kalah', 'kontol')]"
"['tai', 'bot', 'mending', 'hapus']","[('tai', 'bot', 'mending'), ('bot', 'mending', 'hapus')]"
"['buruk', 'ping', 'merah', 'payah', 'ubah']","[('buruk', 'ping', 'merah'), ('ping', 'merah', 'payah'), ('merah', 'payah', 'ubah')]"
"['rusak', 'mitic', 'tabrakin', 'miskirkisd']","[('rusak', 'mitic', 'tabrakin'), ('mitic', 'tabrakin', 'miskirkisd')]"
"['habis', 'abdet', 'tambah', 'jelas', 'gems', 'internet', 'ilang', 'mohon', 'segera', 'perhati', 'nyaman', 'para']","[('habis', 'abdet', 'tambah'), ('abdet', 'tambah', 'jelas'), ('tambah', 'jelas', 'gems'), ('jelas', 'gems', 'internet'), ('gems', 'internet', 'ilang'), ('internet', 'ilang', 'mohon'), ('ilang', 'mohon', 'segera'), ('mohon', 'segera', 'perhati'), ('segera', 'perhati', 'nyaman'), ('perhati', 'nyaman', 'para')]"
"['benar', 'masa', 'layla', 'janggel', 'benar', 'baru', 'bintang', 'beban', 'asa', 'musuh', 'bagus', 'bagus', 'agak', 'jago']","[('benar', 'masa', 'layla'), ('masa', 'layla', 'janggel'), ('layla', 'janggel', 'benar'), ('janggel', 'benar', 'baru'), ('benar', 'baru', 'bintang'), ('baru', 'bintang', 'beban'), ('bintang', 'beban', 'asa'), ('beban', 'asa', 'musuh'), ('asa', 'musuh', 'bagus'), ('musuh', 'bagus', 'bagus'), ('bagus', 'bagus', 'agak'), ('bagus', 'agak', 'jago')]"
"['fider', 'ripot', 'nunggu', 'dlu', 'aneh', 'bngt', 'mending', 'epep', 'rusak']","[('fider', 'ripot', 'nunggu'), ('ripot', 'nunggu', 'dlu'), ('nunggu', 'dlu', 'aneh'), ('dlu', 'aneh', 'bngt'), ('aneh', 'bngt', 'mending'), ('bngt', 'mending', 'epep'), ('mending', 'epep', 'rusak')]"
"['samakin', 'update', 'makin', 'busuk', 'sinyal', 'macet', 'tolong', 'prngertiannya']","[('samakin', 'update', 'makin'), ('update', 'makin', 'busuk'), ('makin', 'busuk', 'sinyal'), ('busuk', 'sinyal', 'macet'), ('sinyal', 'macet', 'tolong'), ('macet', 'tolong', 'prngertiannya')]"
"['buruk', 'rekomendasi', 'cocok', 'buang', 'sampah']","[('buruk', 'rekomendasi', 'cocok'), ('rekomendasi', 'cocok', 'buang'), ('cocok', 'buang', 'sampah')]"
['favorit'],[]
"['woy', 'kw', 'benar', 'lol', 'kw', 'beri', 'benar', 'ibarat', 'rombong', 'pascol', 'lawan', 'skaylar', 'tolol', 'kw', 'kalah', 'mvp', 'montan', 'capek', 'normal', 'mitic', 'hanabi', 'ispayer', 'zilong', 'roam', 'tol']","[('woy', 'kw', 'benar'), ('kw', 'benar', 'lol'), ('benar', 'lol', 'kw'), ('lol', 'kw', 'beri'), ('kw', 'beri', 'benar'), ('beri', 'benar', 'ibarat'), ('benar', 'ibarat', 'rombong'), ('ibarat', 'rombong', 'pascol'), ('rombong', 'pascol', 'lawan'), ('pascol', 'lawan', 'skaylar'), ('lawan', 'skaylar', 'tolol'), ('skaylar', 'tolol', 'kw'), ('tolol', 'kw', 'kalah'), ('kw', 'kalah', 'mvp'), ('kalah', 'mvp', 'montan'), ('mvp', 'montan', 'capek'), ('montan', 'capek', 'normal'), ('capek', 'normal', 'mitic'), ('normal', 'mitic', 'hanabi'), ('mitic', 'hanabi', 'ispayer'), ('hanabi', 'ispayer', 'zilong'), ('ispayer', 'zilong', 'roam'), ('zilong', 'roam', 'tol')]"
"['gatel', 'teman', 'satu', 'jelek', 'buruk', 'kalah', 'kalah', 'mvp', 'satu', 'beban', 'tolong', 'bantu', 'asal', 'asal', 'ban']","[('gatel', 'teman', 'satu'), ('teman', 'satu', 'jelek'), ('satu', 'jelek', 'buruk'), ('jelek', 'buruk', 'kalah'), ('buruk', 'kalah', 'kalah'), ('kalah', 'kalah', 'mvp'), ('kalah', 'mvp', 'satu'), ('mvp', 'satu', 'beban'), ('satu', 'beban', 'tolong'), ('beban', 'tolong', 'bantu'), ('tolong', 'bantu', 'asal'), ('bantu', 'asal', 'asal'), ('asal', 'asal', 'ban')]"
"['seru', 'iy']",[]
"['lihat', 'ulas', 'banyak', 'komen', 'bahkan', 'banyak', 'celah', 'ngak', 'ppa', 'bot', 'kurang', 'faham', 'hadap', 'dalam', 'se', 'pasti', 'satu', 'bodoh', 'klu', 'begini', 'banyak', 'pindah']","[('lihat', 'ulas', 'banyak'), ('ulas', 'banyak', 'komen'), ('banyak', 'komen', 'bahkan'), ('komen', 'bahkan', 'banyak'), ('bahkan', 'banyak', 'celah'), ('banyak', 'celah', 'ngak'), ('celah', 'ngak', 'ppa'), ('ngak', 'ppa', 'bot'), ('ppa', 'bot', 'kurang'), ('bot', 'kurang', 'faham'), ('kurang', 'faham', 'hadap'), ('faham', 'hadap', 'dalam'), ('hadap', 'dalam', 'se'), ('dalam', 'se', 'pasti'), ('se', 'pasti', 'satu'), ('pasti', 'satu', 'bodoh'), ('satu', 'bodoh', 'klu'), ('bodoh', 'klu', 'begini'), ('klu', 'begini', 'banyak'), ('begini', 'banyak', 'pindah')]"
['bagus'],[]
"['adil', 'bagi']",[]
['bagus'],[]
"['abis', 'draft', 'kenapa', 'ngeframe', 'sudah', 'tengah', 'suka', 'lag']","[('abis', 'draft', 'kenapa'), ('draft', 'kenapa', 'ngeframe'), ('kenapa', 'ngeframe', 'sudah'), ('ngeframe', 'sudah', 'tengah'), ('sudah', 'tengah', 'suka'), ('tengah', 'suka', 'lag')]"
"['heh', 'monoton', 'beri', 'benar', 'sore', 'nyampe', 'subuh', 'ubah', 'makin', 'update', 'makin', 'rusak', 'ganti', 'rusak']","[('heh', 'monoton', 'beri'), ('monoton', 'beri', 'benar'), ('beri', 'benar', 'sore'), ('benar', 'sore', 'nyampe'), ('sore', 'nyampe', 'subuh'), ('nyampe', 'subuh', 'ubah'), ('subuh', 'ubah', 'makin'), ('ubah', 'makin', 'update'), ('makin', 'update', 'makin'), ('update', 'makin', 'rusak'), ('makin', 'rusak', 'ganti'), ('rusak', 'ganti', 'rusak')]"
"['knpa', 'sekarang', 'lag', 'bagus']","[('knpa', 'sekarang', 'lag'), ('sekarang', 'lag', 'bagus')]"
"['sll', 'teman', 'buruk', 'pdhl', 'musuh', 'pro', 'jelas', 'uninstall', 'bye', 'th', 'nyata', 'bnr', 'bukan', 'have', 'fun', 'stres']","[('sll', 'teman', 'buruk'), ('teman', 'buruk', 'pdhl'), ('buruk', 'pdhl', 'musuh'), ('pdhl', 'musuh', 'pro'), ('musuh', 'pro', 'jelas'), ('pro', 'jelas', 'uninstall'), ('jelas', 'uninstall', 'bye'), ('uninstall', 'bye', 'th'), ('bye', 'th', 'nyata'), ('th', 'nyata', 'bnr'), ('nyata', 'bnr', 'bukan'), ('bnr', 'bukan', 'have'), ('bukan', 'have', 'fun'), ('have', 'fun', 'stres')]"
"['gam', 'jelas', 'server', 'lag', 'parah', 'belum', 'rusak', 'lancar', 'draf', 'pik', 'serfer', 'lag', 'rusak', 'nugini', 'nyaingin', 'enak', 'mundur', 'suara', 'dengerin', 'rusak', 'salah', 'serfer', 'muak', 'lag', 'ngek', 'begini', 'lama', 'lama', 'pindah', 'nanti', 'baru']","[('gam', 'jelas', 'server'), ('jelas', 'server', 'lag'), ('server', 'lag', 'parah'), ('lag', 'parah', 'belum'), ('parah', 'belum', 'rusak'), ('belum', 'rusak', 'lancar'), ('rusak', 'lancar', 'draf'), ('lancar', 'draf', 'pik'), ('draf', 'pik', 'serfer'), ('pik', 'serfer', 'lag'), ('serfer', 'lag', 'rusak'), ('lag', 'rusak', 'nugini'), ('rusak', 'nugini', 'nyaingin'), ('nugini', 'nyaingin', 'enak'), ('nyaingin', 'enak', 'mundur'), ('enak', 'mundur', 'suara'), ('mundur', 'suara', 'dengerin'), ('suara', 'dengerin', 'rusak'), ('dengerin', 'rusak', 'salah'), ('rusak', 'salah', 'serfer'), ('salah', 'serfer', 'muak'), ('serfer', 'muak', 'lag'), ('muak', 'lag', 'ngek'), ('lag', 'ngek', 'begini'), ('ngek', 'begini', 'lama'), ('begini', 'lama', 'lama'), ('lama', 'lama', 'pindah'), ('lama', 'pindah', 'nanti'), ('pindah', 'nanti', 'baru')]"
"['nakin', 'lama', 'signal', 'makin', 'parah', 'signal', 'lancarr', 'hilang', 'frezz', 'jelas', 'banyak', 'an', 'update', 'skin', 'doank', 'perhatiin', 'unistal', 'ganti', 'rugi', 'bintang', 'minus', 'minus', 'skor']","[('nakin', 'lama', 'signal'), ('lama', 'signal', 'makin'), ('signal', 'makin', 'parah'), ('makin', 'parah', 'signal'), ('parah', 'signal', 'lancarr'), ('signal', 'lancarr', 'hilang'), ('lancarr', 'hilang', 'frezz'), ('hilang', 'frezz', 'jelas'), ('frezz', 'jelas', 'banyak'), ('jelas', 'banyak', 'an'), ('banyak', 'an', 'update'), ('an', 'update', 'skin'), ('update', 'skin', 'doank'), ('skin', 'doank', 'perhatiin'), ('doank', 'perhatiin', 'unistal'), ('perhatiin', 'unistal', 'ganti'), ('unistal', 'ganti', 'rugi'), ('ganti', 'rugi', 'bintang'), ('rugi', 'bintang', 'minus'), ('bintang', 'minus', 'minus'), ('minus', 'minus', 'skor')]"
"['mohon', 'bosan', 'kalah', 'menang', 'menang', 'pasti', 'lanjut', 'kalah', 'bosan', 'jika', 'punya', 'teman', 'mabar', 'rekomendasi', 'mendownload']","[('mohon', 'bosan', 'kalah'), ('bosan', 'kalah', 'menang'), ('kalah', 'menang', 'menang'), ('menang', 'menang', 'pasti'), ('menang', 'pasti', 'lanjut'), ('pasti', 'lanjut', 'kalah'), ('lanjut', 'kalah', 'bosan'), ('kalah', 'bosan', 'jika'), ('bosan', 'jika', 'punya'), ('jika', 'punya', 'teman'), ('punya', 'teman', 'mabar'), ('teman', 'mabar', 'rekomendasi'), ('mabar', 'rekomendasi', 'mendownload')]"
"['this', 'not', 'fair']","[('this', 'not', 'fair')]"
"['moga', 'meningal', 'dunia', 'aminn']","[('moga', 'meningal', 'dunia'), ('meningal', 'dunia', 'aminn')]"
"['sinyal', 'sekarang', 'buruk', 'full']","[('sinyal', 'sekarang', 'buruk'), ('sekarang', 'buruk', 'full')]"
"['putus', 'henti', 'makin', 'lama', 'makin', 'jelas', 'tanding', 'feeder', 'lawan', 'pro', 'hibur', 'emosi', 'buruk']","[('putus', 'henti', 'makin'), ('henti', 'makin', 'lama'), ('makin', 'lama', 'makin'), ('lama', 'makin', 'jelas'), ('makin', 'jelas', 'tanding'), ('jelas', 'tanding', 'feeder'), ('tanding', 'feeder', 'lawan'), ('feeder', 'lawan', 'pro'), ('lawan', 'pro', 'hibur'), ('pro', 'hibur', 'emosi'), ('hibur', 'emosi', 'buruk')]"
"['tolol', 'anjg']",[]
"['aneh', 'kaga', 'pernah', 'benar', 'tolol']","[('aneh', 'kaga', 'pernah'), ('kaga', 'pernah', 'benar'), ('pernah', 'benar', 'tolol')]"
"['games', 'filled', 'with', 'gelap', 'systems']","[('games', 'filled', 'with'), ('filled', 'with', 'gelap'), ('with', 'gelap', 'systems')]"
"['para', 'streamer', 'pd', 'pindah', 'roblox', 'auto', 'sepi', 'rating', 'y', 'drop']","[('para', 'streamer', 'pd'), ('streamer', 'pd', 'pindah'), ('pd', 'pindah', 'roblox'), ('pindah', 'roblox', 'auto'), ('roblox', 'auto', 'sepi'), ('auto', 'sepi', 'rating'), ('sepi', 'rating', 'y'), ('rating', 'y', 'drop')]"
"['punya', 'ngk', 'diri', 'tolol', 'amat', 'mentang', 'mentang', 'tolol', 'tolol', 'semua', 'haram']","[('punya', 'ngk', 'diri'), ('ngk', 'diri', 'tolol'), ('diri', 'tolol', 'amat'), ('tolol', 'amat', 'mentang'), ('amat', 'mentang', 'mentang'), ('mentang', 'mentang', 'tolol'), ('mentang', 'tolol', 'tolol'), ('tolol', 'tolol', 'semua'), ('tolol', 'semua', 'haram')]"
"['kecewa', 'rasio', 'rusak', 'gara', 'akun', 'baru']","[('kecewa', 'rasio', 'rusak'), ('rasio', 'rusak', 'gara'), ('rusak', 'gara', 'akun'), ('gara', 'akun', 'baru')]"
['suka'],[]
"['isi', 'tolol', 'ras', 'matching', 'rusak', 'idiot']","[('isi', 'tolol', 'ras'), ('tolol', 'ras', 'matching'), ('ras', 'matching', 'rusak'), ('matching', 'rusak', 'idiot')]"
"['makin', 'makin', 'jelas', 'satu', 'ktemu', 'musuh', 'keras', 'abangabang', 'imo', 'layer', 'evic', 'smua', 'jelas', 'adaada', 'lost', 'trek', 'wr', 'hancur', 'mmr', 'ancur', 'ngerti', 'sudah', 'males', 'lamalama']","[('makin', 'makin', 'jelas'), ('makin', 'jelas', 'satu'), ('jelas', 'satu', 'ktemu'), ('satu', 'ktemu', 'musuh'), ('ktemu', 'musuh', 'keras'), ('musuh', 'keras', 'abangabang'), ('keras', 'abangabang', 'imo'), ('abangabang', 'imo', 'layer'), ('imo', 'layer', 'evic'), ('layer', 'evic', 'smua'), ('evic', 'smua', 'jelas'), ('smua', 'jelas', 'adaada'), ('jelas', 'adaada', 'lost'), ('adaada', 'lost', 'trek'), ('lost', 'trek', 'wr'), ('trek', 'wr', 'hancur'), ('wr', 'hancur', 'mmr'), ('hancur', 'mmr', 'ancur'), ('mmr', 'ancur', 'ngerti'), ('ancur', 'ngerti', 'sudah'), ('ngerti', 'sudah', 'males'), ('sudah', 'males', 'lamalama')]"
['lancar'],[]
"['bug', 'bahkan', 'beri', 'deg', 'musuh', 'lipat']","[('bug', 'bahkan', 'beri'), ('bahkan', 'beri', 'deg'), ('beri', 'deg', 'musuh'), ('deg', 'musuh', 'lipat')]"
"['sebenernya', 'suka', 'banget', 'legand', 'cuma', 'sekarang', 'line', 'tentu', 'kurang', 'suka', 'banget', 'punya', 'banyak']","[('sebenernya', 'suka', 'banget'), ('suka', 'banget', 'legand'), ('banget', 'legand', 'cuma'), ('legand', 'cuma', 'sekarang'), ('cuma', 'sekarang', 'line'), ('sekarang', 'line', 'tentu'), ('line', 'tentu', 'kurang'), ('tentu', 'kurang', 'suka'), ('kurang', 'suka', 'banget'), ('suka', 'banget', 'punya'), ('banget', 'punya', 'banyak')]"
"['selalu', 'kurang', 'bagus']","[('selalu', 'kurang', 'bagus')]"
"['lag', 'bareng', 'beda', 'tempat', 'beda', 'beda', 'sinyal']","[('lag', 'bareng', 'beda'), ('bareng', 'beda', 'tempat'), ('beda', 'tempat', 'beda'), ('tempat', 'beda', 'beda'), ('beda', 'beda', 'sinyal')]"
['haram'],[]
"['nerf', 'cici', 'cok']","[('nerf', 'cici', 'cok')]"
"['bodoh', 'tres', 'pemainyah', 'apdetan', 'baru', 'kecewa']","[('bodoh', 'tres', 'pemainyah'), ('tres', 'pemainyah', 'apdetan'), ('pemainyah', 'apdetan', 'baru'), ('apdetan', 'baru', 'kecewa')]"
"['tolong', 'optimal', 'bagus', 'lag', 'makin', 'update', 'makin', 'perag']","[('tolong', 'optimal', 'bagus'), ('optimal', 'bagus', 'lag'), ('bagus', 'lag', 'makin'), ('lag', 'makin', 'update'), ('makin', 'update', 'makin'), ('update', 'makin', 'perag')]"
"['terlalu', 'berat', 'pangkat', 'kecil', 'musuh', 'imbang', 'problem', 'tidahanya', 'stres', 'musuh', 'jago', 'sudah', 'lama', 'sedakan', 'baru', 'indonesia', 'cepat', 'baik', 'adil', 'benar', 'bagus', 'musuh', 'berat', 'adil', 'mohon', 'maaf', 'jika', 'sopan', 'maaf']","[('terlalu', 'berat', 'pangkat'), ('berat', 'pangkat', 'kecil'), ('pangkat', 'kecil', 'musuh'), ('kecil', 'musuh', 'imbang'), ('musuh', 'imbang', 'problem'), ('imbang', 'problem', 'tidahanya'), ('problem', 'tidahanya', 'stres'), ('tidahanya', 'stres', 'musuh'), ('stres', 'musuh', 'jago'), ('musuh', 'jago', 'sudah'), ('jago', 'sudah', 'lama'), ('sudah', 'lama', 'sedakan'), ('lama', 'sedakan', 'baru'), ('sedakan', 'baru', 'indonesia'), ('baru', 'indonesia', 'cepat'), ('indonesia', 'cepat', 'baik'), ('cepat', 'baik', 'adil'), ('baik', 'adil', 'benar'), ('adil', 'benar', 'bagus'), ('benar', 'bagus', 'musuh'), ('bagus', 'musuh', 'berat'), ('musuh', 'berat', 'adil'), ('berat', 'adil', 'mohon'), ('adil', 'mohon', 'maaf'), ('mohon', 'maaf', 'jika'), ('maaf', 'jika', 'sopan'), ('jika', 'sopan', 'maaf')]"
"['rugi', 'bagai', 'oke', 'dpet', 'slalu', 'gajelas', 'apalgi', 'prapilih', 'role', 'maksain', 'role', 'guna', 'pilih', 'dpetnya', 'roam', 'kyaknya', 'mulai', 'mikirin', 'perihal', 'dpet', 'mvp', 'kalah', 'tetap', 'nmbah', 'bintang', 'sbagai', 'bentuk', 'apresiasi', 'rugi', 'tenaga', 'mmr', 'winrate', 'bintang', 'turun', 'mikir', 'bagus', 'win', 'cuma', 'lose', 'mvp', 'semua', 'kgak', 'nyesek', 'weh', 'mikir', 'woy', 'buruk']","[('rugi', 'bagai', 'oke'), ('bagai', 'oke', 'dpet'), ('oke', 'dpet', 'slalu'), ('dpet', 'slalu', 'gajelas'), ('slalu', 'gajelas', 'apalgi'), ('gajelas', 'apalgi', 'prapilih'), ('apalgi', 'prapilih', 'role'), ('prapilih', 'role', 'maksain'), ('role', 'maksain', 'role'), ('maksain', 'role', 'guna'), ('role', 'guna', 'pilih'), ('guna', 'pilih', 'dpetnya'), ('pilih', 'dpetnya', 'roam'), ('dpetnya', 'roam', 'kyaknya'), ('roam', 'kyaknya', 'mulai'), ('kyaknya', 'mulai', 'mikirin'), ('mulai', 'mikirin', 'perihal'), ('mikirin', 'perihal', 'dpet'), ('perihal', 'dpet', 'mvp'), ('dpet', 'mvp', 'kalah'), ('mvp', 'kalah', 'tetap'), ('kalah', 'tetap', 'nmbah'), ('tetap', 'nmbah', 'bintang'), ('nmbah', 'bintang', 'sbagai'), ('bintang', 'sbagai', 'bentuk'), ('sbagai', 'bentuk', 'apresiasi'), ('bentuk', 'apresiasi', 'rugi'), ('apresiasi', 'rugi', 'tenaga'), ('rugi', 'tenaga', 'mmr'), ('tenaga', 'mmr', 'winrate'), ('mmr', 'winrate', 'bintang'), ('winrate', 'bintang', 'turun'), ('bintang', 'turun', 'mikir'), ('turun', 'mikir', 'bagus'), ('mikir', 'bagus', 'win'), ('bagus', 'win', 'cuma'), ('win', 'cuma', 'lose'), ('cuma', 'lose', 'mvp'), ('lose', 'mvp', 'semua'), ('mvp', 'semua', 'kgak'), ('semua', 'kgak', 'nyesek'), ('kgak', 'nyesek', 'weh'), ('nyesek', 'weh', 'mikir'), ('weh', 'mikir', 'woy'), ('mikir', 'woy', 'buruk')]"
"['admin', 'anjg', 'bot', 'trs']","[('admin', 'anjg', 'bot'), ('anjg', 'bot', 'trs')]"
"['banyak', 'update', 'kualitas', 'buruk', 'kikir', 'babi']","[('banyak', 'update', 'kualitas'), ('update', 'kualitas', 'buruk'), ('kualitas', 'buruk', 'kikir'), ('buruk', 'kikir', 'babi')]"
"['report', 'adu', 'customer', 'servicenya', 'baik', 'jawab', 'template', 'solusi', 'parah', 'kenal', 'sampah']","[('report', 'adu', 'customer'), ('adu', 'customer', 'servicenya'), ('customer', 'servicenya', 'baik'), ('servicenya', 'baik', 'jawab'), ('baik', 'jawab', 'template'), ('jawab', 'template', 'solusi'), ('template', 'solusi', 'parah'), ('solusi', 'parah', 'kenal'), ('parah', 'kenal', 'sampah')]"
"['tanya', 'perihal', 'adil', 'alami', 'kalah', 'masif', 'fair', 'selalu', 'rugi', 'rekan', 'coba', 'report', 'tindak', 'lanjut', 'jawab', 'baik', 'dar', 'minta', 'maaf', 'mungkin', 'buruk', 'pernah', 'terimakasih']","[('tanya', 'perihal', 'adil'), ('perihal', 'adil', 'alami'), ('adil', 'alami', 'kalah'), ('alami', 'kalah', 'masif'), ('kalah', 'masif', 'fair'), ('masif', 'fair', 'selalu'), ('fair', 'selalu', 'rugi'), ('selalu', 'rugi', 'rekan'), ('rugi', 'rekan', 'coba'), ('rekan', 'coba', 'report'), ('coba', 'report', 'tindak'), ('report', 'tindak', 'lanjut'), ('tindak', 'lanjut', 'jawab'), ('lanjut', 'jawab', 'baik'), ('jawab', 'baik', 'dar'), ('baik', 'dar', 'minta'), ('dar', 'minta', 'maaf'), ('minta', 'maaf', 'mungkin'), ('maaf', 'mungkin', 'buruk'), ('mungkin', 'buruk', 'pernah'), ('buruk', 'pernah', 'terimakasih')]"
['kontol'],[]
"['tolong', 'lh', 'hapus', 'darksistem', 'lebih', 'tanding', 'stuck', 'situ', 'pasti', 'darksistem', 'capek', 'cok', 'bukan', 'have', 'fun', 'stres']","[('tolong', 'lh', 'hapus'), ('lh', 'hapus', 'darksistem'), ('hapus', 'darksistem', 'lebih'), ('darksistem', 'lebih', 'tanding'), ('lebih', 'tanding', 'stuck'), ('tanding', 'stuck', 'situ'), ('stuck', 'situ', 'pasti'), ('situ', 'pasti', 'darksistem'), ('pasti', 'darksistem', 'capek'), ('darksistem', 'capek', 'cok'), ('capek', 'cok', 'bukan'), ('cok', 'bukan', 'have'), ('bukan', 'have', 'fun'), ('have', 'fun', 'stres')]"
"['mikirr', 'beri', 'matching', 'romawi', 'plus', 'sedang', 'musuh', 'full', 'glory', 'emng', 'tambah', 'stres', 'heran', 'adil', 'banget', 'benar', 'benar', 'rusak', 'rusak', 'ws', 'lgsng', 'ls']","[('mikirr', 'beri', 'matching'), ('beri', 'matching', 'romawi'), ('matching', 'romawi', 'plus'), ('romawi', 'plus', 'sedang'), ('plus', 'sedang', 'musuh'), ('sedang', 'musuh', 'full'), ('musuh', 'full', 'glory'), ('full', 'glory', 'emng'), ('glory', 'emng', 'tambah'), ('emng', 'tambah', 'stres'), ('tambah', 'stres', 'heran'), ('stres', 'heran', 'adil'), ('heran', 'adil', 'banget'), ('adil', 'banget', 'benar'), ('banget', 'benar', 'benar'), ('benar', 'benar', 'rusak'), ('benar', 'rusak', 'rusak'), ('rusak', 'rusak', 'ws'), ('rusak', 'ws', 'lgsng'), ('ws', 'lgsng', 'ls')]"
['kranjingan'],[]
"['jangan', 'bro', 'buang', 'buang']","[('jangan', 'bro', 'buang'), ('bro', 'buang', 'buang')]"
"['cari', 'imbang']",[]
"['daerah', 'jawa', 'timur', 'jawa', 'tengah', 'mati', 'babi']","[('daerah', 'jawa', 'timur'), ('jawa', 'timur', 'jawa'), ('timur', 'jawa', 'tengah'), ('jawa', 'tengah', 'mati'), ('tengah', 'mati', 'babi')]"
"['macam', 'isi', 'balita', 'gelap', 'semua']","[('macam', 'isi', 'balita'), ('isi', 'balita', 'gelap'), ('balita', 'gelap', 'semua')]"
"['benar', 'benar', 'aneh', 'bagus', 'lag', 'kadang', 'hapus', 'baru']","[('benar', 'benar', 'aneh'), ('benar', 'aneh', 'bagus'), ('aneh', 'bagus', 'lag'), ('bagus', 'lag', 'kadang'), ('lag', 'kadang', 'hapus'), ('kadang', 'hapus', 'baru')]"
"['aneh', 'selalu', 'gelap', 'stres', 'orng']","[('aneh', 'selalu', 'gelap'), ('selalu', 'gelap', 'stres'), ('gelap', 'stres', 'orng')]"
"['kontol', 'lag']",[]
"['cl', 'imbang', 'masa', 'bagai', 'beban', 'musuh', 'jago', 'skill', 'sudah', 'gitu', 'wr', 'balance', 'pula', 'kalah', 'turun', 'banyak', 'win', 'naik', 'sedikit', 'sinyal', 'turun', 'naiklag', 'jumping', 'sinyal', 'tes', 'hijau', 'masalah', 'segera', 'atas', 'tetap', 'bintang', 'satu', 'dasar', 'tambah', 'stres']","[('cl', 'imbang', 'masa'), ('imbang', 'masa', 'bagai'), ('masa', 'bagai', 'beban'), ('bagai', 'beban', 'musuh'), ('beban', 'musuh', 'jago'), ('musuh', 'jago', 'skill'), ('jago', 'skill', 'sudah'), ('skill', 'sudah', 'gitu'), ('sudah', 'gitu', 'wr'), ('gitu', 'wr', 'balance'), ('wr', 'balance', 'pula'), ('balance', 'pula', 'kalah'), ('pula', 'kalah', 'turun'), ('kalah', 'turun', 'banyak'), ('turun', 'banyak', 'win'), ('banyak', 'win', 'naik'), ('win', 'naik', 'sedikit'), ('naik', 'sedikit', 'sinyal'), ('sedikit', 'sinyal', 'turun'), ('sinyal', 'turun', 'naiklag'), ('turun', 'naiklag', 'jumping'), ('naiklag', 'jumping', 'sinyal'), ('jumping', 'sinyal', 'tes'), ('sinyal', 'tes', 'hijau'), ('tes', 'hijau', 'masalah'), ('hijau', 'masalah', 'segera'), ('masalah', 'segera', 'atas'), ('segera', 'atas', 'tetap'), ('atas', 'tetap', 'bintang'), ('tetap', 'bintang', 'satu'), ('bintang', 'satu', 'dasar'), ('satu', 'dasar', 'tambah'), ('dasar', 'tambah', 'stres')]"
"['abis', 'baru', 'makin', 'lag', 'bagus']","[('abis', 'baru', 'makin'), ('baru', 'makin', 'lag'), ('makin', 'lag', 'bagus')]"
"['jelek', 'bnyk', 'gelap']","[('jelek', 'bnyk', 'gelap')]"
['tolol'],[]
"['beri', 'pernah', 'benar', 'tolol']","[('beri', 'pernah', 'benar'), ('pernah', 'benar', 'tolol')]"
"['tolol', 'rate', 'bagus', 'report', 'laen', 'kurang', 'ks', 'report', 'respon', 'buangsat']","[('tolol', 'rate', 'bagus'), ('rate', 'bagus', 'report'), ('bagus', 'report', 'laen'), ('report', 'laen', 'kurang'), ('laen', 'kurang', 'ks'), ('kurang', 'ks', 'report'), ('ks', 'report', 'respon'), ('report', 'respon', 'buangsat')]"
"['waras', 'dongo', 'moontod', 'poke']","[('waras', 'dongo', 'moontod'), ('dongo', 'moontod', 'poke')]"
"['rusak', 'stres']",[]
"['rusak', 'sumpah']",[]
"['tolong', 'ban', 'trol', 'masa', 'make', 'zilong', 'mid', 'bilang', 'menang', 'dia', 'mati', 'nyalahin', 'satu', 'teman', 'ngedukung', 'pula', 'make', 'zilong', 'mid', 'lelah', 'pepek']","[('tolong', 'ban', 'trol'), ('ban', 'trol', 'masa'), ('trol', 'masa', 'make'), ('masa', 'make', 'zilong'), ('make', 'zilong', 'mid'), ('zilong', 'mid', 'bilang'), ('mid', 'bilang', 'menang'), ('bilang', 'menang', 'dia'), ('menang', 'dia', 'mati'), ('dia', 'mati', 'nyalahin'), ('mati', 'nyalahin', 'satu'), ('nyalahin', 'satu', 'teman'), ('satu', 'teman', 'ngedukung'), ('teman', 'ngedukung', 'pula'), ('ngedukung', 'pula', 'make'), ('pula', 'make', 'zilong'), ('make', 'zilong', 'mid'), ('zilong', 'mid', 'lelah'), ('mid', 'lelah', 'pepek')]"
"['sportif', 'adil', 'kurang', 'sportif', 'selalu', 'anggap', 'laku', 'langgar', 'kurang', 'skor', 'poin', 'admin', 'bagus', 'sportif', 'jangan', 'cundang', 'selalu', 'pihak', 'kepada', 'lain', 'cam', 'baik', 'baik', 'ingat', 'paham']","[('sportif', 'adil', 'kurang'), ('adil', 'kurang', 'sportif'), ('kurang', 'sportif', 'selalu'), ('sportif', 'selalu', 'anggap'), ('selalu', 'anggap', 'laku'), ('anggap', 'laku', 'langgar'), ('laku', 'langgar', 'kurang'), ('langgar', 'kurang', 'skor'), ('kurang', 'skor', 'poin'), ('skor', 'poin', 'admin'), ('poin', 'admin', 'bagus'), ('admin', 'bagus', 'sportif'), ('bagus', 'sportif', 'jangan'), ('sportif', 'jangan', 'cundang'), ('jangan', 'cundang', 'selalu'), ('cundang', 'selalu', 'pihak'), ('selalu', 'pihak', 'kepada'), ('pihak', 'kepada', 'lain'), ('kepada', 'lain', 'cam'), ('lain', 'cam', 'baik'), ('cam', 'baik', 'baik'), ('baik', 'baik', 'ingat'), ('baik', 'ingat', 'paham')]"
"['reng', 'kecil', 'kasi', 'lwan', 'reng', 'tinggi', 'pasti', 'kalah']","[('reng', 'kecil', 'kasi'), ('kecil', 'kasi', 'lwan'), ('kasi', 'lwan', 'reng'), ('lwan', 'reng', 'tinggi'), ('reng', 'tinggi', 'pasti'), ('tinggi', 'pasti', 'kalah')]"
"['ngapasi', 'lag', 'make', 'kouta', 'lag', 'kontes', 'lord', 'lag']","[('ngapasi', 'lag', 'make'), ('lag', 'make', 'kouta'), ('make', 'kouta', 'lag'), ('kouta', 'lag', 'kontes'), ('lag', 'kontes', 'lord'), ('kontes', 'lord', 'lag')]"
"['babi', 'gemar', 'banyak', 'pernah', 'baik', 'diam', 'mending', 'lebih', 'asik']","[('babi', 'gemar', 'banyak'), ('gemar', 'banyak', 'pernah'), ('banyak', 'pernah', 'baik'), ('pernah', 'baik', 'diam'), ('baik', 'diam', 'mending'), ('diam', 'mending', 'lebih'), ('mending', 'lebih', 'asik')]"
"['overall', 'bagus', 'masa', 'besar', 'iya', 'jelas', 'gajelas', 'inti', 'minggu', 'kemaren', 'menang', 'please', 'mohon', 'banget', 'baik', 'ulang', 'gi', 'grandmaster', 'kompak', 'masa', 'atas', 'susah', 'banget']","[('overall', 'bagus', 'masa'), ('bagus', 'masa', 'besar'), ('masa', 'besar', 'iya'), ('besar', 'iya', 'jelas'), ('iya', 'jelas', 'gajelas'), ('jelas', 'gajelas', 'inti'), ('gajelas', 'inti', 'minggu'), ('inti', 'minggu', 'kemaren'), ('minggu', 'kemaren', 'menang'), ('kemaren', 'menang', 'please'), ('menang', 'please', 'mohon'), ('please', 'mohon', 'banget'), ('mohon', 'banget', 'baik'), ('banget', 'baik', 'ulang'), ('baik', 'ulang', 'gi'), ('ulang', 'gi', 'grandmaster'), ('gi', 'grandmaster', 'kompak'), ('grandmaster', 'kompak', 'masa'), ('kompak', 'masa', 'atas'), ('masa', 'atas', 'susah'), ('atas', 'susah', 'banget')]"
"['woy', 'cok', 'dancok', 'gamr', 'mu', 'koyok', 'gatell', 'asu', 'kirekk', 'dancok']","[('woy', 'cok', 'dancok'), ('cok', 'dancok', 'gamr'), ('dancok', 'gamr', 'mu'), ('gamr', 'mu', 'koyok'), ('mu', 'koyok', 'gatell'), ('koyok', 'gatell', 'asu'), ('gatell', 'asu', 'kirekk'), ('asu', 'kirekk', 'dancok')]"
"['busuk', 'server', 'aneh', 'kalah', 'mach', 'aneh', 'busuk', 'sedang', 'musuh', 'bagus', 'sudah', 'ganti', 'akun', 'baru', 'tetap', 'grafik', 'bagusin', 'event', 'banyakin', 'play', 'benahin', 'tetap', 'busuk', 'sen', 'tolol', 'mach', 'imbang']","[('busuk', 'server', 'aneh'), ('server', 'aneh', 'kalah'), ('aneh', 'kalah', 'mach'), ('kalah', 'mach', 'aneh'), ('mach', 'aneh', 'busuk'), ('aneh', 'busuk', 'sedang'), ('busuk', 'sedang', 'musuh'), ('sedang', 'musuh', 'bagus'), ('musuh', 'bagus', 'sudah'), ('bagus', 'sudah', 'ganti'), ('sudah', 'ganti', 'akun'), ('ganti', 'akun', 'baru'), ('akun', 'baru', 'tetap'), ('baru', 'tetap', 'grafik'), ('tetap', 'grafik', 'bagusin'), ('grafik', 'bagusin', 'event'), ('bagusin', 'event', 'banyakin'), ('event', 'banyakin', 'play'), ('banyakin', 'play', 'benahin'), ('play', 'benahin', 'tetap'), ('benahin', 'tetap', 'busuk'), ('tetap', 'busuk', 'sen'), ('busuk', 'sen', 'tolol'), ('sen', 'tolol', 'mach'), ('tolol', 'mach', 'imbang')]"
['kalah'],[]
"['kenapa', 'sudah', 'update', 'sekarang', 'lebih', 'terputuskoneksi', 'lambatdelayy', 'ganggu', 'kenceng', 'wifidataa']","[('kenapa', 'sudah', 'update'), ('sudah', 'update', 'sekarang'), ('update', 'sekarang', 'lebih'), ('sekarang', 'lebih', 'terputuskoneksi'), ('lebih', 'terputuskoneksi', 'lambatdelayy'), ('terputuskoneksi', 'lambatdelayy', 'ganggu'), ('lambatdelayy', 'ganggu', 'kenceng'), ('ganggu', 'kenceng', 'wifidataa')]"
"['woy', 'developer', 'makin', 'update', 'makin', 'busuk', 'bug', 'benar', 'rusak', 'server', 'busuk', 'ngaco', 'bug', 'update', 'makin', 'parah']","[('woy', 'developer', 'makin'), ('developer', 'makin', 'update'), ('makin', 'update', 'makin'), ('update', 'makin', 'busuk'), ('makin', 'busuk', 'bug'), ('busuk', 'bug', 'benar'), ('bug', 'benar', 'rusak'), ('benar', 'rusak', 'server'), ('rusak', 'server', 'busuk'), ('server', 'busuk', 'ngaco'), ('busuk', 'ngaco', 'bug'), ('ngaco', 'bug', 'update'), ('bug', 'update', 'makin'), ('update', 'makin', 'parah')]"
"['tolong', 'beri', 'benar']","[('tolong', 'beri', 'benar')]"
"['please', 'fix', 'you', 'server', 'because', 'lag', 'play', 'if', 'used', 'wify', 'and', 'plaese', 'fix', 'chaeter', 'this', 'oke', 'if', 'you', 'already', 'fix', 'lag', 'and', 'cheater', 'wa', 'nt', 'gift', 'you', 'stars', 'oke']","[('please', 'fix', 'you'), ('fix', 'you', 'server'), ('you', 'server', 'because'), ('server', 'because', 'lag'), ('because', 'lag', 'play'), ('lag', 'play', 'if'), ('play', 'if', 'used'), ('if', 'used', 'wify'), ('used', 'wify', 'and'), ('wify', 'and', 'plaese'), ('and', 'plaese', 'fix'), ('plaese', 'fix', 'chaeter'), ('fix', 'chaeter', 'this'), ('chaeter', 'this', 'oke'), ('this', 'oke', 'if'), ('oke', 'if', 'you'), ('if', 'you', 'already'), ('you', 'already', 'fix'), ('already', 'fix', 'lag'), ('fix', 'lag', 'and'), ('lag', 'and', 'cheater'), ('and', 'cheater', 'wa'), ('cheater', 'wa', 'nt'), ('wa', 'nt', 'gift'), ('nt', 'gift', 'you'), ('gift', 'you', 'stars'), ('you', 'stars', 'oke')]"
"['taik', 'lostrek']",[]
"['sumpah', 'matckingnya', 'lama', 'banget', 'cuma', 'rool', 'sumpag', 'ngotak', 'lama']","[('sumpah', 'matckingnya', 'lama'), ('matckingnya', 'lama', 'banget'), ('lama', 'banget', 'cuma'), ('banget', 'cuma', 'rool'), ('cuma', 'rool', 'sumpag'), ('rool', 'sumpag', 'ngotak'), ('sumpag', 'ngotak', 'lama')]"
"['pantes', 'ktemu', 'becus', 'sinyal', 'lag', 'sendiri', 'hapus', 'play', 'store']","[('pantes', 'ktemu', 'becus'), ('ktemu', 'becus', 'sinyal'), ('becus', 'sinyal', 'lag'), ('sinyal', 'lag', 'sendiri'), ('lag', 'sendiri', 'hapus'), ('sendiri', 'hapus', 'play'), ('hapus', 'play', 'store')]"
"['jelas', 'lama', 'digabungin', 'semua', 'bocil', 'resah', 'gendong', 'lama', 'males', 'sumpah', 'digabungin', 'tot']","[('jelas', 'lama', 'digabungin'), ('lama', 'digabungin', 'semua'), ('digabungin', 'semua', 'bocil'), ('semua', 'bocil', 'resah'), ('bocil', 'resah', 'gendong'), ('resah', 'gendong', 'lama'), ('gendong', 'lama', 'males'), ('lama', 'males', 'sumpah'), ('males', 'sumpah', 'digabungin'), ('sumpah', 'digabungin', 'tot')]"
"['knapa', 'ketemu', 'top', 'global', 'sentuh', 'top', 'provinsi', 'belum', 'blas']","[('knapa', 'ketemu', 'top'), ('ketemu', 'top', 'global'), ('top', 'global', 'sentuh'), ('global', 'sentuh', 'top'), ('sentuh', 'top', 'provinsi'), ('top', 'provinsi', 'belum'), ('provinsi', 'belum', 'blas')]"
"['tolong', 'misal', 'chat', 'masuk', 'sensitif', 'ilangin', 'minimal', 'kocak', 'biar', 'plonga', 'plongo', 'nungguin', 'balesin', 'chat', 'nyata', 'emg', 'kirim']","[('tolong', 'misal', 'chat'), ('misal', 'chat', 'masuk'), ('chat', 'masuk', 'sensitif'), ('masuk', 'sensitif', 'ilangin'), ('sensitif', 'ilangin', 'minimal'), ('ilangin', 'minimal', 'kocak'), ('minimal', 'kocak', 'biar'), ('kocak', 'biar', 'plonga'), ('biar', 'plonga', 'plongo'), ('plonga', 'plongo', 'nungguin'), ('plongo', 'nungguin', 'balesin'), ('nungguin', 'balesin', 'chat'), ('balesin', 'chat', 'nyata'), ('chat', 'nyata', 'emg'), ('nyata', 'emg', 'kirim')]"
['tres'],[]
"['anjing', 'pay', 'win', 'bangsat']","[('anjing', 'pay', 'win'), ('pay', 'win', 'bangsat')]"
"['hilang', 'stres', 'selalu', 'stres', 'garagara', 'banyak', 'ngerti']","[('hilang', 'stres', 'selalu'), ('stres', 'selalu', 'stres'), ('selalu', 'stres', 'garagara'), ('stres', 'garagara', 'banyak'), ('garagara', 'banyak', 'ngerti')]"
"['bedain', 'skill', 'playernya', 'masa', 'jago', 'dongo', 'mana', 'musuh', 'jago', 'mytic', 'masa', 'nasih', 'epick', 'aneh', 'oon']","[('bedain', 'skill', 'playernya'), ('skill', 'playernya', 'masa'), ('playernya', 'masa', 'jago'), ('masa', 'jago', 'dongo'), ('jago', 'dongo', 'mana'), ('dongo', 'mana', 'musuh'), ('mana', 'musuh', 'jago'), ('musuh', 'jago', 'mytic'), ('jago', 'mytic', 'masa'), ('mytic', 'masa', 'nasih'), ('masa', 'nasih', 'epick'), ('nasih', 'epick', 'aneh'), ('epick', 'aneh', 'oon')]"
['seru'],[]
"['jelek', 'banget', 'drafpick', 'oot', 'semua', 'benar']","[('jelek', 'banget', 'drafpick'), ('banget', 'drafpick', 'oot'), ('drafpick', 'oot', 'semua'), ('oot', 'semua', 'benar')]"
"['kon', 'tol', 'lawan', 'keras', 'iya', 'kelas', 'ajg', 'naikin', 'bintang', 'susah', 'minta', 'ampun', 'kocak', 'beri', 'cacat', 'gelap', 'taeklah', 'makin', 'lama', 'seru', 'imbang', 'beri', 'dasar', 'ajg', 'moontoon', 'asu']","[('kon', 'tol', 'lawan'), ('tol', 'lawan', 'keras'), ('lawan', 'keras', 'iya'), ('keras', 'iya', 'kelas'), ('iya', 'kelas', 'ajg'), ('kelas', 'ajg', 'naikin'), ('ajg', 'naikin', 'bintang'), ('naikin', 'bintang', 'susah'), ('bintang', 'susah', 'minta'), ('susah', 'minta', 'ampun'), ('minta', 'ampun', 'kocak'), ('ampun', 'kocak', 'beri'), ('kocak', 'beri', 'cacat'), ('beri', 'cacat', 'gelap'), ('cacat', 'gelap', 'taeklah'), ('gelap', 'taeklah', 'makin'), ('taeklah', 'makin', 'lama'), ('makin', 'lama', 'seru'), ('lama', 'seru', 'imbang'), ('seru', 'imbang', 'beri'), ('imbang', 'beri', 'dasar'), ('beri', 'dasar', 'ajg'), ('dasar', 'ajg', 'moontoon'), ('ajg', 'moontoon', 'asu')]"
"['matcmaking', 'buruk', 'ktmu', 'musuh', 'jago', 'buruk', 'afk', 'dll', 'gajelas', 'banyak', 'joki', 'jd', 'sakarepmu']","[('matcmaking', 'buruk', 'ktmu'), ('buruk', 'ktmu', 'musuh'), ('ktmu', 'musuh', 'jago'), ('musuh', 'jago', 'buruk'), ('jago', 'buruk', 'afk'), ('buruk', 'afk', 'dll'), ('afk', 'dll', 'gajelas'), ('dll', 'gajelas', 'banyak'), ('gajelas', 'banyak', 'joki'), ('banyak', 'joki', 'jd'), ('joki', 'jd', 'sakarepmu')]"
"['bagai', 'user', 'layla', 'kecewauntuk', 'skin', 'layla', 'tema', 'nexus', 'sea', 'jangan', 'ubah', 'skin', 'benar', 'suka', 'desain', 'skinnya', 'tolong', 'jangan', 'ubah', 'skin', 'sudah', 'nunggu', 'skin', 'layla', 'baru', 'nyata', 'serius', 'rilissaya', 'sudah', 'nunggu', 'berapa', 'bulan', 'skin', 'layla', 'desain']","[('bagai', 'user', 'layla'), ('user', 'layla', 'kecewauntuk'), ('layla', 'kecewauntuk', 'skin'), ('kecewauntuk', 'skin', 'layla'), ('skin', 'layla', 'tema'), ('layla', 'tema', 'nexus'), ('tema', 'nexus', 'sea'), ('nexus', 'sea', 'jangan'), ('sea', 'jangan', 'ubah'), ('jangan', 'ubah', 'skin'), ('ubah', 'skin', 'benar'), ('skin', 'benar', 'suka'), ('benar', 'suka', 'desain'), ('suka', 'desain', 'skinnya'), ('desain', 'skinnya', 'tolong'), ('skinnya', 'tolong', 'jangan'), ('tolong', 'jangan', 'ubah'), ('jangan', 'ubah', 'skin'), ('ubah', 'skin', 'sudah'), ('skin', 'sudah', 'nunggu'), ('sudah', 'nunggu', 'skin'), ('nunggu', 'skin', 'layla'), ('skin', 'layla', 'baru'), ('layla', 'baru', 'nyata'), ('baru', 'nyata', 'serius'), ('nyata', 'serius', 'rilissaya'), ('serius', 'rilissaya', 'sudah'), ('rilissaya', 'sudah', 'nunggu'), ('sudah', 'nunggu', 'berapa'), ('nunggu', 'berapa', 'bulan'), ('berapa', 'bulan', 'skin'), ('bulan', 'skin', 'layla'), ('skin', 'layla', 'desain')]"
"['mooton', 'makin', 'makin', 'jelas', 'ngapain', 'turun', 'season', 'segala', 'tolol', 'amat']","[('mooton', 'makin', 'makin'), ('makin', 'makin', 'jelas'), ('makin', 'jelas', 'ngapain'), ('jelas', 'ngapain', 'turun'), ('ngapain', 'turun', 'season'), ('turun', 'season', 'segala'), ('season', 'segala', 'tolol'), ('segala', 'tolol', 'amat')]"
"['tahu', 'kenapa', 'bisu', 'percakapanmute', 'mulai', 'kena', 'teman', 'bagus', 'mulai', 'asik']","[('tahu', 'kenapa', 'bisu'), ('kenapa', 'bisu', 'percakapanmute'), ('bisu', 'percakapanmute', 'mulai'), ('percakapanmute', 'mulai', 'kena'), ('mulai', 'kena', 'teman'), ('kena', 'teman', 'bagus'), ('teman', 'bagus', 'mulai'), ('bagus', 'mulai', 'asik')]"
"['darak', 'terlalu', 'banyak']","[('darak', 'terlalu', 'banyak')]"
['vinagriil'],[]
"['tambah', 'streas', 'asu', 'senggel', 'mene']","[('tambah', 'streas', 'asu'), ('streas', 'asu', 'senggel'), ('asu', 'senggel', 'mene')]"
"['susah', 'naik', 'makin', 'lama', 'makin', 'bosen']","[('susah', 'naik', 'makin'), ('naik', 'makin', 'lama'), ('makin', 'lama', 'makin'), ('lama', 'makin', 'bosen')]"
['bagus'],[]
"['teman', 'ngotak', 'sedikit', 'babi']","[('teman', 'ngotak', 'sedikit'), ('ngotak', 'sedikit', 'babi')]"
"['babi', 'ngasi', 'gelap', 'baik', 'masa', 'pernah', 'bagus']","[('babi', 'ngasi', 'gelap'), ('ngasi', 'gelap', 'baik'), ('gelap', 'baik', 'masa'), ('baik', 'masa', 'pernah'), ('masa', 'pernah', 'bagus')]"
"['lostrek', 'kasi', 'punya', 'betumbok']","[('lostrek', 'kasi', 'punya'), ('kasi', 'punya', 'betumbok')]"
"['rusak', 'ksih', 'pdhl', 'full', 'mitic', 'hdh']","[('rusak', 'ksih', 'pdhl'), ('ksih', 'pdhl', 'full'), ('pdhl', 'full', 'mitic'), ('full', 'mitic', 'hdh')]"
"['luar', 'biasa', 'seru']","[('luar', 'biasa', 'seru')]"
"['babi', 'kasi', 'bintang', 'semua', 'hyper', 'bodoh', 'ban', 'akun', 'beberapa', 'biar', 'nyusahin']","[('babi', 'kasi', 'bintang'), ('kasi', 'bintang', 'semua'), ('bintang', 'semua', 'hyper'), ('semua', 'hyper', 'bodoh'), ('hyper', 'bodoh', 'ban'), ('bodoh', 'ban', 'akun'), ('ban', 'akun', 'beberapa'), ('akun', 'beberapa', 'biar'), ('beberapa', 'biar', 'nyusahin')]"
"['gokill', 'bagi', 'skin', 'epic', 'gratis', 'makin', 'betah', 'legends']","[('gokill', 'bagi', 'skin'), ('bagi', 'skin', 'epic'), ('skin', 'epic', 'gratis'), ('epic', 'gratis', 'makin'), ('gratis', 'makin', 'betah'), ('makin', 'betah', 'legends')]"
"['darksystem', 'banyak', 'imbang', 'masuk', 'akal', 'buruk', 'musuh', 'joki', 'lo', 'laku', 'bos']","[('darksystem', 'banyak', 'imbang'), ('banyak', 'imbang', 'masuk'), ('imbang', 'masuk', 'akal'), ('masuk', 'akal', 'buruk'), ('akal', 'buruk', 'musuh'), ('buruk', 'musuh', 'joki'), ('musuh', 'joki', 'lo'), ('joki', 'lo', 'laku'), ('lo', 'laku', 'bos')]"
"['cocok', 'santai', 'santai', 'banyak', 'gelap', 'pantas', 'dimainin', 'online', 'lawan', 'gelap']","[('cocok', 'santai', 'santai'), ('santai', 'santai', 'banyak'), ('santai', 'banyak', 'gelap'), ('banyak', 'gelap', 'pantas'), ('gelap', 'pantas', 'dimainin'), ('pantas', 'dimainin', 'online'), ('dimainin', 'online', 'lawan'), ('online', 'lawan', 'gelap')]"
"['matching', 'banyak', 'tolol']","[('matching', 'banyak', 'tolol')]"
"['adil', 'musuh', 'pro', 'buruk', 'tolong', 'beri', 'adil', 'ton']","[('adil', 'musuh', 'pro'), ('musuh', 'pro', 'buruk'), ('pro', 'buruk', 'tolong'), ('buruk', 'tolong', 'beri'), ('tolong', 'beri', 'adil'), ('beri', 'adil', 'ton')]"
"['cheat', 'vip', 'rusak', 'report', 'percuma', 'pengaruh', 'masalah', 'sinyal', 'play', 'bot', 'imbang', 'cuma', 'mikirin', 'cuan', 'kualitas', 'sinyal', 'buruk', 'banyak', 'dalam', 'sebut', 'handle', 'nyaman', 'cuma', 'mikirin', 'grafik', 'menuhi', 'demi', 'cuan', 'banyak', 'korupsi', 'sinyal', 'handle']","[('cheat', 'vip', 'rusak'), ('vip', 'rusak', 'report'), ('rusak', 'report', 'percuma'), ('report', 'percuma', 'pengaruh'), ('percuma', 'pengaruh', 'masalah'), ('pengaruh', 'masalah', 'sinyal'), ('masalah', 'sinyal', 'play'), ('sinyal', 'play', 'bot'), ('play', 'bot', 'imbang'), ('bot', 'imbang', 'cuma'), ('imbang', 'cuma', 'mikirin'), ('cuma', 'mikirin', 'cuan'), ('mikirin', 'cuan', 'kualitas'), ('cuan', 'kualitas', 'sinyal'), ('kualitas', 'sinyal', 'buruk'), ('sinyal', 'buruk', 'banyak'), ('buruk', 'banyak', 'dalam'), ('banyak', 'dalam', 'sebut'), ('dalam', 'sebut', 'handle'), ('sebut', 'handle', 'nyaman'), ('handle', 'nyaman', 'cuma'), ('nyaman', 'cuma', 'mikirin'), ('cuma', 'mikirin', 'grafik'), ('mikirin', 'grafik', 'menuhi'), ('grafik', 'menuhi', 'demi'), ('menuhi', 'demi', 'cuan'), ('demi', 'cuan', 'banyak'), ('cuan', 'banyak', 'korupsi'), ('banyak', 'korupsi', 'sinyal'), ('korupsi', 'sinyal', 'handle')]"
"['ui', 'rusak']",[]
"['walau', 'kecewa', 'gema', 'aksi', 'b', 'terlalu', 'banyak', 'joki', 'mula', 'kembang', 'mohon', 'donk', 'd', 'tindak', 'masa', 'mahal', 'atur', 'konsisten', 'serasa', 'murah']","[('walau', 'kecewa', 'gema'), ('kecewa', 'gema', 'aksi'), ('gema', 'aksi', 'b'), ('aksi', 'b', 'terlalu'), ('b', 'terlalu', 'banyak'), ('terlalu', 'banyak', 'joki'), ('banyak', 'joki', 'mula'), ('joki', 'mula', 'kembang'), ('mula', 'kembang', 'mohon'), ('kembang', 'mohon', 'donk'), ('mohon', 'donk', 'd'), ('donk', 'd', 'tindak'), ('d', 'tindak', 'masa'), ('tindak', 'masa', 'mahal'), ('masa', 'mahal', 'atur'), ('mahal', 'atur', 'konsisten'), ('atur', 'konsisten', 'serasa'), ('konsisten', 'serasa', 'murah')]"
"['makin', 'abdet', 'makin', 'lag', 'sinyal', 'cl', 'selalu', 'sinyal', 'merah', 'sudah', 'wifi', 'internet', 'tetap', 'lag', 'mohon', 'rusak', 'sinyal', 'para', 'enak', 'sinyal', 'lag', 'lain', 'enak']","[('makin', 'abdet', 'makin'), ('abdet', 'makin', 'lag'), ('makin', 'lag', 'sinyal'), ('lag', 'sinyal', 'cl'), ('sinyal', 'cl', 'selalu'), ('cl', 'selalu', 'sinyal'), ('selalu', 'sinyal', 'merah'), ('sinyal', 'merah', 'sudah'), ('merah', 'sudah', 'wifi'), ('sudah', 'wifi', 'internet'), ('wifi', 'internet', 'tetap'), ('internet', 'tetap', 'lag'), ('tetap', 'lag', 'mohon'), ('lag', 'mohon', 'rusak'), ('mohon', 'rusak', 'sinyal'), ('rusak', 'sinyal', 'para'), ('sinyal', 'para', 'enak'), ('para', 'enak', 'sinyal'), ('enak', 'sinyal', 'lag'), ('sinyal', 'lag', 'lain'), ('lag', 'lain', 'enak')]"
"['dongo', 'busuk', 'sedikit', 'mitik', 'emng', 'paling', 'benar', 'pindah', 'rada', 'dongo', 'semua']","[('dongo', 'busuk', 'sedikit'), ('busuk', 'sedikit', 'mitik'), ('sedikit', 'mitik', 'emng'), ('mitik', 'emng', 'paling'), ('emng', 'paling', 'benar'), ('paling', 'benar', 'pindah'), ('benar', 'pindah', 'rada'), ('pindah', 'rada', 'dongo'), ('rada', 'dongo', 'semua')]"
"['em', 'buruk', 'su', 'asu']","[('em', 'buruk', 'su'), ('buruk', 'su', 'asu')]"
"['kontol', 'asuu']",[]
"['parah', 'skrang', 'lawan', 'ngak', 'imbang']","[('parah', 'skrang', 'lawan'), ('skrang', 'lawan', 'ngak'), ('lawan', 'ngak', 'imbang')]"
"['ketemu', 'satu', 'bocil', 'tolong', 'baik', 'sda', 'niat']","[('ketemu', 'satu', 'bocil'), ('satu', 'bocil', 'tolong'), ('bocil', 'tolong', 'baik'), ('tolong', 'baik', 'sda'), ('baik', 'sda', 'niat')]"
['kontol'],[]
['tarik'],[]
"['anjg', 'ls', 'bae']","[('anjg', 'ls', 'bae')]"
"['buruk', 'jelas', 'kalah']","[('buruk', 'jelas', 'kalah')]"
"['lag', 'najiss']",[]
['suka'],[]
"['banyak', 'cheater', 'dalam']","[('banyak', 'cheater', 'dalam')]"
"['gila', 'ngotak', 'beri', 'masuk', 'mytikglory', 'setan', 'kau', 'guna']","[('gila', 'ngotak', 'beri'), ('ngotak', 'beri', 'masuk'), ('beri', 'masuk', 'mytikglory'), ('masuk', 'mytikglory', 'setan'), ('mytikglory', 'setan', 'kau'), ('setan', 'kau', 'guna')]"
"['bagus', 'matching', 'beri', 'imbang', 'egois', 'bagus', 'sedikit', 'saran', 'bagus', 'beri', 'hukum', 'baned', 'kepada', 'sengaja', 'sadar', 'laku', 'trollfeeder', 'dalam', 'suatu', 'terimakasih', 'moga', 'salam', 'waras', 'sadar']","[('bagus', 'matching', 'beri'), ('matching', 'beri', 'imbang'), ('beri', 'imbang', 'egois'), ('imbang', 'egois', 'bagus'), ('egois', 'bagus', 'sedikit'), ('bagus', 'sedikit', 'saran'), ('sedikit', 'saran', 'bagus'), ('saran', 'bagus', 'beri'), ('bagus', 'beri', 'hukum'), ('beri', 'hukum', 'baned'), ('hukum', 'baned', 'kepada'), ('baned', 'kepada', 'sengaja'), ('kepada', 'sengaja', 'sadar'), ('sengaja', 'sadar', 'laku'), ('sadar', 'laku', 'trollfeeder'), ('laku', 'trollfeeder', 'dalam'), ('trollfeeder', 'dalam', 'suatu'), ('dalam', 'suatu', 'terimakasih'), ('suatu', 'terimakasih', 'moga'), ('terimakasih', 'moga', 'salam'), ('moga', 'salam', 'waras'), ('salam', 'waras', 'sadar')]"
"['lambat', 'masuk', 'lag', 'pusing']","[('lambat', 'masuk', 'lag'), ('masuk', 'lag', 'pusing')]"
"['banyak', 'nemu', 'musuh', 'guna', 'rw', 'rugi', 'ketemu', 'brengsek']","[('banyak', 'nemu', 'musuh'), ('nemu', 'musuh', 'guna'), ('musuh', 'guna', 'rw'), ('guna', 'rw', 'rugi'), ('rw', 'rugi', 'ketemu'), ('rugi', 'ketemu', 'brengsek')]"
"['jelek', 'sekarang', 'lag', 'parah', 'banyak', 'bug', 'patah', 'bahkan', 'chiter', 'jarang', 'ketemu']","[('jelek', 'sekarang', 'lag'), ('sekarang', 'lag', 'parah'), ('lag', 'parah', 'banyak'), ('parah', 'banyak', 'bug'), ('banyak', 'bug', 'patah'), ('bug', 'patah', 'bahkan'), ('patah', 'bahkan', 'chiter'), ('bahkan', 'chiter', 'jarang'), ('chiter', 'jarang', 'ketemu')]"
"['sampah', 'adil', 'isi', 'anomali']","[('sampah', 'adil', 'isi'), ('adil', 'isi', 'anomali')]"
['tres'],[]
"['makin', 'berat', 'semenjak', 'update', 'size', 'makin', 'besar', 'berat', 'bagi', 'device', 'ram', 'demi', 'nyaman', 'kecil', 'size', 'admin']","[('makin', 'berat', 'semenjak'), ('berat', 'semenjak', 'update'), ('semenjak', 'update', 'size'), ('update', 'size', 'makin'), ('size', 'makin', 'besar'), ('makin', 'besar', 'berat'), ('besar', 'berat', 'bagi'), ('berat', 'bagi', 'device'), ('bagi', 'device', 'ram'), ('device', 'ram', 'demi'), ('ram', 'demi', 'nyaman'), ('demi', 'nyaman', 'kecil'), ('nyaman', 'kecil', 'size'), ('kecil', 'size', 'admin')]"
['kikir'],[]
"['entah', 'bingung', 'mungkin']","[('entah', 'bingung', 'mungkin')]"
"['we', 'ban', 'para', 'gelap', 'sistemtim', 'tolol', 'santt', 'ajg']","[('we', 'ban', 'para'), ('ban', 'para', 'gelap'), ('para', 'gelap', 'sistemtim'), ('gelap', 'sistemtim', 'tolol'), ('sistemtim', 'tolol', 'santt'), ('tolol', 'santt', 'ajg')]"
"['apalh', 'masa', 'iya', 'ketemu', 'epic', 'mytic', 'kocak', 'puki', 'mending', 'kalah', 'mvp', 'bintang', 'tetap', 'naik', 'uninstall', 'ajalh', 'guna', 'mutu', 'mending', 'gaess']","[('apalh', 'masa', 'iya'), ('masa', 'iya', 'ketemu'), ('iya', 'ketemu', 'epic'), ('ketemu', 'epic', 'mytic'), ('epic', 'mytic', 'kocak'), ('mytic', 'kocak', 'puki'), ('kocak', 'puki', 'mending'), ('puki', 'mending', 'kalah'), ('mending', 'kalah', 'mvp'), ('kalah', 'mvp', 'bintang'), ('mvp', 'bintang', 'tetap'), ('bintang', 'tetap', 'naik'), ('tetap', 'naik', 'uninstall'), ('naik', 'uninstall', 'ajalh'), ('uninstall', 'ajalh', 'guna'), ('ajalh', 'guna', 'mutu'), ('guna', 'mutu', 'mending'), ('mutu', 'mending', 'gaess')]"
"['bug', 'pepek']",[]
"['bagi', 'banding', 'jelek', 'oleng', 'sakit', 'kepala']","[('bagi', 'banding', 'jelek'), ('banding', 'jelek', 'oleng'), ('jelek', 'oleng', 'sakit'), ('oleng', 'sakit', 'kepala')]"
"['bagus', 'slalu', 'dpat', 'bapuk']","[('bagus', 'slalu', 'dpat'), ('slalu', 'dpat', 'bapuk')]"
"['gamee', 'idiot']",[]
"['rusak', 'ketemu', 'stres', 'percuma', 'pilih', 'ujung', 'guna', 'tetap', 'egois']","[('rusak', 'ketemu', 'stres'), ('ketemu', 'stres', 'percuma'), ('stres', 'percuma', 'pilih'), ('percuma', 'pilih', 'ujung'), ('pilih', 'ujung', 'guna'), ('ujung', 'guna', 'tetap'), ('guna', 'tetap', 'egois')]"
"['kagak', 'imbang', 'beri', 'lawan', 'stabil', 'jangan', 'beri', 'susah', 'banget', 'sengaja', 'biar', 'aing', 'ngambil', 'hak', 'lain', 'sayang', 'ginian', 'ngejar', 'bintang', 'untung', 'sat', 'aing', 'hibur', 'bukan', 'nambah', 'stres', 'sat', 'mo', 'bales', 'enggak', 'bodo', 'amat']","[('kagak', 'imbang', 'beri'), ('imbang', 'beri', 'lawan'), ('beri', 'lawan', 'stabil'), ('lawan', 'stabil', 'jangan'), ('stabil', 'jangan', 'beri'), ('jangan', 'beri', 'susah'), ('beri', 'susah', 'banget'), ('susah', 'banget', 'sengaja'), ('banget', 'sengaja', 'biar'), ('sengaja', 'biar', 'aing'), ('biar', 'aing', 'ngambil'), ('aing', 'ngambil', 'hak'), ('ngambil', 'hak', 'lain'), ('hak', 'lain', 'sayang'), ('lain', 'sayang', 'ginian'), ('sayang', 'ginian', 'ngejar'), ('ginian', 'ngejar', 'bintang'), ('ngejar', 'bintang', 'untung'), ('bintang', 'untung', 'sat'), ('untung', 'sat', 'aing'), ('sat', 'aing', 'hibur'), ('aing', 'hibur', 'bukan'), ('hibur', 'bukan', 'nambah'), ('bukan', 'nambah', 'stres'), ('nambah', 'stres', 'sat'), ('stres', 'sat', 'mo'), ('sat', 'mo', 'bales'), ('mo', 'bales', 'enggak'), ('bales', 'enggak', 'bodo'), ('enggak', 'bodo', 'amat')]"
"['masuk', 'akal', 'buruk', 'lawan', 'nyaa', 'banding', 'ranket', 'ketemu', 'banding']","[('masuk', 'akal', 'buruk'), ('akal', 'buruk', 'lawan'), ('buruk', 'lawan', 'nyaa'), ('lawan', 'nyaa', 'banding'), ('nyaa', 'banding', 'ranket'), ('banding', 'ranket', 'ketemu'), ('ranket', 'ketemu', 'banding')]"
"['minimal', 'beri', 'jelas', 'yaa', 'sudah', 'muak', 'banget', 'demi', 'sudah']","[('minimal', 'beri', 'jelas'), ('beri', 'jelas', 'yaa'), ('jelas', 'yaa', 'sudah'), ('yaa', 'sudah', 'muak'), ('sudah', 'muak', 'banget'), ('muak', 'banget', 'demi'), ('banget', 'demi', 'sudah')]"
"['terlalu', 'lebih', 'beri', 'lawan', 'keras', 'susah', 'tolong', 'imbang', 'susah', 'menang', 'kalah', 'lebih']","[('terlalu', 'lebih', 'beri'), ('lebih', 'beri', 'lawan'), ('beri', 'lawan', 'keras'), ('lawan', 'keras', 'susah'), ('keras', 'susah', 'tolong'), ('susah', 'tolong', 'imbang'), ('tolong', 'imbang', 'susah'), ('imbang', 'susah', 'menang'), ('susah', 'menang', 'kalah'), ('menang', 'kalah', 'lebih')]"
"['makin', 'banyak', 'update', 'ingame', 'makin', 'sampah']","[('makin', 'banyak', 'update'), ('banyak', 'update', 'ingame'), ('update', 'ingame', 'makin'), ('ingame', 'makin', 'sampah')]"
"['benar', 'buka', 'hepi', 'pusing', 'sampai', 'sekarang', 'bintang', 'naik', 'naik', 'turun', 'rela', 'ngerusak', 'tidur', 'demi', 'buah', 'bintang', 'lose', 'treak', 'pikir', 'ton', 'tres', 'sekarang', 'bales', 'pesan', 'gau']","[('benar', 'buka', 'hepi'), ('buka', 'hepi', 'pusing'), ('hepi', 'pusing', 'sampai'), ('pusing', 'sampai', 'sekarang'), ('sampai', 'sekarang', 'bintang'), ('sekarang', 'bintang', 'naik'), ('bintang', 'naik', 'naik'), ('naik', 'naik', 'turun'), ('naik', 'turun', 'rela'), ('turun', 'rela', 'ngerusak'), ('rela', 'ngerusak', 'tidur'), ('ngerusak', 'tidur', 'demi'), ('tidur', 'demi', 'buah'), ('demi', 'buah', 'bintang'), ('buah', 'bintang', 'lose'), ('bintang', 'lose', 'treak'), ('lose', 'treak', 'pikir'), ('treak', 'pikir', 'ton'), ('pikir', 'ton', 'tres'), ('ton', 'tres', 'sekarang'), ('tres', 'sekarang', 'bales'), ('sekarang', 'bales', 'pesan'), ('bales', 'pesan', 'gau')]"
['kontot'],[]
['butut'],[]
"['naik', 'mytic', 'susah', 'gimana', 'dpet', 'feeder']","[('naik', 'mytic', 'susah'), ('mytic', 'susah', 'gimana'), ('susah', 'gimana', 'dpet'), ('gimana', 'dpet', 'feeder')]"
"['prik', 'amat', 'bukan', 'happy', 'makin', 'stres', 'patah', 'patah', 'ping', 'bagus', 'bujank', 'darah', 'tinggi', 'cocok', 'kntl']","[('prik', 'amat', 'bukan'), ('amat', 'bukan', 'happy'), ('bukan', 'happy', 'makin'), ('happy', 'makin', 'stres'), ('makin', 'stres', 'patah'), ('stres', 'patah', 'patah'), ('patah', 'patah', 'ping'), ('patah', 'ping', 'bagus'), ('ping', 'bagus', 'bujank'), ('bagus', 'bujank', 'darah'), ('bujank', 'darah', 'tinggi'), ('darah', 'tinggi', 'cocok'), ('tinggi', 'cocok', 'kntl')]"
['taeh'],[]
"['makin', 'rusak']",[]
"['sampah', 'babi', 'darah', 'tinggi', 'cuih']","[('sampah', 'babi', 'darah'), ('babi', 'darah', 'tinggi'), ('darah', 'tinggi', 'cuih')]"
"['jangan', 'dowload', 'jelas', 'cok', 'sesat', 'pindah', 'pubg']","[('jangan', 'dowload', 'jelas'), ('dowload', 'jelas', 'cok'), ('jelas', 'cok', 'sesat'), ('cok', 'sesat', 'pindah'), ('sesat', 'pindah', 'pubg')]"
"['kunyuk', 'gelap', 'mlu']","[('kunyuk', 'gelap', 'mlu')]"
"['makin', 'lama', 'makin', 'rusak', 'server', 'busuk']","[('makin', 'lama', 'makin'), ('lama', 'makin', 'rusak'), ('makin', 'rusak', 'server'), ('rusak', 'server', 'busuk')]"
"['knp', 'celasik', 'sinyal', 'jelek', 'pin', 'ijo', 'bukan', 'merah', 'mohon', 'rusak', 'minimal', 'rugi']","[('knp', 'celasik', 'sinyal'), ('celasik', 'sinyal', 'jelek'), ('sinyal', 'jelek', 'pin'), ('jelek', 'pin', 'ijo'), ('pin', 'ijo', 'bukan'), ('ijo', 'bukan', 'merah'), ('bukan', 'merah', 'mohon'), ('merah', 'mohon', 'rusak'), ('mohon', 'rusak', 'minimal'), ('rusak', 'minimal', 'rugi')]"
"['sinyal', 'busuk', 'cape', 'cape', 'naikin', 'level', 'sinyal', 'buruk', 'buruk', 'sampah', 'asu', 'dasar', 'miskin']","[('sinyal', 'busuk', 'cape'), ('busuk', 'cape', 'cape'), ('cape', 'cape', 'naikin'), ('cape', 'naikin', 'level'), ('naikin', 'level', 'sinyal'), ('level', 'sinyal', 'buruk'), ('sinyal', 'buruk', 'buruk'), ('buruk', 'buruk', 'sampah'), ('buruk', 'sampah', 'asu'), ('sampah', 'asu', 'dasar'), ('asu', 'dasar', 'miskin')]"
"['anjingg', 'bangsdd', 'gajelas', 'ngent']","[('anjingg', 'bangsdd', 'gajelas'), ('bangsdd', 'gajelas', 'ngent')]"
"['lama', 'afk', 'bentar', 'selesai', 'hitung', 'afk', 'ah', 'benrin', 'benar', 'banget']","[('lama', 'afk', 'bentar'), ('afk', 'bentar', 'selesai'), ('bentar', 'selesai', 'hitung'), ('selesai', 'hitung', 'afk'), ('hitung', 'afk', 'ah'), ('afk', 'ah', 'benrin'), ('ah', 'benrin', 'benar'), ('benrin', 'benar', 'banget')]"
"['like', 'bintang', 'kasi', 'mqin', 'musuh', 'mudah']","[('like', 'bintang', 'kasi'), ('bintang', 'kasi', 'mqin'), ('kasi', 'mqin', 'musuh'), ('mqin', 'musuh', 'mudah')]"
"['tolong', 'legends', 'malas', 'sekarang', 'pasti', 'lag', 'pakek', 'wifi', 'tetap', 'lag', 'bug']","[('tolong', 'legends', 'malas'), ('legends', 'malas', 'sekarang'), ('malas', 'sekarang', 'pasti'), ('sekarang', 'pasti', 'lag'), ('pasti', 'lag', 'pakek'), ('lag', 'pakek', 'wifi'), ('pakek', 'wifi', 'tetap'), ('wifi', 'tetap', 'lag'), ('tetap', 'lag', 'bug')]"
"['sinyal', 'jelek', 'mati', 'masuk', 'bass']","[('sinyal', 'jelek', 'mati'), ('jelek', 'mati', 'masuk'), ('mati', 'masuk', 'bass')]"
"['ping', 'merah', 'frame', 'drop', 'lag', 'pernah', 'tingkat', 'dengar', 'keluh']","[('ping', 'merah', 'frame'), ('merah', 'frame', 'drop'), ('frame', 'drop', 'lag'), ('drop', 'lag', 'pernah'), ('lag', 'pernah', 'tingkat'), ('pernah', 'tingkat', 'dengar'), ('tingkat', 'dengar', 'keluh')]"
['just'],[]
"['kurang', 'bagus', 'banyak', 'gelap']","[('kurang', 'bagus', 'banyak'), ('bagus', 'banyak', 'gelap')]"
"['wahai', 'tolong', 'klok', 'niat', 'beri', 'naek', 'lejen', 'mending', 'ben', 'ajy', 'tres', 'cok', 'anjy']","[('wahai', 'tolong', 'klok'), ('tolong', 'klok', 'niat'), ('klok', 'niat', 'beri'), ('niat', 'beri', 'naek'), ('beri', 'naek', 'lejen'), ('naek', 'lejen', 'mending'), ('lejen', 'mending', 'ben'), ('mending', 'ben', 'ajy'), ('ben', 'ajy', 'tres'), ('ajy', 'tres', 'cok'), ('tres', 'cok', 'anjy')]"
['mantapp'],[]
['sampah'],[]
"['satu', 'menang', 'tiga', 'kalah', 'enggk', 'gitu', 'minimal', 'darksystembocil', 'mati', 'mulai', 'season', 'kemarin', 'mytic', 'gabisa']","[('satu', 'menang', 'tiga'), ('menang', 'tiga', 'kalah'), ('tiga', 'kalah', 'enggk'), ('kalah', 'enggk', 'gitu'), ('enggk', 'gitu', 'minimal'), ('gitu', 'minimal', 'darksystembocil'), ('minimal', 'darksystembocil', 'mati'), ('darksystembocil', 'mati', 'mulai'), ('mati', 'mulai', 'season'), ('mulai', 'season', 'kemarin'), ('season', 'kemarin', 'mytic'), ('kemarin', 'mytic', 'gabisa')]"
"['thing', 'best']",[]
"['salah', 'bg', 'lose', 'ampe', 'gelap', 'epic']","[('salah', 'bg', 'lose'), ('bg', 'lose', 'ampe'), ('lose', 'ampe', 'gelap'), ('ampe', 'gelap', 'epic')]"
"['beuh', 'seru', 'bro']","[('beuh', 'seru', 'bro')]"
"['aplikasi', 'gelap', 'makin', 'kembang', 'bukan', 'makin', 'keren', 'makin', 'buruk', 'bubar', 'mnding', 'hps', 'plikasi', 'emosi']","[('aplikasi', 'gelap', 'makin'), ('gelap', 'makin', 'kembang'), ('makin', 'kembang', 'bukan'), ('kembang', 'bukan', 'makin'), ('bukan', 'makin', 'keren'), ('makin', 'keren', 'makin'), ('keren', 'makin', 'buruk'), ('makin', 'buruk', 'bubar'), ('buruk', 'bubar', 'mnding'), ('bubar', 'mnding', 'hps'), ('mnding', 'hps', 'plikasi'), ('hps', 'plikasi', 'emosi')]"
"['sampah', 'random', 'noob', 'guna', 'kill', 'banyak', 'selalu', 'kalah', 'uang', 'habis', 'skin', 'obrol', 'mute', 'melulu', 'sampah']","[('sampah', 'random', 'noob'), ('random', 'noob', 'guna'), ('noob', 'guna', 'kill'), ('guna', 'kill', 'banyak'), ('kill', 'banyak', 'selalu'), ('banyak', 'selalu', 'kalah'), ('selalu', 'kalah', 'uang'), ('kalah', 'uang', 'habis'), ('uang', 'habis', 'skin'), ('habis', 'skin', 'obrol'), ('skin', 'obrol', 'mute'), ('obrol', 'mute', 'melulu'), ('mute', 'melulu', 'sampah')]"
"['ls', 'anj']",[]
"['tolong', 'rusak', 'baru', 'kalah', 'begini', 'banyak', 'pindah']","[('tolong', 'rusak', 'baru'), ('rusak', 'baru', 'kalah'), ('baru', 'kalah', 'begini'), ('kalah', 'begini', 'banyak'), ('begini', 'banyak', 'pindah')]"
"['ksih', 'lh', 'turun', 'kpn', 'mnang']","[('ksih', 'lh', 'turun'), ('lh', 'turun', 'kpn'), ('turun', 'kpn', 'mnang')]"
"['tolong', 'fix', 'bug', 'draft', 'lag', 'banget']","[('tolong', 'fix', 'bug'), ('fix', 'bug', 'draft'), ('bug', 'draft', 'lag'), ('draft', 'lag', 'banget')]"
"['bagi', 'mula', 'belum', 'candu', 'jangan', 'slot', 'menang', 'kalah', 'sampai', 'rungkat', 'ketemu', 'dll']","[('bagi', 'mula', 'belum'), ('mula', 'belum', 'candu'), ('belum', 'candu', 'jangan'), ('candu', 'jangan', 'slot'), ('jangan', 'slot', 'menang'), ('slot', 'menang', 'kalah'), ('menang', 'kalah', 'sampai'), ('kalah', 'sampai', 'rungkat'), ('sampai', 'rungkat', 'ketemu'), ('rungkat', 'ketemu', 'dll')]"
"['detik', 'hancur', 'aamiin', 'sdh', 'mulai', 'kurang', 'playersnya', 'salah', 'satu', 'kawan', 'sdh', 'mls', 'bodoh', 'sampah', 'adil', 'bagi', 'teamnya']","[('detik', 'hancur', 'aamiin'), ('hancur', 'aamiin', 'sdh'), ('aamiin', 'sdh', 'mulai'), ('sdh', 'mulai', 'kurang'), ('mulai', 'kurang', 'playersnya'), ('kurang', 'playersnya', 'salah'), ('playersnya', 'salah', 'satu'), ('salah', 'satu', 'kawan'), ('satu', 'kawan', 'sdh'), ('kawan', 'sdh', 'mls'), ('sdh', 'mls', 'bodoh'), ('mls', 'bodoh', 'sampah'), ('bodoh', 'sampah', 'adil'), ('sampah', 'adil', 'bagi'), ('adil', 'bagi', 'teamnya')]"
"['paling', 'jelek']",[]
"['buruk', 'lawan', 'tu', 'padan', 'buruk', 'masa', 'kontribusi', 'apaa']","[('buruk', 'lawan', 'tu'), ('lawan', 'tu', 'padan'), ('tu', 'padan', 'buruk'), ('padan', 'buruk', 'masa'), ('buruk', 'masa', 'kontribusi'), ('masa', 'kontribusi', 'apaa')]"
"['tolol', 'sudah', 'brpa', 'kalah', 'menang', 'kalah', 'sampek', 'gilak', 'gx', 'ad', 'otak', 'besok', 'baik', 'lg', 'jangan', 'gitu', 'nyengsarain']","[('tolol', 'sudah', 'brpa'), ('sudah', 'brpa', 'kalah'), ('brpa', 'kalah', 'menang'), ('kalah', 'menang', 'kalah'), ('menang', 'kalah', 'sampek'), ('kalah', 'sampek', 'gilak'), ('sampek', 'gilak', 'gx'), ('gilak', 'gx', 'ad'), ('gx', 'ad', 'otak'), ('ad', 'otak', 'besok'), ('otak', 'besok', 'baik'), ('besok', 'baik', 'lg'), ('baik', 'lg', 'jangan'), ('lg', 'jangan', 'gitu'), ('jangan', 'gitu', 'nyengsarain')]"
"['bintang', 'pilih', 'kurang', 'tegas', 'hadap', 'niat', 'ngefeed', 'dalam']","[('bintang', 'pilih', 'kurang'), ('pilih', 'kurang', 'tegas'), ('kurang', 'tegas', 'hadap'), ('tegas', 'hadap', 'niat'), ('hadap', 'niat', 'ngefeed'), ('niat', 'ngefeed', 'dalam')]"
['kontol'],[]
"['stres', 'menang', 'kalah', 'sampai', 'imbang', 'adil', 'beda', 'bagus', 'sekarang', 'anj']","[('stres', 'menang', 'kalah'), ('menang', 'kalah', 'sampai'), ('kalah', 'sampai', 'imbang'), ('sampai', 'imbang', 'adil'), ('imbang', 'adil', 'beda'), ('adil', 'beda', 'bagus'), ('beda', 'bagus', 'sekarang'), ('bagus', 'sekarang', 'anj')]"
"['makin', 'makin', 'ruksak', 'masalah', 'lobby', 'hijau', 'drapick', 'hijau', 'masuk', 'freeze', 'putus', 'ampun', 'parah', 'benar', 'makin', 'ponsel', 'luas', 'alhasil', 'apk', 'nyaman', 'muak', 'gitu']","[('makin', 'makin', 'ruksak'), ('makin', 'ruksak', 'masalah'), ('ruksak', 'masalah', 'lobby'), ('masalah', 'lobby', 'hijau'), ('lobby', 'hijau', 'drapick'), ('hijau', 'drapick', 'hijau'), ('drapick', 'hijau', 'masuk'), ('hijau', 'masuk', 'freeze'), ('masuk', 'freeze', 'putus'), ('freeze', 'putus', 'ampun'), ('putus', 'ampun', 'parah'), ('ampun', 'parah', 'benar'), ('parah', 'benar', 'makin'), ('benar', 'makin', 'ponsel'), ('makin', 'ponsel', 'luas'), ('ponsel', 'luas', 'alhasil'), ('luas', 'alhasil', 'apk'), ('alhasil', 'apk', 'nyaman'), ('apk', 'nyaman', 'muak'), ('nyaman', 'muak', 'gitu')]"
"['jelas', 'banyak', 'bot']","[('jelas', 'banyak', 'bot')]"
['kontol'],[]
"['knpa', 'skrng', 'jringn', 'bgus', 'lag', 'jringan', 'ijo', 'klau', 'merah', 'slh', 'mh', 'hijo', 'jringn', 'merah']","[('knpa', 'skrng', 'jringn'), ('skrng', 'jringn', 'bgus'), ('jringn', 'bgus', 'lag'), ('bgus', 'lag', 'jringan'), ('lag', 'jringan', 'ijo'), ('jringan', 'ijo', 'klau'), ('ijo', 'klau', 'merah'), ('klau', 'merah', 'slh'), ('merah', 'slh', 'mh'), ('slh', 'mh', 'hijo'), ('mh', 'hijo', 'jringn'), ('hijo', 'jringn', 'merah')]"
"['tanding', 'atur', 'biar', 'naikini', 'paling', 'jengkel']","[('tanding', 'atur', 'biar'), ('atur', 'biar', 'naikini'), ('biar', 'naikini', 'paling'), ('naikini', 'paling', 'jengkel')]"
"['pernah', 'adil', 'dalam', 'tanding', 'gajelas', 'dalam', 'rankednya', 'lawan', 'tier', 'ranknya']","[('pernah', 'adil', 'dalam'), ('adil', 'dalam', 'tanding'), ('dalam', 'tanding', 'gajelas'), ('tanding', 'gajelas', 'dalam'), ('gajelas', 'dalam', 'rankednya'), ('dalam', 'rankednya', 'lawan'), ('rankednya', 'lawan', 'tier'), ('lawan', 'tier', 'ranknya')]"
"['kecewa', 'masa', 'musuh', 'jago', 'sendiri', 'lolot', 'lag', 'parah']","[('kecewa', 'masa', 'musuh'), ('masa', 'musuh', 'jago'), ('musuh', 'jago', 'sendiri'), ('jago', 'sendiri', 'lolot'), ('sendiri', 'lolot', 'lag'), ('lolot', 'lag', 'parah')]"
"['cape', 'ketemu', 'poke', 'musuh', 'jago', 'jangan', 'gamau', 'stres']","[('cape', 'ketemu', 'poke'), ('ketemu', 'poke', 'musuh'), ('poke', 'musuh', 'jago'), ('musuh', 'jago', 'jangan'), ('jago', 'jangan', 'gamau'), ('jangan', 'gamau', 'stres')]"
"['sampah', 'gelap', 'pisah', 'partian', 'anj', 'busuk']","[('sampah', 'gelap', 'pisah'), ('gelap', 'pisah', 'partian'), ('pisah', 'partian', 'anj'), ('partian', 'anj', 'busuk')]"
"['yangg', 'bot', 'musuh', 'jagoo', 'gakk', 'suu']","[('yangg', 'bot', 'musuh'), ('bot', 'musuh', 'jagoo'), ('musuh', 'jagoo', 'gakk'), ('jagoo', 'gakk', 'suu')]"
"['sinya', 'penuh', 'ngeleh', 'tolol', 'tolol', 'asu']","[('sinya', 'penuh', 'ngeleh'), ('penuh', 'ngeleh', 'tolol'), ('ngeleh', 'tolol', 'tolol'), ('tolol', 'tolol', 'asu')]"
"['jelek', 'ls', 'buruk']","[('jelek', 'ls', 'buruk')]"
"['babi', 'stak', 'epik', 'babi', 'klonnga', 'musuh', 'full', 'mitik', 'begok']","[('babi', 'stak', 'epik'), ('stak', 'epik', 'babi'), ('epik', 'babi', 'klonnga'), ('babi', 'klonnga', 'musuh'), ('klonnga', 'musuh', 'full'), ('musuh', 'full', 'mitik'), ('full', 'mitik', 'begok')]"
"['punya', 'hati', 'jelas', 'menang', 'kalah', 'ngilangin', 'stres']","[('punya', 'hati', 'jelas'), ('hati', 'jelas', 'menang'), ('jelas', 'menang', 'kalah'), ('menang', 'kalah', 'ngilangin'), ('kalah', 'ngilangin', 'stres')]"
"['lawan', 'menang', 'kalah', 'apapa', 'masalah']","[('lawan', 'menang', 'kalah'), ('menang', 'kalah', 'apapa'), ('kalah', 'apapa', 'masalah')]"
"['buruk', 'merah', 'pdhl', 'nonton', 'yt', 'roblox', 'lancar', 'jaya', 'buruk', 'ubah']","[('buruk', 'merah', 'pdhl'), ('merah', 'pdhl', 'nonton'), ('pdhl', 'nonton', 'yt'), ('nonton', 'yt', 'roblox'), ('yt', 'roblox', 'lancar'), ('roblox', 'lancar', 'jaya'), ('lancar', 'jaya', 'buruk'), ('jaya', 'buruk', 'ubah')]"
"['porno', 'rusak', 'mental', 'pikir']","[('porno', 'rusak', 'mental'), ('rusak', 'mental', 'pikir')]"
"['kagak', 'adil', 'kontol', 'asu']","[('kagak', 'adil', 'kontol'), ('adil', 'kontol', 'asu')]"
"['gamek', 'ontol', 'lag', 'ngentod']","[('gamek', 'ontol', 'lag'), ('ontol', 'lag', 'ngentod')]"
"['woy', 'musnah']",[]
"['tahu', 'jika', 'tagih', 'sportif', 'curang', 'curang', 'beri', 'teman', 'komputer', 'sendiri', 'nickname', 'hampir', 'biasa', 'angkanyakalau', 'laku', 'curang', 'tagih', 'salah', 'justru', 'hapus']","[('tahu', 'jika', 'tagih'), ('jika', 'tagih', 'sportif'), ('tagih', 'sportif', 'curang'), ('sportif', 'curang', 'curang'), ('curang', 'curang', 'beri'), ('curang', 'beri', 'teman'), ('beri', 'teman', 'komputer'), ('teman', 'komputer', 'sendiri'), ('komputer', 'sendiri', 'nickname'), ('sendiri', 'nickname', 'hampir'), ('nickname', 'hampir', 'biasa'), ('hampir', 'biasa', 'angkanyakalau'), ('biasa', 'angkanyakalau', 'laku'), ('angkanyakalau', 'laku', 'curang'), ('laku', 'curang', 'tagih'), ('curang', 'tagih', 'salah'), ('tagih', 'salah', 'justru'), ('salah', 'justru', 'hapus')]"
"['kontol', 'anjing']",[]
['mantap'],[]
"['kasi', 'baik', 'muntun', 'jgan', 'kasi', 'gelap', 'lahh']","[('kasi', 'baik', 'muntun'), ('baik', 'muntun', 'jgan'), ('muntun', 'jgan', 'kasi'), ('jgan', 'kasi', 'gelap'), ('kasi', 'gelap', 'lahh')]"
"['bane', 'mohon', 'sesuikan']","[('bane', 'mohon', 'sesuikan')]"
"['hehh', 'bagus', 'capek', 'bintang', 'bagus', 'kau', 'bagus', 'kau', 'bintang']","[('hehh', 'bagus', 'capek'), ('bagus', 'capek', 'bintang'), ('capek', 'bintang', 'bagus'), ('bintang', 'bagus', 'kau'), ('bagus', 'kau', 'bagus'), ('kau', 'bagus', 'kau'), ('bagus', 'kau', 'bintang')]"
"['masalah', 'imbang', 'total', 'tanding', 'k', 'ketemu', 'sampai', 'kocak', 'rusak']","[('masalah', 'imbang', 'total'), ('imbang', 'total', 'tanding'), ('total', 'tanding', 'k'), ('tanding', 'k', 'ketemu'), ('k', 'ketemu', 'sampai'), ('ketemu', 'sampai', 'kocak'), ('sampai', 'kocak', 'rusak')]"
"['yey', 'ws', 'smaa', 'mimin', 'syg', 'mimin']","[('yey', 'ws', 'smaa'), ('ws', 'smaa', 'mimin'), ('smaa', 'mimin', 'syg'), ('mimin', 'syg', 'mimin')]"
"['akun', 'kena', 'ban']","[('akun', 'kena', 'ban')]"
"['bagus', 'tolong', 'baik', 'machmaking', 'sampah', 'mythic', 'masa', 'ketemu', 'sedang', 'pihak', 'lawan', 'mythic', 'tolong', 'baik', 'machmaking', 'adil']","[('bagus', 'tolong', 'baik'), ('tolong', 'baik', 'machmaking'), ('baik', 'machmaking', 'sampah'), ('machmaking', 'sampah', 'mythic'), ('sampah', 'mythic', 'masa'), ('mythic', 'masa', 'ketemu'), ('masa', 'ketemu', 'sedang'), ('ketemu', 'sedang', 'pihak'), ('sedang', 'pihak', 'lawan'), ('pihak', 'lawan', 'mythic'), ('lawan', 'mythic', 'tolong'), ('mythic', 'tolong', 'baik'), ('tolong', 'baik', 'machmaking'), ('baik', 'machmaking', 'adil')]"
"['seru', 'santai']",[]
"['bodoh', 'rusak', 'tolo', 'tolo']","[('bodoh', 'rusak', 'tolo'), ('rusak', 'tolo', 'tolo')]"
['busuk'],[]
"['culas', 'busuk', 'wajar', 'ketemu', 'musuh', 'buruk', 'gerak', 'mati', 'langsung', 'lancar']","[('culas', 'busuk', 'wajar'), ('busuk', 'wajar', 'ketemu'), ('wajar', 'ketemu', 'musuh'), ('ketemu', 'musuh', 'buruk'), ('musuh', 'buruk', 'gerak'), ('buruk', 'gerak', 'mati'), ('gerak', 'mati', 'langsung'), ('mati', 'langsung', 'lancar')]"
"['akun', 'hubung', 'sudah', 'beberapa', 'coba', 'tetap', 'hubung', 'tolong', 'arah']","[('akun', 'hubung', 'sudah'), ('hubung', 'sudah', 'beberapa'), ('sudah', 'beberapa', 'coba'), ('beberapa', 'coba', 'tetap'), ('coba', 'tetap', 'hubung'), ('tetap', 'hubung', 'tolong'), ('hubung', 'tolong', 'arah')]"
"['wah', 'gmnya', 'bagus', 'gerafiknya', 'bagus', 'derak', 'bananyak', 'coba', 'banyak', 'darak', 'jamin', 'alam', 'seta', 'seson']","[('wah', 'gmnya', 'bagus'), ('gmnya', 'bagus', 'gerafiknya'), ('bagus', 'gerafiknya', 'bagus'), ('gerafiknya', 'bagus', 'derak'), ('bagus', 'derak', 'bananyak'), ('derak', 'bananyak', 'coba'), ('bananyak', 'coba', 'banyak'), ('coba', 'banyak', 'darak'), ('banyak', 'darak', 'jamin'), ('darak', 'jamin', 'alam'), ('jamin', 'alam', 'seta'), ('alam', 'seta', 'seson')]"
['oke'],[]
['lacur'],[]
"['ko', 'makin', 'ngeselin', 'yaa', 'lag', 'parah', 'merah', 'gerak', 'tar', 'jalan', 'sndiri', 'bunuh', 'ngeselin', 'banget', 'asli', 'buka', 'yt', 'kualitas', 'hd', 'ttp', 'jalan']","[('ko', 'makin', 'ngeselin'), ('makin', 'ngeselin', 'yaa'), ('ngeselin', 'yaa', 'lag'), ('yaa', 'lag', 'parah'), ('lag', 'parah', 'merah'), ('parah', 'merah', 'gerak'), ('merah', 'gerak', 'tar'), ('gerak', 'tar', 'jalan'), ('tar', 'jalan', 'sndiri'), ('jalan', 'sndiri', 'bunuh'), ('sndiri', 'bunuh', 'ngeselin'), ('bunuh', 'ngeselin', 'banget'), ('ngeselin', 'banget', 'asli'), ('banget', 'asli', 'buka'), ('asli', 'buka', 'yt'), ('buka', 'yt', 'kualitas'), ('yt', 'kualitas', 'hd'), ('kualitas', 'hd', 'ttp'), ('hd', 'ttp', 'jalan')]"
"['musuh', 'imbang', 'adil', 'seru']","[('musuh', 'imbang', 'adil'), ('imbang', 'adil', 'seru')]"
"['selesai', 'draf', 'selalu', 'lag', 'parah', 'bagus']","[('selesai', 'draf', 'selalu'), ('draf', 'selalu', 'lag'), ('selalu', 'lag', 'parah'), ('lag', 'parah', 'bagus')]"
"['bagus', 'suka', 'role', 'guna', 'role', 'role', 'dapt']","[('bagus', 'suka', 'role'), ('suka', 'role', 'guna'), ('role', 'guna', 'role'), ('guna', 'role', 'role'), ('role', 'role', 'dapt')]"
"['sinyal', 'bagus', 'support', 'ngk', 'gerak']","[('sinyal', 'bagus', 'support'), ('bagus', 'support', 'ngk'), ('support', 'ngk', 'gerak')]"
"['fedder', 'ngk', 'imbang']","[('fedder', 'ngk', 'imbang')]"
"['buruk', 'benar', 'masa', 'musuh', 'sulit', 'keras', 'trol', 'feeder', 'mana', 'suka', 'lag', 'tibatiba', 'makin', 'makin', 'parah']","[('buruk', 'benar', 'masa'), ('benar', 'masa', 'musuh'), ('masa', 'musuh', 'sulit'), ('musuh', 'sulit', 'keras'), ('sulit', 'keras', 'trol'), ('keras', 'trol', 'feeder'), ('trol', 'feeder', 'mana'), ('feeder', 'mana', 'suka'), ('mana', 'suka', 'lag'), ('suka', 'lag', 'tibatiba'), ('lag', 'tibatiba', 'makin'), ('tibatiba', 'makin', 'makin'), ('makin', 'makin', 'parah')]"
"['anjing', 'cape', 'cape', 'naekin', 'ketemu', 'epic', 'muluu']","[('anjing', 'cape', 'cape'), ('cape', 'cape', 'naekin'), ('cape', 'naekin', 'ketemu'), ('naekin', 'ketemu', 'epic'), ('ketemu', 'epic', 'muluu')]"
"['hei', 'beri', 'jangan', 'duo', 'trio', 'tolol', 'duotrio', 'tolol']","[('hei', 'beri', 'jangan'), ('beri', 'jangan', 'duo'), ('jangan', 'duo', 'trio'), ('duo', 'trio', 'tolol'), ('trio', 'tolol', 'duotrio'), ('tolol', 'duotrio', 'tolol')]"
"['sinyal', 'full', 'hijau', 'aneh', 'lag', 'parah', 'sampai', 'kira', 'afk', 'benar', 'benar', 'rugi']","[('sinyal', 'full', 'hijau'), ('full', 'hijau', 'aneh'), ('hijau', 'aneh', 'lag'), ('aneh', 'lag', 'parah'), ('lag', 'parah', 'sampai'), ('parah', 'sampai', 'kira'), ('sampai', 'kira', 'afk'), ('kira', 'afk', 'benar'), ('afk', 'benar', 'benar'), ('benar', 'benar', 'rugi')]"
"['lag', 'ngentod']",[]
"['matching', 'gajelas']",[]
"['biasa', 'gelap', 'pasti', 'jumping', 'sinyal', 'oke']","[('biasa', 'gelap', 'pasti'), ('gelap', 'pasti', 'jumping'), ('pasti', 'jumping', 'sinyal'), ('jumping', 'sinyal', 'oke')]"
['kontoll'],[]
"['baik', 'noh', 'bug']","[('baik', 'noh', 'bug')]"
"['bug', 'coba', 'report', 'masalah', 'atas', 'balas', 'report']","[('bug', 'coba', 'report'), ('coba', 'report', 'masalah'), ('report', 'masalah', 'atas'), ('masalah', 'atas', 'balas'), ('atas', 'balas', 'report')]"
"['kasi', 'musuh', 'sm', 'musuh', 'jago', 'gabisa']","[('kasi', 'musuh', 'sm'), ('musuh', 'sm', 'musuh'), ('sm', 'musuh', 'jago'), ('musuh', 'jago', 'gabisa')]"
"['ngilangin', 'stres', 'ehh', 'tambah', 'stres', 'gaush', 'gila', 'ntr']","[('ngilangin', 'stres', 'ehh'), ('stres', 'ehh', 'tambah'), ('ehh', 'tambah', 'stres'), ('tambah', 'stres', 'gaush'), ('stres', 'gaush', 'gila'), ('gaush', 'gila', 'ntr')]"
['buruk'],[]
"['ganti', 'akun', 'cuma', 'arah', 'pusat', 'akun', 'ikut', 'arah', 'customer', 'servis', 'emosi', 'kadang', 'kode', 'verifikasi', 'salah', 'ganti', 'akun', 'email', 'google', 'sudah', 'benar', 'masukin']","[('ganti', 'akun', 'cuma'), ('akun', 'cuma', 'arah'), ('cuma', 'arah', 'pusat'), ('arah', 'pusat', 'akun'), ('pusat', 'akun', 'ikut'), ('akun', 'ikut', 'arah'), ('ikut', 'arah', 'customer'), ('arah', 'customer', 'servis'), ('customer', 'servis', 'emosi'), ('servis', 'emosi', 'kadang'), ('emosi', 'kadang', 'kode'), ('kadang', 'kode', 'verifikasi'), ('kode', 'verifikasi', 'salah'), ('verifikasi', 'salah', 'ganti'), ('salah', 'ganti', 'akun'), ('ganti', 'akun', 'email'), ('akun', 'email', 'google'), ('email', 'google', 'sudah'), ('google', 'sudah', 'benar'), ('sudah', 'benar', 'masukin')]"
"['kenapa', 'suara', 'hiro', 'dalam', 'ngak', 'hilang']","[('kenapa', 'suara', 'hiro'), ('suara', 'hiro', 'dalam'), ('hiro', 'dalam', 'ngak'), ('dalam', 'ngak', 'hilang')]"
"['mikir', 'susah', 'komunikasi', 'gelap', 'aneh']","[('mikir', 'susah', 'komunikasi'), ('susah', 'komunikasi', 'gelap'), ('komunikasi', 'gelap', 'aneh')]"
['good'],[]
"['kenapa', 'sekarang', 'selesai', 'yapping', 'bujang', 'bungkam', 'timkukuat']","[('kenapa', 'sekarang', 'selesai'), ('sekarang', 'selesai', 'yapping'), ('selesai', 'yapping', 'bujang'), ('yapping', 'bujang', 'bungkam'), ('bujang', 'bungkam', 'timkukuat')]"
"['yatempiyatu', 'asu', 'ngekei', 'goblog', 'kabeh', 'meh', 'munggah', 'mitik', 'e', 'angel', 'e', 'asu', 'jembot']","[('yatempiyatu', 'asu', 'ngekei'), ('asu', 'ngekei', 'goblog'), ('ngekei', 'goblog', 'kabeh'), ('goblog', 'kabeh', 'meh'), ('kabeh', 'meh', 'munggah'), ('meh', 'munggah', 'mitik'), ('munggah', 'mitik', 'e'), ('mitik', 'e', 'angel'), ('e', 'angel', 'e'), ('angel', 'e', 'asu'), ('e', 'asu', 'jembot')]"
"['jelas', 'makin', 'lama', 'makin', 'hilang', 'sampah']","[('jelas', 'makin', 'lama'), ('makin', 'lama', 'makin'), ('lama', 'makin', 'hilang'), ('makin', 'hilang', 'sampah')]"
"['sudah', 'session', 'makin', 'njng', 'moontonnya', 'menang', 'lanjut', 'jangan', 'harap', 'menang', 'darksystemnya', 'ngotak', 'developer', 'selalu', 'binatang', 'buruk', 'su', 'sampai', 'kapan', 'imbang', 'dalam']","[('sudah', 'session', 'makin'), ('session', 'makin', 'njng'), ('makin', 'njng', 'moontonnya'), ('njng', 'moontonnya', 'menang'), ('moontonnya', 'menang', 'lanjut'), ('menang', 'lanjut', 'jangan'), ('lanjut', 'jangan', 'harap'), ('jangan', 'harap', 'menang'), ('harap', 'menang', 'darksystemnya'), ('menang', 'darksystemnya', 'ngotak'), ('darksystemnya', 'ngotak', 'developer'), ('ngotak', 'developer', 'selalu'), ('developer', 'selalu', 'binatang'), ('selalu', 'binatang', 'buruk'), ('binatang', 'buruk', 'su'), ('buruk', 'su', 'sampai'), ('su', 'sampai', 'kapan'), ('sampai', 'kapan', 'imbang'), ('kapan', 'imbang', 'dalam')]"
['lawak'],[]
"['lot', 'baru', 'rang', 'kredit', 'skor', 'babi', 'kau', 'gelap', 'parah']","[('lot', 'baru', 'rang'), ('baru', 'rang', 'kredit'), ('rang', 'kredit', 'skor'), ('kredit', 'skor', 'babi'), ('skor', 'babi', 'kau'), ('babi', 'kau', 'gelap'), ('kau', 'gelap', 'parah')]"
"['menang', 'kalah', 'sampai', 'lima']","[('menang', 'kalah', 'sampai'), ('kalah', 'sampai', 'lima')]"
"['peerbaiki', 'sinyal', 'jngan', 'banyak', 'event']","[('peerbaiki', 'sinyal', 'jngan'), ('sinyal', 'jngan', 'banyak'), ('jngan', 'banyak', 'event')]"
"['seru', 'tantang', 'sukapake', 'lancelot']","[('seru', 'tantang', 'sukapake'), ('tantang', 'sukapake', 'lancelot')]"
['normal'],[]
"['makin', 'server', 'lag', 'anj']","[('makin', 'server', 'lag'), ('server', 'lag', 'anj')]"
"['kenapa', 'kalahh', 'teruss', 'ton', 'capemonton', 'kasi', 'apaa', 'kenapa', 'susang', 'benget', 'keluar', 'legendsmonton', 'gamau', 'lose', 'cape']","[('kenapa', 'kalahh', 'teruss'), ('kalahh', 'teruss', 'ton'), ('teruss', 'ton', 'capemonton'), ('ton', 'capemonton', 'kasi'), ('capemonton', 'kasi', 'apaa'), ('kasi', 'apaa', 'kenapa'), ('apaa', 'kenapa', 'susang'), ('kenapa', 'susang', 'benget'), ('susang', 'benget', 'keluar'), ('benget', 'keluar', 'legendsmonton'), ('keluar', 'legendsmonton', 'gamau'), ('legendsmonton', 'gamau', 'lose'), ('gamau', 'lose', 'cape')]"
"['lag', 'ping', 'merah', 'busuk']","[('lag', 'ping', 'merah'), ('ping', 'merah', 'busuk')]"
"['manajemen', 'milih', 'seluruh', 'cuma', 'indonesia', 'internetnya', 'lambat', 'paksa', 'semua', 'kentang', 'lag', 'brutal', 'pilih', 'mana', 'momen', 'penting', 'tentu', 'menang', 'buah']","[('manajemen', 'milih', 'seluruh'), ('milih', 'seluruh', 'cuma'), ('seluruh', 'cuma', 'indonesia'), ('cuma', 'indonesia', 'internetnya'), ('indonesia', 'internetnya', 'lambat'), ('internetnya', 'lambat', 'paksa'), ('lambat', 'paksa', 'semua'), ('paksa', 'semua', 'kentang'), ('semua', 'kentang', 'lag'), ('kentang', 'lag', 'brutal'), ('lag', 'brutal', 'pilih'), ('brutal', 'pilih', 'mana'), ('pilih', 'mana', 'momen'), ('mana', 'momen', 'penting'), ('momen', 'penting', 'tentu'), ('penting', 'tentu', 'menang'), ('tentu', 'menang', 'buah')]"
"['pokimai', 'masuk', 'akal', 'sedang', 'musuh', 'jago', 'poqi']","[('pokimai', 'masuk', 'akal'), ('masuk', 'akal', 'sedang'), ('akal', 'sedang', 'musuh'), ('sedang', 'musuh', 'jago'), ('musuh', 'jago', 'poqi')]"
"['binatang', 'beri', 'hapus', 'banyak', 'bug', 'update', 'sekian', 'wasalam']","[('binatang', 'beri', 'hapus'), ('beri', 'hapus', 'banyak'), ('hapus', 'banyak', 'bug'), ('banyak', 'bug', 'update'), ('bug', 'update', 'sekian'), ('update', 'sekian', 'wasalam')]"
['aneh'],[]
"['seru', 'banget', 'sudah', 'th', 'bosen', 'bosen']","[('seru', 'banget', 'sudah'), ('banget', 'sudah', 'th'), ('sudah', 'th', 'bosen'), ('th', 'bosen', 'bosen')]"
"['season', 'kemarin', 'cuam', 'puterputer', 'menang', 'kalah', 'naik', 'enggak', 'turun', 'enggak', 'stuck', 'situ', 'macth', 'mvp', 'kalah', 'menang', 'mvp', 'privilege']","[('season', 'kemarin', 'cuam'), ('kemarin', 'cuam', 'puterputer'), ('cuam', 'puterputer', 'menang'), ('puterputer', 'menang', 'kalah'), ('menang', 'kalah', 'naik'), ('kalah', 'naik', 'enggak'), ('naik', 'enggak', 'turun'), ('enggak', 'turun', 'enggak'), ('turun', 'enggak', 'stuck'), ('enggak', 'stuck', 'situ'), ('stuck', 'situ', 'macth'), ('situ', 'macth', 'mvp'), ('macth', 'mvp', 'kalah'), ('mvp', 'kalah', 'menang'), ('kalah', 'menang', 'mvp'), ('menang', 'mvp', 'privilege')]"
"['sekrang', 'ngasi', 'tolol', 'semua']","[('sekrang', 'ngasi', 'tolol'), ('ngasi', 'tolol', 'semua')]"
"['like', 'it']",[]
"['rusak', 'masalah']",[]
"['jelas', 'd', 'kurang', 'kredit', 'skor', 'ngga', 'ngapa', 'ngapain']","[('jelas', 'd', 'kurang'), ('d', 'kurang', 'kredit'), ('kurang', 'kredit', 'skor'), ('kredit', 'skor', 'ngga'), ('skor', 'ngga', 'ngapa'), ('ngga', 'ngapa', 'ngapain')]"
"['suka', 'lag', 'karuan', 'pen', 'lag', 'bagus', 'tolong', 'jangan', 'rusak', 'nyaman']","[('suka', 'lag', 'karuan'), ('lag', 'karuan', 'pen'), ('karuan', 'pen', 'lag'), ('pen', 'lag', 'bagus'), ('lag', 'bagus', 'tolong'), ('bagus', 'tolong', 'jangan'), ('tolong', 'jangan', 'rusak'), ('jangan', 'rusak', 'nyaman')]"
"['gemm', 'jembot', 'kontol', 'asu', 'tempek', 'keok', 'akeh', 'gelap', 'coknasu']","[('gemm', 'jembot', 'kontol'), ('jembot', 'kontol', 'asu'), ('kontol', 'asu', 'tempek'), ('asu', 'tempek', 'keok'), ('tempek', 'keok', 'akeh'), ('keok', 'akeh', 'gelap'), ('akeh', 'gelap', 'coknasu')]"
"['kikir', 'bgst', 'ajg', 'losstreak']","[('kikir', 'bgst', 'ajg'), ('bgst', 'ajg', 'losstreak')]"
"['bagus', 'ngotak', 'kadang', 'siyal', 'jelek', 'pus', 'dpet', 'musuh', 'jago', 'semua', 'sendiri', 'jelek', 'lgi', 'pusreng', 'dpet', 'musuh', 'jgo', 'semua']","[('bagus', 'ngotak', 'kadang'), ('ngotak', 'kadang', 'siyal'), ('kadang', 'siyal', 'jelek'), ('siyal', 'jelek', 'pus'), ('jelek', 'pus', 'dpet'), ('pus', 'dpet', 'musuh'), ('dpet', 'musuh', 'jago'), ('musuh', 'jago', 'semua'), ('jago', 'semua', 'sendiri'), ('semua', 'sendiri', 'jelek'), ('sendiri', 'jelek', 'lgi'), ('jelek', 'lgi', 'pusreng'), ('lgi', 'pusreng', 'dpet'), ('pusreng', 'dpet', 'musuh'), ('dpet', 'musuh', 'jgo'), ('musuh', 'jgo', 'semua')]"
"['tolong', 'musuh', 'padan', 'masa', 'ex', 'ketemu', 'musuh', 'ex', 'imo', 'semua', 'adil', 'padan']","[('tolong', 'musuh', 'padan'), ('musuh', 'padan', 'masa'), ('padan', 'masa', 'ex'), ('masa', 'ex', 'ketemu'), ('ex', 'ketemu', 'musuh'), ('ketemu', 'musuh', 'ex'), ('musuh', 'ex', 'imo'), ('ex', 'imo', 'semua'), ('imo', 'semua', 'adil'), ('semua', 'adil', 'padan')]"
['buruk'],[]
"['beri', 'adil', 'adil', 'banyak', 'meng', 'troll', 'jika', 'role', 'sengsara', 'jika', 'troll', 'ranking', 'kena', 'lindung', 'kasihan', 'orng', 'lain', 'troll', 'turun']","[('beri', 'adil', 'adil'), ('adil', 'adil', 'banyak'), ('adil', 'banyak', 'meng'), ('banyak', 'meng', 'troll'), ('meng', 'troll', 'jika'), ('troll', 'jika', 'role'), ('jika', 'role', 'sengsara'), ('role', 'sengsara', 'jika'), ('sengsara', 'jika', 'troll'), ('jika', 'troll', 'ranking'), ('troll', 'ranking', 'kena'), ('ranking', 'kena', 'lindung'), ('kena', 'lindung', 'kasihan'), ('lindung', 'kasihan', 'orng'), ('kasihan', 'orng', 'lain'), ('orng', 'lain', 'troll'), ('lain', 'troll', 'turun')]"
['tae'],[]
"['punya', 'bocil', 'minimal', 'waras', 'lol']","[('punya', 'bocil', 'minimal'), ('bocil', 'minimal', 'waras'), ('minimal', 'waras', 'lol')]"
"['jelek', 'mending', 'hapus', 'darksistem', 'semua', 'musuh', 'jago', 'adil', 'jelek', 'usah', 'mainin', 'usak', 'otak']","[('jelek', 'mending', 'hapus'), ('mending', 'hapus', 'darksistem'), ('hapus', 'darksistem', 'semua'), ('darksistem', 'semua', 'musuh'), ('semua', 'musuh', 'jago'), ('musuh', 'jago', 'adil'), ('jago', 'adil', 'jelek'), ('adil', 'jelek', 'usah'), ('jelek', 'usah', 'mainin'), ('usah', 'mainin', 'usak'), ('mainin', 'usak', 'otak')]"
"['gblok', 'alam', 'romawi', 'glory', 'guobloknya', 'berapa', 'gblok', 'profil', 'tolol', 'parah', 'matchnya', 'anjeng']","[('gblok', 'alam', 'romawi'), ('alam', 'romawi', 'glory'), ('romawi', 'glory', 'guobloknya'), ('glory', 'guobloknya', 'berapa'), ('guobloknya', 'berapa', 'gblok'), ('berapa', 'gblok', 'profil'), ('gblok', 'profil', 'tolol'), ('profil', 'tolol', 'parah'), ('tolol', 'parah', 'matchnya'), ('parah', 'matchnya', 'anjeng')]"
"['saranin', 'sabar', 'setip', 'tisu', 'jangan', 'otak', 'stres', 'lama', 'lama', 'kesel', 'jugaa', 'rusak']","[('saranin', 'sabar', 'setip'), ('sabar', 'setip', 'tisu'), ('setip', 'tisu', 'jangan'), ('tisu', 'jangan', 'otak'), ('jangan', 'otak', 'stres'), ('otak', 'stres', 'lama'), ('stres', 'lama', 'lama'), ('lama', 'lama', 'kesel'), ('lama', 'kesel', 'jugaa'), ('kesel', 'jugaa', 'rusak')]"
"['kait', 'rusak', 'ngotak', 'sedikit']","[('kait', 'rusak', 'ngotak'), ('rusak', 'ngotak', 'sedikit')]"
"['gm', 'taik', 'tol', 'semuaa', 'kasi', 'ajingg', 'binatang', 'ngsi', 'kontoll', 'anjing']","[('gm', 'taik', 'tol'), ('taik', 'tol', 'semuaa'), ('tol', 'semuaa', 'kasi'), ('semuaa', 'kasi', 'ajingg'), ('kasi', 'ajingg', 'binatang'), ('ajingg', 'binatang', 'ngsi'), ('binatang', 'ngsi', 'kontoll'), ('ngsi', 'kontoll', 'anjing')]"
"['rusak', 'tres', 'ngk', 'adil', 'lolot', 'mending', 'pindah', 'king', 'lebih', 'tarik', 'lebih', 'adil', 'beri', 'lawan', 'sesuai', 'mampu', 'sendiri', 'beda', 'beri', 'musuh', 'ngak', 'imbang', 'sendiri', 'tambah', 'sekarang', 'sendiri', 'mati', 'pasti', 'langsung', 'ripot', 'kurang', 'kredit', 'kor', 'ngak', 'kasi', 'layer', 'buruk']","[('rusak', 'tres', 'ngk'), ('tres', 'ngk', 'adil'), ('ngk', 'adil', 'lolot'), ('adil', 'lolot', 'mending'), ('lolot', 'mending', 'pindah'), ('mending', 'pindah', 'king'), ('pindah', 'king', 'lebih'), ('king', 'lebih', 'tarik'), ('lebih', 'tarik', 'lebih'), ('tarik', 'lebih', 'adil'), ('lebih', 'adil', 'beri'), ('adil', 'beri', 'lawan'), ('beri', 'lawan', 'sesuai'), ('lawan', 'sesuai', 'mampu'), ('sesuai', 'mampu', 'sendiri'), ('mampu', 'sendiri', 'beda'), ('sendiri', 'beda', 'beri'), ('beda', 'beri', 'musuh'), ('beri', 'musuh', 'ngak'), ('musuh', 'ngak', 'imbang'), ('ngak', 'imbang', 'sendiri'), ('imbang', 'sendiri', 'tambah'), ('sendiri', 'tambah', 'sekarang'), ('tambah', 'sekarang', 'sendiri'), ('sekarang', 'sendiri', 'mati'), ('sendiri', 'mati', 'pasti'), ('mati', 'pasti', 'langsung'), ('pasti', 'langsung', 'ripot'), ('langsung', 'ripot', 'kurang'), ('ripot', 'kurang', 'kredit'), ('kurang', 'kredit', 'kor'), ('kredit', 'kor', 'ngak'), ('kor', 'ngak', 'kasi'), ('ngak', 'kasi', 'layer'), ('kasi', 'layer', 'buruk')]"
"['bagus', 'grafik', 'sudah', 'gabisa', 'sekarang']","[('bagus', 'grafik', 'sudah'), ('grafik', 'sudah', 'gabisa'), ('sudah', 'gabisa', 'sekarang')]"
['kotl'],[]
"['pesan', 'buka', 'beri', 'langgar', 'tanpa', 'lihat', 'mentulusuri', 'tolong', 'perbaikin', 'belum', 'ambil', 'tindak']","[('pesan', 'buka', 'beri'), ('buka', 'beri', 'langgar'), ('beri', 'langgar', 'tanpa'), ('langgar', 'tanpa', 'lihat'), ('tanpa', 'lihat', 'mentulusuri'), ('lihat', 'mentulusuri', 'tolong'), ('mentulusuri', 'tolong', 'perbaikin'), ('tolong', 'perbaikin', 'belum'), ('perbaikin', 'belum', 'ambil'), ('belum', 'ambil', 'tindak')]"
"['ketemu', 'gajelas']",[]
['dongo'],[]
"['settingan', 'banyak', 'bot', 'kalah', 'moga', 'cepat', 'bangkrut', 'aamiin']","[('settingan', 'banyak', 'bot'), ('banyak', 'bot', 'kalah'), ('bot', 'kalah', 'moga'), ('kalah', 'moga', 'cepat'), ('moga', 'cepat', 'bangkrut'), ('cepat', 'bangkrut', 'aamiin')]"
"['gaje', 'lama', 'season', 'isi', 'banyak', 'maksa', 'sedang', 'musuh', 'renk', 'tinggi', 'glory', 'renk', 'tinggi', 'epic', 'mawi', 'username', 'fadil', 'elek', 'lama', 'season', 'pernah', 'ws']","[('gaje', 'lama', 'season'), ('lama', 'season', 'isi'), ('season', 'isi', 'banyak'), ('isi', 'banyak', 'maksa'), ('banyak', 'maksa', 'sedang'), ('maksa', 'sedang', 'musuh'), ('sedang', 'musuh', 'renk'), ('musuh', 'renk', 'tinggi'), ('renk', 'tinggi', 'glory'), ('tinggi', 'glory', 'renk'), ('glory', 'renk', 'tinggi'), ('renk', 'tinggi', 'epic'), ('tinggi', 'epic', 'mawi'), ('epic', 'mawi', 'username'), ('mawi', 'username', 'fadil'), ('username', 'fadil', 'elek'), ('fadil', 'elek', 'lama'), ('elek', 'lama', 'season'), ('lama', 'season', 'pernah'), ('season', 'pernah', 'ws')]"
['oke'],[]
"['lain', 'jali', 'kasi', 'waras', 'sedikit', 'jn', 'ngetrol', 'mikir', 'napa', 'org', 'improve', 'dr', 'skill', 'kasi', 'gt', 'org', 'mentok', 'lawak']","[('lain', 'jali', 'kasi'), ('jali', 'kasi', 'waras'), ('kasi', 'waras', 'sedikit'), ('waras', 'sedikit', 'jn'), ('sedikit', 'jn', 'ngetrol'), ('jn', 'ngetrol', 'mikir'), ('ngetrol', 'mikir', 'napa'), ('mikir', 'napa', 'org'), ('napa', 'org', 'improve'), ('org', 'improve', 'dr'), ('improve', 'dr', 'skill'), ('dr', 'skill', 'kasi'), ('skill', 'kasi', 'gt'), ('kasi', 'gt', 'org'), ('gt', 'org', 'mentok'), ('org', 'mentok', 'lawak')]"
"['sudah', 'apus', 'beri', 'gprnah', 'benar']","[('sudah', 'apus', 'beri'), ('apus', 'beri', 'gprnah'), ('beri', 'gprnah', 'benar')]"
"['skin', 'gratis', 'jangan', 'trial', 'herobadang', 'helcrut', 'semuahero', 'gratis', 'nanti', 'bintang', 'suka', 'pasang', 'hapymod']","[('skin', 'gratis', 'jangan'), ('gratis', 'jangan', 'trial'), ('jangan', 'trial', 'herobadang'), ('trial', 'herobadang', 'helcrut'), ('herobadang', 'helcrut', 'semuahero'), ('helcrut', 'semuahero', 'gratis'), ('semuahero', 'gratis', 'nanti'), ('gratis', 'nanti', 'bintang'), ('nanti', 'bintang', 'suka'), ('bintang', 'suka', 'pasang'), ('suka', 'pasang', 'hapymod')]"
"['bagus', 'beri', 'diamond', 'beri', 'bintang', 'cukup']","[('bagus', 'beri', 'diamond'), ('beri', 'diamond', 'beri'), ('diamond', 'beri', 'bintang'), ('beri', 'bintang', 'cukup')]"
"['usah', 'ngekil', 'ges', 'mending', 'assist', 'cape', 'cape', 'kill', 'ngepush', 'kalah', 'punya', 'assist', 'lebih', 'banyak', 'mvp', 'mati', 'banyak', 'dia']","[('usah', 'ngekil', 'ges'), ('ngekil', 'ges', 'mending'), ('ges', 'mending', 'assist'), ('mending', 'assist', 'cape'), ('assist', 'cape', 'cape'), ('cape', 'cape', 'kill'), ('cape', 'kill', 'ngepush'), ('kill', 'ngepush', 'kalah'), ('ngepush', 'kalah', 'punya'), ('kalah', 'punya', 'assist'), ('punya', 'assist', 'lebih'), ('assist', 'lebih', 'banyak'), ('lebih', 'banyak', 'mvp'), ('banyak', 'mvp', 'mati'), ('mvp', 'mati', 'banyak'), ('mati', 'banyak', 'dia')]"
['pepek'],[]
"['banyak', 'darksistem']",[]
"['seru', 'tolong', 'imbang']","[('seru', 'tolong', 'imbang')]"
['kontol'],[]
[],[]
"['parah', 'banget', 'ngebug', 'oke', 'plus', 'tia', 'sentuh', 'kena', 'afk', 'baik']","[('parah', 'banget', 'ngebug'), ('banget', 'ngebug', 'oke'), ('ngebug', 'oke', 'plus'), ('oke', 'plus', 'tia'), ('plus', 'tia', 'sentuh'), ('tia', 'sentuh', 'kena'), ('sentuh', 'kena', 'afk'), ('kena', 'afk', 'baik')]"
"['klok', 'bot', 'musuh', 'jugak', 'bot', 'bot', 'musuh', 'gg', 'tololtolong', 'ituh', 'lobi', 'bnerin', 'mles']","[('klok', 'bot', 'musuh'), ('bot', 'musuh', 'jugak'), ('musuh', 'jugak', 'bot'), ('jugak', 'bot', 'bot'), ('bot', 'bot', 'musuh'), ('bot', 'musuh', 'gg'), ('musuh', 'gg', 'tololtolong'), ('gg', 'tololtolong', 'ituh'), ('tololtolong', 'ituh', 'lobi'), ('ituh', 'lobi', 'bnerin'), ('lobi', 'bnerin', 'mles')]"
"['ngotak', 'sedikit', 'lawan', 'imbang', 'pasti', 'pindah', 'tolong', 'baik', 'napa', 'lawan', 'ngotak', 'senang', 'senang', 'imbang', 'lawan', 'alhasil', 'lose', 'streakkecewa', 'berat']","[('ngotak', 'sedikit', 'lawan'), ('sedikit', 'lawan', 'imbang'), ('lawan', 'imbang', 'pasti'), ('imbang', 'pasti', 'pindah'), ('pasti', 'pindah', 'tolong'), ('pindah', 'tolong', 'baik'), ('tolong', 'baik', 'napa'), ('baik', 'napa', 'lawan'), ('napa', 'lawan', 'ngotak'), ('lawan', 'ngotak', 'senang'), ('ngotak', 'senang', 'senang'), ('senang', 'senang', 'imbang'), ('senang', 'imbang', 'lawan'), ('imbang', 'lawan', 'alhasil'), ('lawan', 'alhasil', 'lose'), ('alhasil', 'lose', 'streakkecewa'), ('lose', 'streakkecewa', 'berat')]"
"['grafik', 'bagus', 'banget', 'ngasi', 'curang', 'keye']","[('grafik', 'bagus', 'banget'), ('bagus', 'banget', 'ngasi'), ('banget', 'ngasi', 'curang'), ('ngasi', 'curang', 'keye')]"
"['asu', 'celeng', 'lol']","[('asu', 'celeng', 'lol')]"
"['sampah', 'naik', 'buruk', 'kyk', 'gitu']","[('sampah', 'naik', 'buruk'), ('naik', 'buruk', 'kyk'), ('buruk', 'kyk', 'gitu')]"
"['hapus', 'play', 'store', 'beberapa', 'selalu', 'baik']","[('hapus', 'play', 'store'), ('play', 'store', 'beberapa'), ('store', 'beberapa', 'selalu'), ('beberapa', 'selalu', 'baik')]"
"['banyak', 'satu', 'banyak', 'ngadu', 'admin', 'parah', 'banyak', 'atur']","[('banyak', 'satu', 'banyak'), ('satu', 'banyak', 'ngadu'), ('banyak', 'ngadu', 'admin'), ('ngadu', 'admin', 'parah'), ('admin', 'parah', 'banyak'), ('parah', 'banyak', 'atur')]"
"['tolol', 'banyak', 'benar', 'gelap', 'tolol']","[('tolol', 'banyak', 'benar'), ('banyak', 'benar', 'gelap'), ('benar', 'gelap', 'tolol')]"
"['scam', 'recommended', 'selalu', 'gabisa', 'nyeleneh', 'musuh', 'jago', 'padan', 'daya', 'punya', 'party', 'gimana', 'ngembangin', 'skill', 'rata', 'gabisa']","[('scam', 'recommended', 'selalu'), ('recommended', 'selalu', 'gabisa'), ('selalu', 'gabisa', 'nyeleneh'), ('gabisa', 'nyeleneh', 'musuh'), ('nyeleneh', 'musuh', 'jago'), ('musuh', 'jago', 'padan'), ('jago', 'padan', 'daya'), ('padan', 'daya', 'punya'), ('daya', 'punya', 'party'), ('punya', 'party', 'gimana'), ('party', 'gimana', 'ngembangin'), ('gimana', 'ngembangin', 'skill'), ('ngembangin', 'skill', 'rata'), ('skill', 'rata', 'gabisa')]"
"['selalu', 'lag', 'walau', 'baik']","[('selalu', 'lag', 'walau'), ('lag', 'walau', 'baik')]"
"['tolong', 'baik', 'sudah', 'terlalu', 'lag']","[('tolong', 'baik', 'sudah'), ('baik', 'sudah', 'terlalu'), ('sudah', 'terlalu', 'lag')]"
['taek'],[]
['mantap'],[]
"['selesai', 'draft', 'selalu', 'patah', 'patah', 'sempat', 'ganti', 'build', 'build', 'rekomendasi', 'belum', 'update', 'lancar', 'lancar', 'sekarang', 'kenapa', 'menggangu', 'errorlag', 'selesai', 'draft', 'sinyal', 'bagus', 'bintang', 'satu', 'update', 'sekarang', 'sudah', 'fiks', 'baru', 'bintang']","[('selesai', 'draft', 'selalu'), ('draft', 'selalu', 'patah'), ('selalu', 'patah', 'patah'), ('patah', 'patah', 'sempat'), ('patah', 'sempat', 'ganti'), ('sempat', 'ganti', 'build'), ('ganti', 'build', 'build'), ('build', 'build', 'rekomendasi'), ('build', 'rekomendasi', 'belum'), ('rekomendasi', 'belum', 'update'), ('belum', 'update', 'lancar'), ('update', 'lancar', 'lancar'), ('lancar', 'lancar', 'sekarang'), ('lancar', 'sekarang', 'kenapa'), ('sekarang', 'kenapa', 'menggangu'), ('kenapa', 'menggangu', 'errorlag'), ('menggangu', 'errorlag', 'selesai'), ('errorlag', 'selesai', 'draft'), ('selesai', 'draft', 'sinyal'), ('draft', 'sinyal', 'bagus'), ('sinyal', 'bagus', 'bintang'), ('bagus', 'bintang', 'satu'), ('bintang', 'satu', 'update'), ('satu', 'update', 'sekarang'), ('update', 'sekarang', 'sudah'), ('sekarang', 'sudah', 'fiks'), ('sudah', 'fiks', 'baru'), ('fiks', 'baru', 'bintang')]"
"['tolol', 'ge', 'updet', 'mas', 'salah', 'lag', 'hijau', 'sinyal', 'ko', 'lag', 'rusak', 'jangan', 'diem', 'tangung', 'jawab']","[('tolol', 'ge', 'updet'), ('ge', 'updet', 'mas'), ('updet', 'mas', 'salah'), ('mas', 'salah', 'lag'), ('salah', 'lag', 'hijau'), ('lag', 'hijau', 'sinyal'), ('hijau', 'sinyal', 'ko'), ('sinyal', 'ko', 'lag'), ('ko', 'lag', 'rusak'), ('lag', 'rusak', 'jangan'), ('rusak', 'jangan', 'diem'), ('jangan', 'diem', 'tangung'), ('diem', 'tangung', 'jawab')]"
['cool'],[]
['best'],[]
['kontol'],[]
"['rusak', 'lag', 'ping', 'jumping', 'kaga', 'jelas']","[('rusak', 'lag', 'ping'), ('lag', 'ping', 'jumping'), ('ping', 'jumping', 'kaga'), ('jumping', 'kaga', 'jelas')]"
"['bro', 'puas', 'permainin', 'menang', 'kala', 'ajing', 'musu', 'lol', 'jan', 'mityik', 'gaem', 'lol']","[('bro', 'puas', 'permainin'), ('puas', 'permainin', 'menang'), ('permainin', 'menang', 'kala'), ('menang', 'kala', 'ajing'), ('kala', 'ajing', 'musu'), ('ajing', 'musu', 'lol'), ('musu', 'lol', 'jan'), ('lol', 'jan', 'mityik'), ('jan', 'mityik', 'gaem'), ('mityik', 'gaem', 'lol')]"
"['lag', 'lobby', 'aman', 'nyaman']","[('lag', 'lobby', 'aman'), ('lobby', 'aman', 'nyaman')]"
"['woy', 'sinyal', 'lag', 'make', 'wifi', 'lohh', 'make', 'bagus', 'lag', 'banget', 'lag', 'sampai', 'gerak']","[('woy', 'sinyal', 'lag'), ('sinyal', 'lag', 'make'), ('lag', 'make', 'wifi'), ('make', 'wifi', 'lohh'), ('wifi', 'lohh', 'make'), ('lohh', 'make', 'bagus'), ('make', 'bagus', 'lag'), ('bagus', 'lag', 'banget'), ('lag', 'banget', 'lag'), ('banget', 'lag', 'sampai'), ('lag', 'sampai', 'gerak')]"
"['minimal', 'tolong', 'pernah', 'menang', 'sujud', 'kantor', 'jilat', 'kaki', 'karyawanmu', 'biar', 'ws', 'tolong', 'minimal', 'frustasi', 'pernah', 'ws', 'kawan', 'pindah', 'ff', 'gara', 'gara', 'ls', 'ah', 'percuma', 'ngomong', 'notice']","[('minimal', 'tolong', 'pernah'), ('tolong', 'pernah', 'menang'), ('pernah', 'menang', 'sujud'), ('menang', 'sujud', 'kantor'), ('sujud', 'kantor', 'jilat'), ('kantor', 'jilat', 'kaki'), ('jilat', 'kaki', 'karyawanmu'), ('kaki', 'karyawanmu', 'biar'), ('karyawanmu', 'biar', 'ws'), ('biar', 'ws', 'tolong'), ('ws', 'tolong', 'minimal'), ('tolong', 'minimal', 'frustasi'), ('minimal', 'frustasi', 'pernah'), ('frustasi', 'pernah', 'ws'), ('pernah', 'ws', 'kawan'), ('ws', 'kawan', 'pindah'), ('kawan', 'pindah', 'ff'), ('pindah', 'ff', 'gara'), ('ff', 'gara', 'gara'), ('gara', 'gara', 'ls'), ('gara', 'ls', 'ah'), ('ls', 'ah', 'percuma'), ('ah', 'percuma', 'ngomong'), ('percuma', 'ngomong', 'notice')]"
['yeah'],[]
"['kacau', 'stabil']",[]
"['update', 'patch', 'nalah', 'tambah', 'busuk', 'super', 'busuk', 'drafting', 'lag', 'aman', 'notif', 'putus', 'sampai', 'masuk', 'menit', 'update', 'patch', 'bukan', 'makin', 'baik', 'makin', 'busuk']","[('update', 'patch', 'nalah'), ('patch', 'nalah', 'tambah'), ('nalah', 'tambah', 'busuk'), ('tambah', 'busuk', 'super'), ('busuk', 'super', 'busuk'), ('super', 'busuk', 'drafting'), ('busuk', 'drafting', 'lag'), ('drafting', 'lag', 'aman'), ('lag', 'aman', 'notif'), ('aman', 'notif', 'putus'), ('notif', 'putus', 'sampai'), ('putus', 'sampai', 'masuk'), ('sampai', 'masuk', 'menit'), ('masuk', 'menit', 'update'), ('menit', 'update', 'patch'), ('update', 'patch', 'bukan'), ('patch', 'bukan', 'makin'), ('bukan', 'makin', 'baik'), ('makin', 'baik', 'makin'), ('baik', 'makin', 'busuk')]"
"['gelap', 'semua', 'anjng']","[('gelap', 'semua', 'anjng')]"
"['pilih', 'lawan', 'terlalu', 'adil', 'selalu', 'ngerti', 'balik', 'lawan', 'semua', 'terlalu', 'adil', 'bab']","[('pilih', 'lawan', 'terlalu'), ('lawan', 'terlalu', 'adil'), ('terlalu', 'adil', 'selalu'), ('adil', 'selalu', 'ngerti'), ('selalu', 'ngerti', 'balik'), ('ngerti', 'balik', 'lawan'), ('balik', 'lawan', 'semua'), ('lawan', 'semua', 'terlalu'), ('semua', 'terlalu', 'adil'), ('terlalu', 'adil', 'bab')]"
"['penarngetan', 'bebas', 'tetap', 'kunci', 'musuh', 'hapus']","[('penarngetan', 'bebas', 'tetap'), ('bebas', 'tetap', 'kunci'), ('tetap', 'kunci', 'musuh'), ('kunci', 'musuh', 'hapus')]"
"['seru', 'suka', 'moga', 'makin', 'bagus']","[('seru', 'suka', 'moga'), ('suka', 'moga', 'makin'), ('moga', 'makin', 'bagus')]"
"['bagus', 'cocok', 'milik', 'sifat', 'mudah', 'marah', 'bantu', 'tenang', 'diri', 'hati', 'tolong', 'baik', 'bagi', 'imbang', 'biar', 'senang']","[('bagus', 'cocok', 'milik'), ('cocok', 'milik', 'sifat'), ('milik', 'sifat', 'mudah'), ('sifat', 'mudah', 'marah'), ('mudah', 'marah', 'bantu'), ('marah', 'bantu', 'tenang'), ('bantu', 'tenang', 'diri'), ('tenang', 'diri', 'hati'), ('diri', 'hati', 'tolong'), ('hati', 'tolong', 'baik'), ('tolong', 'baik', 'bagi'), ('baik', 'bagi', 'imbang'), ('bagi', 'imbang', 'biar'), ('imbang', 'biar', 'senang')]"
"['buruk', 'buka', 'ping', 'selalu', 'merah', 'lag', 'parah', 'buka', 'aplikasi', 'lain', 'lancar']","[('buruk', 'buka', 'ping'), ('buka', 'ping', 'selalu'), ('ping', 'selalu', 'merah'), ('selalu', 'merah', 'lag'), ('merah', 'lag', 'parah'), ('lag', 'parah', 'buka'), ('parah', 'buka', 'aplikasi'), ('buka', 'aplikasi', 'lain'), ('aplikasi', 'lain', 'lancar')]"
"['buruk', 'kalah', 'nurun', 'satu', 'bintang', 'naik', 'bintang', 'satu', 'lindung', 'tai']","[('buruk', 'kalah', 'nurun'), ('kalah', 'nurun', 'satu'), ('nurun', 'satu', 'bintang'), ('satu', 'bintang', 'naik'), ('bintang', 'naik', 'bintang'), ('naik', 'bintang', 'satu'), ('bintang', 'satu', 'lindung'), ('satu', 'lindung', 'tai')]"
"['kontol', 'bujang', 'anjingg', 'bagus', 'cepek', 'lose', 'ngentot', 'anjiing']","[('kontol', 'bujang', 'anjingg'), ('bujang', 'anjingg', 'bagus'), ('anjingg', 'bagus', 'cepek'), ('bagus', 'cepek', 'lose'), ('cepek', 'lose', 'ngentot'), ('lose', 'ngentot', 'anjiing')]"
"['kecewa', 'imbang', 'chat', 'dalam', 'anggap', 'kasar', 'semua', 'batas', 'teman', 'imbang', 'anggap', 'salah', 'chat', 'lebih', 'kurang', 'credit', 'score']","[('kecewa', 'imbang', 'chat'), ('imbang', 'chat', 'dalam'), ('chat', 'dalam', 'anggap'), ('dalam', 'anggap', 'kasar'), ('anggap', 'kasar', 'semua'), ('kasar', 'semua', 'batas'), ('semua', 'batas', 'teman'), ('batas', 'teman', 'imbang'), ('teman', 'imbang', 'anggap'), ('imbang', 'anggap', 'salah'), ('anggap', 'salah', 'chat'), ('salah', 'chat', 'lebih'), ('chat', 'lebih', 'kurang'), ('lebih', 'kurang', 'credit'), ('kurang', 'credit', 'score')]"
"['mith', 'please']",[]
"['jelek', 'ashu', 'pagi', 'sampai', 'sore', 'buka', 'bintang', 'naik', 'lose', 'gajelas', 'mas', 'monnton', 'kasi', 'imbang', 'ashu', 'buka', 'daak', 'kasi', 'sedang', 'musuh', 'kairi', 'ashu', 'uninstall', 'kwuonthol']","[('jelek', 'ashu', 'pagi'), ('ashu', 'pagi', 'sampai'), ('pagi', 'sampai', 'sore'), ('sampai', 'sore', 'buka'), ('sore', 'buka', 'bintang'), ('buka', 'bintang', 'naik'), ('bintang', 'naik', 'lose'), ('naik', 'lose', 'gajelas'), ('lose', 'gajelas', 'mas'), ('gajelas', 'mas', 'monnton'), ('mas', 'monnton', 'kasi'), ('monnton', 'kasi', 'imbang'), ('kasi', 'imbang', 'ashu'), ('imbang', 'ashu', 'buka'), ('ashu', 'buka', 'daak'), ('buka', 'daak', 'kasi'), ('daak', 'kasi', 'sedang'), ('kasi', 'sedang', 'musuh'), ('sedang', 'musuh', 'kairi'), ('musuh', 'kairi', 'ashu'), ('kairi', 'ashu', 'uninstall'), ('ashu', 'uninstall', 'kwuonthol')]"
"['masa', 'ganti', 'pp', 'keluar', 'lobby', 'sendiri', 'sinyalperangkat', 'tdk', 'kendala', 'kocak', 'bintang', 'no', 'recommend']","[('masa', 'ganti', 'pp'), ('ganti', 'pp', 'keluar'), ('pp', 'keluar', 'lobby'), ('keluar', 'lobby', 'sendiri'), ('lobby', 'sendiri', 'sinyalperangkat'), ('sendiri', 'sinyalperangkat', 'tdk'), ('sinyalperangkat', 'tdk', 'kendala'), ('tdk', 'kendala', 'kocak'), ('kendala', 'kocak', 'bintang'), ('kocak', 'bintang', 'no'), ('bintang', 'no', 'recommend')]"
"['kasi', 'benar', 'masa', 'ketemu', 'tolol', 'sudah', 'season', 'ketemu', 'tolol', 'sumpah']","[('kasi', 'benar', 'masa'), ('benar', 'masa', 'ketemu'), ('masa', 'ketemu', 'tolol'), ('ketemu', 'tolol', 'sudah'), ('tolol', 'sudah', 'season'), ('sudah', 'season', 'ketemu'), ('season', 'ketemu', 'tolol'), ('ketemu', 'tolol', 'sumpah')]"
"['parah', 'lag', 'stabil', 'emosi']","[('parah', 'lag', 'stabil'), ('lag', 'stabil', 'emosi')]"
"['bagus', 'selalu', 'lag', 'patah', 'patah', 'rusak', 'rusak', 'rusakk', 'mending', 'uninstal', 'pindah']","[('bagus', 'selalu', 'lag'), ('selalu', 'lag', 'patah'), ('lag', 'patah', 'patah'), ('patah', 'patah', 'rusak'), ('patah', 'rusak', 'rusak'), ('rusak', 'rusak', 'rusakk'), ('rusak', 'rusakk', 'mending'), ('rusakk', 'mending', 'uninstal'), ('mending', 'uninstal', 'pindah')]"
"['rusak', 'lag', 'banget', 'sial']","[('rusak', 'lag', 'banget'), ('lag', 'banget', 'sial')]"
"['pasti', 'sinyal', 'langsung', 'merah', 'tolong', 'd', 'baik', 'tolong', 'baik', 'parah']","[('pasti', 'sinyal', 'langsung'), ('sinyal', 'langsung', 'merah'), ('langsung', 'merah', 'tolong'), ('merah', 'tolong', 'd'), ('tolong', 'd', 'baik'), ('d', 'baik', 'tolong'), ('baik', 'tolong', 'baik'), ('tolong', 'baik', 'parah')]"
"['adill', 'cok', 'mitikk', 'musuh', 'glory', 'rata', 'sedang', 'campur', 'biadab']","[('adill', 'cok', 'mitikk'), ('cok', 'mitikk', 'musuh'), ('mitikk', 'musuh', 'glory'), ('musuh', 'glory', 'rata'), ('glory', 'rata', 'sedang'), ('rata', 'sedang', 'campur'), ('sedang', 'campur', 'biadab')]"
"['update', 'makin', 'tolol', 'bapuk']","[('update', 'makin', 'tolol'), ('makin', 'tolol', 'bapuk')]"
"['banyak', 'gelap', 'malasin']","[('banyak', 'gelap', 'malasin')]"
"['sinyal', 'bagus', 'ping', 'merah', 'tolong', 'baik']","[('sinyal', 'bagus', 'ping'), ('bagus', 'ping', 'merah'), ('ping', 'merah', 'tolong'), ('merah', 'tolong', 'baik')]"
['adil'],[]
"['makin', 'makin', 'lag', 'parah', 'pdhl', 'bagus']","[('makin', 'makin', 'lag'), ('makin', 'lag', 'parah'), ('lag', 'parah', 'pdhl'), ('parah', 'pdhl', 'bagus')]"
"['kuota', 'banyak', 'wifi', 'jga', 'oke', 'stak', 'afk', 'kesel', 'banget', 'dlu', 'bgtu', 'mls']","[('kuota', 'banyak', 'wifi'), ('banyak', 'wifi', 'jga'), ('wifi', 'jga', 'oke'), ('jga', 'oke', 'stak'), ('oke', 'stak', 'afk'), ('stak', 'afk', 'kesel'), ('afk', 'kesel', 'banget'), ('kesel', 'banget', 'dlu'), ('banget', 'dlu', 'bgtu'), ('dlu', 'bgtu', 'mls')]"
"['keluh', 'kagak', 'benar', 'adil', 'baik', 'jelek', 'banget', 'sumpah', 'dengerin', 'keluh', 'mu', 'baik', 'tolong', 'banget']","[('keluh', 'kagak', 'benar'), ('kagak', 'benar', 'adil'), ('benar', 'adil', 'baik'), ('adil', 'baik', 'jelek'), ('baik', 'jelek', 'banget'), ('jelek', 'banget', 'sumpah'), ('banget', 'sumpah', 'dengerin'), ('sumpah', 'dengerin', 'keluh'), ('dengerin', 'keluh', 'mu'), ('keluh', 'mu', 'baik'), ('mu', 'baik', 'tolong'), ('baik', 'tolong', 'banget')]"
"['ping', 'selalu', 'buruk', 'aneh', 'banget']","[('ping', 'selalu', 'buruk'), ('selalu', 'buruk', 'aneh'), ('buruk', 'aneh', 'banget')]"
['buruk'],[]
"['montong', 'kurang', 'ngiclik', 'licik', 'lag']","[('montong', 'kurang', 'ngiclik'), ('kurang', 'ngiclik', 'licik'), ('ngiclik', 'licik', 'lag')]"
"['sinyal', 'bagus', 'henti', 'suka', 'henti', 'tolong', 'baik', 'bug', 'muntun']","[('sinyal', 'bagus', 'henti'), ('bagus', 'henti', 'suka'), ('henti', 'suka', 'henti'), ('suka', 'henti', 'tolong'), ('henti', 'tolong', 'baik'), ('tolong', 'baik', 'bug'), ('baik', 'bug', 'muntun')]"
['taik'],[]
"['aneh', 'temuin', 'party', 'makin', 'lama', 'makin', 'aneh']","[('aneh', 'temuin', 'party'), ('temuin', 'party', 'makin'), ('party', 'makin', 'lama'), ('makin', 'lama', 'makin'), ('lama', 'makin', 'aneh')]"
"['buruk', 'kenapa', 'update', 'ping', 'stabil', 'benar', 'gara', 'gara', 'ping', 'stabil', 'rusak', 'lahh', 'tai']","[('buruk', 'kenapa', 'update'), ('kenapa', 'update', 'ping'), ('update', 'ping', 'stabil'), ('ping', 'stabil', 'benar'), ('stabil', 'benar', 'gara'), ('benar', 'gara', 'gara'), ('gara', 'gara', 'ping'), ('gara', 'ping', 'stabil'), ('ping', 'stabil', 'rusak'), ('stabil', 'rusak', 'lahh'), ('rusak', 'lahh', 'tai')]"
"['perbaikin', 'freze', 'sinyal', 'aman', 'ko', 'freze', 'berkalikali', 'ganggu', 'alam']","[('perbaikin', 'freze', 'sinyal'), ('freze', 'sinyal', 'aman'), ('sinyal', 'aman', 'ko'), ('aman', 'ko', 'freze'), ('ko', 'freze', 'berkalikali'), ('freze', 'berkalikali', 'ganggu'), ('berkalikali', 'ganggu', 'alam')]"
"['asu', 'teman', 'naik', 'naik', 'teman', 'bot', 'adil']","[('asu', 'teman', 'naik'), ('teman', 'naik', 'naik'), ('naik', 'naik', 'teman'), ('naik', 'teman', 'bot'), ('teman', 'bot', 'adil')]"
"['taii', 'lain', 'tuju', 'senangsenang', 'gilastres', 'gila', 'isi', 'gelap', 'semua', 'bintang', 'lima', 'deteksi', 'tolong']","[('taii', 'lain', 'tuju'), ('lain', 'tuju', 'senangsenang'), ('tuju', 'senangsenang', 'gilastres'), ('senangsenang', 'gilastres', 'gila'), ('gilastres', 'gila', 'isi'), ('gila', 'isi', 'gelap'), ('isi', 'gelap', 'semua'), ('gelap', 'semua', 'bintang'), ('semua', 'bintang', 'lima'), ('bintang', 'lima', 'deteksi'), ('lima', 'deteksi', 'tolong')]"
"['banyak', 'layer', 'buruk', 'beri', 'derak', 'malas', 'hati', 'hancur', 'anak', 'yatim', 'para', 'bilang', 'bapak', 'sono', 'bapak']","[('banyak', 'layer', 'buruk'), ('layer', 'buruk', 'beri'), ('buruk', 'beri', 'derak'), ('beri', 'derak', 'malas'), ('derak', 'malas', 'hati'), ('malas', 'hati', 'hancur'), ('hati', 'hancur', 'anak'), ('hancur', 'anak', 'yatim'), ('anak', 'yatim', 'para'), ('yatim', 'para', 'bilang'), ('para', 'bilang', 'bapak'), ('bilang', 'bapak', 'sono'), ('bapak', 'sono', 'bapak')]"
"['bosan', 'lag', 'lag', 'lag', 'dn', 'lag', 'sinyak', 'stbil', 'wifi', 'parah', 'total', 'mending', 'ganti', 'pindah']","[('bosan', 'lag', 'lag'), ('lag', 'lag', 'lag'), ('lag', 'lag', 'dn'), ('lag', 'dn', 'lag'), ('dn', 'lag', 'sinyak'), ('lag', 'sinyak', 'stbil'), ('sinyak', 'stbil', 'wifi'), ('stbil', 'wifi', 'parah'), ('wifi', 'parah', 'total'), ('parah', 'total', 'mending'), ('total', 'mending', 'ganti'), ('mending', 'ganti', 'pindah')]"
"['kompak', 'jng', 'pilihin', 'busuk', 'kurang', 'sekolah', 'masa', 'sinyal', 'merah', 'anggap', 'afk', 'gimana']","[('kompak', 'jng', 'pilihin'), ('jng', 'pilihin', 'busuk'), ('pilihin', 'busuk', 'kurang'), ('busuk', 'kurang', 'sekolah'), ('kurang', 'sekolah', 'masa'), ('sekolah', 'masa', 'sinyal'), ('masa', 'sinyal', 'merah'), ('sinyal', 'merah', 'anggap'), ('merah', 'anggap', 'afk'), ('anggap', 'afk', 'gimana')]"
"['percumah', 'menang', 'menang', 'kalah', 'ting', 'satu', 'bot']","[('percumah', 'menang', 'menang'), ('menang', 'menang', 'kalah'), ('menang', 'kalah', 'ting'), ('kalah', 'ting', 'satu'), ('ting', 'satu', 'bot')]"
"['kenapa', 'sudah', 'makin', 'lama', 'makin', 'jelek', 'lag', 'lag', 'jelas', 'dalam', 'tanding', 'patah', 'patah', 'tibatiba', 'afk', 'patah', 'patah', 'mending', 'brawl', 'clasic', 'patah', 'patah', 'aplikasi', 'makin', 'lama', 'makin', 'berat', 'makin', 'patah', 'patah', 'tolong', 'baik', 'sedikit', 'ringan', 'jangan', 'terlalu', 'berat', 'kasi', 'pengunaan', 'ram', 'kecil', 'tanggap', 'ubah', 'mending', 'pindah']","[('kenapa', 'sudah', 'makin'), ('sudah', 'makin', 'lama'), ('makin', 'lama', 'makin'), ('lama', 'makin', 'jelek'), ('makin', 'jelek', 'lag'), ('jelek', 'lag', 'lag'), ('lag', 'lag', 'jelas'), ('lag', 'jelas', 'dalam'), ('jelas', 'dalam', 'tanding'), ('dalam', 'tanding', 'patah'), ('tanding', 'patah', 'patah'), ('patah', 'patah', 'tibatiba'), ('patah', 'tibatiba', 'afk'), ('tibatiba', 'afk', 'patah'), ('afk', 'patah', 'patah'), ('patah', 'patah', 'mending'), ('patah', 'mending', 'brawl'), ('mending', 'brawl', 'clasic'), ('brawl', 'clasic', 'patah'), ('clasic', 'patah', 'patah'), ('patah', 'patah', 'aplikasi'), ('patah', 'aplikasi', 'makin'), ('aplikasi', 'makin', 'lama'), ('makin', 'lama', 'makin'), ('lama', 'makin', 'berat'), ('makin', 'berat', 'makin'), ('berat', 'makin', 'patah'), ('makin', 'patah', 'patah'), ('patah', 'patah', 'tolong'), ('patah', 'tolong', 'baik'), ('tolong', 'baik', 'sedikit'), ('baik', 'sedikit', 'ringan'), ('sedikit', 'ringan', 'jangan'), ('ringan', 'jangan', 'terlalu'), ('jangan', 'terlalu', 'berat'), ('terlalu', 'berat', 'kasi'), ('berat', 'kasi', 'pengunaan'), ('kasi', 'pengunaan', 'ram'), ('pengunaan', 'ram', 'kecil'), ('ram', 'kecil', 'tanggap'), ('kecil', 'tanggap', 'ubah'), ('tanggap', 'ubah', 'mending'), ('ubah', 'mending', 'pindah')]"
"['buruk', 'binatang', 'baik', 'bug', 'sinyal', 'mu']","[('buruk', 'binatang', 'baik'), ('binatang', 'baik', 'bug'), ('baik', 'bug', 'sinyal'), ('bug', 'sinyal', 'mu')]"
"['halo', 'mas', 'muntun', 'tolong', 'jago', 'cape', 'gendong', 'pasti', 'menang', 'kalah', 'menang', 'kalah', 'percaya', 'akun', 'sutsujinkw', 'pindah', 'terimakasih']","[('halo', 'mas', 'muntun'), ('mas', 'muntun', 'tolong'), ('muntun', 'tolong', 'jago'), ('tolong', 'jago', 'cape'), ('jago', 'cape', 'gendong'), ('cape', 'gendong', 'pasti'), ('gendong', 'pasti', 'menang'), ('pasti', 'menang', 'kalah'), ('menang', 'kalah', 'menang'), ('kalah', 'menang', 'kalah'), ('menang', 'kalah', 'percaya'), ('kalah', 'percaya', 'akun'), ('percaya', 'akun', 'sutsujinkw'), ('akun', 'sutsujinkw', 'pindah'), ('sutsujinkw', 'pindah', 'terimakasih')]"
"['lag', 'banyak', 'emperor']","[('lag', 'banyak', 'emperor')]"
"['mohon', 'baik', 'eror', 'bnyk', 'gelap']","[('mohon', 'baik', 'eror'), ('baik', 'eror', 'bnyk'), ('eror', 'bnyk', 'gelap')]"
"['ban', 'akun', 'lama', 'dri', 'defeet', 'mllu']","[('ban', 'akun', 'lama'), ('akun', 'lama', 'dri'), ('lama', 'dri', 'defeet'), ('dri', 'defeet', 'mllu')]"
"['lag', 'server', 'bug', 'ui', 'lag', 'server', 'speed', 'on', 'lag', 'gerak', 'speed', 'off', 'lag', 'gerak', 'bug', 'ui', 'bug', 'tanding', 'draft', 'pasuk', 'tanding']","[('lag', 'server', 'bug'), ('server', 'bug', 'ui'), ('bug', 'ui', 'lag'), ('ui', 'lag', 'server'), ('lag', 'server', 'speed'), ('server', 'speed', 'on'), ('speed', 'on', 'lag'), ('on', 'lag', 'gerak'), ('lag', 'gerak', 'speed'), ('gerak', 'speed', 'off'), ('speed', 'off', 'lag'), ('off', 'lag', 'gerak'), ('lag', 'gerak', 'bug'), ('gerak', 'bug', 'ui'), ('bug', 'ui', 'bug'), ('ui', 'bug', 'tanding'), ('bug', 'tanding', 'draft'), ('tanding', 'draft', 'pasuk'), ('draft', 'pasuk', 'tanding')]"
"['ap', 'anjing']",[]
"['maaf', 'hapus', 'males', 'beban', 'teman', 'lama', 'pensi', 'terimakasih', 'banyak', 'nemenin', 'mungkin', 'nanti', 'kapankapan']","[('maaf', 'hapus', 'males'), ('hapus', 'males', 'beban'), ('males', 'beban', 'teman'), ('beban', 'teman', 'lama'), ('teman', 'lama', 'pensi'), ('lama', 'pensi', 'terimakasih'), ('pensi', 'terimakasih', 'banyak'), ('terimakasih', 'banyak', 'nemenin'), ('banyak', 'nemenin', 'mungkin'), ('nemenin', 'mungkin', 'nanti'), ('mungkin', 'nanti', 'kapankapan')]"
"['banyak', 'gelap']",[]
"['orng', 'baru', 'pertama', 'mending', 'usah', 'happy', 'tenang', 'gan', 'stres', 'pusing']","[('orng', 'baru', 'pertama'), ('baru', 'pertama', 'mending'), ('pertama', 'mending', 'usah'), ('mending', 'usah', 'happy'), ('usah', 'happy', 'tenang'), ('happy', 'tenang', 'gan'), ('tenang', 'gan', 'stres'), ('gan', 'stres', 'pusing')]"
"['ketemu', 'gelap', 'mana', 'mana', 'jelas']","[('ketemu', 'gelap', 'mana'), ('gelap', 'mana', 'mana'), ('mana', 'mana', 'jelas')]"
"['tolol', 'kalah']",[]
"['rusak', 'lol']",[]
"['stres', 'isi', 'gelap', 'swmua']","[('stres', 'isi', 'gelap'), ('isi', 'gelap', 'swmua')]"
"['makin', 'update', 'makin', 'lag', 'jelas', 'loogin', 'sampai', 'gerak', 'lancar', 'tetap', 'ngaruh', 'sekian', 'terimakasih', 'gaji']","[('makin', 'update', 'makin'), ('update', 'makin', 'lag'), ('makin', 'lag', 'jelas'), ('lag', 'jelas', 'loogin'), ('jelas', 'loogin', 'sampai'), ('loogin', 'sampai', 'gerak'), ('sampai', 'gerak', 'lancar'), ('gerak', 'lancar', 'tetap'), ('lancar', 'tetap', 'ngaruh'), ('tetap', 'ngaruh', 'sekian'), ('ngaruh', 'sekian', 'terimakasih'), ('sekian', 'terimakasih', 'gaji')]"
"['adil', 'dalam', 'pilih', 'bot', 'semua', 'sedang', 'musuh', 'jago', 'jago']","[('adil', 'dalam', 'pilih'), ('dalam', 'pilih', 'bot'), ('pilih', 'bot', 'semua'), ('bot', 'semua', 'sedang'), ('semua', 'sedang', 'musuh'), ('sedang', 'musuh', 'jago'), ('musuh', 'jago', 'jago')]"
"['adill', 'dalam', 'bagi', 'banyak', 'gelap', 'musuh', 'gg', 'bot']","[('adill', 'dalam', 'bagi'), ('dalam', 'bagi', 'banyak'), ('bagi', 'banyak', 'gelap'), ('banyak', 'gelap', 'musuh'), ('gelap', 'musuh', 'gg'), ('musuh', 'gg', 'bot')]"
"['sinyal', 'hilang', 'mati', 'sinyal', 'pull', 'tolong', 'baik', 'sudah', 'baik', 'bintang', 'naikin', 'bintang', 'lima']","[('sinyal', 'hilang', 'mati'), ('hilang', 'mati', 'sinyal'), ('mati', 'sinyal', 'pull'), ('sinyal', 'pull', 'tolong'), ('pull', 'tolong', 'baik'), ('tolong', 'baik', 'sudah'), ('baik', 'sudah', 'baik'), ('sudah', 'baik', 'bintang'), ('baik', 'bintang', 'naikin'), ('bintang', 'naikin', 'bintang'), ('naikin', 'bintang', 'lima')]"
"['percuma', 'update', 'cape', 'sumpah', 'bot', 'musuh', 'sakit', 'banya', 'buuf', 'buka', 'update', 'makin', 'bagus', 'mah', 'makin', 'parah', 'dasar', 'gaje', 'lol']","[('percuma', 'update', 'cape'), ('update', 'cape', 'sumpah'), ('cape', 'sumpah', 'bot'), ('sumpah', 'bot', 'musuh'), ('bot', 'musuh', 'sakit'), ('musuh', 'sakit', 'banya'), ('sakit', 'banya', 'buuf'), ('banya', 'buuf', 'buka'), ('buuf', 'buka', 'update'), ('buka', 'update', 'makin'), ('update', 'makin', 'bagus'), ('makin', 'bagus', 'mah'), ('bagus', 'mah', 'makin'), ('mah', 'makin', 'parah'), ('makin', 'parah', 'dasar'), ('parah', 'dasar', 'gaje'), ('dasar', 'gaje', 'lol')]"
"['grafik', 'bagus', 'tetapi', 'jangan', 'mainin', 'samsung', 'oppo']","[('grafik', 'bagus', 'tetapi'), ('bagus', 'tetapi', 'jangan'), ('tetapi', 'jangan', 'mainin'), ('jangan', 'mainin', 'samsung'), ('mainin', 'samsung', 'oppo')]"
"['sial', 'ajg', 'kasi', 'teman', 'draksistem']","[('sial', 'ajg', 'kasi'), ('ajg', 'kasi', 'teman'), ('kasi', 'teman', 'draksistem')]"
"['beres', 'lek', 'sinyal', 'pin', 'bagus', 'gerak', 'jelek', 'buruk']","[('beres', 'lek', 'sinyal'), ('lek', 'sinyal', 'pin'), ('sinyal', 'pin', 'bagus'), ('pin', 'bagus', 'gerak'), ('bagus', 'gerak', 'jelek'), ('gerak', 'jelek', 'buruk')]"
"['banyak', 'gelap', 'minimal', 'banget', 'mvp', 'turun', 'bintang', 'lebih', 'baik', 'kalah', 'mvp', 'bintang', 'bayangin', 'gendong', 'gendong', 'ujung', 'ujung', 'kalah', 'aneh', 'gendong', 'rugi', 'bahkan', 'ngerti']","[('banyak', 'gelap', 'minimal'), ('gelap', 'minimal', 'banget'), ('minimal', 'banget', 'mvp'), ('banget', 'mvp', 'turun'), ('mvp', 'turun', 'bintang'), ('turun', 'bintang', 'lebih'), ('bintang', 'lebih', 'baik'), ('lebih', 'baik', 'kalah'), ('baik', 'kalah', 'mvp'), ('kalah', 'mvp', 'bintang'), ('mvp', 'bintang', 'bayangin'), ('bintang', 'bayangin', 'gendong'), ('bayangin', 'gendong', 'gendong'), ('gendong', 'gendong', 'ujung'), ('gendong', 'ujung', 'ujung'), ('ujung', 'ujung', 'kalah'), ('ujung', 'kalah', 'aneh'), ('kalah', 'aneh', 'gendong'), ('aneh', 'gendong', 'rugi'), ('gendong', 'rugi', 'bahkan'), ('rugi', 'bahkan', 'ngerti')]"
"['nek', 'ngekeii', 'genah', 'tel', 'gatel']","[('nek', 'ngekeii', 'genah'), ('ngekeii', 'genah', 'tel'), ('genah', 'tel', 'gatel')]"
"['tolong', 'koneksi', 'diperbaikigua', 'kalah', 'gara', 'koneksi', 'stabil']","[('tolong', 'koneksi', 'diperbaikigua'), ('koneksi', 'diperbaikigua', 'kalah'), ('diperbaikigua', 'kalah', 'gara'), ('kalah', 'gara', 'koneksi'), ('gara', 'koneksi', 'stabil')]"
"['elek', 'masa', 'sinyal', 'ijo', 'lag', 'niat', 'bintang', 'lawak', 'sinyal', 'perhati', 'su']","[('elek', 'masa', 'sinyal'), ('masa', 'sinyal', 'ijo'), ('sinyal', 'ijo', 'lag'), ('ijo', 'lag', 'niat'), ('lag', 'niat', 'bintang'), ('niat', 'bintang', 'lawak'), ('bintang', 'lawak', 'sinyal'), ('lawak', 'sinyal', 'perhati'), ('sinyal', 'perhati', 'su')]"
"['hama', 'draft', 'bug', 'hama', 'jelas', 'hama']","[('hama', 'draft', 'bug'), ('draft', 'bug', 'hama'), ('bug', 'hama', 'jelas'), ('hama', 'jelas', 'hama')]"
"['lag', 'ping', 'jumping', 'sinyal', 'bagus']","[('lag', 'ping', 'jumping'), ('ping', 'jumping', 'sinyal'), ('jumping', 'sinyal', 'bagus')]"
"['tolong', 'masa', 'lag', 'trs', 'tadi']","[('tolong', 'masa', 'lag'), ('masa', 'lag', 'trs'), ('lag', 'trs', 'tadi')]"
"['bug', 'sinyal', 'bner']","[('bug', 'sinyal', 'bner')]"
"['tolong', 'sinyal', 'rusak', 'iya', 'loby', 'sinyal', 'hijau', 'trs', 'dalam', 'sinyal', 'merah', 'kuning', 'beri', 'bintang', 'lima', 'bukan', 'rekomendasitapi', 'biar', 'komenan', 'lihat', 'tindak', 'lanjut', 'meryport', 'jelasjelas', 'mangganggu', 'kog', 'kena', 'pelanggaranini', 'adi', 'banget', 'sinyal', 'lag', 'buka', 'pemberitahuan', 'sinyal', 'setabil', 'kog', 'malh', 'afk', 'gimana', 'maksud', 'minimal', 'adil']","[('tolong', 'sinyal', 'rusak'), ('sinyal', 'rusak', 'iya'), ('rusak', 'iya', 'loby'), ('iya', 'loby', 'sinyal'), ('loby', 'sinyal', 'hijau'), ('sinyal', 'hijau', 'trs'), ('hijau', 'trs', 'dalam'), ('trs', 'dalam', 'sinyal'), ('dalam', 'sinyal', 'merah'), ('sinyal', 'merah', 'kuning'), ('merah', 'kuning', 'beri'), ('kuning', 'beri', 'bintang'), ('beri', 'bintang', 'lima'), ('bintang', 'lima', 'bukan'), ('lima', 'bukan', 'rekomendasitapi'), ('bukan', 'rekomendasitapi', 'biar'), ('rekomendasitapi', 'biar', 'komenan'), ('biar', 'komenan', 'lihat'), ('komenan', 'lihat', 'tindak'), ('lihat', 'tindak', 'lanjut'), ('tindak', 'lanjut', 'meryport'), ('lanjut', 'meryport', 'jelasjelas'), ('meryport', 'jelasjelas', 'mangganggu'), ('jelasjelas', 'mangganggu', 'kog'), ('mangganggu', 'kog', 'kena'), ('kog', 'kena', 'pelanggaranini'), ('kena', 'pelanggaranini', 'adi'), ('pelanggaranini', 'adi', 'banget'), ('adi', 'banget', 'sinyal'), ('banget', 'sinyal', 'lag'), ('sinyal', 'lag', 'buka'), ('lag', 'buka', 'pemberitahuan'), ('buka', 'pemberitahuan', 'sinyal'), ('pemberitahuan', 'sinyal', 'setabil'), ('sinyal', 'setabil', 'kog'), ('setabil', 'kog', 'malh'), ('kog', 'malh', 'afk'), ('malh', 'afk', 'gimana'), ('afk', 'gimana', 'maksud'), ('gimana', 'maksud', 'minimal'), ('maksud', 'minimal', 'adil')]"
"['he', 'kena', 'afk', 'gara', 'sinyal', 'd', 'berhentiin', 'paket', 'unlimited', 'edition', 'tolong', 'd', 'baik', 'bagus', 'kog']","[('he', 'kena', 'afk'), ('kena', 'afk', 'gara'), ('afk', 'gara', 'sinyal'), ('gara', 'sinyal', 'd'), ('sinyal', 'd', 'berhentiin'), ('d', 'berhentiin', 'paket'), ('berhentiin', 'paket', 'unlimited'), ('paket', 'unlimited', 'edition'), ('unlimited', 'edition', 'tolong'), ('edition', 'tolong', 'd'), ('tolong', 'd', 'baik'), ('d', 'baik', 'bagus'), ('baik', 'bagus', 'kog')]"
"['sinyal', 'jelek']",[]
"['ngasi', 'benar', 'dr', 'kemarin', 'sesoen', 'sampai', 'sekarang', 'jls', 'sudah', 'mabar', 'epic', 'klau', 'org', 'komen', 'tanggap', 'tondasar', 'jls']","[('ngasi', 'benar', 'dr'), ('benar', 'dr', 'kemarin'), ('dr', 'kemarin', 'sesoen'), ('kemarin', 'sesoen', 'sampai'), ('sesoen', 'sampai', 'sekarang'), ('sampai', 'sekarang', 'jls'), ('sekarang', 'jls', 'sudah'), ('jls', 'sudah', 'mabar'), ('sudah', 'mabar', 'epic'), ('mabar', 'epic', 'klau'), ('epic', 'klau', 'org'), ('klau', 'org', 'komen'), ('org', 'komen', 'tanggap'), ('komen', 'tanggap', 'tondasar'), ('tanggap', 'tondasar', 'jls')]"
"['iqoo', 'neo', 'chipset', 'snapdragon', 'gen', 'masa', 'iya', 'panas', 'sedikit', 'langsung', 'redup', 'cerah', 'redup', 'sudah', 'beberapa', 'report', 'tetapi', 'solusi']","[('iqoo', 'neo', 'chipset'), ('neo', 'chipset', 'snapdragon'), ('chipset', 'snapdragon', 'gen'), ('snapdragon', 'gen', 'masa'), ('gen', 'masa', 'iya'), ('masa', 'iya', 'panas'), ('iya', 'panas', 'sedikit'), ('panas', 'sedikit', 'langsung'), ('sedikit', 'langsung', 'redup'), ('langsung', 'redup', 'cerah'), ('redup', 'cerah', 'redup'), ('cerah', 'redup', 'sudah'), ('redup', 'sudah', 'beberapa'), ('sudah', 'beberapa', 'report'), ('beberapa', 'report', 'tetapi'), ('report', 'tetapi', 'solusi')]"
"['gim', 'seru']",[]
"['bagus', 'patah', 'jelas']","[('bagus', 'patah', 'jelas')]"
"['ngasi', 'musuh', 'pandang', 'capek', 'jir', 'push', 'naik', 'turun', 'naik', 'turun', 'kapan', 'imonya', 'kompak', 'musuh', 'turun', 'imo', 'semua', 'epik', 'kelar', 'kelar', 'capek', 'jirr']","[('ngasi', 'musuh', 'pandang'), ('musuh', 'pandang', 'capek'), ('pandang', 'capek', 'jir'), ('capek', 'jir', 'push'), ('jir', 'push', 'naik'), ('push', 'naik', 'turun'), ('naik', 'turun', 'naik'), ('turun', 'naik', 'turun'), ('naik', 'turun', 'kapan'), ('turun', 'kapan', 'imonya'), ('kapan', 'imonya', 'kompak'), ('imonya', 'kompak', 'musuh'), ('kompak', 'musuh', 'turun'), ('musuh', 'turun', 'imo'), ('turun', 'imo', 'semua'), ('imo', 'semua', 'epik'), ('semua', 'epik', 'kelar'), ('epik', 'kelar', 'kelar'), ('kelar', 'kelar', 'capek'), ('kelar', 'capek', 'jirr')]"
"['bug', 'mu', 'rusak', 'jing']","[('bug', 'mu', 'rusak'), ('mu', 'rusak', 'jing')]"
"['buruk', 'dunia']",[]
"['selalu', 'buruk', 'hijau', 'buruk']","[('selalu', 'buruk', 'hijau'), ('buruk', 'hijau', 'buruk')]"
"['sumpah', 'tambah', 'lama', 'tambah', 'benar', 'kasi', 'teman', 'imbang', 'jangan', 'berat']","[('sumpah', 'tambah', 'lama'), ('tambah', 'lama', 'tambah'), ('lama', 'tambah', 'benar'), ('tambah', 'benar', 'kasi'), ('benar', 'kasi', 'teman'), ('kasi', 'teman', 'imbang'), ('teman', 'imbang', 'jangan'), ('imbang', 'jangan', 'berat')]"
"['tolol', 'adil', 'kikir', 'buruk', 'moga', 'hapus', 'playstore']","[('tolol', 'adil', 'kikir'), ('adil', 'kikir', 'buruk'), ('kikir', 'buruk', 'moga'), ('buruk', 'moga', 'hapus'), ('moga', 'hapus', 'playstore')]"
"['tolol', 'banyak', 'draksistem']","[('tolol', 'banyak', 'draksistem')]"
"['walaupun', 'kesal', 'favorit']","[('walaupun', 'kesal', 'favorit')]"
"['games', 'skrng', 'bantak', 'bocil']","[('games', 'skrng', 'bantak'), ('skrng', 'bantak', 'bocil')]"
"['minimal', 'starlight', 'member', 'bug', 'ngestak', 'lv', 'dri', 'lalu', 'tolong', 'rusak', 'minimal', 'gaji', 'minggu']","[('minimal', 'starlight', 'member'), ('starlight', 'member', 'bug'), ('member', 'bug', 'ngestak'), ('bug', 'ngestak', 'lv'), ('ngestak', 'lv', 'dri'), ('lv', 'dri', 'lalu'), ('dri', 'lalu', 'tolong'), ('lalu', 'tolong', 'rusak'), ('tolong', 'rusak', 'minimal'), ('rusak', 'minimal', 'gaji'), ('minimal', 'gaji', 'minggu')]"
"['musuh', 'imbang']",[]
"['lag', 'suka', 'maju', 'maju', 'sendiri', 'enk']","[('lag', 'suka', 'maju'), ('suka', 'maju', 'maju'), ('maju', 'maju', 'sendiri'), ('maju', 'sendiri', 'enk')]"
['cocok'],[]
"['baru', 'tulis', 'ulas', 'lama', 'berapa', 'report', 'after', 'kirain', 'sendiri', 'rasain', 'inbalance', 'nyata', 'banyak', 'kasus', 'tinggal', 'setia']","[('baru', 'tulis', 'ulas'), ('tulis', 'ulas', 'lama'), ('ulas', 'lama', 'berapa'), ('lama', 'berapa', 'report'), ('berapa', 'report', 'after'), ('report', 'after', 'kirain'), ('after', 'kirain', 'sendiri'), ('kirain', 'sendiri', 'rasain'), ('sendiri', 'rasain', 'inbalance'), ('rasain', 'inbalance', 'nyata'), ('inbalance', 'nyata', 'banyak'), ('nyata', 'banyak', 'kasus'), ('banyak', 'kasus', 'tinggal'), ('kasus', 'tinggal', 'setia')]"
"['buruk', 'asli', 'bagus']","[('buruk', 'asli', 'bagus')]"
"['mohon', 'atas', 'imbang', 'draft', 'pilih', 'role']","[('mohon', 'atas', 'imbang'), ('atas', 'imbang', 'draft'), ('imbang', 'draft', 'pilih'), ('draft', 'pilih', 'role')]"
"['knapa', 'bngt', 'lag', 'sendiri', 'bukan', 'cuma', 'sya', 'kena', 'kena', 'pdahal', 'sinyal', 'lancar', 'pubg', 'pernah', 'kya']","[('knapa', 'bngt', 'lag'), ('bngt', 'lag', 'sendiri'), ('lag', 'sendiri', 'bukan'), ('sendiri', 'bukan', 'cuma'), ('bukan', 'cuma', 'sya'), ('cuma', 'sya', 'kena'), ('sya', 'kena', 'kena'), ('kena', 'kena', 'pdahal'), ('kena', 'pdahal', 'sinyal'), ('pdahal', 'sinyal', 'lancar'), ('sinyal', 'lancar', 'pubg'), ('lancar', 'pubg', 'pernah'), ('pubg', 'pernah', 'kya')]"
"['senang', 'stres', 'lumayan', 'kecuali', 'gelap']","[('senang', 'stres', 'lumayan'), ('stres', 'lumayan', 'kecuali'), ('lumayan', 'kecuali', 'gelap')]"
"['bosen', 'kalah', 'mending', 'ajar']","[('bosen', 'kalah', 'mending'), ('kalah', 'mending', 'ajar')]"
"['kontl', 'su', 'isi', 'gelap', 'jan', 'donlod', 'ges', 'gl']","[('kontl', 'su', 'isi'), ('su', 'isi', 'gelap'), ('isi', 'gelap', 'jan'), ('gelap', 'jan', 'donlod'), ('jan', 'donlod', 'ges'), ('donlod', 'ges', 'gl')]"
"['sinyal', 'hilang', 'habis', 'tu', 'draf', 'lag', 'banget', 'mending', 'fix', 'ngurusin', 'update', 'rusak']","[('sinyal', 'hilang', 'habis'), ('hilang', 'habis', 'tu'), ('habis', 'tu', 'draf'), ('tu', 'draf', 'lag'), ('draf', 'lag', 'banget'), ('lag', 'banget', 'mending'), ('banget', 'mending', 'fix'), ('mending', 'fix', 'ngurusin'), ('fix', 'ngurusin', 'update'), ('ngurusin', 'update', 'rusak')]"
"['baik', 'bug', 'bukan', 'skin', 'keluar', 'wifi', 'rumah', 'oke', 'bug', 'bosen', 'jika', 'bug']","[('baik', 'bug', 'bukan'), ('bug', 'bukan', 'skin'), ('bukan', 'skin', 'keluar'), ('skin', 'keluar', 'wifi'), ('keluar', 'wifi', 'rumah'), ('wifi', 'rumah', 'oke'), ('rumah', 'oke', 'bug'), ('oke', 'bug', 'bosen'), ('bug', 'bosen', 'jika'), ('bosen', 'jika', 'bug')]"
"['kenapa', 'baik', 'lag', 'banget', 'tolong', 'rusak', 'susah', 'mood']","[('kenapa', 'baik', 'lag'), ('baik', 'lag', 'banget'), ('lag', 'banget', 'tolong'), ('banget', 'tolong', 'rusak'), ('tolong', 'rusak', 'susah'), ('rusak', 'susah', 'mood')]"
"['lag', 'parah', 'bagus', 'becus', 'cepet', 'rusak', 'pindah', 'rasain']","[('lag', 'parah', 'bagus'), ('parah', 'bagus', 'becus'), ('bagus', 'becus', 'cepet'), ('becus', 'cepet', 'rusak'), ('cepet', 'rusak', 'pindah'), ('rusak', 'pindah', 'rasain')]"
['rusak'],[]
"['tolong', 'ubah', 'selalu', 'lain', 'alam', 'format', 'biasa', 'dua', 'imbang', 'beberapa', 'duo', 'trio', 'beda', 'beda', 'saling', 'kenal', 'baru', 'kenal', 'bahkan', 'kenal', 'satu', 'lainbiasanya', 'duotrio', 'suatu', 'dominasi', 'tetapi', 'duotrio', 'satu', 'kompak', 'akibat', 'ketidakseimbangan', 'rusak', 'alam']","[('tolong', 'ubah', 'selalu'), ('ubah', 'selalu', 'lain'), ('selalu', 'lain', 'alam'), ('lain', 'alam', 'format'), ('alam', 'format', 'biasa'), ('format', 'biasa', 'dua'), ('biasa', 'dua', 'imbang'), ('dua', 'imbang', 'beberapa'), ('imbang', 'beberapa', 'duo'), ('beberapa', 'duo', 'trio'), ('duo', 'trio', 'beda'), ('trio', 'beda', 'beda'), ('beda', 'beda', 'saling'), ('beda', 'saling', 'kenal'), ('saling', 'kenal', 'baru'), ('kenal', 'baru', 'kenal'), ('baru', 'kenal', 'bahkan'), ('kenal', 'bahkan', 'kenal'), ('bahkan', 'kenal', 'satu'), ('kenal', 'satu', 'lainbiasanya'), ('satu', 'lainbiasanya', 'duotrio'), ('lainbiasanya', 'duotrio', 'suatu'), ('duotrio', 'suatu', 'dominasi'), ('suatu', 'dominasi', 'tetapi'), ('dominasi', 'tetapi', 'duotrio'), ('tetapi', 'duotrio', 'satu'), ('duotrio', 'satu', 'kompak'), ('satu', 'kompak', 'akibat'), ('kompak', 'akibat', 'ketidakseimbangan'), ('akibat', 'ketidakseimbangan', 'rusak'), ('ketidakseimbangan', 'rusak', 'alam')]"
"['ketemu', 'gelap', 'sudah', 'gendong', 'capek', 'juang', 'gabisa', 'bahkan', 'musuh', 'jago', 'banget', 'mohon', 'baik']","[('ketemu', 'gelap', 'sudah'), ('gelap', 'sudah', 'gendong'), ('sudah', 'gendong', 'capek'), ('gendong', 'capek', 'juang'), ('capek', 'juang', 'gabisa'), ('juang', 'gabisa', 'bahkan'), ('gabisa', 'bahkan', 'musuh'), ('bahkan', 'musuh', 'jago'), ('musuh', 'jago', 'banget'), ('jago', 'banget', 'mohon'), ('banget', 'mohon', 'baik')]"
"['woy', 'server', 'masalah', 'rusak', 'masa', 'sinyal', 'full', 'langsung', 'ping', 'down', 'aneh', 'banget', 'lama', 'lama']","[('woy', 'server', 'masalah'), ('server', 'masalah', 'rusak'), ('masalah', 'rusak', 'masa'), ('rusak', 'masa', 'sinyal'), ('masa', 'sinyal', 'full'), ('sinyal', 'full', 'langsung'), ('full', 'langsung', 'ping'), ('langsung', 'ping', 'down'), ('ping', 'down', 'aneh'), ('down', 'aneh', 'banget'), ('aneh', 'banget', 'lama'), ('banget', 'lama', 'lama')]"
"['los', 'hapus']",[]
['buruk'],[]
['kntl'],[]
"['rusak', 'kg', 'tenang', 'lag', 'banget', 'lancar', 'lag', 'parah', 'gimana']","[('rusak', 'kg', 'tenang'), ('kg', 'tenang', 'lag'), ('tenang', 'lag', 'banget'), ('lag', 'banget', 'lancar'), ('banget', 'lancar', 'lag'), ('lancar', 'lag', 'parah'), ('lag', 'parah', 'gimana')]"
"['ganguan', 'maet', 'engga', 'jelas']","[('ganguan', 'maet', 'engga'), ('maet', 'engga', 'jelas')]"
"['suka', 'legends', 'tolong', 'mooton', 'kurang', 'gelap', 'jago', 'troll', 'musuh', 'jago', 'semua', 'hadeh']","[('suka', 'legends', 'tolong'), ('legends', 'tolong', 'mooton'), ('tolong', 'mooton', 'kurang'), ('mooton', 'kurang', 'gelap'), ('kurang', 'gelap', 'jago'), ('gelap', 'jago', 'troll'), ('jago', 'troll', 'musuh'), ('troll', 'musuh', 'jago'), ('musuh', 'jago', 'semua'), ('jago', 'semua', 'hadeh')]"
"['buruk', 'banyak', 'bugkebanyakan', 'draksistem']","[('buruk', 'banyak', 'bugkebanyakan'), ('banyak', 'bugkebanyakan', 'draksistem')]"
"['logika', 'rendah']",[]
"['baik', 'kadang', 'gemplay', 'lag', 'jaringanya', 'bagus', 'aduh', 'rugi', 'ginj']","[('baik', 'kadang', 'gemplay'), ('kadang', 'gemplay', 'lag'), ('gemplay', 'lag', 'jaringanya'), ('lag', 'jaringanya', 'bagus'), ('jaringanya', 'bagus', 'aduh'), ('bagus', 'aduh', 'rugi'), ('aduh', 'rugi', 'ginj')]"
"['he', 'monnton', 'kasihh', 'benar', 'ngapa', 'tadi', 'benar', 'serius', 'ngetroll', 'gimana', 'nyusahin', 'gwe', 'imbang', 'laahh', 'udhh', 'susah', 'susah', 'mlh', 'kena', 'trol', 'publik', 'kentang', 'kapan', 'lite', 'gwe', 'sudah', 'kuat', 'nihh']","[('he', 'monnton', 'kasihh'), ('monnton', 'kasihh', 'benar'), ('kasihh', 'benar', 'ngapa'), ('benar', 'ngapa', 'tadi'), ('ngapa', 'tadi', 'benar'), ('tadi', 'benar', 'serius'), ('benar', 'serius', 'ngetroll'), ('serius', 'ngetroll', 'gimana'), ('ngetroll', 'gimana', 'nyusahin'), ('gimana', 'nyusahin', 'gwe'), ('nyusahin', 'gwe', 'imbang'), ('gwe', 'imbang', 'laahh'), ('imbang', 'laahh', 'udhh'), ('laahh', 'udhh', 'susah'), ('udhh', 'susah', 'susah'), ('susah', 'susah', 'mlh'), ('susah', 'mlh', 'kena'), ('mlh', 'kena', 'trol'), ('kena', 'trol', 'publik'), ('trol', 'publik', 'kentang'), ('publik', 'kentang', 'kapan'), ('kentang', 'kapan', 'lite'), ('kapan', 'lite', 'gwe'), ('lite', 'gwe', 'sudah'), ('gwe', 'sudah', 'kuat'), ('sudah', 'kuat', 'nihh')]"
"['musuh', 'susah', 'banget']","[('musuh', 'susah', 'banget')]"
"['makin', 'makin', 'jelas', 'ijoo', 'nglag', 'taii']","[('makin', 'makin', 'jelas'), ('makin', 'jelas', 'ijoo'), ('jelas', 'ijoo', 'nglag'), ('ijoo', 'nglag', 'taii')]"
"['makin', 'lama', 'makin', 'cacat', 'servernya', 'masa', 'kecepetan', 'wifi', 'mbs', 'lag', 'sampai', 'laen', 'lancar', 'lancar', 'ajaa', 'banyak', 'makan', 'skin', 'guna']","[('makin', 'lama', 'makin'), ('lama', 'makin', 'cacat'), ('makin', 'cacat', 'servernya'), ('cacat', 'servernya', 'masa'), ('servernya', 'masa', 'kecepetan'), ('masa', 'kecepetan', 'wifi'), ('kecepetan', 'wifi', 'mbs'), ('wifi', 'mbs', 'lag'), ('mbs', 'lag', 'sampai'), ('lag', 'sampai', 'laen'), ('sampai', 'laen', 'lancar'), ('laen', 'lancar', 'lancar'), ('lancar', 'lancar', 'ajaa'), ('lancar', 'ajaa', 'banyak'), ('ajaa', 'banyak', 'makan'), ('banyak', 'makan', 'skin'), ('makan', 'skin', 'guna')]"
"['tres', 'banyak', 'gelap']","[('tres', 'banyak', 'gelap')]"
"['tolol', 'anj']",[]
"['sinyal', 'ijo', 'pencet', 'merahapaan', 'sudah', 'ping', 'bagus']","[('sinyal', 'ijo', 'pencet'), ('ijo', 'pencet', 'merahapaan'), ('pencet', 'merahapaan', 'sudah'), ('merahapaan', 'sudah', 'ping'), ('sudah', 'ping', 'bagus')]"
"['nambah', 'stres', 'jelas', 'semua', 'sedikit', 'sedikit', 'menang', 'sedikit', 'sedikit', 'kalah', 'gitu', 'sampai', 'semua', 'pindah', 'roblox']","[('nambah', 'stres', 'jelas'), ('stres', 'jelas', 'semua'), ('jelas', 'semua', 'sedikit'), ('semua', 'sedikit', 'sedikit'), ('sedikit', 'sedikit', 'menang'), ('sedikit', 'menang', 'sedikit'), ('menang', 'sedikit', 'sedikit'), ('sedikit', 'sedikit', 'kalah'), ('sedikit', 'kalah', 'gitu'), ('kalah', 'gitu', 'sampai'), ('gitu', 'sampai', 'semua'), ('sampai', 'semua', 'pindah'), ('semua', 'pindah', 'roblox')]"
"['lain', 'winstreak', 'gausah', 'busuk', 'musuh', 'jago', 'napa', 'minimal', 'gitu', 'napa', 'lose', 'streak', 'jing', 'sudah', 'capek', 'hadepin', 'tel']","[('lain', 'winstreak', 'gausah'), ('winstreak', 'gausah', 'busuk'), ('gausah', 'busuk', 'musuh'), ('busuk', 'musuh', 'jago'), ('musuh', 'jago', 'napa'), ('jago', 'napa', 'minimal'), ('napa', 'minimal', 'gitu'), ('minimal', 'gitu', 'napa'), ('gitu', 'napa', 'lose'), ('napa', 'lose', 'streak'), ('lose', 'streak', 'jing'), ('streak', 'jing', 'sudah'), ('jing', 'sudah', 'capek'), ('sudah', 'capek', 'hadepin'), ('capek', 'hadepin', 'tel')]"
"['do', 'nt', 'this', 'because', 'it', 'not', 'good', 'for', 'your', 'health']","[('do', 'nt', 'this'), ('nt', 'this', 'because'), ('this', 'because', 'it'), ('because', 'it', 'not'), ('it', 'not', 'good'), ('not', 'good', 'for'), ('good', 'for', 'your'), ('for', 'your', 'health')]"
"['baik', 'bug', 'kocak', 'aneh', 'banget', 'sosmed', 'yt', 'semua', 'lancar', 'jarngan', 'naik', 'turun', 'aneh', 'banget', 'kocak']","[('baik', 'bug', 'kocak'), ('bug', 'kocak', 'aneh'), ('kocak', 'aneh', 'banget'), ('aneh', 'banget', 'sosmed'), ('banget', 'sosmed', 'yt'), ('sosmed', 'yt', 'semua'), ('yt', 'semua', 'lancar'), ('semua', 'lancar', 'jarngan'), ('lancar', 'jarngan', 'naik'), ('jarngan', 'naik', 'turun'), ('naik', 'turun', 'aneh'), ('turun', 'aneh', 'banget'), ('aneh', 'banget', 'kocak')]"
"['seru', 'tambah', 'kenang']","[('seru', 'tambah', 'kenang')]"
"['tolong', 'hapus', 'bag', 'gelek', 'sinyal', 'lancar', 'aplikasi', 'lain', 'lancar', 'buwat', 'lag', 'brawel', 'lag', 'reng', 'lag', 'banget']","[('tolong', 'hapus', 'bag'), ('hapus', 'bag', 'gelek'), ('bag', 'gelek', 'sinyal'), ('gelek', 'sinyal', 'lancar'), ('sinyal', 'lancar', 'aplikasi'), ('lancar', 'aplikasi', 'lain'), ('aplikasi', 'lain', 'lancar'), ('lain', 'lancar', 'buwat'), ('lancar', 'buwat', 'lag'), ('buwat', 'lag', 'brawel'), ('lag', 'brawel', 'lag'), ('brawel', 'lag', 'reng'), ('lag', 'reng', 'lag'), ('reng', 'lag', 'banget')]"
"['lag', 'bangett', 'kl', 'bapuk']","[('lag', 'bangett', 'kl'), ('bangett', 'kl', 'bapuk')]"
"['bagus', 'tolong', 'sudah', 'beri', 'musuh', 'susah', 'sampah', 'jangan', 'lag', 'bagus', 'ijo', 'paket', 'banyak', 'lag', 'jln', 'tempat', 'tolong', 'keluh', 'tolong', 'banget', 'usah', 'lag', 'lag', 'segala', 'sudah', 'beri', 'mach', 'susah', 'yaudah', 'jangan', 'tambah', 'lag', 'nambah', 'cape', 'lawan', 'musuh', 'gendong', 'lag', 'coba', 'tolong', 'baik']","[('bagus', 'tolong', 'sudah'), ('tolong', 'sudah', 'beri'), ('sudah', 'beri', 'musuh'), ('beri', 'musuh', 'susah'), ('musuh', 'susah', 'sampah'), ('susah', 'sampah', 'jangan'), ('sampah', 'jangan', 'lag'), ('jangan', 'lag', 'bagus'), ('lag', 'bagus', 'ijo'), ('bagus', 'ijo', 'paket'), ('ijo', 'paket', 'banyak'), ('paket', 'banyak', 'lag'), ('banyak', 'lag', 'jln'), ('lag', 'jln', 'tempat'), ('jln', 'tempat', 'tolong'), ('tempat', 'tolong', 'keluh'), ('tolong', 'keluh', 'tolong'), ('keluh', 'tolong', 'banget'), ('tolong', 'banget', 'usah'), ('banget', 'usah', 'lag'), ('usah', 'lag', 'lag'), ('lag', 'lag', 'segala'), ('lag', 'segala', 'sudah'), ('segala', 'sudah', 'beri'), ('sudah', 'beri', 'mach'), ('beri', 'mach', 'susah'), ('mach', 'susah', 'yaudah'), ('susah', 'yaudah', 'jangan'), ('yaudah', 'jangan', 'tambah'), ('jangan', 'tambah', 'lag'), ('tambah', 'lag', 'nambah'), ('lag', 'nambah', 'cape'), ('nambah', 'cape', 'lawan'), ('cape', 'lawan', 'musuh'), ('lawan', 'musuh', 'gendong'), ('musuh', 'gendong', 'lag'), ('gendong', 'lag', 'coba'), ('lag', 'coba', 'tolong'), ('coba', 'tolong', 'baik')]"
"['mungkin', 'iri', 'baru', 'win', 'musuh', 'jago', 'bego', 'ulangin', 'sampai', 'bintang', 'habis', 'smph']","[('mungkin', 'iri', 'baru'), ('iri', 'baru', 'win'), ('baru', 'win', 'musuh'), ('win', 'musuh', 'jago'), ('musuh', 'jago', 'bego'), ('jago', 'bego', 'ulangin'), ('bego', 'ulangin', 'sampai'), ('ulangin', 'sampai', 'bintang'), ('sampai', 'bintang', 'habis'), ('bintang', 'habis', 'smph')]"
['monyet'],[]
"['sudah', 'susah', 'susah', 'kode', 'redem', 'emot', 'sudah', 'lihat', 'kena', 'izin', 'sudah', 'capet']","[('sudah', 'susah', 'susah'), ('susah', 'susah', 'kode'), ('susah', 'kode', 'redem'), ('kode', 'redem', 'emot'), ('redem', 'emot', 'sudah'), ('emot', 'sudah', 'lihat'), ('sudah', 'lihat', 'kena'), ('lihat', 'kena', 'izin'), ('kena', 'izin', 'sudah'), ('izin', 'sudah', 'capet')]"
"['lawak', 'sekarang', 'becus', 'dalam', 'tangan', 'akun', 'komputer']","[('lawak', 'sekarang', 'becus'), ('sekarang', 'becus', 'dalam'), ('becus', 'dalam', 'tangan'), ('dalam', 'tangan', 'akun'), ('tangan', 'akun', 'komputer')]"
"['banyak', 'gelap', 'komtol']","[('banyak', 'gelap', 'komtol')]"
"['hallo', 'support', 'sedikit', 'keluh', 'habis', 'update', 'patch', 'baru', 'device', 'redmi', 'note', 'pro', 'lag', 'parah', 'last', 'semua', 'sudah', 'heromenyiapkan', 'tanding', 'sangking', 'lag', 'parah', 'costum', 'emblem', 'belum', 'belum', 'update', 'peta', 'patch', 'baru', 'aman', 'rugi', 'dalam', 'tempur', 'terkadang', 'detik', 'sudah', 'jalan', 'baru', 'masuk', 'tanding', 'sudah', 'coba', 'device', 'nyata', 'terimakasih']","[('hallo', 'support', 'sedikit'), ('support', 'sedikit', 'keluh'), ('sedikit', 'keluh', 'habis'), ('keluh', 'habis', 'update'), ('habis', 'update', 'patch'), ('update', 'patch', 'baru'), ('patch', 'baru', 'device'), ('baru', 'device', 'redmi'), ('device', 'redmi', 'note'), ('redmi', 'note', 'pro'), ('note', 'pro', 'lag'), ('pro', 'lag', 'parah'), ('lag', 'parah', 'last'), ('parah', 'last', 'semua'), ('last', 'semua', 'sudah'), ('semua', 'sudah', 'heromenyiapkan'), ('sudah', 'heromenyiapkan', 'tanding'), ('heromenyiapkan', 'tanding', 'sangking'), ('tanding', 'sangking', 'lag'), ('sangking', 'lag', 'parah'), ('lag', 'parah', 'costum'), ('parah', 'costum', 'emblem'), ('costum', 'emblem', 'belum'), ('emblem', 'belum', 'belum'), ('belum', 'belum', 'update'), ('belum', 'update', 'peta'), ('update', 'peta', 'patch'), ('peta', 'patch', 'baru'), ('patch', 'baru', 'aman'), ('baru', 'aman', 'rugi'), ('aman', 'rugi', 'dalam'), ('rugi', 'dalam', 'tempur'), ('dalam', 'tempur', 'terkadang'), ('tempur', 'terkadang', 'detik'), ('terkadang', 'detik', 'sudah'), ('detik', 'sudah', 'jalan'), ('sudah', 'jalan', 'baru'), ('jalan', 'baru', 'masuk'), ('baru', 'masuk', 'tanding'), ('masuk', 'tanding', 'sudah'), ('tanding', 'sudah', 'coba'), ('sudah', 'coba', 'device'), ('coba', 'device', 'nyata'), ('device', 'nyata', 'terimakasih')]"
"['banyak', 'draksistem', 'mumet', 'das']","[('banyak', 'draksistem', 'mumet'), ('draksistem', 'mumet', 'das')]"
"['sinyal', 'bagus', 'lag']","[('sinyal', 'bagus', 'lag')]"
['bagus'],[]
"['parah', 'kasi', 'darksistem', 'makin', 'lama', 'makin', 'males']","[('parah', 'kasi', 'darksistem'), ('kasi', 'darksistem', 'makin'), ('darksistem', 'makin', 'lama'), ('makin', 'lama', 'makin'), ('lama', 'makin', 'males')]"
"['kenapa', 'season', 'makin', 'buruk', 'bagus', 'buka', 'apk', 'lain', 'lancar', 'lag', 'banget', 'diem', 'lobby', 'kadang', 'muter', 'muter', 'draft', 'detik', 'akhir', 'selalu', 'lag', 'ping', 'ijo', 'pdhl', 'lag', 'banget', 'tbtb', 'ping', 'merah', 'season', 'belum', 'lancar', 'entah', 'kentang', 'sudah', 'kuat', 'gmn', 'tolong', 'baik', 'jangan', 'sedikit', 'sedikit', 'pikirin', 'cuma', 'revamp', 'revamp']","[('kenapa', 'season', 'makin'), ('season', 'makin', 'buruk'), ('makin', 'buruk', 'bagus'), ('buruk', 'bagus', 'buka'), ('bagus', 'buka', 'apk'), ('buka', 'apk', 'lain'), ('apk', 'lain', 'lancar'), ('lain', 'lancar', 'lag'), ('lancar', 'lag', 'banget'), ('lag', 'banget', 'diem'), ('banget', 'diem', 'lobby'), ('diem', 'lobby', 'kadang'), ('lobby', 'kadang', 'muter'), ('kadang', 'muter', 'muter'), ('muter', 'muter', 'draft'), ('muter', 'draft', 'detik'), ('draft', 'detik', 'akhir'), ('detik', 'akhir', 'selalu'), ('akhir', 'selalu', 'lag'), ('selalu', 'lag', 'ping'), ('lag', 'ping', 'ijo'), ('ping', 'ijo', 'pdhl'), ('ijo', 'pdhl', 'lag'), ('pdhl', 'lag', 'banget'), ('lag', 'banget', 'tbtb'), ('banget', 'tbtb', 'ping'), ('tbtb', 'ping', 'merah'), ('ping', 'merah', 'season'), ('merah', 'season', 'belum'), ('season', 'belum', 'lancar'), ('belum', 'lancar', 'entah'), ('lancar', 'entah', 'kentang'), ('entah', 'kentang', 'sudah'), ('kentang', 'sudah', 'kuat'), ('sudah', 'kuat', 'gmn'), ('kuat', 'gmn', 'tolong'), ('gmn', 'tolong', 'baik'), ('tolong', 'baik', 'jangan'), ('baik', 'jangan', 'sedikit'), ('jangan', 'sedikit', 'sedikit'), ('sedikit', 'sedikit', 'pikirin'), ('sedikit', 'pikirin', 'cuma'), ('pikirin', 'cuma', 'revamp'), ('cuma', 'revamp', 'revamp')]"
"['suka', 'cocok', 'stabil', 'wifi', 'kemarin', 'jelek', 'kenapa', 'napa', 'lag', 'mls']","[('suka', 'cocok', 'stabil'), ('cocok', 'stabil', 'wifi'), ('stabil', 'wifi', 'kemarin'), ('wifi', 'kemarin', 'jelek'), ('kemarin', 'jelek', 'kenapa'), ('jelek', 'kenapa', 'napa'), ('kenapa', 'napa', 'lag'), ('napa', 'lag', 'mls')]"
"['taik', 'lag', 'lag', 'jelas', 'j', 'ng']","[('taik', 'lag', 'lag'), ('lag', 'lag', 'jelas'), ('lag', 'jelas', 'j'), ('jelas', 'j', 'ng')]"
"['banyak', 'gelap', 'sistemm', 'beri', 'winstreak']","[('banyak', 'gelap', 'sistemm'), ('gelap', 'sistemm', 'beri'), ('sistemm', 'beri', 'winstreak')]"
['gajee'],[]
"['ajg', 'kntl', 'bab', 'kmk', 'mmk', 'geje', 'mending', 'tutup', 'have', 'fun', 'bukan', 'stres', 'sok', 'beri', 'ingat', 'baik', 'kau', 'baru', 'beri', 'ingat', 'dongok']","[('ajg', 'kntl', 'bab'), ('kntl', 'bab', 'kmk'), ('bab', 'kmk', 'mmk'), ('kmk', 'mmk', 'geje'), ('mmk', 'geje', 'mending'), ('geje', 'mending', 'tutup'), ('mending', 'tutup', 'have'), ('tutup', 'have', 'fun'), ('have', 'fun', 'bukan'), ('fun', 'bukan', 'stres'), ('bukan', 'stres', 'sok'), ('stres', 'sok', 'beri'), ('sok', 'beri', 'ingat'), ('beri', 'ingat', 'baik'), ('ingat', 'baik', 'kau'), ('baik', 'kau', 'baru'), ('kau', 'baru', 'beri'), ('baru', 'beri', 'ingat'), ('beri', 'ingat', 'dongok')]"
"['karana', 'banyak', 'drk']","[('karana', 'banyak', 'drk')]"
"['bagus', 'lansia']",[]
"['bagus', 'suka', 'kolo', 'mabar', 'buruk', 'suka']","[('bagus', 'suka', 'kolo'), ('suka', 'kolo', 'mabar'), ('kolo', 'mabar', 'buruk'), ('mabar', 'buruk', 'suka')]"
"['hama', 'gampang', 'bobol', 'banyak', 'cheater', 'server', 'urus', 'masalah', 'pernah', 'benar', 'guna', 'dev']","[('hama', 'gampang', 'bobol'), ('gampang', 'bobol', 'banyak'), ('bobol', 'banyak', 'cheater'), ('banyak', 'cheater', 'server'), ('cheater', 'server', 'urus'), ('server', 'urus', 'masalah'), ('urus', 'masalah', 'pernah'), ('masalah', 'pernah', 'benar'), ('pernah', 'benar', 'guna'), ('benar', 'guna', 'dev')]"
"['aneh', 'server', 'adil', 'niat', 'pen', 'hilangin', 'cape', 'lose', 'server', 'buruk']","[('aneh', 'server', 'adil'), ('server', 'adil', 'niat'), ('adil', 'niat', 'pen'), ('niat', 'pen', 'hilangin'), ('pen', 'hilangin', 'cape'), ('hilangin', 'cape', 'lose'), ('cape', 'lose', 'server'), ('lose', 'server', 'buruk')]"
"['tolol', 'kalah', 'ton', 'kalah', 'rating']","[('tolol', 'kalah', 'ton'), ('kalah', 'ton', 'kalah'), ('ton', 'kalah', 'rating')]"
"['resah', 'masyarakat', 'stres', 'kepala', 'uda', 'jago', 'labih', 'parah', 'musuh', 'luar', 'logika']","[('resah', 'masyarakat', 'stres'), ('masyarakat', 'stres', 'kepala'), ('stres', 'kepala', 'uda'), ('kepala', 'uda', 'jago'), ('uda', 'jago', 'labih'), ('jago', 'labih', 'parah'), ('labih', 'parah', 'musuh'), ('parah', 'musuh', 'luar'), ('musuh', 'luar', 'logika')]"
"['sudah', 'sekarang', 'mangkin', 'lag']","[('sudah', 'sekarang', 'mangkin'), ('sekarang', 'mangkin', 'lag')]"
"['guna', 'jelass', 'pilih', 'jng', 'donwload', 'nanti', 'nyesel']","[('guna', 'jelass', 'pilih'), ('jelass', 'pilih', 'jng'), ('pilih', 'jng', 'donwload'), ('jng', 'donwload', 'nanti'), ('donwload', 'nanti', 'nyesel')]"
"['rusak', 'cacat', 'banyak', 'gelap']","[('rusak', 'cacat', 'banyak'), ('cacat', 'banyak', 'gelap')]"
['bagus'],[]
"['perhatiin', 'makin', 'rusak', 'wifi', 'ping', 'lompat', 'gaje', 'bngt', 'sumpah', 'mood']","[('perhatiin', 'makin', 'rusak'), ('makin', 'rusak', 'wifi'), ('rusak', 'wifi', 'ping'), ('wifi', 'ping', 'lompat'), ('ping', 'lompat', 'gaje'), ('lompat', 'gaje', 'bngt'), ('gaje', 'bngt', 'sumpah'), ('bngt', 'sumpah', 'mood')]"
"['tolong', 'jelas', 'draksistem', 'semua', 'smpai', 'lostrek']","[('tolong', 'jelas', 'draksistem'), ('jelas', 'draksistem', 'semua'), ('draksistem', 'semua', 'smpai'), ('semua', 'smpai', 'lostrek')]"
"['ubah', 'maka', 'nilai', 'ubah']","[('ubah', 'maka', 'nilai'), ('maka', 'nilai', 'ubah')]"
"['makin', 'rajalela', 'pakek', 'cheat', 'kena', 'report', 'banyak', 'ngecheat', 'kadang', 'report', 'nick', 'name', 'barusan', 'ngecheat', 'jg', 'hilang', 'hasil', 'pertngdingan', 'jg', 'hilang', 'aneh', 'bintang', 'tetap', 'hilang', 'report', 'percuma', 'gubris', 'tetap', 'lepas']","[('makin', 'rajalela', 'pakek'), ('rajalela', 'pakek', 'cheat'), ('pakek', 'cheat', 'kena'), ('cheat', 'kena', 'report'), ('kena', 'report', 'banyak'), ('report', 'banyak', 'ngecheat'), ('banyak', 'ngecheat', 'kadang'), ('ngecheat', 'kadang', 'report'), ('kadang', 'report', 'nick'), ('report', 'nick', 'name'), ('nick', 'name', 'barusan'), ('name', 'barusan', 'ngecheat'), ('barusan', 'ngecheat', 'jg'), ('ngecheat', 'jg', 'hilang'), ('jg', 'hilang', 'hasil'), ('hilang', 'hasil', 'pertngdingan'), ('hasil', 'pertngdingan', 'jg'), ('pertngdingan', 'jg', 'hilang'), ('jg', 'hilang', 'aneh'), ('hilang', 'aneh', 'bintang'), ('aneh', 'bintang', 'tetap'), ('bintang', 'tetap', 'hilang'), ('tetap', 'hilang', 'report'), ('hilang', 'report', 'percuma'), ('report', 'percuma', 'gubris'), ('percuma', 'gubris', 'tetap'), ('gubris', 'tetap', 'lepas')]"
"['bang', 'resale', 'angela', 'cc', 'pls', 'nnti', 'rate', 'bintang']","[('bang', 'resale', 'angela'), ('resale', 'angela', 'cc'), ('angela', 'cc', 'pls'), ('cc', 'pls', 'nnti'), ('pls', 'nnti', 'rate'), ('nnti', 'rate', 'bintang')]"
"['sinyal', 'jelek']",[]
"['kenapa', 'sekarang', 'beda', 'riel', 'adu', 'jago', 'sekarang', 'lebih', 'adu', 'gelap', 'muntun', 'rame', 'jngn', 'gelap', 'kurang', 'senang', 'sulit', 'bagus', 'terlalu', 'banyak', 'ngetrol', 'pesan', 'jika', 'rame', 'hilang', 'gelap']","[('kenapa', 'sekarang', 'beda'), ('sekarang', 'beda', 'riel'), ('beda', 'riel', 'adu'), ('riel', 'adu', 'jago'), ('adu', 'jago', 'sekarang'), ('jago', 'sekarang', 'lebih'), ('sekarang', 'lebih', 'adu'), ('lebih', 'adu', 'gelap'), ('adu', 'gelap', 'muntun'), ('gelap', 'muntun', 'rame'), ('muntun', 'rame', 'jngn'), ('rame', 'jngn', 'gelap'), ('jngn', 'gelap', 'kurang'), ('gelap', 'kurang', 'senang'), ('kurang', 'senang', 'sulit'), ('senang', 'sulit', 'bagus'), ('sulit', 'bagus', 'terlalu'), ('bagus', 'terlalu', 'banyak'), ('terlalu', 'banyak', 'ngetrol'), ('banyak', 'ngetrol', 'pesan'), ('ngetrol', 'pesan', 'jika'), ('pesan', 'jika', 'rame'), ('jika', 'rame', 'hilang'), ('rame', 'hilang', 'gelap')]"
"['bagus', 'baik', 'bug', 'begitu', 'bug', 'langsung', 'rusak', 'mantap']","[('bagus', 'baik', 'bug'), ('baik', 'bug', 'begitu'), ('bug', 'begitu', 'bug'), ('begitu', 'bug', 'langsung'), ('bug', 'langsung', 'rusak'), ('langsung', 'rusak', 'mantap')]"
"['dongo', 'kadang', 'susah', 'swap', 'akun']","[('dongo', 'kadang', 'susah'), ('kadang', 'susah', 'swap'), ('susah', 'swap', 'akun')]"
"['pliss', 'selalu', 'update', 'moga', 'rezeki', 'lancar', 'amin']","[('pliss', 'selalu', 'update'), ('selalu', 'update', 'moga'), ('update', 'moga', 'rezeki'), ('moga', 'rezeki', 'lancar'), ('rezeki', 'lancar', 'amin')]"
"['masa', 'kalah', 'baru', 'update', 'kalah', 'line', 'gimana', 'exp', 'bosen', 'ken', 'leni', 'lain', 'gimana', 'buruk', 'gimana']","[('masa', 'kalah', 'baru'), ('kalah', 'baru', 'update'), ('baru', 'update', 'kalah'), ('update', 'kalah', 'line'), ('kalah', 'line', 'gimana'), ('line', 'gimana', 'exp'), ('gimana', 'exp', 'bosen'), ('exp', 'bosen', 'ken'), ('bosen', 'ken', 'leni'), ('ken', 'leni', 'lain'), ('leni', 'lain', 'gimana'), ('lain', 'gimana', 'buruk'), ('gimana', 'buruk', 'gimana')]"
"['update', 'makin', 'jelek', 'loading', 'lama', 'full', 'draft', 'lag', 'malas', 'ngepush', 'tolong', 'baik']","[('update', 'makin', 'jelek'), ('makin', 'jelek', 'loading'), ('jelek', 'loading', 'lama'), ('loading', 'lama', 'full'), ('lama', 'full', 'draft'), ('full', 'draft', 'lag'), ('draft', 'lag', 'malas'), ('lag', 'malas', 'ngepush'), ('malas', 'ngepush', 'tolong'), ('ngepush', 'tolong', 'baik')]"
['buruk'],[]
"['beri', 'lawan', 'imbang', 'tolol']","[('beri', 'lawan', 'imbang'), ('lawan', 'imbang', 'tolol')]"
"['selalu', 'jelek', 'lag', 'pernah', 'online', 'lain', 'sekarang', 'sudah', 'jelek', 'jelek', 'menit', 'mending', 'lain']","[('selalu', 'jelek', 'lag'), ('jelek', 'lag', 'pernah'), ('lag', 'pernah', 'online'), ('pernah', 'online', 'lain'), ('online', 'lain', 'sekarang'), ('lain', 'sekarang', 'sudah'), ('sekarang', 'sudah', 'jelek'), ('sudah', 'jelek', 'jelek'), ('jelek', 'jelek', 'menit'), ('jelek', 'menit', 'mending'), ('menit', 'mending', 'lain')]"
"['sekarang', 'seru', 'hampir', 'stres', 'gara', 'gara', 'gimana', 'stres', 'menang', 'kalah', 'berkalikali', 'bahkan', 'itung', 'lose']","[('sekarang', 'seru', 'hampir'), ('seru', 'hampir', 'stres'), ('hampir', 'stres', 'gara'), ('stres', 'gara', 'gara'), ('gara', 'gara', 'gimana'), ('gara', 'gimana', 'stres'), ('gimana', 'stres', 'menang'), ('stres', 'menang', 'kalah'), ('menang', 'kalah', 'berkalikali'), ('kalah', 'berkalikali', 'bahkan'), ('berkalikali', 'bahkan', 'itung'), ('bahkan', 'itung', 'lose')]"
"['anjeng', 'isi', 'hewan', 'hewan', 'patek']","[('anjeng', 'isi', 'hewan'), ('isi', 'hewan', 'hewan'), ('hewan', 'hewan', 'patek')]"
"['makin', 'buruk', 'bagus', 'dalam', 'sinyalerah']","[('makin', 'buruk', 'bagus'), ('buruk', 'bagus', 'dalam'), ('bagus', 'dalam', 'sinyalerah')]"
['mantap'],[]
"['sinyal', 'tolong', 'baik']","[('sinyal', 'tolong', 'baik')]"
"['update', 'bug', 'lag', 'kgk', 'rusak', 'lol']","[('update', 'bug', 'lag'), ('bug', 'lag', 'kgk'), ('lag', 'kgk', 'rusak'), ('kgk', 'rusak', 'lol')]"
"['update', 'kemarin', 'makin', 'gajelas', 'lag', 'wifi', 'bagus', 'lag', 'ngekah', 'ping', 'an', 'lag', 'banget', 'ketemu', 'musuh', 'lag', 'ketemu', 'lancar', 'jangan', 'bagus', 'taoi', 'bik']","[('update', 'kemarin', 'makin'), ('kemarin', 'makin', 'gajelas'), ('makin', 'gajelas', 'lag'), ('gajelas', 'lag', 'wifi'), ('lag', 'wifi', 'bagus'), ('wifi', 'bagus', 'lag'), ('bagus', 'lag', 'ngekah'), ('lag', 'ngekah', 'ping'), ('ngekah', 'ping', 'an'), ('ping', 'an', 'lag'), ('an', 'lag', 'banget'), ('lag', 'banget', 'ketemu'), ('banget', 'ketemu', 'musuh'), ('ketemu', 'musuh', 'lag'), ('musuh', 'lag', 'ketemu'), ('lag', 'ketemu', 'lancar'), ('ketemu', 'lancar', 'jangan'), ('lancar', 'jangan', 'bagus'), ('jangan', 'bagus', 'taoi'), ('bagus', 'taoi', 'bik')]"
"['makin', 'makin', 'gajelas', 'ijo', 'ngelegngefreze', 'bug', 'akhir', 'draft']","[('makin', 'makin', 'gajelas'), ('makin', 'gajelas', 'ijo'), ('gajelas', 'ijo', 'ngelegngefreze'), ('ijo', 'ngelegngefreze', 'bug'), ('ngelegngefreze', 'bug', 'akhir'), ('bug', 'akhir', 'draft')]"
['oh'],[]
"['gjls', 'lag', 'bagus', 'isi', 'draksistem', 'semua']","[('gjls', 'lag', 'bagus'), ('lag', 'bagus', 'isi'), ('bagus', 'isi', 'draksistem'), ('isi', 'draksistem', 'semua')]"
"['mkin', 'ksni', 'mkin', 'rusak', 'tu', 'server', 'ajg']","[('mkin', 'ksni', 'mkin'), ('ksni', 'mkin', 'rusak'), ('mkin', 'rusak', 'tu'), ('rusak', 'tu', 'server'), ('tu', 'server', 'ajg')]"
"['plagiat', 'tolol']",[]
"['bagus', 'banget']",[]
"['lag', 'ngehe']",[]
"['bug', 'seta', 'update', 'baru', 'lag', 'ngelekan']","[('bug', 'seta', 'update'), ('seta', 'update', 'baru'), ('update', 'baru', 'lag'), ('baru', 'lag', 'ngelekan')]"
"['tambah', 'berat', 'kentang']","[('tambah', 'berat', 'kentang')]"
"['tambah', 'transfer', 'bp', 'diamond']","[('tambah', 'transfer', 'bp'), ('transfer', 'bp', 'diamond')]"
"['jangan', 'rusak', 'otak', 'jangan']","[('jangan', 'rusak', 'otak'), ('rusak', 'otak', 'jangan')]"
"['anjur', 'suka', 'lag', 'jangan', 'instal', 'sedikit']","[('anjur', 'suka', 'lag'), ('suka', 'lag', 'jangan'), ('lag', 'jangan', 'instal'), ('jangan', 'instal', 'sedikit')]"
['ngotak'],[]
"['ex', 'glory', 'bahkan', 'gapernah', 'musik']","[('ex', 'glory', 'bahkan'), ('glory', 'bahkan', 'gapernah'), ('bahkan', 'gapernah', 'musik')]"
['stres'],[]
"['gila', 'muak', 'ditrol', 'publik', 'dongo', 'jung', 'tb', 'neh', 'mending', 'jung', 'assassin']","[('gila', 'muak', 'ditrol'), ('muak', 'ditrol', 'publik'), ('ditrol', 'publik', 'dongo'), ('publik', 'dongo', 'jung'), ('dongo', 'jung', 'tb'), ('jung', 'tb', 'neh'), ('tb', 'neh', 'mending'), ('neh', 'mending', 'jung'), ('mending', 'jung', 'assassin')]"
"['beri', 'gapernah', 'beres', 'usang']","[('beri', 'gapernah', 'beres'), ('gapernah', 'beres', 'usang')]"
"['apasih', 'sedikit', 'sedikit', 'defeat', 'sedikit', 'sedikit', 'defeat', 'menang', 'lag', 'ping', 'merah', 'kalah', 'developer', 'asu', 'gapernah', 'benar']","[('apasih', 'sedikit', 'sedikit'), ('sedikit', 'sedikit', 'defeat'), ('sedikit', 'defeat', 'sedikit'), ('defeat', 'sedikit', 'sedikit'), ('sedikit', 'sedikit', 'defeat'), ('sedikit', 'defeat', 'menang'), ('defeat', 'menang', 'lag'), ('menang', 'lag', 'ping'), ('lag', 'ping', 'merah'), ('ping', 'merah', 'kalah'), ('merah', 'kalah', 'developer'), ('kalah', 'developer', 'asu'), ('developer', 'asu', 'gapernah'), ('asu', 'gapernah', 'benar')]"
"['mana', 'sinyal', 'buruk', 'luar', 'ruang', 'ko', 'sudah', 'luar', 'tetap', 'lag', 'bulan']","[('mana', 'sinyal', 'buruk'), ('sinyal', 'buruk', 'luar'), ('buruk', 'luar', 'ruang'), ('luar', 'ruang', 'ko'), ('ruang', 'ko', 'sudah'), ('ko', 'sudah', 'luar'), ('sudah', 'luar', 'tetap'), ('luar', 'tetap', 'lag'), ('tetap', 'lag', 'bulan')]"
"['gelap', 'dh', 'hapus']","[('gelap', 'dh', 'hapus')]"
"['emosimain', 'trio', 'duomawi']","[('emosimain', 'trio', 'duomawi')]"
"['systemnya', 'jelek']",[]
"['sumpah', 'parah', 'benar', 'lag', 'sinyal', 'bagus', 'kuota', 'gede', 'wifi', 'kenceng', 'heran', 'sudah', 'babi', 'kesel']","[('sumpah', 'parah', 'benar'), ('parah', 'benar', 'lag'), ('benar', 'lag', 'sinyal'), ('lag', 'sinyal', 'bagus'), ('sinyal', 'bagus', 'kuota'), ('bagus', 'kuota', 'gede'), ('kuota', 'gede', 'wifi'), ('gede', 'wifi', 'kenceng'), ('wifi', 'kenceng', 'heran'), ('kenceng', 'heran', 'sudah'), ('heran', 'sudah', 'babi'), ('sudah', 'babi', 'kesel')]"
"['paling', 'tolol', 'panjang', 'masa', 'paling', 'banyak']","[('paling', 'tolol', 'panjang'), ('tolol', 'panjang', 'masa'), ('panjang', 'masa', 'paling'), ('masa', 'paling', 'banyak')]"
"['report', 'langgan', 'cuma', 'tenang', 'bukan', 'tindak']","[('report', 'langgan', 'cuma'), ('langgan', 'cuma', 'tenang'), ('cuma', 'tenang', 'bukan'), ('tenang', 'bukan', 'tindak')]"
"['punya', 'buka', 'akun', 'sudah', 'kait']","[('punya', 'buka', 'akun'), ('buka', 'akun', 'sudah'), ('akun', 'sudah', 'kait')]"
"['parah', 'sesaon', 'skrng', 'kalah', 'menang', 'lemah', 'semua', 'musuh', 'jagokompak', 'banding', 'klassic', 'parah', 'bobot', 'adil', 'jangan', 'pernah', 'donwload', 'parah', 'manusiawi', 'duo', 'ketemu', 'mushh', 'trio', 'kadang', 'duo', 'dua', 'musuh', 'sedang', 'cuma', 'satu', 'duo', 'lihat', 'buruk', 'sengaja', 'akun', 'lose', 'biar', 'susah', 'naik']","[('parah', 'sesaon', 'skrng'), ('sesaon', 'skrng', 'kalah'), ('skrng', 'kalah', 'menang'), ('kalah', 'menang', 'lemah'), ('menang', 'lemah', 'semua'), ('lemah', 'semua', 'musuh'), ('semua', 'musuh', 'jagokompak'), ('musuh', 'jagokompak', 'banding'), ('jagokompak', 'banding', 'klassic'), ('banding', 'klassic', 'parah'), ('klassic', 'parah', 'bobot'), ('parah', 'bobot', 'adil'), ('bobot', 'adil', 'jangan'), ('adil', 'jangan', 'pernah'), ('jangan', 'pernah', 'donwload'), ('pernah', 'donwload', 'parah'), ('donwload', 'parah', 'manusiawi'), ('parah', 'manusiawi', 'duo'), ('manusiawi', 'duo', 'ketemu'), ('duo', 'ketemu', 'mushh'), ('ketemu', 'mushh', 'trio'), ('mushh', 'trio', 'kadang'), ('trio', 'kadang', 'duo'), ('kadang', 'duo', 'dua'), ('duo', 'dua', 'musuh'), ('dua', 'musuh', 'sedang'), ('musuh', 'sedang', 'cuma'), ('sedang', 'cuma', 'satu'), ('cuma', 'satu', 'duo'), ('satu', 'duo', 'lihat'), ('duo', 'lihat', 'buruk'), ('lihat', 'buruk', 'sengaja'), ('buruk', 'sengaja', 'akun'), ('sengaja', 'akun', 'lose'), ('akun', 'lose', 'biar'), ('lose', 'biar', 'susah'), ('biar', 'susah', 'naik')]"
"['gemm', 'banyak', 'gelap', 'sistemm', 'asu']","[('gemm', 'banyak', 'gelap'), ('banyak', 'gelap', 'sistemm'), ('gelap', 'sistemm', 'asu')]"
"['biasa', 'dalam', 'bila', 'menang', 'kenya', 'merah', 'report', 'ingat', 'afk', 'potong', 'kredit', 'skor', 'dasar', 'punya', 'atitude', 'senang', 'ujungujungnya', 'hukum', 'tuju', 'afk', 'lebih', 'kejar', 'tinggal', 'assu', 'tibatiba', 'potong', 'kredit', 'skor', 'babi']","[('biasa', 'dalam', 'bila'), ('dalam', 'bila', 'menang'), ('bila', 'menang', 'kenya'), ('menang', 'kenya', 'merah'), ('kenya', 'merah', 'report'), ('merah', 'report', 'ingat'), ('report', 'ingat', 'afk'), ('ingat', 'afk', 'potong'), ('afk', 'potong', 'kredit'), ('potong', 'kredit', 'skor'), ('kredit', 'skor', 'dasar'), ('skor', 'dasar', 'punya'), ('dasar', 'punya', 'atitude'), ('punya', 'atitude', 'senang'), ('atitude', 'senang', 'ujungujungnya'), ('senang', 'ujungujungnya', 'hukum'), ('ujungujungnya', 'hukum', 'tuju'), ('hukum', 'tuju', 'afk'), ('tuju', 'afk', 'lebih'), ('afk', 'lebih', 'kejar'), ('lebih', 'kejar', 'tinggal'), ('kejar', 'tinggal', 'assu'), ('tinggal', 'assu', 'tibatiba'), ('assu', 'tibatiba', 'potong'), ('tibatiba', 'potong', 'kredit'), ('potong', 'kredit', 'skor'), ('kredit', 'skor', 'babi')]"
"['bagus', 'dha']",[]
"['seru', 'stres', 'stuck', 'epik']","[('seru', 'stres', 'stuck'), ('stres', 'stuck', 'epik')]"
['adil'],[]
"['reapot', 'gara', 'gara', 'cheat', 'kagak', 'cheat']","[('reapot', 'gara', 'gara'), ('gara', 'gara', 'cheat'), ('gara', 'cheat', 'kagak'), ('cheat', 'kagak', 'cheat')]"
"['makin', 'lama', 'chet', 'makin', 'banyak', 'utama', 'cheat', 'lag']","[('makin', 'lama', 'chet'), ('lama', 'chet', 'makin'), ('chet', 'makin', 'banyak'), ('makin', 'banyak', 'utama'), ('banyak', 'utama', 'cheat'), ('utama', 'cheat', 'lag')]"
['bagus'],[]
"['buruk', 'mending', 'epep', 'gelap']","[('buruk', 'mending', 'epep'), ('mending', 'epep', 'gelap')]"
"['update', 'lag', 'parah', 'lag', 'sinyal', 'bagus', 'wifi', 'tolong', 'baik', 'cepat']","[('update', 'lag', 'parah'), ('lag', 'parah', 'lag'), ('parah', 'lag', 'sinyal'), ('lag', 'sinyal', 'bagus'), ('sinyal', 'bagus', 'wifi'), ('bagus', 'wifi', 'tolong'), ('wifi', 'tolong', 'baik'), ('tolong', 'baik', 'cepat')]"
"['seru', 'asik']",[]
['rusak'],[]
"['baik', 'tambah', 'lag', 'frame', 'drop', 'semenjak', 'update', 'wifidata', 'bagus']","[('baik', 'tambah', 'lag'), ('tambah', 'lag', 'frame'), ('lag', 'frame', 'drop'), ('frame', 'drop', 'semenjak'), ('drop', 'semenjak', 'update'), ('semenjak', 'update', 'wifidata'), ('update', 'wifidata', 'bagus')]"
"['teammatch', 'imbang', 'lh', 'kala']","[('teammatch', 'imbang', 'lh'), ('imbang', 'lh', 'kala')]"
"['tantang', 'seru', 'emosi', 'seru', 'rate', 'bintang', 'yng', 'mabar', 'nick', 'name', 'coba', 'tabak', 'siapa', 'sorry', 'namany', 'keliru', 'arigato']","[('tantang', 'seru', 'emosi'), ('seru', 'emosi', 'seru'), ('emosi', 'seru', 'rate'), ('seru', 'rate', 'bintang'), ('rate', 'bintang', 'yng'), ('bintang', 'yng', 'mabar'), ('yng', 'mabar', 'nick'), ('mabar', 'nick', 'name'), ('nick', 'name', 'coba'), ('name', 'coba', 'tabak'), ('coba', 'tabak', 'siapa'), ('tabak', 'siapa', 'sorry'), ('siapa', 'sorry', 'namany'), ('sorry', 'namany', 'keliru'), ('namany', 'keliru', 'arigato')]"
"['menang', 'kalah', 'banyak', 'ngetrol']","[('menang', 'kalah', 'banyak'), ('kalah', 'banyak', 'ngetrol')]"
"['jangn', 'emosi', 'sinyal', 'bagus', 'lag', 'lag', 'parah', 'getak', 'sinyal', 'bagus', 'kuning', 'merah', 'lag']","[('jangn', 'emosi', 'sinyal'), ('emosi', 'sinyal', 'bagus'), ('sinyal', 'bagus', 'lag'), ('bagus', 'lag', 'lag'), ('lag', 'lag', 'parah'), ('lag', 'parah', 'getak'), ('parah', 'getak', 'sinyal'), ('getak', 'sinyal', 'bagus'), ('sinyal', 'bagus', 'kuning'), ('bagus', 'kuning', 'merah'), ('kuning', 'merah', 'lag')]"
"['sya', 'tdak', 'pus', 'gemes', 'tambah', 'parah', 'jarigan', 'nga', 'stabil', 'loby', 'bagus', 'merah', 'apdep', 'terlalalu', 'nga', 'jelas', 'baget']","[('sya', 'tdak', 'pus'), ('tdak', 'pus', 'gemes'), ('pus', 'gemes', 'tambah'), ('gemes', 'tambah', 'parah'), ('tambah', 'parah', 'jarigan'), ('parah', 'jarigan', 'nga'), ('jarigan', 'nga', 'stabil'), ('nga', 'stabil', 'loby'), ('stabil', 'loby', 'bagus'), ('loby', 'bagus', 'merah'), ('bagus', 'merah', 'apdep'), ('merah', 'apdep', 'terlalalu'), ('apdep', 'terlalalu', 'nga'), ('terlalalu', 'nga', 'jelas'), ('nga', 'jelas', 'baget')]"
['mantap'],[]
"['gelap', 'gj']",[]
"['bintang', 'naik', 'turun']","[('bintang', 'naik', 'turun')]"
"['oke', 'bos']",[]
