stopwords_removed,bigrams_mlbb
"['malas', 'nak', 'cakap', 'dh', 'enemy', 'dh', 'pro', 'dh', 'noob', 'paling', 'malas', 'rendah', 'nyasar', 'sendiri', 'sedang', 'enmy', 'sampai', 'bekas', 'immortal', 'dh', 'cam', 'sial', 'update', 'sekaranggood', 'bye', 'forever']","[('malas', 'nak'), ('nak', 'cakap'), ('cakap', 'dh'), ('dh', 'enemy'), ('enemy', 'dh'), ('dh', 'pro'), ('pro', 'dh'), ('dh', 'noob'), ('noob', 'paling'), ('paling', 'malas'), ('malas', 'rendah'), ('rendah', 'nyasar'), ('nyasar', 'sendiri'), ('sendiri', 'sedang'), ('sedang', 'enmy'), ('enmy', 'sampai'), ('sampai', 'bekas'), ('bekas', 'immortal'), ('immortal', 'dh'), ('dh', 'cam'), ('cam', 'sial'), ('sial', 'update'), ('update', 'sekaranggood'), ('sekaranggood', 'bye'), ('bye', 'forever')]"
['pamaniyasarusakali'],[]
['yatim'],[]
"['bagus', 'suka', 'ikan', 'ws', 'lebih', 'banyak']","[('bagus', 'suka'), ('suka', 'ikan'), ('ikan', 'ws'), ('ws', 'lebih'), ('lebih', 'banyak')]"
"['semenjak', 'ganti', 'season', 'baru', 'makin', 'ngaco', 'matching', 'bug', 'lag', 'sinyal', 'bagus', 'entah', 'cheat', 'sebab', 'lag', 'makin', 'jelas', 'pokok']","[('semenjak', 'ganti'), ('ganti', 'season'), ('season', 'baru'), ('baru', 'makin'), ('makin', 'ngaco'), ('ngaco', 'matching'), ('matching', 'bug'), ('bug', 'lag'), ('lag', 'sinyal'), ('sinyal', 'bagus'), ('bagus', 'entah'), ('entah', 'cheat'), ('cheat', 'sebab'), ('sebab', 'lag'), ('lag', 'makin'), ('makin', 'jelas'), ('jelas', 'pokok')]"
"['bagus', 'tolong', 'baik', 'muntun', 'renk', 'computer', 'musuh', 'serasa', 'joki', 'beri', 'lawan', 'padan', 'baik', 'pindah']","[('bagus', 'tolong'), ('tolong', 'baik'), ('baik', 'muntun'), ('muntun', 'renk'), ('renk', 'computer'), ('computer', 'musuh'), ('musuh', 'serasa'), ('serasa', 'joki'), ('joki', 'beri'), ('beri', 'lawan'), ('lawan', 'padan'), ('padan', 'baik'), ('baik', 'pindah')]"
"['minus', 'permainanan', 'se', 'imbang', 'mvp', 'kalah', 'mah', 'ilangin', 'darat', 'cape']","[('minus', 'permainanan'), ('permainanan', 'se'), ('se', 'imbang'), ('imbang', 'mvp'), ('mvp', 'kalah'), ('kalah', 'mah'), ('mah', 'ilangin'), ('ilangin', 'darat'), ('darat', 'cape')]"
"['seru', 'banget']","[('seru', 'banget')]"
"['buruk', 'efek', 'skin', 'biasa', 'hera', 'aneh', 'tampil', 'majapahit', 'rata', 'win', 'kalah', 'berkalikali', 'stres', 'ginian', 'banyak', 'banget', 'gelap']","[('buruk', 'efek'), ('efek', 'skin'), ('skin', 'biasa'), ('biasa', 'hera'), ('hera', 'aneh'), ('aneh', 'tampil'), ('tampil', 'majapahit'), ('majapahit', 'rata'), ('rata', 'win'), ('win', 'kalah'), ('kalah', 'berkalikali'), ('berkalikali', 'stres'), ('stres', 'ginian'), ('ginian', 'banyak'), ('banyak', 'banget'), ('banget', 'gelap')]"
"['kenapa', 'banyak', 'draksistem', 'capek', 'trol', 'jelas']","[('kenapa', 'banyak'), ('banyak', 'draksistem'), ('draksistem', 'capek'), ('capek', 'trol'), ('trol', 'jelas')]"
"['update', 'patch', 'baru', 'sekarang', 'kk', 'stuck', 'loading', 'afk', 'sampai', 'menit', 'skoth', 'kah']","[('update', 'patch'), ('patch', 'baru'), ('baru', 'sekarang'), ('sekarang', 'kk'), ('kk', 'stuck'), ('stuck', 'loading'), ('loading', 'afk'), ('afk', 'sampai'), ('sampai', 'menit'), ('menit', 'skoth'), ('skoth', 'kah')]"
"['tanding', 'stuck', 'lama', 'keluar', 'tanding', 'ngelakuin', 'gimana']","[('tanding', 'stuck'), ('stuck', 'lama'), ('lama', 'keluar'), ('keluar', 'tanding'), ('tanding', 'ngelakuin'), ('ngelakuin', 'gimana')]"
"['knp', 'akun', 'kena', 'bug', 'verifikasi', 'langkah', 'kena', 'verifikasi', 'langkah', 'tolong', 'jawab']","[('knp', 'akun'), ('akun', 'kena'), ('kena', 'bug'), ('bug', 'verifikasi'), ('verifikasi', 'langkah'), ('langkah', 'kena'), ('kena', 'verifikasi'), ('verifikasi', 'langkah'), ('langkah', 'tolong'), ('tolong', 'jawab')]"
"['mending', 'gausah', 'banyak', 'draks', 'bag', 'tu', 'ter', 'parah', 'pernah', 'alamin', 'mending', 'ff', 'pubg', 'bloods', 'trek', 'ghenshingimana', 'mythic', 'ngesetak', 'ketemu', 'muntum', 'dia', 'lukas']","[('mending', 'gausah'), ('gausah', 'banyak'), ('banyak', 'draks'), ('draks', 'bag'), ('bag', 'tu'), ('tu', 'ter'), ('ter', 'parah'), ('parah', 'pernah'), ('pernah', 'alamin'), ('alamin', 'mending'), ('mending', 'ff'), ('ff', 'pubg'), ('pubg', 'bloods'), ('bloods', 'trek'), ('trek', 'ghenshingimana'), ('ghenshingimana', 'mythic'), ('mythic', 'ngesetak'), ('ngesetak', 'ketemu'), ('ketemu', 'muntum'), ('muntum', 'dia'), ('dia', 'lukas')]"
"['bagus', 'dalam', 'segi', 'skin', 'keren', 'keren', 'kenapa', 'gimana', 'gitu', 'tinggi', 'tinggi', 'bocil', 'mityik', 'susah', 'naik']","[('bagus', 'dalam'), ('dalam', 'segi'), ('segi', 'skin'), ('skin', 'keren'), ('keren', 'keren'), ('keren', 'kenapa'), ('kenapa', 'gimana'), ('gimana', 'gitu'), ('gitu', 'tinggi'), ('tinggi', 'tinggi'), ('tinggi', 'bocil'), ('bocil', 'mityik'), ('mityik', 'susah'), ('susah', 'naik')]"
"['sumpah', 'marah', 'pasti', 'kalah', 'maksud', 'gimana', 'sengaja', 'biar', 'kalah', 'stuck', 'ken', 'ngerasain', 'mytic', 'sampai', 'ngeluarin', 'mutiara', 'tolong', 'kerjasamanya']","[('sumpah', 'marah'), ('marah', 'pasti'), ('pasti', 'kalah'), ('kalah', 'maksud'), ('maksud', 'gimana'), ('gimana', 'sengaja'), ('sengaja', 'biar'), ('biar', 'kalah'), ('kalah', 'stuck'), ('stuck', 'ken'), ('ken', 'ngerasain'), ('ngerasain', 'mytic'), ('mytic', 'sampai'), ('sampai', 'ngeluarin'), ('ngeluarin', 'mutiara'), ('mutiara', 'tolong'), ('tolong', 'kerjasamanya')]"
"['banyak', 'update', 'baru', 'makin', 'seru', 'bug', 'alam', 'buruk', 'lancar', 'bagus', 'guna', 'dalam', 'lag', 'sudah', 'mati', 'lancar', 'asa', 'pernah', 'fix', 'masalah', 'apakah', 'pihak', 'sengaja', 'sudah', 'banyak', 'masalah', 'masalah', 'pernah', 'tanggap', 'pihak']","[('banyak', 'update'), ('update', 'baru'), ('baru', 'makin'), ('makin', 'seru'), ('seru', 'bug'), ('bug', 'alam'), ('alam', 'buruk'), ('buruk', 'lancar'), ('lancar', 'bagus'), ('bagus', 'guna'), ('guna', 'dalam'), ('dalam', 'lag'), ('lag', 'sudah'), ('sudah', 'mati'), ('mati', 'lancar'), ('lancar', 'asa'), ('asa', 'pernah'), ('pernah', 'fix'), ('fix', 'masalah'), ('masalah', 'apakah'), ('apakah', 'pihak'), ('pihak', 'sengaja'), ('sengaja', 'sudah'), ('sudah', 'banyak'), ('banyak', 'masalah'), ('masalah', 'masalah'), ('masalah', 'pernah'), ('pernah', 'tanggap'), ('tanggap', 'pihak')]"
"['macem', 'tolol', 'sinyal', 'hilang', 'sendiri', 'full', 'sinyal', 'dimatiin', 'gerak']","[('macem', 'tolol'), ('tolol', 'sinyal'), ('sinyal', 'hilang'), ('hilang', 'sendiri'), ('sendiri', 'full'), ('full', 'sinyal'), ('sinyal', 'dimatiin'), ('dimatiin', 'gerak')]"
"['buruk', 'kontol', 'baba']","[('buruk', 'kontol'), ('kontol', 'baba')]"
"['lumayan', 'dikenalin', 'emry']","[('lumayan', 'dikenalin'), ('dikenalin', 'emry')]"
"['bodoh', 'sudah', 'top', 'up', 'banyak', 'cuma', 'kalah', 'keren']","[('bodoh', 'sudah'), ('sudah', 'top'), ('top', 'up'), ('up', 'banyak'), ('banyak', 'cuma'), ('cuma', 'kalah'), ('kalah', 'keren')]"
"['buruk', 'update', 'yng', 'sekarang', 'buruk', 'offline', 'pass', 'masuk', 'pilih', 'mulai', 'tulis', 'gitu', 'pass', 'pencet', 'oke', 'mulai', 'sendiri', 'lag', 'keluar', 'sendiri', 'baik', 'pliss', 'maaf', 'rate', 'cuma', 'dua', 'bintang', 'baik', 'terimakasih', 'maaf', 'terlalu', 'panjang']","[('buruk', 'update'), ('update', 'yng'), ('yng', 'sekarang'), ('sekarang', 'buruk'), ('buruk', 'offline'), ('offline', 'pass'), ('pass', 'masuk'), ('masuk', 'pilih'), ('pilih', 'mulai'), ('mulai', 'tulis'), ('tulis', 'gitu'), ('gitu', 'pass'), ('pass', 'pencet'), ('pencet', 'oke'), ('oke', 'mulai'), ('mulai', 'sendiri'), ('sendiri', 'lag'), ('lag', 'keluar'), ('keluar', 'sendiri'), ('sendiri', 'baik'), ('baik', 'pliss'), ('pliss', 'maaf'), ('maaf', 'rate'), ('rate', 'cuma'), ('cuma', 'dua'), ('dua', 'bintang'), ('bintang', 'baik'), ('baik', 'terimakasih'), ('terimakasih', 'maaf'), ('maaf', 'terlalu'), ('terlalu', 'panjang')]"
['otak'],[]
"['gblk', 'beri', 'gaperna', 'benar', 'mm', 'anjg']","[('gblk', 'beri'), ('beri', 'gaperna'), ('gaperna', 'benar'), ('benar', 'mm'), ('mm', 'anjg')]"
"['lumayan', 'ngendali', 'pasti', 'seru', 'lawan', 'computer', 'maksud', 'skin', 'gratis', 'rendom']","[('lumayan', 'ngendali'), ('ngendali', 'pasti'), ('pasti', 'seru'), ('seru', 'lawan'), ('lawan', 'computer'), ('computer', 'maksud'), ('maksud', 'skin'), ('skin', 'gratis'), ('gratis', 'rendom')]"
"['buruk', 'banyak', 'cheater', 'tambah', 'tambah', 'jelek', 'kurang', 'bagus', 'sengaja', 'bintang', 'otw', 'uninstal']","[('buruk', 'banyak'), ('banyak', 'cheater'), ('cheater', 'tambah'), ('tambah', 'tambah'), ('tambah', 'jelek'), ('jelek', 'kurang'), ('kurang', 'bagus'), ('bagus', 'sengaja'), ('sengaja', 'bintang'), ('bintang', 'otw'), ('otw', 'uninstal')]"
"['makingg', 'adil', 'massa', 'ketemu', 'legenda', 'dmna', 'letak', 'adil', 'dri', 'dlu', 'smpee', 'skrngg', 'kya', 'gth', 'aneh']","[('makingg', 'adil'), ('adil', 'massa'), ('massa', 'ketemu'), ('ketemu', 'legenda'), ('legenda', 'dmna'), ('dmna', 'letak'), ('letak', 'adil'), ('adil', 'dri'), ('dri', 'dlu'), ('dlu', 'smpee'), ('smpee', 'skrngg'), ('skrngg', 'kya'), ('kya', 'gth'), ('gth', 'aneh')]"
['mengibur'],[]
"['perbaikin', 'terlalu', 'delaylag', 'padalan', 'bagus']","[('perbaikin', 'terlalu'), ('terlalu', 'delaylag'), ('delaylag', 'padalan'), ('padalan', 'bagus')]"
"['stres', 'puyeng', 'satu', 'ujung', 'losetreak', 'trs']","[('stres', 'puyeng'), ('puyeng', 'satu'), ('satu', 'ujung'), ('ujung', 'losetreak'), ('losetreak', 'trs')]"
"['epik', 'benar', 'lahh', 'ey', 'rusak', 'dongg', 'susah', 'kalah', 'lebih', 'baik', 'bintang', 'satu']","[('epik', 'benar'), ('benar', 'lahh'), ('lahh', 'ey'), ('ey', 'rusak'), ('rusak', 'dongg'), ('dongg', 'susah'), ('susah', 'kalah'), ('kalah', 'lebih'), ('lebih', 'baik'), ('baik', 'bintang'), ('bintang', 'satu')]"
"['bagus', 'bgtt', 'walaupun', 'lag', 'gatau', 'knp', 'wifi', 'bagus', 'win', 'kalah', 'lebih', 'win', 'gara', 'gara', 'bot', 'gitu', 'thanks']","[('bagus', 'bgtt'), ('bgtt', 'walaupun'), ('walaupun', 'lag'), ('lag', 'gatau'), ('gatau', 'knp'), ('knp', 'wifi'), ('wifi', 'bagus'), ('bagus', 'win'), ('win', 'kalah'), ('kalah', 'lebih'), ('lebih', 'win'), ('win', 'gara'), ('gara', 'gara'), ('gara', 'bot'), ('bot', 'gitu'), ('gitu', 'thanks')]"
"['kontolo', 'memek']","[('kontolo', 'memek')]"
"['seru', 'banget']","[('seru', 'banget')]"
"['ubah', 'rang']","[('ubah', 'rang')]"
"['suka', 'banget', 'seru']","[('suka', 'banget'), ('banget', 'seru')]"
"['terimakasih', 'teman', 'nin', 'pergi', 'lama', 'mu', 'lama', 'love', 'you', 'bye']","[('terimakasih', 'teman'), ('teman', 'nin'), ('nin', 'pergi'), ('pergi', 'lama'), ('lama', 'mu'), ('mu', 'lama'), ('lama', 'love'), ('love', 'you'), ('you', 'bye')]"
['seru'],[]
"['gg', 'coo', 'keren', 'mantap', 'lebih', 'keren', 'ff', 'awokawokawok']","[('gg', 'coo'), ('coo', 'keren'), ('keren', 'mantap'), ('mantap', 'lebih'), ('lebih', 'keren'), ('keren', 'ff'), ('ff', 'awokawokawok')]"
"['tolong', 'lawan']","[('tolong', 'lawan')]"
['tolol'],[]
"['rusak', 'bug', 'hijau', 'lag']","[('rusak', 'bug'), ('bug', 'hijau'), ('hijau', 'lag')]"
"['maaf', 'motoon', 'inanilahi', 'mati', 'pensi', 'cpe', 'naik', 'trun', 'naik', 'trun', 'bismilah', 'mti']","[('maaf', 'motoon'), ('motoon', 'inanilahi'), ('inanilahi', 'mati'), ('mati', 'pensi'), ('pensi', 'cpe'), ('cpe', 'naik'), ('naik', 'trun'), ('trun', 'naik'), ('naik', 'trun'), ('trun', 'bismilah'), ('bismilah', 'mti')]"
"['minimal', 'lgi']","[('minimal', 'lgi')]"
"['tolol', 'musuh', 'susah', 'kasi', 'ws']","[('tolol', 'musuh'), ('musuh', 'susah'), ('susah', 'kasi'), ('kasi', 'ws')]"
"['goblog', 'pusing']","[('goblog', 'pusing')]"
"['ramah', 'sombong']","[('ramah', 'sombong')]"
['lostrek'],[]
"['hadeh', 'bayak', 'gelap', 'epik', 'gj', 'jelas', 'lus']","[('hadeh', 'bayak'), ('bayak', 'gelap'), ('gelap', 'epik'), ('epik', 'gj'), ('gj', 'jelas'), ('jelas', 'lus')]"
"['sang', 'at', 'bail', 'mi']","[('sang', 'at'), ('at', 'bail'), ('bail', 'mi')]"
"['timgak', 'amin']","[('timgak', 'amin')]"
['bagus'],[]
"['mantap', 'sakuramba']","[('mantap', 'sakuramba')]"
"['pilih', 'anjg']","[('pilih', 'anjg')]"
"['sinyal', 'bagus', 'standart', 'kenapa', 'lag', 'akibat', 'hitung', 'afk', 'rugi', 'nyari', 'senang', 'stres']","[('sinyal', 'bagus'), ('bagus', 'standart'), ('standart', 'kenapa'), ('kenapa', 'lag'), ('lag', 'akibat'), ('akibat', 'hitung'), ('hitung', 'afk'), ('afk', 'rugi'), ('rugi', 'nyari'), ('nyari', 'senang'), ('senang', 'stres')]"
"['kalah', 'gara', 'gara', 'jago', 'bae', 'musuh', 'drack', 'semua']","[('kalah', 'gara'), ('gara', 'gara'), ('gara', 'jago'), ('jago', 'bae'), ('bae', 'musuh'), ('musuh', 'drack'), ('drack', 'semua')]"
['adil'],[]
"['seru', 'banget']","[('seru', 'banget')]"
"['bagus', 'suka', 'makanya', 'jgn', 'bot', 'sudah', 'kg', 'bs', 'dongoo']","[('bagus', 'suka'), ('suka', 'makanya'), ('makanya', 'jgn'), ('jgn', 'bot'), ('bot', 'sudah'), ('sudah', 'kg'), ('kg', 'bs'), ('bs', 'dongoo')]"
"['susah', 'banget', 'masuk', 'makin', 'berat']","[('susah', 'banget'), ('banget', 'masuk'), ('masuk', 'makin'), ('makin', 'berat')]"
"['kalah', 'menang', 'sudah', 'biasa', 'kalah', 'tanpa', 'progress', 'sebal', 'baru', 'season', 'sekarang', 'alami', 'hal', 'your', 'gelap']","[('kalah', 'menang'), ('menang', 'sudah'), ('sudah', 'biasa'), ('biasa', 'kalah'), ('kalah', 'tanpa'), ('tanpa', 'progress'), ('progress', 'sebal'), ('sebal', 'baru'), ('baru', 'season'), ('season', 'sekarang'), ('sekarang', 'alami'), ('alami', 'hal'), ('hal', 'your'), ('your', 'gelap')]"
['suka'],[]
"['seru', 'senang', 'enak', 'dimainin', 'seru', 'banget', 'teman', 'seru', 'seru', 'seru', 'seru', 'seru', 'seru', 'seru', 'banget', 'lebih', 'seru', 'sonia', 'sun', 'sun', 'guys', 'usah', 'teman', 'lebih', 'seru', 'hujanhujanan', 'dimarahin', 'tuhan']","[('seru', 'senang'), ('senang', 'enak'), ('enak', 'dimainin'), ('dimainin', 'seru'), ('seru', 'banget'), ('banget', 'teman'), ('teman', 'seru'), ('seru', 'seru'), ('seru', 'seru'), ('seru', 'seru'), ('seru', 'seru'), ('seru', 'seru'), ('seru', 'seru'), ('seru', 'banget'), ('banget', 'lebih'), ('lebih', 'seru'), ('seru', 'sonia'), ('sonia', 'sun'), ('sun', 'sun'), ('sun', 'guys'), ('guys', 'usah'), ('usah', 'teman'), ('teman', 'lebih'), ('lebih', 'seru'), ('seru', 'hujanhujanan'), ('hujanhujanan', 'dimarahin'), ('dimarahin', 'tuhan')]"
['kontl'],[]
"['cuma', 'fokus', 'event', 'tanpa', 'optimal', 'ubah', 'ui', 'cacat', 'serius', 'fokus', 'jual', 'merchandise', 'event', 'kikir']","[('cuma', 'fokus'), ('fokus', 'event'), ('event', 'tanpa'), ('tanpa', 'optimal'), ('optimal', 'ubah'), ('ubah', 'ui'), ('ui', 'cacat'), ('cacat', 'serius'), ('serius', 'fokus'), ('fokus', 'jual'), ('jual', 'merchandise'), ('merchandise', 'event'), ('event', 'kikir')]"
"['stuck', 'baik', 'jg']","[('stuck', 'baik'), ('baik', 'jg')]"
"['ngga', 'guna', 'ngga', 'pernah', 'beri', 'bangus']","[('ngga', 'guna'), ('guna', 'ngga'), ('ngga', 'pernah'), ('pernah', 'beri'), ('beri', 'bangus')]"
"['sinyal', 'bagus', 'gerak', 'ngentod', 'niat']","[('sinyal', 'bagus'), ('bagus', 'gerak'), ('gerak', 'ngentod'), ('ngentod', 'niat')]"
"['seru', 'banyak', 'gelap', 'sytem', 'bintang', 'naik', 'legen', 'poke', 'musuh', 'top', 'globalpenjoki']","[('seru', 'banyak'), ('banyak', 'gelap'), ('gelap', 'sytem'), ('sytem', 'bintang'), ('bintang', 'naik'), ('naik', 'legen'), ('legen', 'poke'), ('poke', 'musuh'), ('musuh', 'top'), ('top', 'globalpenjoki')]"
['jembut'],[]
['anjing'],[]
"['banyak', 'update', 'sinyal', 'server', 'urus', 'sinyal', 'bagus', 'lag']","[('banyak', 'update'), ('update', 'sinyal'), ('sinyal', 'server'), ('server', 'urus'), ('urus', 'sinyal'), ('sinyal', 'bagus'), ('bagus', 'lag')]"
['bagus'],[]
"['bagus', 'walaupun', 'ngelagketemu', 'gelap', 'situ', 'ajar', 'toxic', 'terimakasih', 'developer', 'makanya', 'dm', 'sampai', 'assalamualaikum', 'warahmatullahi', 'wabarakatuh']","[('bagus', 'walaupun'), ('walaupun', 'ngelagketemu'), ('ngelagketemu', 'gelap'), ('gelap', 'situ'), ('situ', 'ajar'), ('ajar', 'toxic'), ('toxic', 'terimakasih'), ('terimakasih', 'developer'), ('developer', 'makanya'), ('makanya', 'dm'), ('dm', 'sampai'), ('sampai', 'assalamualaikum'), ('assalamualaikum', 'warahmatullahi'), ('warahmatullahi', 'wabarakatuh')]"
"['seru', 'knpa', 'beberapa', 'parah', 'banget', 'pdhl', 'bagus', 'langsung', 'parah', 'banget', 'pdhl', 'belum', 'gprnh', 'masalah', 'lg']","[('seru', 'knpa'), ('knpa', 'beberapa'), ('beberapa', 'parah'), ('parah', 'banget'), ('banget', 'pdhl'), ('pdhl', 'bagus'), ('bagus', 'langsung'), ('langsung', 'parah'), ('parah', 'banget'), ('banget', 'pdhl'), ('pdhl', 'belum'), ('belum', 'gprnh'), ('gprnh', 'masalah'), ('masalah', 'lg')]"
"['rekomendasi', 'ton', 'kurang', 'gelap']","[('rekomendasi', 'ton'), ('ton', 'kurang'), ('kurang', 'gelap')]"
"['pertama', 'terimakasih', 'cipta', 'epic', 'beri', 'saran', 'tolong', 'benah', 'minta', 'tolong', 'benah', 'matching', 'garis', 'bawah', 'sungguh', 'classic', 'lagend', 'dapetnya', 'pangkat', 'warior', 'masuk', 'akal', 'mohon', 'benah', 'begitu', 'sudah', 'maklum', 'classic', 'lebih']","[('pertama', 'terimakasih'), ('terimakasih', 'cipta'), ('cipta', 'epic'), ('epic', 'beri'), ('beri', 'saran'), ('saran', 'tolong'), ('tolong', 'benah'), ('benah', 'minta'), ('minta', 'tolong'), ('tolong', 'benah'), ('benah', 'matching'), ('matching', 'garis'), ('garis', 'bawah'), ('bawah', 'sungguh'), ('sungguh', 'classic'), ('classic', 'lagend'), ('lagend', 'dapetnya'), ('dapetnya', 'pangkat'), ('pangkat', 'warior'), ('warior', 'masuk'), ('masuk', 'akal'), ('akal', 'mohon'), ('mohon', 'benah'), ('benah', 'begitu'), ('begitu', 'sudah'), ('sudah', 'maklum'), ('maklum', 'classic'), ('classic', 'lebih')]"
"['selalu', 'adil', 'mana', 'musuh', 'terlalu', 'jago', 'mula']","[('selalu', 'adil'), ('adil', 'mana'), ('mana', 'musuh'), ('musuh', 'terlalu'), ('terlalu', 'jago'), ('jago', 'mula')]"
"['ketemu', 'bot']","[('ketemu', 'bot')]"
"['minimal', 'beri', 'musuh', 'sendiri', 'imbang', 'laa', 'sendiri', 'gabisaa', 'lawan', 'jago', 'gimana', 'menang']","[('minimal', 'beri'), ('beri', 'musuh'), ('musuh', 'sendiri'), ('sendiri', 'imbang'), ('imbang', 'laa'), ('laa', 'sendiri'), ('sendiri', 'gabisaa'), ('gabisaa', 'lawan'), ('lawan', 'jago'), ('jago', 'gimana'), ('gimana', 'menang')]"
"['inih', 'bagus']","[('inih', 'bagus')]"
"['legends', 'seruu']","[('legends', 'seruu')]"
['baik'],[]
"['kotol', 'lose', 'lose', 'moga', 'ceper', 'mati', 'nonton']","[('kotol', 'lose'), ('lose', 'lose'), ('lose', 'moga'), ('moga', 'ceper'), ('ceper', 'mati'), ('mati', 'nonton')]"
['tai'],[]
['bantu'],[]
"['tolong', 'baik']","[('tolong', 'baik')]"
"['bagus', 'ampe', 'ratarata', 'playernya', 'sdm', 'turun']","[('bagus', 'ampe'), ('ampe', 'ratarata'), ('ratarata', 'playernya'), ('playernya', 'sdm'), ('sdm', 'turun')]"
"['wah', 'keren', 'banget', 'ruang', 'clasik', 'brawel', 'arkade', 'tang', 'kasing', 'bintang', 'lima', 'musuh', 'botsemua', 'padaha', 'tang', 'epik', 'kenapa', 'musuh', 'bot']","[('wah', 'keren'), ('keren', 'banget'), ('banget', 'ruang'), ('ruang', 'clasik'), ('clasik', 'brawel'), ('brawel', 'arkade'), ('arkade', 'tang'), ('tang', 'kasing'), ('kasing', 'bintang'), ('bintang', 'lima'), ('lima', 'musuh'), ('musuh', 'botsemua'), ('botsemua', 'padaha'), ('padaha', 'tang'), ('tang', 'epik'), ('epik', 'kenapa'), ('kenapa', 'musuh'), ('musuh', 'bot')]"
"['babi', 'selalu', 'sampah']","[('babi', 'selalu'), ('selalu', 'sampah')]"
"['hampir', 'semuah', 'gelap', 'kecewa']","[('hampir', 'semuah'), ('semuah', 'gelap'), ('gelap', 'kecewa')]"
"['rusak', 'rusak']","[('rusak', 'rusak')]"
"['kenapa', 'selalu', 'bot', 'capek']","[('kenapa', 'selalu'), ('selalu', 'bot'), ('bot', 'capek')]"
['bagong'],[]
"['gelap', 'banyak']","[('gelap', 'banyak')]"
"['banyak', 'darksistem', 'n', 'lag']","[('banyak', 'darksistem'), ('darksistem', 'n'), ('n', 'lag')]"
"['skrng', 'suka', 'lag', 'pdahl', 'bukak', 'apk', 'lain', 'lancaraja']","[('skrng', 'suka'), ('suka', 'lag'), ('lag', 'pdahl'), ('pdahl', 'bukak'), ('bukak', 'apk'), ('apk', 'lain'), ('lain', 'lancaraja')]"
"['bagus', 'semua', 'dowlodtannya', 'selalu', 'hilang', 'tinggal', 'sekolah', 'smp', 'hilang', 'mohon', 'baik', 'moga', 'perhati', 'segitu', 'mohon', 'kerja']","[('bagus', 'semua'), ('semua', 'dowlodtannya'), ('dowlodtannya', 'selalu'), ('selalu', 'hilang'), ('hilang', 'tinggal'), ('tinggal', 'sekolah'), ('sekolah', 'smp'), ('smp', 'hilang'), ('hilang', 'mohon'), ('mohon', 'baik'), ('baik', 'moga'), ('moga', 'perhati'), ('perhati', 'segitu'), ('segitu', 'mohon'), ('mohon', 'kerja')]"
"['seru', 'iklann', 'skin', 'banyakk', 'lukas', 'zilong', 'lain', 'lain']","[('seru', 'iklann'), ('iklann', 'skin'), ('skin', 'banyakk'), ('banyakk', 'lukas'), ('lukas', 'zilong'), ('zilong', 'lain'), ('lain', 'lain')]"
"['makin', 'ancor', 'laq', 'sekrang', 'bagus']","[('makin', 'ancor'), ('ancor', 'laq'), ('laq', 'sekrang'), ('sekrang', 'bagus')]"
"['makin', 'makin', 'buruk', 'selalu', 'lag', 'mulai', 'jengkel']","[('makin', 'makin'), ('makin', 'buruk'), ('buruk', 'selalu'), ('selalu', 'lag'), ('lag', 'mulai'), ('mulai', 'jengkel')]"
"['kenapa', 'musuh', 'skin', 'skin', 'gaje', 'sekarang']","[('kenapa', 'musuh'), ('musuh', 'skin'), ('skin', 'skin'), ('skin', 'gaje'), ('gaje', 'sekarang')]"
"['jelas', 'sinyal', 'lag', 'dalem', 'buruk']","[('jelas', 'sinyal'), ('sinyal', 'lag'), ('lag', 'dalem'), ('dalem', 'buruk')]"
"['kon', 'ol', 'anjg', 'lag', 'parah', 'c', 'k']","[('kon', 'ol'), ('ol', 'anjg'), ('anjg', 'lag'), ('lag', 'parah'), ('parah', 'c'), ('c', 'k')]"
"['lumayan', 'bagus', 'tipe', 'banget', 'rating', 'lebih', 'enak', 'king', 'segi', 'gamplay', 'bagus']","[('lumayan', 'bagus'), ('bagus', 'tipe'), ('tipe', 'banget'), ('banget', 'rating'), ('rating', 'lebih'), ('lebih', 'enak'), ('enak', 'king'), ('king', 'segi'), ('segi', 'gamplay'), ('gamplay', 'bagus')]"
['draksistem'],[]
"['jelas', 'gelap', 'semua', 'gendong']","[('jelas', 'gelap'), ('gelap', 'semua'), ('semua', 'gendong')]"
"['ilang', 'signal']","[('ilang', 'signal')]"
"['woy', 'kenapa', 'makin', 'makin', 'lag', 'sinyal', 'pdhal', 'kouta', 'byk', 'sinyal', 'hijau', 'kenapa', 'lag', 'skin', 'banyak', 'lag', 'biarin']","[('woy', 'kenapa'), ('kenapa', 'makin'), ('makin', 'makin'), ('makin', 'lag'), ('lag', 'sinyal'), ('sinyal', 'pdhal'), ('pdhal', 'kouta'), ('kouta', 'byk'), ('byk', 'sinyal'), ('sinyal', 'hijau'), ('hijau', 'kenapa'), ('kenapa', 'lag'), ('lag', 'skin'), ('skin', 'banyak'), ('banyak', 'lag'), ('lag', 'biarin')]"
"['seru', 'baru', 'seru', 'teman', 'cuma', 'punya', 'keluh', 'masa', 'tadi', 'sudah', 'chat', 'yatim', 'random', 'moga', 'ramah', 'semua']","[('seru', 'baru'), ('baru', 'seru'), ('seru', 'teman'), ('teman', 'cuma'), ('cuma', 'punya'), ('punya', 'keluh'), ('keluh', 'masa'), ('masa', 'tadi'), ('tadi', 'sudah'), ('sudah', 'chat'), ('chat', 'yatim'), ('yatim', 'random'), ('random', 'moga'), ('moga', 'ramah'), ('ramah', 'semua')]"
"['season', 'sekarang', 'ngaco', 'auto', 'lag', 'pdhl', 'sinyal', 'wifi', 'amanalhasil', 'jd', 'kalah', 'jg', 'kacausll', 'troll']","[('season', 'sekarang'), ('sekarang', 'ngaco'), ('ngaco', 'auto'), ('auto', 'lag'), ('lag', 'pdhl'), ('pdhl', 'sinyal'), ('sinyal', 'wifi'), ('wifi', 'amanalhasil'), ('amanalhasil', 'jd'), ('jd', 'kalah'), ('kalah', 'jg'), ('jg', 'kacausll'), ('kacausll', 'troll')]"
"['macthmaking', 'busuk', 'jelas', 'banget', 'beban', 'report', 'sedang', 'sungguh', 'sungguh', 'nak', 'report', 'aneh', 'mtyhic', 'atas', 'aneh', 'aneh', 'atur', 'aneh', 'mending', 'uninstal']","[('macthmaking', 'busuk'), ('busuk', 'jelas'), ('jelas', 'banget'), ('banget', 'beban'), ('beban', 'report'), ('report', 'sedang'), ('sedang', 'sungguh'), ('sungguh', 'sungguh'), ('sungguh', 'nak'), ('nak', 'report'), ('report', 'aneh'), ('aneh', 'mtyhic'), ('mtyhic', 'atas'), ('atas', 'aneh'), ('aneh', 'aneh'), ('aneh', 'atur'), ('atur', 'aneh'), ('aneh', 'mending'), ('mending', 'uninstal')]"
['bagus'],[]
"['bagus', 'bget', 'ramh', 'pk']","[('bagus', 'bget'), ('bget', 'ramh'), ('ramh', 'pk')]"
"['sinyal', 'hijau', 'lag', 'sampai', 'afk']","[('sinyal', 'hijau'), ('hijau', 'lag'), ('lag', 'sampai'), ('sampai', 'afk')]"
"['legends', 'sekarang', 'suka', 'lag', 'gajelas', 'bagus', 'lag', 'sendiri', 'knapa']","[('legends', 'sekarang'), ('sekarang', 'suka'), ('suka', 'lag'), ('lag', 'gajelas'), ('gajelas', 'bagus'), ('bagus', 'lag'), ('lag', 'sendiri'), ('sendiri', 'knapa')]"
"['sampah', 'jelas', 'beranta', 'ngatur', 'kikir', 'busuk']","[('sampah', 'jelas'), ('jelas', 'beranta'), ('beranta', 'ngatur'), ('ngatur', 'kikir'), ('kikir', 'busuk')]"
"['parah', 'kena', 'kredit', 'skor', 'bs', 'ranked', 'cma', 'gara', 'gara', 'kurang', 'bs', 'sperti', 'lain', 'biar', 'lancar', 'mending', 'pindah', 'king']","[('parah', 'kena'), ('kena', 'kredit'), ('kredit', 'skor'), ('skor', 'bs'), ('bs', 'ranked'), ('ranked', 'cma'), ('cma', 'gara'), ('gara', 'gara'), ('gara', 'kurang'), ('kurang', 'bs'), ('bs', 'sperti'), ('sperti', 'lain'), ('lain', 'biar'), ('biar', 'lancar'), ('lancar', 'mending'), ('mending', 'pindah'), ('pindah', 'king')]"
['bagus'],[]
"['ngomong', 'tosix', 'sopan', 'kasihan', 'anak', 'anak', 'bawah', 'umur', 'bilang', 'mundur', 'mundur', 'lostreek', 'kualitas', 'bagus', 'mending', 'lain', 'mati', 'suri']","[('ngomong', 'tosix'), ('tosix', 'sopan'), ('sopan', 'kasihan'), ('kasihan', 'anak'), ('anak', 'anak'), ('anak', 'bawah'), ('bawah', 'umur'), ('umur', 'bilang'), ('bilang', 'mundur'), ('mundur', 'mundur'), ('mundur', 'lostreek'), ('lostreek', 'kualitas'), ('kualitas', 'bagus'), ('bagus', 'mending'), ('mending', 'lain'), ('lain', 'mati'), ('mati', 'suri')]"
"['masa', 'iya', 'ketemu', 'trio', 'gitu', 'duoyg', 'imbang']","[('masa', 'iya'), ('iya', 'ketemu'), ('ketemu', 'trio'), ('trio', 'gitu'), ('gitu', 'duoyg'), ('duoyg', 'imbang')]"
"['kalah', 'naik', 'legendmonton', 'kecewa']","[('kalah', 'naik'), ('naik', 'legendmonton'), ('legendmonton', 'kecewa')]"
['haji'],[]
"['beri', 'ma', 'en', 'tolol', 'semua']","[('beri', 'ma'), ('ma', 'en'), ('en', 'tolol'), ('tolol', 'semua')]"
['lumayan'],[]
"['bento', 'banyak', 'bot']","[('bento', 'banyak'), ('banyak', 'bot')]"
"['ehh', 'poke', 'punya', 'apk', 'baharu', 'update', 'tan', 'benar', 'emosi', 'ping', 'stabil', 'fress', 'kwk', 'laq', 'laku', 'lalai', 'update']","[('ehh', 'poke'), ('poke', 'punya'), ('punya', 'apk'), ('apk', 'baharu'), ('baharu', 'update'), ('update', 'tan'), ('tan', 'benar'), ('benar', 'emosi'), ('emosi', 'ping'), ('ping', 'stabil'), ('stabil', 'fress'), ('fress', 'kwk'), ('kwk', 'laq'), ('laq', 'laku'), ('laku', 'lalai'), ('lalai', 'update')]"
"['aneh', 'sekarang', 'mulai', 'mact', 'tulis', 'reconet', 'sinyal', 'bagus', 'winstrake', 'hancur', 'gara', 'gara', 'haduh', 'mohon', 'perhatianya']","[('aneh', 'sekarang'), ('sekarang', 'mulai'), ('mulai', 'mact'), ('mact', 'tulis'), ('tulis', 'reconet'), ('reconet', 'sinyal'), ('sinyal', 'bagus'), ('bagus', 'winstrake'), ('winstrake', 'hancur'), ('hancur', 'gara'), ('gara', 'gara'), ('gara', 'haduh'), ('haduh', 'mohon'), ('mohon', 'perhatianya')]"
"['akhir', 'bug', 'jelas', 'sampai', 'late', 'mainin', 'lancar', 'suka', 'lag', 'sungguh', 'masuk', 'akal', 'tolong', 'baik']","[('akhir', 'bug'), ('bug', 'jelas'), ('jelas', 'sampai'), ('sampai', 'late'), ('late', 'mainin'), ('mainin', 'lancar'), ('lancar', 'suka'), ('suka', 'lag'), ('lag', 'sungguh'), ('sungguh', 'masuk'), ('masuk', 'akal'), ('akal', 'tolong'), ('tolong', 'baik')]"
"['coba', 'tambahin', 'ngirim', 'battle', 'poin', 'biar', 'ngirim', 'teman']","[('coba', 'tambahin'), ('tambahin', 'ngirim'), ('ngirim', 'battle'), ('battle', 'poin'), ('poin', 'biar'), ('biar', 'ngirim'), ('ngirim', 'teman')]"
"['bagus', 'keren', 'bagus', 'bagus', 'balik', 'jembut', 'buruk', 'buruk']","[('bagus', 'keren'), ('keren', 'bagus'), ('bagus', 'bagus'), ('bagus', 'balik'), ('balik', 'jembut'), ('jembut', 'buruk'), ('buruk', 'buruk')]"
"['makin', 'makin', 'jelas', 'masalah', 'jelek', 'banget', 'stabil', 'suka', 'lag', 'tibajadi', 'makin', 'males', 'update', 'makin', 'gede', 'mb', 'baik', 'sudah', 'waras']","[('makin', 'makin'), ('makin', 'jelas'), ('jelas', 'masalah'), ('masalah', 'jelek'), ('jelek', 'banget'), ('banget', 'stabil'), ('stabil', 'suka'), ('suka', 'lag'), ('lag', 'tibajadi'), ('tibajadi', 'makin'), ('makin', 'males'), ('males', 'update'), ('update', 'makin'), ('makin', 'gede'), ('gede', 'mb'), ('mb', 'baik'), ('baik', 'sudah'), ('sudah', 'waras')]"
"['waw', 'seru']","[('waw', 'seru')]"
"['mantap', 'bagus', 'banget', 'ws', 'alhamdulillah']","[('mantap', 'bagus'), ('bagus', 'banget'), ('banget', 'ws'), ('ws', 'alhamdulillah')]"
"['bagussihh', 'tolong', 'gelap', 'hapus']","[('bagussihh', 'tolong'), ('tolong', 'gelap'), ('gelap', 'hapus')]"
"['sukak', 'user', 'franko', 'tari', 'maut', 'langsung', 'kena', 'lord']","[('sukak', 'user'), ('user', 'franko'), ('franko', 'tari'), ('tari', 'maut'), ('maut', 'langsung'), ('langsung', 'kena'), ('kena', 'lord')]"
"['sedot', 'makin', 'makin', 'jelek', 'makin', 'buruk', 'full', 'leq', 'bnyak', 'bug']","[('sedot', 'makin'), ('makin', 'makin'), ('makin', 'jelek'), ('jelek', 'makin'), ('makin', 'buruk'), ('buruk', 'full'), ('full', 'leq'), ('leq', 'bnyak'), ('bnyak', 'bug')]"
"['moga', 'bagus']","[('moga', 'bagus')]"
"['buruk', 'banyak', 'draksistem', 'buruk', 'pernah']","[('buruk', 'banyak'), ('banyak', 'draksistem'), ('draksistem', 'buruk'), ('buruk', 'pernah')]"
"['makin', 'lama', 'makin', 'anj', 'bagus', 'stabil', 'gabisa', 'gerak', 'pencet', 'bilang', 'buruk', 'muncul', 'bagusstabil', 'jelas', 'musuh', 'party', 'posisi', 'menang', 'hubung', 'ulang', 'make', 'kuota']","[('makin', 'lama'), ('lama', 'makin'), ('makin', 'anj'), ('anj', 'bagus'), ('bagus', 'stabil'), ('stabil', 'gabisa'), ('gabisa', 'gerak'), ('gerak', 'pencet'), ('pencet', 'bilang'), ('bilang', 'buruk'), ('buruk', 'muncul'), ('muncul', 'bagusstabil'), ('bagusstabil', 'jelas'), ('jelas', 'musuh'), ('musuh', 'party'), ('party', 'posisi'), ('posisi', 'menang'), ('menang', 'hubung'), ('hubung', 'ulang'), ('ulang', 'make'), ('make', 'kuota')]"
"['rusak', 'bug', 'afk', 'bodo']","[('rusak', 'bug'), ('bug', 'afk'), ('afk', 'bodo')]"
"['bagus', 'banget', 'bos']","[('bagus', 'banget'), ('banget', 'bos')]"
"['keri', 'gs', 'jangn', 'coba', 'adik', 'mainnin', 'lama', 'bulan', 'lebih', 'masuk', 'rumah', 'sakit', 'jiwa', 'setress', 'lebih', 'habus', 'baik', 'kesehatanmental']","[('keri', 'gs'), ('gs', 'jangn'), ('jangn', 'coba'), ('coba', 'adik'), ('adik', 'mainnin'), ('mainnin', 'lama'), ('lama', 'bulan'), ('bulan', 'lebih'), ('lebih', 'masuk'), ('masuk', 'rumah'), ('rumah', 'sakit'), ('sakit', 'jiwa'), ('jiwa', 'setress'), ('setress', 'lebih'), ('lebih', 'habus'), ('habus', 'baik'), ('baik', 'kesehatanmental')]"
"['hadeuh', 'mah', 'seru', 'stres', 'wortit', 'banget', 'apalgi', 'sengaja', 'banget', 'kasi', 'gelap', 'gelap', 'melulu', 'tambah', 'sinyal', 'bagus', 'lag', 'lag']","[('hadeuh', 'mah'), ('mah', 'seru'), ('seru', 'stres'), ('stres', 'wortit'), ('wortit', 'banget'), ('banget', 'apalgi'), ('apalgi', 'sengaja'), ('sengaja', 'banget'), ('banget', 'kasi'), ('kasi', 'gelap'), ('gelap', 'gelap'), ('gelap', 'melulu'), ('melulu', 'tambah'), ('tambah', 'sinyal'), ('sinyal', 'bagus'), ('bagus', 'lag'), ('lag', 'lag')]"
"['makin', 'update', 'lag', 'enak', 'khusus', 'mending', 'usah', 'maksa', 'yaudah', 'awas', 'darah', 'tinggi', 'bubarin', 'tod']","[('makin', 'update'), ('update', 'lag'), ('lag', 'enak'), ('enak', 'khusus'), ('khusus', 'mending'), ('mending', 'usah'), ('usah', 'maksa'), ('maksa', 'yaudah'), ('yaudah', 'awas'), ('awas', 'darah'), ('darah', 'tinggi'), ('tinggi', 'bubarin'), ('bubarin', 'tod')]"
"['seru', 'cari', 'teman', 'pacar']","[('seru', 'cari'), ('cari', 'teman'), ('teman', 'pacar')]"
['seru'],[]
"['moga', 'sabar', 'tinggi', 'serta', 'semua', 'domzz', 'stay']","[('moga', 'sabar'), ('sabar', 'tinggi'), ('tinggi', 'serta'), ('serta', 'semua'), ('semua', 'domzz'), ('domzz', 'stay')]"
"['seru', 'epic', 'moga', 'onic']","[('seru', 'epic'), ('epic', 'moga'), ('moga', 'onic')]"
"['lovyu', 'muntun', 'akun', 'balik', 'cs', 'bgus', 'banget', 'banget', 'banget', 'lovyu', 'muntun']","[('lovyu', 'muntun'), ('muntun', 'akun'), ('akun', 'balik'), ('balik', 'cs'), ('cs', 'bgus'), ('bgus', 'banget'), ('banget', 'banget'), ('banget', 'banget'), ('banget', 'lovyu'), ('lovyu', 'muntun')]"
"['jangan', 'guys', 'haram', 'isi', 'gelap', 'selalu', 'kalah', 'adil', 'scak', 'epic', 'gegera', 'gelap', 'tolong', 'pisahin', 'gelap', 'kikirr', 'emosi', 'bukan', 'ngilangin', 'stres', 'tambah', 'stres', 'haram', 'kikir', 'poke', 'adil', 'ngepus', 'sampai', 'imo', 'nyata', 'kalah', 'haram', 'tolong', 'not', 'mending', 'free', 'fire', 'lose', 'treak', 'cape', 'epic', 'tolong', 'bagus']","[('jangan', 'guys'), ('guys', 'haram'), ('haram', 'isi'), ('isi', 'gelap'), ('gelap', 'selalu'), ('selalu', 'kalah'), ('kalah', 'adil'), ('adil', 'scak'), ('scak', 'epic'), ('epic', 'gegera'), ('gegera', 'gelap'), ('gelap', 'tolong'), ('tolong', 'pisahin'), ('pisahin', 'gelap'), ('gelap', 'kikirr'), ('kikirr', 'emosi'), ('emosi', 'bukan'), ('bukan', 'ngilangin'), ('ngilangin', 'stres'), ('stres', 'tambah'), ('tambah', 'stres'), ('stres', 'haram'), ('haram', 'kikir'), ('kikir', 'poke'), ('poke', 'adil'), ('adil', 'ngepus'), ('ngepus', 'sampai'), ('sampai', 'imo'), ('imo', 'nyata'), ('nyata', 'kalah'), ('kalah', 'haram'), ('haram', 'tolong'), ('tolong', 'not'), ('not', 'mending'), ('mending', 'free'), ('free', 'fire'), ('fire', 'lose'), ('lose', 'treak'), ('treak', 'cape'), ('cape', 'epic'), ('epic', 'tolong'), ('tolong', 'bagus')]"
"['legends', 'nggk', 'mobil', 'aplikasi', 'nggk', 'didonwloadya', 'mungkin', 'nokia', 'hehe']","[('legends', 'nggk'), ('nggk', 'mobil'), ('mobil', 'aplikasi'), ('aplikasi', 'nggk'), ('nggk', 'didonwloadya'), ('didonwloadya', 'mungkin'), ('mungkin', 'nokia'), ('nokia', 'hehe')]"
"['kontribusi', 'playernya', 'toxic', 'trs', 'wifi', 'lag', 'scroll', 'yt', 'tiktok', 'lag']","[('kontribusi', 'playernya'), ('playernya', 'toxic'), ('toxic', 'trs'), ('trs', 'wifi'), ('wifi', 'lag'), ('lag', 'scroll'), ('scroll', 'yt'), ('yt', 'tiktok'), ('tiktok', 'lag')]"
"['makin', 'jelas', 'resah', 'tambah', 'makin', 'banyak', 'draksistem', 'adalagi', 'bila', 'bintang', 'ketemu', 'trol', 'makin', 'makin', 'bb']","[('makin', 'jelas'), ('jelas', 'resah'), ('resah', 'tambah'), ('tambah', 'makin'), ('makin', 'banyak'), ('banyak', 'draksistem'), ('draksistem', 'adalagi'), ('adalagi', 'bila'), ('bila', 'bintang'), ('bintang', 'ketemu'), ('ketemu', 'trol'), ('trol', 'makin'), ('makin', 'makin'), ('makin', 'bb')]"
"['najis', 'bug', 'lol', 'emosi', 'rusak', 'bug', 'buka', 'aplikasi', 'lain', 'lancar', 'jaya', 'kocak']","[('najis', 'bug'), ('bug', 'lol'), ('lol', 'emosi'), ('emosi', 'rusak'), ('rusak', 'bug'), ('bug', 'buka'), ('buka', 'aplikasi'), ('aplikasi', 'lain'), ('lain', 'lancar'), ('lancar', 'jaya'), ('jaya', 'kocak')]"
"['gonta', 'ganti', 'provider', 'clasic', 'super', 'lag', 'niat', 'cari', 'hibur', 'emosi', 'uninstall', 'males']","[('gonta', 'ganti'), ('ganti', 'provider'), ('provider', 'clasic'), ('clasic', 'super'), ('super', 'lag'), ('lag', 'niat'), ('niat', 'cari'), ('cari', 'hibur'), ('hibur', 'emosi'), ('emosi', 'uninstall'), ('uninstall', 'males')]"
"['merah', 'bgs', 'classic', 'bagus', 'kacau', 'skrng', 'bagus']","[('merah', 'bgs'), ('bgs', 'classic'), ('classic', 'bagus'), ('bagus', 'kacau'), ('kacau', 'skrng'), ('skrng', 'bagus')]"
"['hello', 'justin', 'yuan', 'and', 'watson', 'xu', 'zhenhua', 'will', 'never', 'read', 'letter', 'al', 'jabar', 'you', 'm', 'already', 'hurt', 'by', 'you', 'so', 'congratulations', 'on', 'what', 'will', 'happen', 'pain', 'that', 'why']","[('hello', 'justin'), ('justin', 'yuan'), ('yuan', 'and'), ('and', 'watson'), ('watson', 'xu'), ('xu', 'zhenhua'), ('zhenhua', 'will'), ('will', 'never'), ('never', 'read'), ('read', 'letter'), ('letter', 'al'), ('al', 'jabar'), ('jabar', 'you'), ('you', 'm'), ('m', 'already'), ('already', 'hurt'), ('hurt', 'by'), ('by', 'you'), ('you', 'so'), ('so', 'congratulations'), ('congratulations', 'on'), ('on', 'what'), ('what', 'will'), ('will', 'happen'), ('happen', 'pain'), ('pain', 'that'), ('that', 'why')]"
"['kece', 'badai']","[('kece', 'badai')]"
"['ngasi', 'teman', 'tu', 'benar', 'gausah', 'kawan', 'epik', 'lawan', 'glory', 'imbang', 'menang', 'kalah', 'sampek', 'imbang', 'kawan', 'lawan', 'cuihh']","[('ngasi', 'teman'), ('teman', 'tu'), ('tu', 'benar'), ('benar', 'gausah'), ('gausah', 'kawan'), ('kawan', 'epik'), ('epik', 'lawan'), ('lawan', 'glory'), ('glory', 'imbang'), ('imbang', 'menang'), ('menang', 'kalah'), ('kalah', 'sampek'), ('sampek', 'imbang'), ('imbang', 'kawan'), ('kawan', 'lawan'), ('lawan', 'cuihh')]"
"['sip', 'bagus']","[('sip', 'bagus')]"
"['kadang', 'kadang', 'emosi']","[('kadang', 'kadang'), ('kadang', 'emosi')]"
['seru'],[]
"['lumayan', 'agak', 'agak', 'lag']","[('lumayan', 'agak'), ('agak', 'agak'), ('agak', 'lag')]"
"['bjirr', 'baru', 'bulan', 'epic']","[('bjirr', 'baru'), ('baru', 'bulan'), ('bulan', 'epic')]"
"['ygy', 'donlowd', 'usak', 'mentaly', 'saling', 'ngejek', 'toxic', 'recal', 'ramah', 'dikill', 'musuh', 'lansung', 'lanjut', 'cril', 'mah', 'ngetik', 'dikill', 'musuh', 'omongin', 'pou', 'recal', 'ygy', 'jgn', 'donlowd', 'banke', 'tolol', 'idiot', 'montod']","[('ygy', 'donlowd'), ('donlowd', 'usak'), ('usak', 'mentaly'), ('mentaly', 'saling'), ('saling', 'ngejek'), ('ngejek', 'toxic'), ('toxic', 'recal'), ('recal', 'ramah'), ('ramah', 'dikill'), ('dikill', 'musuh'), ('musuh', 'lansung'), ('lansung', 'lanjut'), ('lanjut', 'cril'), ('cril', 'mah'), ('mah', 'ngetik'), ('ngetik', 'dikill'), ('dikill', 'musuh'), ('musuh', 'omongin'), ('omongin', 'pou'), ('pou', 'recal'), ('recal', 'ygy'), ('ygy', 'jgn'), ('jgn', 'donlowd'), ('donlowd', 'banke'), ('banke', 'tolol'), ('tolol', 'idiot'), ('idiot', 'montod')]"
"['win', 'lose', 'gitu', 'sampai', 'tres', 'sekarang', 'sudah', 'hapus', 'tres']","[('win', 'lose'), ('lose', 'gitu'), ('gitu', 'sampai'), ('sampai', 'tres'), ('tres', 'sekarang'), ('sekarang', 'sudah'), ('sudah', 'hapus'), ('hapus', 'tres')]"
"['buruk', 'sinyal', 'bagus', 'lag', 'lag', 'riport', 'sudah', 'bagus', 'sinyal', 'cok', 'cek', 'sudah', 'bagus', 'abang']","[('buruk', 'sinyal'), ('sinyal', 'bagus'), ('bagus', 'lag'), ('lag', 'lag'), ('lag', 'riport'), ('riport', 'sudah'), ('sudah', 'bagus'), ('bagus', 'sinyal'), ('sinyal', 'cok'), ('cok', 'cek'), ('cek', 'sudah'), ('sudah', 'bagus'), ('bagus', 'abang')]"
"['ayo', 'rusak', 'enginesistem']","[('ayo', 'rusak'), ('rusak', 'enginesistem')]"
"['naon', 'naon', 'minion', 'aing', 'kalah', 'nyerang', 'base', 'aing', 'tolol', 'minion', 'kanker']","[('naon', 'naon'), ('naon', 'minion'), ('minion', 'aing'), ('aing', 'kalah'), ('kalah', 'nyerang'), ('nyerang', 'base'), ('base', 'aing'), ('aing', 'tolol'), ('tolol', 'minion'), ('minion', 'kanker')]"
"['memng', 'mantap', 'bosan']","[('memng', 'mantap'), ('mantap', 'bosan')]"
"['bagus', 'seru', 'banget', 'buru', 'coba']","[('bagus', 'seru'), ('seru', 'banget'), ('banget', 'buru'), ('buru', 'coba')]"
"['beri', 'adil', 'pensi']","[('beri', 'adil'), ('adil', 'pensi')]"
"['tolong', 'baik', 'signyal', 'full', 'patah']","[('tolong', 'baik'), ('baik', 'signyal'), ('signyal', 'full'), ('full', 'patah')]"
"['uda', 'lama', 'sekarang', 'sekarang', 'lag', 'gejalas', 'bahkan', 'sampai', 'ngga', 'gerak', 'sinyal', 'bagus', 'wifi', 'bagus', 'tolong', 'server', 'baik', 'mas', 'ngga', 'baik', 'hormat', 'uninstal']","[('uda', 'lama'), ('lama', 'sekarang'), ('sekarang', 'sekarang'), ('sekarang', 'lag'), ('lag', 'gejalas'), ('gejalas', 'bahkan'), ('bahkan', 'sampai'), ('sampai', 'ngga'), ('ngga', 'gerak'), ('gerak', 'sinyal'), ('sinyal', 'bagus'), ('bagus', 'wifi'), ('wifi', 'bagus'), ('bagus', 'tolong'), ('tolong', 'server'), ('server', 'baik'), ('baik', 'mas'), ('mas', 'ngga'), ('ngga', 'baik'), ('baik', 'hormat'), ('hormat', 'uninstal')]"
"['makin', 'devices', 'friendly', 'detik', 'sampai', 'frame', 'drop', 'fps', 'per', 'detik', 'parah', 'alhasil', 'ganti', 'emblem', 'battle', 'spell', 'bayang', 'suruh', 'fast', 'respon', 'cuma', 'detik', 'chipset', 'sd', 'kurang', 'kah']","[('makin', 'devices'), ('devices', 'friendly'), ('friendly', 'detik'), ('detik', 'sampai'), ('sampai', 'frame'), ('frame', 'drop'), ('drop', 'fps'), ('fps', 'per'), ('per', 'detik'), ('detik', 'parah'), ('parah', 'alhasil'), ('alhasil', 'ganti'), ('ganti', 'emblem'), ('emblem', 'battle'), ('battle', 'spell'), ('spell', 'bayang'), ('bayang', 'suruh'), ('suruh', 'fast'), ('fast', 'respon'), ('respon', 'cuma'), ('cuma', 'detik'), ('detik', 'chipset'), ('chipset', 'sd'), ('sd', 'kurang'), ('kurang', 'kah')]"
"['makin', 'makin', 'jelas', 'lag', 'selalu', 'kalah', 'untun', 'jelek']","[('makin', 'makin'), ('makin', 'jelas'), ('jelas', 'lag'), ('lag', 'selalu'), ('selalu', 'kalah'), ('kalah', 'untun'), ('untun', 'jelek')]"
"['jelek', 'sekarang', 'ngga', 'android']","[('jelek', 'sekarang'), ('sekarang', 'ngga'), ('ngga', 'android')]"
[],[]
['gelap'],[]
"['macam', 'seru', 'banget']","[('macam', 'seru'), ('seru', 'banget')]"
['bagus'],[]
"['ciga', 'bagong', 'ayna', 'sia', 't', 'ngajawab', 'tanya', 'aing', 'kana', 'aing', 'sia', 'jieun', 'rem', 'najis', 'ayna', 'mah', 'aing', 'kudu', 'deui', 'ieu']","[('ciga', 'bagong'), ('bagong', 'ayna'), ('ayna', 'sia'), ('sia', 't'), ('t', 'ngajawab'), ('ngajawab', 'tanya'), ('tanya', 'aing'), ('aing', 'kana'), ('kana', 'aing'), ('aing', 'sia'), ('sia', 'jieun'), ('jieun', 'rem'), ('rem', 'najis'), ('najis', 'ayna'), ('ayna', 'mah'), ('mah', 'aing'), ('aing', 'kudu'), ('kudu', 'deui'), ('deui', 'ieu')]"
"['mkin', 'rusak', 'suka', 'lag', 'pdhal', 'jringan', 'hijau', 'mnding', 'usah', 'dowload']","[('mkin', 'rusak'), ('rusak', 'suka'), ('suka', 'lag'), ('lag', 'pdhal'), ('pdhal', 'jringan'), ('jringan', 'hijau'), ('hijau', 'mnding'), ('mnding', 'usah'), ('usah', 'dowload')]"
['hama'],[]
"['sinyal', 'bagus', 'lag', 'emosi']","[('sinyal', 'bagus'), ('bagus', 'lag'), ('lag', 'emosi')]"
"['lag', 'wifi']","[('lag', 'wifi')]"
"['guna', 'jelek', 'nonton', 'yt', 'ig', 'tiktok', 'lancar', 'banget', 'asli', 'guna', 'kntol']","[('guna', 'jelek'), ('jelek', 'nonton'), ('nonton', 'yt'), ('yt', 'ig'), ('ig', 'tiktok'), ('tiktok', 'lancar'), ('lancar', 'banget'), ('banget', 'asli'), ('asli', 'guna'), ('guna', 'kntol')]"
"['bagus', 'bangett']","[('bagus', 'bangett')]"
"['makin', 'buruk', 'kagak', 'senengin', 'selalu', 'feeder', 'bot', 'tahu', 'jenis', 'item', 'emblem', 'butuh', 'terkadang', 'asal', 'pilih', 'king', 'jauh', 'lebih', 'seru']","[('makin', 'buruk'), ('buruk', 'kagak'), ('kagak', 'senengin'), ('senengin', 'selalu'), ('selalu', 'feeder'), ('feeder', 'bot'), ('bot', 'tahu'), ('tahu', 'jenis'), ('jenis', 'item'), ('item', 'emblem'), ('emblem', 'butuh'), ('butuh', 'terkadang'), ('terkadang', 'asal'), ('asal', 'pilih'), ('pilih', 'king'), ('king', 'jauh'), ('jauh', 'lebih'), ('lebih', 'seru')]"
"['buruk', 'kau', 'bagus', 'bagus', 'sikit', 'beri', 't', 'n', 'semua', 'hapus', 'play', 'store']","[('buruk', 'kau'), ('kau', 'bagus'), ('bagus', 'bagus'), ('bagus', 'sikit'), ('sikit', 'beri'), ('beri', 't'), ('t', 'n'), ('n', 'semua'), ('semua', 'hapus'), ('hapus', 'play'), ('play', 'store')]"
"['bagus', 'usia', 'baik']","[('bagus', 'usia'), ('usia', 'baik')]"
"['update', 'season', 'pernah', 'rusak', 'sinyal', 'bagus', 'lag', 'butut']","[('update', 'season'), ('season', 'pernah'), ('pernah', 'rusak'), ('rusak', 'sinyal'), ('sinyal', 'bagus'), ('bagus', 'lag'), ('lag', 'butut')]"
"['kalah', 'lawa', 'ngeri', 'lol']","[('kalah', 'lawa'), ('lawa', 'ngeri'), ('ngeri', 'lol')]"
['aneh'],[]
['buruk'],[]
"['muak', 'daritadi', 'sengaja', 'kalah']","[('muak', 'daritadi'), ('daritadi', 'sengaja'), ('sengaja', 'kalah')]"
"['tolong', 'notice', 'milik', 'masuk', 'coba', 'tambah', 'brawl', 'brawl', 'masuk', 'semangat']","[('tolong', 'notice'), ('notice', 'milik'), ('milik', 'masuk'), ('masuk', 'coba'), ('coba', 'tambah'), ('tambah', 'brawl'), ('brawl', 'brawl'), ('brawl', 'masuk'), ('masuk', 'semangat')]"
"['sinyal', 'down', 'pernah', 'perhati', 'complain', 'ttg', 'stabil', 'sinyal', 'update', 'baru', 'lag', 'parah']","[('sinyal', 'down'), ('down', 'pernah'), ('pernah', 'perhati'), ('perhati', 'complain'), ('complain', 'ttg'), ('ttg', 'stabil'), ('stabil', 'sinyal'), ('sinyal', 'update'), ('update', 'baru'), ('baru', 'lag'), ('lag', 'parah')]"
"['jelas', 'lama', 'update', 'makin', 'parah', 'lag', 'pdhl', 'hijau', 'sinyal', 'msuk', 'lagg', 'afk', 'jelas']","[('jelas', 'lama'), ('lama', 'update'), ('update', 'makin'), ('makin', 'parah'), ('parah', 'lag'), ('lag', 'pdhl'), ('pdhl', 'hijau'), ('hijau', 'sinyal'), ('sinyal', 'msuk'), ('msuk', 'lagg'), ('lagg', 'afk'), ('afk', 'jelas')]"
"['gaje', 'glory', 'isi', 'tetp', 'banyak', 'draksisitem']","[('gaje', 'glory'), ('glory', 'isi'), ('isi', 'tetp'), ('tetp', 'banyak'), ('banyak', 'draksisitem')]"
"['mending', 'lain', 'curang']","[('mending', 'lain'), ('lain', 'curang')]"
"['munafik', 'bego', 'win', 'klh', 'dlu', 'wkwk', 'buruk', 'push', 'lama', 'stack', 'lingkar', 'setan', 'gtu', 'mending', 'pindah', 'ketimbang', 'kikir', 'stack', 'mawi', 'minimal', 'beri', 'imbang', 'sedikit', 'biadab', 'masa', 'musuh', 'pro', 'bot', 'mikir', 'bego', 'mending', 'ep', 'ep', 'ketimbang', 'kikir']","[('munafik', 'bego'), ('bego', 'win'), ('win', 'klh'), ('klh', 'dlu'), ('dlu', 'wkwk'), ('wkwk', 'buruk'), ('buruk', 'push'), ('push', 'lama'), ('lama', 'stack'), ('stack', 'lingkar'), ('lingkar', 'setan'), ('setan', 'gtu'), ('gtu', 'mending'), ('mending', 'pindah'), ('pindah', 'ketimbang'), ('ketimbang', 'kikir'), ('kikir', 'stack'), ('stack', 'mawi'), ('mawi', 'minimal'), ('minimal', 'beri'), ('beri', 'imbang'), ('imbang', 'sedikit'), ('sedikit', 'biadab'), ('biadab', 'masa'), ('masa', 'musuh'), ('musuh', 'pro'), ('pro', 'bot'), ('bot', 'mikir'), ('mikir', 'bego'), ('bego', 'mending'), ('mending', 'ep'), ('ep', 'ep'), ('ep', 'ketimbang'), ('ketimbang', 'kikir')]"
"['makin', 'absurb', 'imbang', 'cuih', 'sampah', 'staffnya', 'ngga', 'kerja']","[('makin', 'absurb'), ('absurb', 'imbang'), ('imbang', 'cuih'), ('cuih', 'sampah'), ('sampah', 'staffnya'), ('staffnya', 'ngga'), ('ngga', 'kerja')]"
"['cocok', 'bintang', 'satu', 'ws', 'ls']","[('cocok', 'bintang'), ('bintang', 'satu'), ('satu', 'ws'), ('ws', 'ls')]"
"['alam', 'senang', 'bagus', 'inspirasi', 'tokohtokoh', 'nasional', 'kenal', 'negara', 'beda', 'tema', 'tarik', 'dukung', 'kembang', 'lonjak', 'drastis', 'sudah', 'masuk', 'salah', 'satu', 'favorit', 'alam', 'virtual', 'senang', 'senang', 'selalu', 'buff', 'nerf', 'sesuai', 'play', 'imbang']","[('alam', 'senang'), ('senang', 'bagus'), ('bagus', 'inspirasi'), ('inspirasi', 'tokohtokoh'), ('tokohtokoh', 'nasional'), ('nasional', 'kenal'), ('kenal', 'negara'), ('negara', 'beda'), ('beda', 'tema'), ('tema', 'tarik'), ('tarik', 'dukung'), ('dukung', 'kembang'), ('kembang', 'lonjak'), ('lonjak', 'drastis'), ('drastis', 'sudah'), ('sudah', 'masuk'), ('masuk', 'salah'), ('salah', 'satu'), ('satu', 'favorit'), ('favorit', 'alam'), ('alam', 'virtual'), ('virtual', 'senang'), ('senang', 'senang'), ('senang', 'selalu'), ('selalu', 'buff'), ('buff', 'nerf'), ('nerf', 'sesuai'), ('sesuai', 'play'), ('play', 'imbang')]"
"['jelas', 'beri', 'ngotak', 'tres']","[('jelas', 'beri'), ('beri', 'ngotak'), ('ngotak', 'tres')]"
"['makin', 'ngaco', 'down', 'ms', 'naik', 'turuun', 'rating']","[('makin', 'ngaco'), ('ngaco', 'down'), ('down', 'ms'), ('ms', 'naik'), ('naik', 'turuun'), ('turuun', 'rating')]"
"['kadita', 'butuh', 'skin', 'epic', 'zenith', 'kadita', 'ariel', 'cocok', 'zenith']","[('kadita', 'butuh'), ('butuh', 'skin'), ('skin', 'epic'), ('epic', 'zenith'), ('zenith', 'kadita'), ('kadita', 'ariel'), ('ariel', 'cocok'), ('cocok', 'zenith')]"
"['bangke', 'mending', 'urusin', 'masalah', 'bug', 'ingame', 'ngurusin', 'event', 'skin', 'siasia', 'banyak', 'event', 'skin', 'masalah', 'bug', 'urusin', 'ijo', 'lag', 'aneh']","[('bangke', 'mending'), ('mending', 'urusin'), ('urusin', 'masalah'), ('masalah', 'bug'), ('bug', 'ingame'), ('ingame', 'ngurusin'), ('ngurusin', 'event'), ('event', 'skin'), ('skin', 'siasia'), ('siasia', 'banyak'), ('banyak', 'event'), ('event', 'skin'), ('skin', 'masalah'), ('masalah', 'bug'), ('bug', 'urusin'), ('urusin', 'ijo'), ('ijo', 'lag'), ('lag', 'aneh')]"
"['sekarang', 'aneh', 'banget', 'satuin', 'bego', 'musuh', 'op', 'malesin']","[('sekarang', 'aneh'), ('aneh', 'banget'), ('banget', 'satuin'), ('satuin', 'bego'), ('bego', 'musuh'), ('musuh', 'op'), ('op', 'malesin')]"
"['baik', 'dunia']","[('baik', 'dunia')]"
"['bukan', 'makin', 'bagus', 'makin', 'parah', 'lagnya', 'setting', 'speed', 'tingkat', 'masalah', 'aktif', 'selalu', 'suka', 'nonaktif', 'sendiri', 'nyalain', 'speed', 'tingkat', 'tambah', 'kira', 'masalah', 'signal', 'sendiri', 'wifi', 'cek', 'signal', 'bar', 'penuh', 'begitu', 'wifi', 'tes', 'youtube', 'lain', 'lancar', 'gimana', 'tolong', 'walau', 'merek', 'as', 'lama', 'lain', 'bagus']","[('bukan', 'makin'), ('makin', 'bagus'), ('bagus', 'makin'), ('makin', 'parah'), ('parah', 'lagnya'), ('lagnya', 'setting'), ('setting', 'speed'), ('speed', 'tingkat'), ('tingkat', 'masalah'), ('masalah', 'aktif'), ('aktif', 'selalu'), ('selalu', 'suka'), ('suka', 'nonaktif'), ('nonaktif', 'sendiri'), ('sendiri', 'nyalain'), ('nyalain', 'speed'), ('speed', 'tingkat'), ('tingkat', 'tambah'), ('tambah', 'kira'), ('kira', 'masalah'), ('masalah', 'signal'), ('signal', 'sendiri'), ('sendiri', 'wifi'), ('wifi', 'cek'), ('cek', 'signal'), ('signal', 'bar'), ('bar', 'penuh'), ('penuh', 'begitu'), ('begitu', 'wifi'), ('wifi', 'tes'), ('tes', 'youtube'), ('youtube', 'lain'), ('lain', 'lancar'), ('lancar', 'gimana'), ('gimana', 'tolong'), ('tolong', 'walau'), ('walau', 'merek'), ('merek', 'as'), ('as', 'lama'), ('lama', 'lain'), ('lain', 'bagus')]"
"['aneh', 'tinggi', 'teman', 'bot', 'aneh', 'bett', 'musuh', 'semua', 'sendiri', 'bott', 'buay', 'serius', 'bodoh']","[('aneh', 'tinggi'), ('tinggi', 'teman'), ('teman', 'bot'), ('bot', 'aneh'), ('aneh', 'bett'), ('bett', 'musuh'), ('musuh', 'semua'), ('semua', 'sendiri'), ('sendiri', 'bott'), ('bott', 'buay'), ('buay', 'serius'), ('serius', 'bodoh')]"
"['buruk', 'wifi', 'bagus', 'apakah', 'legends', 'rusak']","[('buruk', 'wifi'), ('wifi', 'bagus'), ('bagus', 'apakah'), ('apakah', 'legends'), ('legends', 'rusak')]"
['rusak'],[]
"['coba', 'baik', 'anjg', 'bagus', 'kenapa', 'lag', 'emosi', 'heran']","[('coba', 'baik'), ('baik', 'anjg'), ('anjg', 'bagus'), ('bagus', 'kenapa'), ('kenapa', 'lag'), ('lag', 'emosi'), ('emosi', 'heran')]"
"['pliss', 'baik', 'masa', 'ie', 'lezen', 'epic', 'gara', 'gara', 'punya', 'guna', 'gelap', 'aduh']","[('pliss', 'baik'), ('baik', 'masa'), ('masa', 'ie'), ('ie', 'lezen'), ('lezen', 'epic'), ('epic', 'gara'), ('gara', 'gara'), ('gara', 'punya'), ('punya', 'guna'), ('guna', 'gelap'), ('gelap', 'aduh')]"
"['kalah', 'sampai', 'menang', 'lawan', 'komputer']","[('kalah', 'sampai'), ('sampai', 'menang'), ('menang', 'lawan'), ('lawan', 'komputer')]"
['gjls'],[]
"['makin', 'updetan', 'makin', 'jelas', 'selalu', 'lag', 'sinyal', 'bagus']","[('makin', 'updetan'), ('updetan', 'makin'), ('makin', 'jelas'), ('jelas', 'selalu'), ('selalu', 'lag'), ('lag', 'sinyal'), ('sinyal', 'bagus')]"
"['bagus', 'kikir', 'imbang', 'banyak', 'bansos', 'gacha', 'wangi', 'baik', 'wangiin', 'akun', 'moontod', 'tambahin', 'bintang', 'gacha', 'aspirant', 'pola', 'akun', 'danish']","[('bagus', 'kikir'), ('kikir', 'imbang'), ('imbang', 'banyak'), ('banyak', 'bansos'), ('bansos', 'gacha'), ('gacha', 'wangi'), ('wangi', 'baik'), ('baik', 'wangiin'), ('wangiin', 'akun'), ('akun', 'moontod'), ('moontod', 'tambahin'), ('tambahin', 'bintang'), ('bintang', 'gacha'), ('gacha', 'aspirant'), ('aspirant', 'pola'), ('pola', 'akun'), ('akun', 'danish')]"
"['sinyal', 'bagus', 'lag', 'mentok', 'loby', 'patah', 'patah', 'sudah', 'bagus', 'ram', 'besar', 'banyak', 'performa', 'asik']","[('sinyal', 'bagus'), ('bagus', 'lag'), ('lag', 'mentok'), ('mentok', 'loby'), ('loby', 'patah'), ('patah', 'patah'), ('patah', 'sudah'), ('sudah', 'bagus'), ('bagus', 'ram'), ('ram', 'besar'), ('besar', 'banyak'), ('banyak', 'performa'), ('performa', 'asik')]"
"['sampah', 'tolol', 'banyak', 'bocah', 'random', 'acak', 'jelas', 'tolol', 'buruk']","[('sampah', 'tolol'), ('tolol', 'banyak'), ('banyak', 'bocah'), ('bocah', 'random'), ('random', 'acak'), ('acak', 'jelas'), ('jelas', 'tolol'), ('tolol', 'buruk')]"
['kontol'],[]
"['cocok', 'hilang', 'strees', 'strees']","[('cocok', 'hilang'), ('hilang', 'strees'), ('strees', 'strees')]"
['stres'],[]
"['ketemu', 'party', 'aneh', 'busuk', 'busuk']","[('ketemu', 'party'), ('party', 'aneh'), ('aneh', 'busuk'), ('busuk', 'busuk')]"
['bagus'],[]
"['tolong', 'imbang', 'troll', 'afk', 'sesuai', 'mending']","[('tolong', 'imbang'), ('imbang', 'troll'), ('troll', 'afk'), ('afk', 'sesuai'), ('sesuai', 'mending')]"
['bagus'],[]
"['beberapa', 'imbang', 'afk']","[('beberapa', 'imbang'), ('imbang', 'afk')]"
"['susah', 'gampang']","[('susah', 'gampang')]"
"['pls', 'bagi', 'koin', 'teman']","[('pls', 'bagi'), ('bagi', 'koin'), ('koin', 'teman')]"
"['benar', 'ancur', 'season', 'masa', 'full', 'ketemu', 'duo', 'trio', 'party', 'kocak', 'niat', 'happy', 'fun', 'emosi', 'saran', 'mending', 'hapus', 'dri', 'kalean']","[('benar', 'ancur'), ('ancur', 'season'), ('season', 'masa'), ('masa', 'full'), ('full', 'ketemu'), ('ketemu', 'duo'), ('duo', 'trio'), ('trio', 'party'), ('party', 'kocak'), ('kocak', 'niat'), ('niat', 'happy'), ('happy', 'fun'), ('fun', 'emosi'), ('emosi', 'saran'), ('saran', 'mending'), ('mending', 'hapus'), ('hapus', 'dri'), ('dri', 'kalean')]"
"['babi', 'macth', 'tier', 'epic', 'atas', 'tdk', 'adil', 'tuk', 'lose', 'streak', 'percuma', 'mvp', 'tuk', 'kalah', 'dasar', 'anjing']","[('babi', 'macth'), ('macth', 'tier'), ('tier', 'epic'), ('epic', 'atas'), ('atas', 'tdk'), ('tdk', 'adil'), ('adil', 'tuk'), ('tuk', 'lose'), ('lose', 'streak'), ('streak', 'percuma'), ('percuma', 'mvp'), ('mvp', 'tuk'), ('tuk', 'kalah'), ('kalah', 'dasar'), ('dasar', 'anjing')]"
"['jamet', 'bedahal', 'wifi', 'lancar', 'dasar', 'buruk', 'mending', 'ff']","[('jamet', 'bedahal'), ('bedahal', 'wifi'), ('wifi', 'lancar'), ('lancar', 'dasar'), ('dasar', 'buruk'), ('buruk', 'mending'), ('mending', 'ff')]"
"['buruk', 'jangan', 'gelap', 'tadi', 'sudah', 'lose', 'trik', 'pensi']","[('buruk', 'jangan'), ('jangan', 'gelap'), ('gelap', 'tadi'), ('tadi', 'sudah'), ('sudah', 'lose'), ('lose', 'trik'), ('trik', 'pensi')]"
"['coba', 'lag', 'simulator', 'wifi', 'plus', 'tingkat', 'aktif', 'semua', 'lag']","[('coba', 'lag'), ('lag', 'simulator'), ('simulator', 'wifi'), ('wifi', 'plus'), ('plus', 'tingkat'), ('tingkat', 'aktif'), ('aktif', 'semua'), ('semua', 'lag')]"
"['rusak', 'habis', 'update', 'lag', 'suka', 'ngetroll', 'rusak']","[('rusak', 'habis'), ('habis', 'update'), ('update', 'lag'), ('lag', 'suka'), ('suka', 'ngetroll'), ('ngetroll', 'rusak')]"
"['tolong', 'skin', 'dalam', 'tanding', 'gede', 'banget', 'tolong', 'biar', 'hapus', 'lain', 'guna', 'biar', 'hapus', 'berat', 'banget', 'afk', 'sanksi', 'kocak', 'salah', 'gada', 'ringan', 'kentang']","[('tolong', 'skin'), ('skin', 'dalam'), ('dalam', 'tanding'), ('tanding', 'gede'), ('gede', 'banget'), ('banget', 'tolong'), ('tolong', 'biar'), ('biar', 'hapus'), ('hapus', 'lain'), ('lain', 'guna'), ('guna', 'biar'), ('biar', 'hapus'), ('hapus', 'berat'), ('berat', 'banget'), ('banget', 'afk'), ('afk', 'sanksi'), ('sanksi', 'kocak'), ('kocak', 'salah'), ('salah', 'gada'), ('gada', 'ringan'), ('ringan', 'kentang')]"
"['lag', 'parah', 'update', 'project', 'next', 'buka', 'event', 'draft', 'akhir', 'lag', 'wajar', 'kadang', 'loading', 'stuck', 'jelass']","[('lag', 'parah'), ('parah', 'update'), ('update', 'project'), ('project', 'next'), ('next', 'buka'), ('buka', 'event'), ('event', 'draft'), ('draft', 'akhir'), ('akhir', 'lag'), ('lag', 'wajar'), ('wajar', 'kadang'), ('kadang', 'loading'), ('loading', 'stuck'), ('stuck', 'jelass')]"
"['makin', 'mantap']","[('makin', 'mantap')]"
"['kira', 'kira', 'luh', 'rangin', 'kredit', 'skor', 'afk', 'sebentar', 'kurang', 'admin', 'lol']","[('kira', 'kira'), ('kira', 'luh'), ('luh', 'rangin'), ('rangin', 'kredit'), ('kredit', 'skor'), ('skor', 'afk'), ('afk', 'sebentar'), ('sebentar', 'kurang'), ('kurang', 'admin'), ('admin', 'lol')]"
"['minimal', 'baik', 'sinyal', 'minimal', 'lag', 'banget', 'beta']","[('minimal', 'baik'), ('baik', 'sinyal'), ('sinyal', 'minimal'), ('minimal', 'lag'), ('lag', 'banget'), ('banget', 'beta')]"
"['tani', 'sepi']","[('tani', 'sepi')]"
"['ng', 'bagus', 'cuma', 'tensi', 'naik']","[('ng', 'bagus'), ('bagus', 'cuma'), ('cuma', 'tensi'), ('tensi', 'naik')]"
"['apalahh', 'signal', 'hijau', 'lag', 'olah', 'kouta', 'mana', 'moment', 'krusial', 'late', 'lose', 'akibat', 'ping', 'benar']","[('apalahh', 'signal'), ('signal', 'hijau'), ('hijau', 'lag'), ('lag', 'olah'), ('olah', 'kouta'), ('kouta', 'mana'), ('mana', 'moment'), ('moment', 'krusial'), ('krusial', 'late'), ('late', 'lose'), ('lose', 'akibat'), ('akibat', 'ping'), ('ping', 'benar')]"
"['bangus', 'sip']","[('bangus', 'sip')]"
"['he', 'memeq', 'user', 'mm', 'sat', 'ngapa', 'exp', 'meq']","[('he', 'memeq'), ('memeq', 'user'), ('user', 'mm'), ('mm', 'sat'), ('sat', 'ngapa'), ('ngapa', 'exp'), ('exp', 'meq')]"
"['jelek', 'gelap']","[('jelek', 'gelap')]"
"['moontn', 'kyk', 't', 'lag', 'bett', 'hijau', 'dahh', 'ajaa', 'lahh']","[('moontn', 'kyk'), ('kyk', 't'), ('t', 'lag'), ('lag', 'bett'), ('bett', 'hijau'), ('hijau', 'dahh'), ('dahh', 'ajaa'), ('ajaa', 'lahh')]"
"['banyak', 'ramah', 'intimidasi', 'lebih', 'rendah']","[('banyak', 'ramah'), ('ramah', 'intimidasi'), ('intimidasi', 'lebih'), ('lebih', 'rendah')]"
"['tolongg', 'baik', 'ngestack', 'masalah', 'afk', 'gara', 'gara', 'masalah', 'sampai', 'jika', 'salah', 'mohon', 'koreksi', 'teman', 'teman']","[('tolongg', 'baik'), ('baik', 'ngestack'), ('ngestack', 'masalah'), ('masalah', 'afk'), ('afk', 'gara'), ('gara', 'gara'), ('gara', 'masalah'), ('masalah', 'sampai'), ('sampai', 'jika'), ('jika', 'salah'), ('salah', 'mohon'), ('mohon', 'koreksi'), ('koreksi', 'teman'), ('teman', 'teman')]"
['rusak'],[]
['bagus'],[]
"['update', 'busuk', 'nunggu', 'delay']","[('update', 'busuk'), ('busuk', 'nunggu'), ('nunggu', 'delay')]"
"['bagus', 'banget', 'like', 'it']","[('bagus', 'banget'), ('banget', 'like'), ('like', 'it')]"
['bagus'],[]
"['sampah', 'kalah']","[('sampah', 'kalah')]"
"['kikir', 'kalah']","[('kikir', 'kalah')]"
"['bagus', 'sakal', 'engak', 'tarik', 'tolong', 'minta', 'konter']","[('bagus', 'sakal'), ('sakal', 'engak'), ('engak', 'tarik'), ('tarik', 'tolong'), ('tolong', 'minta'), ('minta', 'konter')]"
"['benar', 'anj', 'masa', 'ketemu', 'trio', 'random', 'tolol', 'lawan', 'partyaan', 'lima']","[('benar', 'anj'), ('anj', 'masa'), ('masa', 'ketemu'), ('ketemu', 'trio'), ('trio', 'random'), ('random', 'tolol'), ('tolol', 'lawan'), ('lawan', 'partyaan'), ('partyaan', 'lima')]"
"['bagus', 'hal', 'dewasa']","[('bagus', 'hal'), ('hal', 'dewasa')]"
"['kuliah', 'baru', 'ikut', 'rame', 'isi', 'kosong']","[('kuliah', 'baru'), ('baru', 'ikut'), ('ikut', 'rame'), ('rame', 'isi'), ('isi', 'kosong')]"
"['jangan', 'dowload', 'ketemu', 'beban', 'anjg', 'kaasih', 'beban', 'cape', 'bangsat']","[('jangan', 'dowload'), ('dowload', 'ketemu'), ('ketemu', 'beban'), ('beban', 'anjg'), ('anjg', 'kaasih'), ('kaasih', 'beban'), ('beban', 'cape'), ('cape', 'bangsat')]"
"['menit', 'kalah', 'bintang', 'lindung', 'mmr', 'turun', 'sudah', 'bagus', 'asu', 'asu', 'asu', 'buruk']","[('menit', 'kalah'), ('kalah', 'bintang'), ('bintang', 'lindung'), ('lindung', 'mmr'), ('mmr', 'turun'), ('turun', 'sudah'), ('sudah', 'bagus'), ('bagus', 'asu'), ('asu', 'asu'), ('asu', 'asu'), ('asu', 'buruk')]"
"['beri', 'benar']","[('beri', 'benar')]"
"['cuma', 'ngehabisin', 'paket', 'semua', 'afk', 'gausah']","[('cuma', 'ngehabisin'), ('ngehabisin', 'paket'), ('paket', 'semua'), ('semua', 'afk'), ('afk', 'gausah')]"
"['goreng', 'patut', 'lag', 'wae']","[('goreng', 'patut'), ('patut', 'lag'), ('lag', 'wae')]"
"['buruk', 'pernah', 'lag', 'gabisa', 'gerak', 'tolong', 'baik', 'jika', 'baik', 'mending', 'hapus', 'gane', 'rusak']","[('buruk', 'pernah'), ('pernah', 'lag'), ('lag', 'gabisa'), ('gabisa', 'gerak'), ('gerak', 'tolong'), ('tolong', 'baik'), ('baik', 'jika'), ('jika', 'baik'), ('baik', 'mending'), ('mending', 'hapus'), ('hapus', 'gane'), ('gane', 'rusak')]"
"['banyak', 'jelas', 'mending', 'poin', 'bintang', 'coklat', 'poin', 'kurang', 'paling', 'banyak', 'mvp', 'point', 'kurang', 'masa', 'banyak', 'kalah', 'menang', 'tinggal', 'nunggu', 'baru', 'laku']","[('banyak', 'jelas'), ('jelas', 'mending'), ('mending', 'poin'), ('poin', 'bintang'), ('bintang', 'coklat'), ('coklat', 'poin'), ('poin', 'kurang'), ('kurang', 'paling'), ('paling', 'banyak'), ('banyak', 'mvp'), ('mvp', 'point'), ('point', 'kurang'), ('kurang', 'masa'), ('masa', 'banyak'), ('banyak', 'kalah'), ('kalah', 'menang'), ('menang', 'tinggal'), ('tinggal', 'nunggu'), ('nunggu', 'baru'), ('baru', 'laku')]"
"['woyy', 'kenapa', 'gabisa', 'bukak', 'bagus']","[('woyy', 'kenapa'), ('kenapa', 'gabisa'), ('gabisa', 'bukak'), ('bukak', 'bagus')]"
['bagus'],[]
"['bagus', 'rangin', 'gelap']","[('bagus', 'rangin'), ('rangin', 'gelap')]"
"['adil', 'banyak', 'beban']","[('adil', 'banyak'), ('banyak', 'beban')]"
"['bagus', 'banget', 'terimakasih', 'bagus']","[('bagus', 'banget'), ('banget', 'terimakasih'), ('terimakasih', 'bagus')]"
"['bagus', 'banget', 'suka']","[('bagus', 'banget'), ('banget', 'suka')]"
['bagusds'],[]
"['pesan', 'tolong', 'lh', 'ringan', 'kentang', 'jauh', 'pelosok', 'ken', 'nyaman', 'alami', 'utama', 'tarung', 'lawan', 'alami', 'lag', 'langsung', 'merah', 'stabil', 'tanya', 'kenapa', 'ad', 'musuh', 'tarung', 'baru', 'bagus', 'belum', 'bagus', 'bagus', 'kenapa', 'tolong', 'tolong', 'kasi', 'ringan', 'lh', 'kepada']","[('pesan', 'tolong'), ('tolong', 'lh'), ('lh', 'ringan'), ('ringan', 'kentang'), ('kentang', 'jauh'), ('jauh', 'pelosok'), ('pelosok', 'ken'), ('ken', 'nyaman'), ('nyaman', 'alami'), ('alami', 'utama'), ('utama', 'tarung'), ('tarung', 'lawan'), ('lawan', 'alami'), ('alami', 'lag'), ('lag', 'langsung'), ('langsung', 'merah'), ('merah', 'stabil'), ('stabil', 'tanya'), ('tanya', 'kenapa'), ('kenapa', 'ad'), ('ad', 'musuh'), ('musuh', 'tarung'), ('tarung', 'baru'), ('baru', 'bagus'), ('bagus', 'belum'), ('belum', 'bagus'), ('bagus', 'bagus'), ('bagus', 'kenapa'), ('kenapa', 'tolong'), ('tolong', 'tolong'), ('tolong', 'kasi'), ('kasi', 'ringan'), ('ringan', 'lh'), ('lh', 'kepada')]"
['kikir'],[]
"['minimal', 'tolong', 'punya', 'masuk', 'lobby', 'sinyal', 'oke', 'tibatiba', 'gm', 'bilang', 'mohon', 'maaf', 'gagal', 'sambung', 'periksa', 'jangan', 'bagus', 'minimal', 'tolong', 'baless', 'minimal']","[('minimal', 'tolong'), ('tolong', 'punya'), ('punya', 'masuk'), ('masuk', 'lobby'), ('lobby', 'sinyal'), ('sinyal', 'oke'), ('oke', 'tibatiba'), ('tibatiba', 'gm'), ('gm', 'bilang'), ('bilang', 'mohon'), ('mohon', 'maaf'), ('maaf', 'gagal'), ('gagal', 'sambung'), ('sambung', 'periksa'), ('periksa', 'jangan'), ('jangan', 'bagus'), ('bagus', 'minimal'), ('minimal', 'tolong'), ('tolong', 'baless'), ('baless', 'minimal')]"
['bagus'],[]
"['apasih', 'jelas', 'bngt', 'afk', 'sebentar', 'trs', 'balik', 'lgi', 'kena', 'ingat', 'afk']","[('apasih', 'jelas'), ('jelas', 'bngt'), ('bngt', 'afk'), ('afk', 'sebentar'), ('sebentar', 'trs'), ('trs', 'balik'), ('balik', 'lgi'), ('lgi', 'kena'), ('kena', 'ingat'), ('ingat', 'afk')]"
"['rusakk', 'beri', 'imbang', 'lawakk', 'mana', 'lag']","[('rusakk', 'beri'), ('beri', 'imbang'), ('imbang', 'lawakk'), ('lawakk', 'mana'), ('mana', 'lag')]"
['baik'],[]
"['makin', 'buriq', 'banget', 'asli', 'sumpah', 'mending', 'unistall', 'dehh', 'mainin', 'lama', 'semakain', 'jelek', 'masa', 'bagus', 'gerak', 'skill', 'analog', 'pencet', 'utama', 'bagi', 'analog', 'kadang', 'mencet', 'sendiri', 'reccal', 'vakum']","[('makin', 'buriq'), ('buriq', 'banget'), ('banget', 'asli'), ('asli', 'sumpah'), ('sumpah', 'mending'), ('mending', 'unistall'), ('unistall', 'dehh'), ('dehh', 'mainin'), ('mainin', 'lama'), ('lama', 'semakain'), ('semakain', 'jelek'), ('jelek', 'masa'), ('masa', 'bagus'), ('bagus', 'gerak'), ('gerak', 'skill'), ('skill', 'analog'), ('analog', 'pencet'), ('pencet', 'utama'), ('utama', 'bagi'), ('bagi', 'analog'), ('analog', 'kadang'), ('kadang', 'mencet'), ('mencet', 'sendiri'), ('sendiri', 'reccal'), ('reccal', 'vakum')]"
"['love', 'this', 'for', 'not', 'having', 'ai', 'animation', 'for', 'their', 'trailer', 'pls', 'dont', 'change']","[('love', 'this'), ('this', 'for'), ('for', 'not'), ('not', 'having'), ('having', 'ai'), ('ai', 'animation'), ('animation', 'for'), ('for', 'their'), ('their', 'trailer'), ('trailer', 'pls'), ('pls', 'dont'), ('dont', 'change')]"
"['jangan', 'akibat', 'stres', 'jarak', 'makan', 'jarang', 'sholat', 'lebih', 'parah', 'akn', 'akibat', 'marahmarah']","[('jangan', 'akibat'), ('akibat', 'stres'), ('stres', 'jarak'), ('jarak', 'makan'), ('makan', 'jarang'), ('jarang', 'sholat'), ('sholat', 'lebih'), ('lebih', 'parah'), ('parah', 'akn'), ('akn', 'akibat'), ('akibat', 'marahmarah')]"
['bangsat'],[]
"['seru', 'gemburik']","[('seru', 'gemburik')]"
"['stres', 'banyak', 'gelap', 'epik', 'buruk', 'jangan', 'sampai', 'anak', 'kecil', 'men', 'dawlod', 'ngerusakin']","[('stres', 'banyak'), ('banyak', 'gelap'), ('gelap', 'epik'), ('epik', 'buruk'), ('buruk', 'jangan'), ('jangan', 'sampai'), ('sampai', 'anak'), ('anak', 'kecil'), ('kecil', 'men'), ('men', 'dawlod'), ('dawlod', 'ngerusakin')]"
"['makin', 'makin', 'jelas', 'loststeak', 'sampai', 'ditroll', 'kadang', 'lag', 'akibat', 'keluar', 'sendiri', 'masuk', 'langsung', 'afk', 'payah', 'mem', 'milih']","[('makin', 'makin'), ('makin', 'jelas'), ('jelas', 'loststeak'), ('loststeak', 'sampai'), ('sampai', 'ditroll'), ('ditroll', 'kadang'), ('kadang', 'lag'), ('lag', 'akibat'), ('akibat', 'keluar'), ('keluar', 'sendiri'), ('sendiri', 'masuk'), ('masuk', 'langsung'), ('langsung', 'afk'), ('afk', 'payah'), ('payah', 'mem'), ('mem', 'milih')]"
"['selalu', 'tolol', 'admin', 'masa', 'mvp', 'defeat', 'mantep', 'mind', 'biar', 'gendong', 'bocil', 'tolol']","[('selalu', 'tolol'), ('tolol', 'admin'), ('admin', 'masa'), ('masa', 'mvp'), ('mvp', 'defeat'), ('defeat', 'mantep'), ('mantep', 'mind'), ('mind', 'biar'), ('biar', 'gendong'), ('gendong', 'bocil'), ('bocil', 'tolol')]"
"['have', 'fun']","[('have', 'fun')]"
"['gemnya', 'rayan', 'seru']","[('gemnya', 'rayan'), ('rayan', 'seru')]"
"['banyak', 'gelap']","[('banyak', 'gelap')]"
"['woy', 'lag', 'sampai', 'crash', 'dalam', 'tanding', 'rusak', 'lol']","[('woy', 'lag'), ('lag', 'sampai'), ('sampai', 'crash'), ('crash', 'dalam'), ('dalam', 'tanding'), ('tanding', 'rusak'), ('rusak', 'lol')]"
"['rusak', 'setan']","[('rusak', 'setan')]"
"['seru', 'tolong', 'draksistemnya', 'rangin', 'sya', 'selalu', 'tolol', 'tb', 'lag', 'pdhl', 'lag', 'mohon', 'muntun', 'rangin', 'tolol', 'hehh']","[('seru', 'tolong'), ('tolong', 'draksistemnya'), ('draksistemnya', 'rangin'), ('rangin', 'sya'), ('sya', 'selalu'), ('selalu', 'tolol'), ('tolol', 'tb'), ('tb', 'lag'), ('lag', 'pdhl'), ('pdhl', 'lag'), ('lag', 'mohon'), ('mohon', 'muntun'), ('muntun', 'rangin'), ('rangin', 'tolol'), ('tolol', 'hehh')]"
"['wins', 'treak']","[('wins', 'treak')]"
"['bingung', 'saran', 'bawah', 'umur']","[('bingung', 'saran'), ('saran', 'bawah'), ('bawah', 'umur')]"
['hibur'],[]
"['jngn', 'rusak', 'sinyal', 'parah']","[('jngn', 'rusak'), ('rusak', 'sinyal'), ('sinyal', 'parah')]"
"['najis', 'kalah']","[('najis', 'kalah')]"
"['busuk', 'skin', 'makin', 'banyak', 'kualitas', 'turun', 'benar', 'ingame', 'stuck', 'gerak', 'sinyal', 'hijau']","[('busuk', 'skin'), ('skin', 'makin'), ('makin', 'banyak'), ('banyak', 'kualitas'), ('kualitas', 'turun'), ('turun', 'benar'), ('benar', 'ingame'), ('ingame', 'stuck'), ('stuck', 'gerak'), ('gerak', 'sinyal'), ('sinyal', 'hijau')]"
"['gubluk', 'lolot', 'dev', 'kikir', 'cuma', 'mikirin', 'uang', 'uang', 'melulu', 'collab', 'melulu', 'benar', 'mai', 'skill', 'warrior', 'sia', 'sia', 'ranked', 'asu', 'tolong', 'tingkat', 'jgn', 'notice', 'uang', 'pernah', 'urus', 'sudah', 'gitu', 'troll', 'biasa', 'kena', 'hukum', 'ban']","[('gubluk', 'lolot'), ('lolot', 'dev'), ('dev', 'kikir'), ('kikir', 'cuma'), ('cuma', 'mikirin'), ('mikirin', 'uang'), ('uang', 'uang'), ('uang', 'melulu'), ('melulu', 'collab'), ('collab', 'melulu'), ('melulu', 'benar'), ('benar', 'mai'), ('mai', 'skill'), ('skill', 'warrior'), ('warrior', 'sia'), ('sia', 'sia'), ('sia', 'ranked'), ('ranked', 'asu'), ('asu', 'tolong'), ('tolong', 'tingkat'), ('tingkat', 'jgn'), ('jgn', 'notice'), ('notice', 'uang'), ('uang', 'pernah'), ('pernah', 'urus'), ('urus', 'sudah'), ('sudah', 'gitu'), ('gitu', 'troll'), ('troll', 'biasa'), ('biasa', 'kena'), ('kena', 'hukum'), ('hukum', 'ban')]"
"['we', 'pontoon', 'jago', 'kasi', 'jago', 'donk']","[('we', 'pontoon'), ('pontoon', 'jago'), ('jago', 'kasi'), ('kasi', 'jago'), ('jago', 'donk')]"
"['kenapa', 'woy', 'sinyal', 'hijau', 'ping', 'ms', 'sambung', 'perangkat', 'babi', 'update', 'gagal', 'palah', 'rilis', 'tolol']","[('kenapa', 'woy'), ('woy', 'sinyal'), ('sinyal', 'hijau'), ('hijau', 'ping'), ('ping', 'ms'), ('ms', 'sambung'), ('sambung', 'perangkat'), ('perangkat', 'babi'), ('babi', 'update'), ('update', 'gagal'), ('gagal', 'palah'), ('palah', 'rilis'), ('rilis', 'tolol')]"
['senang'],[]
"['oke', 'tolong', 'banget', 'beri', 'musuh', 'bukan', 'ketemu', 'musuh', 'duo', 'trio', 'benar', 'benar', 'susah', 'tolong', 'banget', 'baru', 'terimakasih']","[('oke', 'tolong'), ('tolong', 'banget'), ('banget', 'beri'), ('beri', 'musuh'), ('musuh', 'bukan'), ('bukan', 'ketemu'), ('ketemu', 'musuh'), ('musuh', 'duo'), ('duo', 'trio'), ('trio', 'benar'), ('benar', 'benar'), ('benar', 'susah'), ('susah', 'tolong'), ('tolong', 'banget'), ('banget', 'baru'), ('baru', 'terimakasih')]"
"['oyy', 'jelsas', 'sedikit', 'napa', 'bias', 'sinyal', 'bagus', 'kadang', 'pin', 'gabisa', 'gerak', 'plislah', 'defeat', 'sakit', 'klw', 'banding', 'ff', 'gitu', 'lancar', 'bisah', 'gerak', 'kocak', 'makanya', 'yakin', 'masalah', 'bukan', 'sinyal', 'ingat', 'bukan']","[('oyy', 'jelsas'), ('jelsas', 'sedikit'), ('sedikit', 'napa'), ('napa', 'bias'), ('bias', 'sinyal'), ('sinyal', 'bagus'), ('bagus', 'kadang'), ('kadang', 'pin'), ('pin', 'gabisa'), ('gabisa', 'gerak'), ('gerak', 'plislah'), ('plislah', 'defeat'), ('defeat', 'sakit'), ('sakit', 'klw'), ('klw', 'banding'), ('banding', 'ff'), ('ff', 'gitu'), ('gitu', 'lancar'), ('lancar', 'bisah'), ('bisah', 'gerak'), ('gerak', 'kocak'), ('kocak', 'makanya'), ('makanya', 'yakin'), ('yakin', 'masalah'), ('masalah', 'bukan'), ('bukan', 'sinyal'), ('sinyal', 'ingat'), ('ingat', 'bukan')]"
"['event', 'lg', 'bosen', 'trs', 'lg', 'event', 'lain']","[('event', 'lg'), ('lg', 'bosen'), ('bosen', 'trs'), ('trs', 'lg'), ('lg', 'event'), ('event', 'lain')]"
"['otak', 'normal', 'strees']","[('otak', 'normal'), ('normal', 'strees')]"
['keren'],[]
"['jangan', 'curang', 'musuh', 'komputer']","[('jangan', 'curang'), ('curang', 'musuh'), ('musuh', 'komputer')]"
['bagus'],[]
['enak'],[]
['rusak'],[]
"['selalu', 'beban', 'sengaja', 'troll', 'gelap', 'susah', 'naik', 'tahay']","[('selalu', 'beban'), ('beban', 'sengaja'), ('sengaja', 'troll'), ('troll', 'gelap'), ('gelap', 'susah'), ('susah', 'naik'), ('naik', 'tahay')]"
"['bangkrut', 'baru', 'paksa', 'diamond']","[('bangkrut', 'baru'), ('baru', 'paksa'), ('paksa', 'diamond')]"
"['brawl', 'slot']","[('brawl', 'slot')]"
"['seru', 'pokok']","[('seru', 'pokok')]"
"['juang', 'anj']","[('juang', 'anj')]"
"['stiap', 'ngestak', 'pdhl', 'mh', 'aman', 'tolong', 'segera', 'baik']","[('stiap', 'ngestak'), ('ngestak', 'pdhl'), ('pdhl', 'mh'), ('mh', 'aman'), ('aman', 'tolong'), ('tolong', 'segera'), ('segera', 'baik')]"
"['season', 'baru', 'ngomong', 'paling', 'parah', 'sndiri', 'tipikal', 'pernah', 'komplen', 'emng', 'kalah', 'pasti', 'lag', 'semua', 'lag', 'parah', 'musuh', 'pasti', 'gg', 'parah', 'terlalu', 'jgn', 'donlod', 'buruk']","[('season', 'baru'), ('baru', 'ngomong'), ('ngomong', 'paling'), ('paling', 'parah'), ('parah', 'sndiri'), ('sndiri', 'tipikal'), ('tipikal', 'pernah'), ('pernah', 'komplen'), ('komplen', 'emng'), ('emng', 'kalah'), ('kalah', 'pasti'), ('pasti', 'lag'), ('lag', 'semua'), ('semua', 'lag'), ('lag', 'parah'), ('parah', 'musuh'), ('musuh', 'pasti'), ('pasti', 'gg'), ('gg', 'parah'), ('parah', 'terlalu'), ('terlalu', 'jgn'), ('jgn', 'donlod'), ('donlod', 'buruk')]"
"['selalu', 'lag', 'tibaba', 'mati', 'baik']","[('selalu', 'lag'), ('lag', 'tibaba'), ('tibaba', 'mati'), ('mati', 'baik')]"
"['masa', 'full', 'baik', 'lag', 'sendiri', 'error', 'tolong', 'baik']","[('masa', 'full'), ('full', 'baik'), ('baik', 'lag'), ('lag', 'sendiri'), ('sendiri', 'error'), ('error', 'tolong'), ('tolong', 'baik')]"
"['banyak', 'banyak', 'istighfar']","[('banyak', 'banyak'), ('banyak', 'istighfar')]"
"['haram', 'naik', 'turun', 'naik', 'turun', 'asu', 'komputer']","[('haram', 'naik'), ('naik', 'turun'), ('turun', 'naik'), ('naik', 'turun'), ('turun', 'asu'), ('asu', 'komputer')]"
['bagus'],[]
"['teman', 'selalu', 'gelap', 'selalu', 'lag', 'buka', 'youtube', 'bagus', 'bagus', 'teman', 'gelap', 'ahk', 'benar', 'gg', 'pro', 'rating', 'satu', 'bintang', 'musuh', 'gg', 'sedang', 'bot', 'pokok', 'joki', 'proplayer', 'top', 'global']","[('teman', 'selalu'), ('selalu', 'gelap'), ('gelap', 'selalu'), ('selalu', 'lag'), ('lag', 'buka'), ('buka', 'youtube'), ('youtube', 'bagus'), ('bagus', 'bagus'), ('bagus', 'teman'), ('teman', 'gelap'), ('gelap', 'ahk'), ('ahk', 'benar'), ('benar', 'gg'), ('gg', 'pro'), ('pro', 'rating'), ('rating', 'satu'), ('satu', 'bintang'), ('bintang', 'musuh'), ('musuh', 'gg'), ('gg', 'sedang'), ('sedang', 'bot'), ('bot', 'pokok'), ('pokok', 'joki'), ('joki', 'proplayer'), ('proplayer', 'top'), ('top', 'global')]"
"['bagus', 'hd', 'cakep', 'bagus', 'utama', 'obsidia']","[('bagus', 'hd'), ('hd', 'cakep'), ('cakep', 'bagus'), ('bagus', 'utama'), ('utama', 'obsidia')]"
['seruu'],[]
"['keren', 'bagus', 'sedikit', 'kurang', 'yaitu', 'lag', 'stabil', 'harap', 'tanggap', 'ulas', 'baik']","[('keren', 'bagus'), ('bagus', 'sedikit'), ('sedikit', 'kurang'), ('kurang', 'yaitu'), ('yaitu', 'lag'), ('lag', 'stabil'), ('stabil', 'harap'), ('harap', 'tanggap'), ('tanggap', 'ulas'), ('ulas', 'baik')]"
"['update', 'sekarang', 'freeze', 'al', 'hasil', 'lose', 'streak', 'belum', 'update', 'lancar', 'kecewa']","[('update', 'sekarang'), ('sekarang', 'freeze'), ('freeze', 'al'), ('al', 'hasil'), ('hasil', 'lose'), ('lose', 'streak'), ('streak', 'belum'), ('belum', 'update'), ('update', 'lancar'), ('lancar', 'kecewa')]"
"['cukup', 'seru', 'makin', 'lama', 'makin', 'berat', 'hpku', 'bukan', 'gaming', 'gampang', 'panas']","[('cukup', 'seru'), ('seru', 'makin'), ('makin', 'lama'), ('lama', 'makin'), ('makin', 'berat'), ('berat', 'hpku'), ('hpku', 'bukan'), ('bukan', 'gaming'), ('gaming', 'gampang'), ('gampang', 'panas')]"
"['musuh', 'susah']","[('musuh', 'susah')]"
"['atas', 'teman', 'yaitu', 'samuel', 'prabowo', 'jika', 'guna', 'samar', 'anggap', 'langgar', 'atur', 'pasal', 'undangundang']","[('atas', 'teman'), ('teman', 'yaitu'), ('yaitu', 'samuel'), ('samuel', 'prabowo'), ('prabowo', 'jika'), ('jika', 'guna'), ('guna', 'samar'), ('samar', 'anggap'), ('anggap', 'langgar'), ('langgar', 'atur'), ('atur', 'pasal'), ('pasal', 'undangundang')]"
"['ngerank', 'bocil']","[('ngerank', 'bocil')]"
"['fikss', 'percaya', 'banyak', 'legends', 'bang', 'bang', 'pasti', 'banyak', 'ngalamin', 'bug', 'skill', 'sinyal', 'slalu', 'hilang', 'ingame', 'rating', 'b', 'tuju', 'pihak', 'bukan', 'dua', 'ngalamin', 'kyk', 'begini', 'performa', 'turun', 'bukan', 'cuma', 'banyak', 'banyak', 'pensi', 'masalah', 'bgni', 'contoh', 'teman', 'tolong', 'developer', 'baik', 'jt', 'lebih', 'wakil']","[('fikss', 'percaya'), ('percaya', 'banyak'), ('banyak', 'legends'), ('legends', 'bang'), ('bang', 'bang'), ('bang', 'pasti'), ('pasti', 'banyak'), ('banyak', 'ngalamin'), ('ngalamin', 'bug'), ('bug', 'skill'), ('skill', 'sinyal'), ('sinyal', 'slalu'), ('slalu', 'hilang'), ('hilang', 'ingame'), ('ingame', 'rating'), ('rating', 'b'), ('b', 'tuju'), ('tuju', 'pihak'), ('pihak', 'bukan'), ('bukan', 'dua'), ('dua', 'ngalamin'), ('ngalamin', 'kyk'), ('kyk', 'begini'), ('begini', 'performa'), ('performa', 'turun'), ('turun', 'bukan'), ('bukan', 'cuma'), ('cuma', 'banyak'), ('banyak', 'banyak'), ('banyak', 'pensi'), ('pensi', 'masalah'), ('masalah', 'bgni'), ('bgni', 'contoh'), ('contoh', 'teman'), ('teman', 'tolong'), ('tolong', 'developer'), ('developer', 'baik'), ('baik', 'jt'), ('jt', 'lebih'), ('lebih', 'wakil')]"
"['muas', 'tolong', 'gelap', 'rangin']","[('muas', 'tolong'), ('tolong', 'gelap'), ('gelap', 'rangin')]"
"['bagus', 'reting', 'bintang']","[('bagus', 'reting'), ('reting', 'bintang')]"
"['jelek', 'banyak', 'ewean', 'hapus']","[('jelek', 'banyak'), ('banyak', 'ewean'), ('ewean', 'hapus')]"
"['punya', 'kendala', 'yaitu', 'asik', 'sinyal', 'hilang', 'tampil', 'teks', 'hubung', 'tanding', 'umum', 'kuota', 'aktif', 'ping', 'hijau', 'sekitar', 'ms', 'entah', 'knp', 'makin', 'berat', 'kentang', 'sinyal', 'makin', 'kacau', 'moga', 'lain', 'lebih', 'baik']","[('punya', 'kendala'), ('kendala', 'yaitu'), ('yaitu', 'asik'), ('asik', 'sinyal'), ('sinyal', 'hilang'), ('hilang', 'tampil'), ('tampil', 'teks'), ('teks', 'hubung'), ('hubung', 'tanding'), ('tanding', 'umum'), ('umum', 'kuota'), ('kuota', 'aktif'), ('aktif', 'ping'), ('ping', 'hijau'), ('hijau', 'sekitar'), ('sekitar', 'ms'), ('ms', 'entah'), ('entah', 'knp'), ('knp', 'makin'), ('makin', 'berat'), ('berat', 'kentang'), ('kentang', 'sinyal'), ('sinyal', 'makin'), ('makin', 'kacau'), ('kacau', 'moga'), ('moga', 'lain'), ('lain', 'lebih'), ('lebih', 'baik')]"
"['represing', 'hilang', 'stres', 'nambah', 'stres', 'lost', 'treak', 'kon']","[('represing', 'hilang'), ('hilang', 'stres'), ('stres', 'nambah'), ('nambah', 'stres'), ('stres', 'lost'), ('lost', 'treak'), ('treak', 'kon')]"
"['tolol', 'jelas']","[('tolol', 'jelas')]"
"['buruk', 'sinyal', 'rusak', 'buruk', 'kematen', 'update', 'skin', 'kolektor', 'sinyal', 'dadak', 'hilang', 'lping', 'atas', 'begini', 'lama', 'banyak', 'uninstal', 'gara', 'sinyal', 'hilang', 'lostreak', 'njing']","[('buruk', 'sinyal'), ('sinyal', 'rusak'), ('rusak', 'buruk'), ('buruk', 'kematen'), ('kematen', 'update'), ('update', 'skin'), ('skin', 'kolektor'), ('kolektor', 'sinyal'), ('sinyal', 'dadak'), ('dadak', 'hilang'), ('hilang', 'lping'), ('lping', 'atas'), ('atas', 'begini'), ('begini', 'lama'), ('lama', 'banyak'), ('banyak', 'uninstal'), ('uninstal', 'gara'), ('gara', 'sinyal'), ('sinyal', 'hilang'), ('hilang', 'lostreak'), ('lostreak', 'njing')]"
"['emng', 't', 'buka', 'neng', 'stres']","[('emng', 't'), ('t', 'buka'), ('buka', 'neng'), ('neng', 'stres')]"
['bagus'],[]
"['keren', 'banget']","[('keren', 'banget')]"
"['tolong', 'jangan', 'darksistem', 'semua', 'anj', 'pen', 'mythic', 'glory', 'cok', 'liatt', 'komen']","[('tolong', 'jangan'), ('jangan', 'darksistem'), ('darksistem', 'semua'), ('semua', 'anj'), ('anj', 'pen'), ('pen', 'mythic'), ('mythic', 'glory'), ('glory', 'cok'), ('cok', 'liatt'), ('liatt', 'komen')]"
"['lag', 'lag', 'mid', 'baru', 'lag', 'gimana', 'kalah', 'dominasi', 'duluan', 'musuh']","[('lag', 'lag'), ('lag', 'mid'), ('mid', 'baru'), ('baru', 'lag'), ('lag', 'gimana'), ('gimana', 'kalah'), ('kalah', 'dominasi'), ('dominasi', 'duluan'), ('duluan', 'musuh')]"
"['makin', 'parah', 'lag']","[('makin', 'parah'), ('parah', 'lag')]"
"['jelas', 'gelap']","[('jelas', 'gelap')]"
"['minimal', 'nyepin', 'pernah', 'hoki', 'win', 'strikk', 'beri', 'komputer', 'semua', 'anj']","[('minimal', 'nyepin'), ('nyepin', 'pernah'), ('pernah', 'hoki'), ('hoki', 'win'), ('win', 'strikk'), ('strikk', 'beri'), ('beri', 'komputer'), ('komputer', 'semua'), ('semua', 'anj')]"
['bagus'],[]
"['bagi', 'skin']","[('bagi', 'skin')]"
"['asu', 'lag', 'sudah', 'pakek', 'wifipaket', 'dataa', 'tolol', 'babi', 'haramm']","[('asu', 'lag'), ('lag', 'sudah'), ('sudah', 'pakek'), ('pakek', 'wifipaket'), ('wifipaket', 'dataa'), ('dataa', 'tolol'), ('tolol', 'babi'), ('babi', 'haramm')]"
"['sihh', 'gede', 'lag', 'tolol']","[('sihh', 'gede'), ('gede', 'lag'), ('lag', 'tolol')]"
"['tolol', 'co']","[('tolol', 'co')]"
"['benar', 'milih', 'lawan', 'sendiri', 'imbang', 'bukan', 'vs', 'afkjangan', 'beban', 'ranked', 'benah', 'vs', 'padan', 'menang', 'kalah', 'urus', 'nanti', 'turun', 'ketemu', 'gelap', 'vs', 'lalu', 'vs', 'gelap', 'bukan', 'kalah', 'fear', 'vs', 'gapapa', 'classic', 'ketemu', 'gelap', 'vs']","[('benar', 'milih'), ('milih', 'lawan'), ('lawan', 'sendiri'), ('sendiri', 'imbang'), ('imbang', 'bukan'), ('bukan', 'vs'), ('vs', 'afkjangan'), ('afkjangan', 'beban'), ('beban', 'ranked'), ('ranked', 'benah'), ('benah', 'vs'), ('vs', 'padan'), ('padan', 'menang'), ('menang', 'kalah'), ('kalah', 'urus'), ('urus', 'nanti'), ('nanti', 'turun'), ('turun', 'ketemu'), ('ketemu', 'gelap'), ('gelap', 'vs'), ('vs', 'lalu'), ('lalu', 'vs'), ('vs', 'gelap'), ('gelap', 'bukan'), ('bukan', 'kalah'), ('kalah', 'fear'), ('fear', 'vs'), ('vs', 'gapapa'), ('gapapa', 'classic'), ('classic', 'ketemu'), ('ketemu', 'gelap'), ('gelap', 'vs')]"
['sampah'],[]
['redy'],[]
"['bintang', 'bukan', 'bagus', 'jelek', 'makin', 'sekarang', 'makin', 'ngebug', 'masa', 'loby', 'warna', 'ungu', 'draf', 'suka', 'lag', 'tambah', 'bagus', 'suka', 'lag']","[('bintang', 'bukan'), ('bukan', 'bagus'), ('bagus', 'jelek'), ('jelek', 'makin'), ('makin', 'sekarang'), ('sekarang', 'makin'), ('makin', 'ngebug'), ('ngebug', 'masa'), ('masa', 'loby'), ('loby', 'warna'), ('warna', 'ungu'), ('ungu', 'draf'), ('draf', 'suka'), ('suka', 'lag'), ('lag', 'tambah'), ('tambah', 'bagus'), ('bagus', 'suka'), ('suka', 'lag')]"
"['pencet', 'hubung', 'akun', 'wanya']","[('pencet', 'hubung'), ('hubung', 'akun'), ('akun', 'wanya')]"
"['offline', 'bintang', 'lima', 'biasa', 'hotspot', 'tetangga', 'lag', 'marah', 'pukul', 'gitu']","[('offline', 'bintang'), ('bintang', 'lima'), ('lima', 'biasa'), ('biasa', 'hotspot'), ('hotspot', 'tetangga'), ('tetangga', 'lag'), ('lag', 'marah'), ('marah', 'pukul'), ('pukul', 'gitu')]"
"['terlalu', 'banyak', 'jasa', 'joki', 'banyak', 'beban', 'ranked', 'ripot', 'pernah', 'hasil', 'walaupun', 'skor', 'gelap', 'kacau']","[('terlalu', 'banyak'), ('banyak', 'jasa'), ('jasa', 'joki'), ('joki', 'banyak'), ('banyak', 'beban'), ('beban', 'ranked'), ('ranked', 'ripot'), ('ripot', 'pernah'), ('pernah', 'hasil'), ('hasil', 'walaupun'), ('walaupun', 'skor'), ('skor', 'gelap'), ('gelap', 'kacau')]"
"['babi', 'benar']","[('babi', 'benar')]"
"['gelap', 'mlu', 'gmn', 'mles', 'hpus', 'ganti']","[('gelap', 'mlu'), ('mlu', 'gmn'), ('gmn', 'mles'), ('mles', 'hpus'), ('hpus', 'ganti')]"
"['parah', 'benar', 'selalu', 'lag', 'pdahal', 'bgus', 'sinyal', 'banyak', 'bug', 'nie', 'tolong', 'baik', 'perhati']","[('parah', 'benar'), ('benar', 'selalu'), ('selalu', 'lag'), ('lag', 'pdahal'), ('pdahal', 'bgus'), ('bgus', 'sinyal'), ('sinyal', 'banyak'), ('banyak', 'bug'), ('bug', 'nie'), ('nie', 'tolong'), ('tolong', 'baik'), ('baik', 'perhati')]"
['kombeck'],[]
"['kenapaa', 'sinyalnyaa', 'sinyal', 'bagus', 'lag', 'ahh', 'rusak', 'napa']","[('kenapaa', 'sinyalnyaa'), ('sinyalnyaa', 'sinyal'), ('sinyal', 'bagus'), ('bagus', 'lag'), ('lag', 'ahh'), ('ahh', 'rusak'), ('rusak', 'napa')]"
"['tolong', 'rangin', 'mb']","[('tolong', 'rangin'), ('rangin', 'mb')]"
"['oii', 'awas', 'misal', 'magic', 'core', 'reset', 'bulan', 'sumpahin', 'pasti', 'blunder', 'pasti', 'makin', 'sepi', 'nanti', 'gara', 'hal']","[('oii', 'awas'), ('awas', 'misal'), ('misal', 'magic'), ('magic', 'core'), ('core', 'reset'), ('reset', 'bulan'), ('bulan', 'sumpahin'), ('sumpahin', 'pasti'), ('pasti', 'blunder'), ('blunder', 'pasti'), ('pasti', 'makin'), ('makin', 'sepi'), ('sepi', 'nanti'), ('nanti', 'gara'), ('gara', 'hal')]"
"['akun', 'kenapa', 'kaitin', 'suatu', 'salah', 'satu', 'opsi', 'akun', 'ilang', 'bind']","[('akun', 'kenapa'), ('kenapa', 'kaitin'), ('kaitin', 'suatu'), ('suatu', 'salah'), ('salah', 'satu'), ('satu', 'opsi'), ('opsi', 'akun'), ('akun', 'ilang'), ('ilang', 'bind')]"
"['sekarang', 'mudah', 'lag', 'loding', 'lama', 'wifi', 'masuk', 'masuk', 'afk', 'mohon', 'bantu', 'pak']","[('sekarang', 'mudah'), ('mudah', 'lag'), ('lag', 'loding'), ('loding', 'lama'), ('lama', 'wifi'), ('wifi', 'masuk'), ('masuk', 'masuk'), ('masuk', 'afk'), ('afk', 'mohon'), ('mohon', 'bantu'), ('bantu', 'pak')]"
['bgus'],[]
"['mermerlukan', 'luar', 'biasa']","[('mermerlukan', 'luar'), ('luar', 'biasa')]"
"['bagus', 'kadang', 'masalah', 'seru', 'kesal', 'senang']","[('bagus', 'kadang'), ('kadang', 'masalah'), ('masalah', 'seru'), ('seru', 'kesal'), ('kesal', 'senang')]"
"['ngawur', 'high', 'mythical', 'glory', 'tinggi', 'ketemu', 'satu', 'high', 'mythic', 'mythical', 'bintang', 'ketemu', 'trio', 'tolong', 'perhati', 'bagus']","[('ngawur', 'high'), ('high', 'mythical'), ('mythical', 'glory'), ('glory', 'tinggi'), ('tinggi', 'ketemu'), ('ketemu', 'satu'), ('satu', 'high'), ('high', 'mythic'), ('mythic', 'mythical'), ('mythical', 'bintang'), ('bintang', 'ketemu'), ('ketemu', 'trio'), ('trio', 'tolong'), ('tolong', 'perhati'), ('perhati', 'bagus')]"
"['skin', 'bagus']","[('skin', 'bagus')]"
['anjg'],[]
"['simpel', 'gc', 'jelas', 'spell', 'retri', 'mala', 'ngpus', 'minion', 'kecewa', 'banget']","[('simpel', 'gc'), ('gc', 'jelas'), ('jelas', 'spell'), ('spell', 'retri'), ('retri', 'mala'), ('mala', 'ngpus'), ('ngpus', 'minion'), ('minion', 'kecewa'), ('kecewa', 'banget')]"
"['bagus', 'tahan', 'menara', 'tanpa', 'koneksi', 'pokok', 'bagus']","[('bagus', 'tahan'), ('tahan', 'menara'), ('menara', 'tanpa'), ('tanpa', 'koneksi'), ('koneksi', 'pokok'), ('pokok', 'bagus')]"
['rusak'],[]
"['saran', 'matchnya', 'buruk']","[('saran', 'matchnya'), ('matchnya', 'buruk')]"
"['strees', 'relog', 'lama', 'jelek', 'banyak', 'update', 'jelek']","[('strees', 'relog'), ('relog', 'lama'), ('lama', 'jelek'), ('jelek', 'banyak'), ('banyak', 'update'), ('update', 'jelek')]"
['nyusahin'],[]
"['seru', 'banyak', 'lag']","[('seru', 'banyak'), ('banyak', 'lag')]"
"['makas', 'sudah', 'lama', 'hibur', 'kadang', 'stres', 'banyak', 'kalah', 'gelap', 'systemnya', 'gapapa', 'bagus', 'beberapa', 'bug', 'update', 'tan', 'terimakasih']","[('makas', 'sudah'), ('sudah', 'lama'), ('lama', 'hibur'), ('hibur', 'kadang'), ('kadang', 'stres'), ('stres', 'banyak'), ('banyak', 'kalah'), ('kalah', 'gelap'), ('gelap', 'systemnya'), ('systemnya', 'gapapa'), ('gapapa', 'bagus'), ('bagus', 'beberapa'), ('beberapa', 'bug'), ('bug', 'update'), ('update', 'tan'), ('tan', 'terimakasih')]"
"['bintang', 'buruk', 'ee', 'semua']","[('bintang', 'buruk'), ('buruk', 'ee'), ('ee', 'semua')]"
"['baga', 'buang', 'sja']","[('baga', 'buang'), ('buang', 'sja')]"
['bagus'],[]
"['bagus', 'lag', 'jir']","[('bagus', 'lag'), ('lag', 'jir')]"
['seru'],[]
"['ta', 'akun', 'ban', 'sembarang', 'tasu']","[('ta', 'akun'), ('akun', 'ban'), ('ban', 'sembarang'), ('sembarang', 'tasu')]"
"['buruk', 'benar', 'anjg', 'ngasi', 'bapuk', 'benar', 'asuu', 'asu', 'boikot', 'anjg']","[('buruk', 'benar'), ('benar', 'anjg'), ('anjg', 'ngasi'), ('ngasi', 'bapuk'), ('bapuk', 'benar'), ('benar', 'asuu'), ('asuu', 'asu'), ('asu', 'boikot'), ('boikot', 'anjg')]"
"['bagus', 'banget', 'sinyal', 'baik']","[('bagus', 'banget'), ('banget', 'sinyal'), ('sinyal', 'baik')]"
"['makin', 'stres', 'koontol']","[('makin', 'stres'), ('stres', 'koontol')]"
"['sepi', 'matching', 'sampai', 'menit']","[('sepi', 'matching'), ('matching', 'sampai'), ('sampai', 'menit')]"
['taik'],[]
"['benar', 'masa', 'glory', 'ketemu', 'gtu', 'aneh', 'bngtt']","[('benar', 'masa'), ('masa', 'glory'), ('glory', 'ketemu'), ('ketemu', 'gtu'), ('gtu', 'aneh'), ('aneh', 'bngtt')]"
"['percuma', 'atur', 'draft', 'beberapa', 'imbang', 'banyak', 'feedtroll', 'makin', 'mls']","[('percuma', 'atur'), ('atur', 'draft'), ('draft', 'beberapa'), ('beberapa', 'imbang'), ('imbang', 'banyak'), ('banyak', 'feedtroll'), ('feedtroll', 'makin'), ('makin', 'mls')]"
"['bintang', 'jg', 'sudah', 'uninstall', 'hilang', 'sinyal', 'full']","[('bintang', 'jg'), ('jg', 'sudah'), ('sudah', 'uninstall'), ('uninstall', 'hilang'), ('hilang', 'sinyal'), ('sinyal', 'full')]"
"['opsi', 'report', 'tanding', 'guna', 'selain', 'afk', 'ayo', 'meski', 'medal', 'gold', 'bapuk', 'banyak', 'mati', 'push', 'tower', 'bagai', 'sebab', 'kalah', 'wajib', 'tindak', 'cerita', 'lebih', 'bagus', 'kemanamana', 'dalam', 'hal', 'tindak']","[('opsi', 'report'), ('report', 'tanding'), ('tanding', 'guna'), ('guna', 'selain'), ('selain', 'afk'), ('afk', 'ayo'), ('ayo', 'meski'), ('meski', 'medal'), ('medal', 'gold'), ('gold', 'bapuk'), ('bapuk', 'banyak'), ('banyak', 'mati'), ('mati', 'push'), ('push', 'tower'), ('tower', 'bagai'), ('bagai', 'sebab'), ('sebab', 'kalah'), ('kalah', 'wajib'), ('wajib', 'tindak'), ('tindak', 'cerita'), ('cerita', 'lebih'), ('lebih', 'bagus'), ('bagus', 'kemanamana'), ('kemanamana', 'dalam'), ('dalam', 'hal'), ('hal', 'tindak')]"
"['terlalu', 'banyak', 'akun', 'bot']","[('terlalu', 'banyak'), ('banyak', 'akun'), ('akun', 'bot')]"
['buruk'],[]
"['matching', 'benar', 'jelas']","[('matching', 'benar'), ('benar', 'jelas')]"
"['tolong', 'baik', 'bug', 'bug', 'jangan', 'event', 'patch', 'urusin', 'bug', 'bug', 'dalam', 'biarin', 'mana', 'pensi']","[('tolong', 'baik'), ('baik', 'bug'), ('bug', 'bug'), ('bug', 'jangan'), ('jangan', 'event'), ('event', 'patch'), ('patch', 'urusin'), ('urusin', 'bug'), ('bug', 'bug'), ('bug', 'dalam'), ('dalam', 'biarin'), ('biarin', 'mana'), ('mana', 'pensi')]"
"['dongo', 'mentang', 'peringkat', 'global', 'kawan', 'bot', 'lose']","[('dongo', 'mentang'), ('mentang', 'peringkat'), ('peringkat', 'global'), ('global', 'kawan'), ('kawan', 'bot'), ('bot', 'lose')]"
"['muntun', 'tolong', 'sinyaljaringan', 'jelek', 'paket', 'lancar', 'pernah', 'pakek', 'wifi', 'sinyal', 'tetap', 'buruk', 'kesel', 'knp', 'lag', 'gerak', 'teman', 'lancar', 'jalan', 'sinyal', 'jelek', 'otomatis', 'lihat', 'lag', 'knp', 'kesel', 'push', 'renk', 'barw', 'tolong', 'muntun', 'history', 'silver', 'coklat', 'kadang', 'afk', 'knp', 'sejak', 'ab', 'tahir', 'buruk']","[('muntun', 'tolong'), ('tolong', 'sinyaljaringan'), ('sinyaljaringan', 'jelek'), ('jelek', 'paket'), ('paket', 'lancar'), ('lancar', 'pernah'), ('pernah', 'pakek'), ('pakek', 'wifi'), ('wifi', 'sinyal'), ('sinyal', 'tetap'), ('tetap', 'buruk'), ('buruk', 'kesel'), ('kesel', 'knp'), ('knp', 'lag'), ('lag', 'gerak'), ('gerak', 'teman'), ('teman', 'lancar'), ('lancar', 'jalan'), ('jalan', 'sinyal'), ('sinyal', 'jelek'), ('jelek', 'otomatis'), ('otomatis', 'lihat'), ('lihat', 'lag'), ('lag', 'knp'), ('knp', 'kesel'), ('kesel', 'push'), ('push', 'renk'), ('renk', 'barw'), ('barw', 'tolong'), ('tolong', 'muntun'), ('muntun', 'history'), ('history', 'silver'), ('silver', 'coklat'), ('coklat', 'kadang'), ('kadang', 'afk'), ('afk', 'knp'), ('knp', 'sejak'), ('sejak', 'ab'), ('ab', 'tahir'), ('tahir', 'buruk')]"
"['banyak', 'bug', 'bagi', 'ngasal']","[('banyak', 'bug'), ('bug', 'bagi'), ('bagi', 'ngasal')]"
['oke'],[]
"['banyak', 'gelap']","[('banyak', 'gelap')]"
"['emng', 'seru', 'kadang', 'stres', 'neng', 'sdkit', 'lebih', 'banyak', 'stres', 'buka', 'bahagia', 'kasi', 'bot', 'semua', 'ngerti', 'menang', 'kalah', 'ngertii', 'walaupun', 'lama', 'kolo', 'giniin', 'bosen', 'terimakasih', 'thunny']","[('emng', 'seru'), ('seru', 'kadang'), ('kadang', 'stres'), ('stres', 'neng'), ('neng', 'sdkit'), ('sdkit', 'lebih'), ('lebih', 'banyak'), ('banyak', 'stres'), ('stres', 'buka'), ('buka', 'bahagia'), ('bahagia', 'kasi'), ('kasi', 'bot'), ('bot', 'semua'), ('semua', 'ngerti'), ('ngerti', 'menang'), ('menang', 'kalah'), ('kalah', 'ngertii'), ('ngertii', 'walaupun'), ('walaupun', 'lama'), ('lama', 'kolo'), ('kolo', 'giniin'), ('giniin', 'bosen'), ('bosen', 'terimakasih'), ('terimakasih', 'thunny')]"
"['pilih', 'freya', 'hadiah', 'topup', 'pertama', 'beleric']","[('pilih', 'freya'), ('freya', 'hadiah'), ('hadiah', 'topup'), ('topup', 'pertama'), ('pertama', 'beleric')]"
"['musuh', 'jago', 'dongo', 'capek', 'cok', 'ngegendong', 'gendong', 'tu']","[('musuh', 'jago'), ('jago', 'dongo'), ('dongo', 'capek'), ('capek', 'cok'), ('cok', 'ngegendong'), ('ngegendong', 'gendong'), ('gendong', 'tu')]"
"['tolong', 'baik', 'sinyalnyaping', 'selalu', 'merah', 'lelet']","[('tolong', 'baik'), ('baik', 'sinyalnyaping'), ('sinyalnyaping', 'selalu'), ('selalu', 'merah'), ('merah', 'lelet')]"
['suka'],[]
"['neng', 'kalah', 'muluk', 'gara', 'gara', 'seim', 'bang', 'tolong', 'jangan', 'sik', 'sa']","[('neng', 'kalah'), ('kalah', 'muluk'), ('muluk', 'gara'), ('gara', 'gara'), ('gara', 'seim'), ('seim', 'bang'), ('bang', 'tolong'), ('tolong', 'jangan'), ('jangan', 'sik'), ('sik', 'sa')]"
"['tolol', 'masalah', 'tulis', 'ruang', 'habis', 'banyak', 'tolol', 'gimana', 'tolol', 'banget', 'yatim']","[('tolol', 'masalah'), ('masalah', 'tulis'), ('tulis', 'ruang'), ('ruang', 'habis'), ('habis', 'banyak'), ('banyak', 'tolol'), ('tolol', 'gimana'), ('gimana', 'tolol'), ('tolol', 'banget'), ('banget', 'yatim')]"
"['hallo', 'tolong', 'server', 'rusak', 'semenjak', 'bug', 'border', 'avatar', 'alucard', 'lag', 'parah', 'ngefrezee', 'stuck', 'tampil', 'utama', 'kalaupun', 'bintang', 'nambah', 'menang', 'invalid']","[('hallo', 'tolong'), ('tolong', 'server'), ('server', 'rusak'), ('rusak', 'semenjak'), ('semenjak', 'bug'), ('bug', 'border'), ('border', 'avatar'), ('avatar', 'alucard'), ('alucard', 'lag'), ('lag', 'parah'), ('parah', 'ngefrezee'), ('ngefrezee', 'stuck'), ('stuck', 'tampil'), ('tampil', 'utama'), ('utama', 'kalaupun'), ('kalaupun', 'bintang'), ('bintang', 'nambah'), ('nambah', 'menang'), ('menang', 'invalid')]"
['oah'],[]
"['makin', 'makin', 'aneh', 'gelap', 'pernah', 'padan', 'opmeta', 'dipake', 'musuh', 'jago', 'bot', 'bilang', 'jago', 'bot', 'tolong']","[('makin', 'makin'), ('makin', 'aneh'), ('aneh', 'gelap'), ('gelap', 'pernah'), ('pernah', 'padan'), ('padan', 'opmeta'), ('opmeta', 'dipake'), ('dipake', 'musuh'), ('musuh', 'jago'), ('jago', 'bot'), ('bot', 'bilang'), ('bilang', 'jago'), ('jago', 'bot'), ('bot', 'tolong')]"
"['no', 'comment']","[('no', 'comment')]"
"['keran', 'suka']","[('keran', 'suka')]"
"['ko', 'sekarang', 'susah', 'buka', 'yh', 'sayah']","[('ko', 'sekarang'), ('sekarang', 'susah'), ('susah', 'buka'), ('buka', 'yh'), ('yh', 'sayah')]"
"['turun', 'harga', 'dm']","[('turun', 'harga'), ('harga', 'dm')]"
"['cpe', 'ketemu', 'gelap', 'semua', 'jadeh', 'makin', 'banyak', 'gelap', 'banyak', 'ngtik', 'sok', 'jago', 'hadeh', 'hadeh', 'abk', 'semua', 'cpe', 'ge', 'cpe', 'gendong', 'ketemu', 'abk', 'tolong', 'abk', 'usah', 'cpe', 'dongo', 'semua', 'cpe', 'gendong', 'dongo', 'ajg']","[('cpe', 'ketemu'), ('ketemu', 'gelap'), ('gelap', 'semua'), ('semua', 'jadeh'), ('jadeh', 'makin'), ('makin', 'banyak'), ('banyak', 'gelap'), ('gelap', 'banyak'), ('banyak', 'ngtik'), ('ngtik', 'sok'), ('sok', 'jago'), ('jago', 'hadeh'), ('hadeh', 'hadeh'), ('hadeh', 'abk'), ('abk', 'semua'), ('semua', 'cpe'), ('cpe', 'ge'), ('ge', 'cpe'), ('cpe', 'gendong'), ('gendong', 'ketemu'), ('ketemu', 'abk'), ('abk', 'tolong'), ('tolong', 'abk'), ('abk', 'usah'), ('usah', 'cpe'), ('cpe', 'dongo'), ('dongo', 'semua'), ('semua', 'cpe'), ('cpe', 'gendong'), ('gendong', 'dongo'), ('dongo', 'ajg')]"
['bagus'],[]
"['kasi', 'yng', 'bagus', 'napa', 'capek', 'kalah', 'kontol']","[('kasi', 'yng'), ('yng', 'bagus'), ('bagus', 'napa'), ('napa', 'capek'), ('capek', 'kalah'), ('kalah', 'kontol')]"
"['tai', 'bot', 'mending', 'hapus']","[('tai', 'bot'), ('bot', 'mending'), ('mending', 'hapus')]"
"['buruk', 'ping', 'merah', 'payah', 'ubah']","[('buruk', 'ping'), ('ping', 'merah'), ('merah', 'payah'), ('payah', 'ubah')]"
"['rusak', 'mitic', 'tabrakin', 'miskirkisd']","[('rusak', 'mitic'), ('mitic', 'tabrakin'), ('tabrakin', 'miskirkisd')]"
"['habis', 'abdet', 'tambah', 'jelas', 'gems', 'internet', 'ilang', 'mohon', 'segera', 'perhati', 'nyaman', 'para']","[('habis', 'abdet'), ('abdet', 'tambah'), ('tambah', 'jelas'), ('jelas', 'gems'), ('gems', 'internet'), ('internet', 'ilang'), ('ilang', 'mohon'), ('mohon', 'segera'), ('segera', 'perhati'), ('perhati', 'nyaman'), ('nyaman', 'para')]"
"['benar', 'masa', 'layla', 'janggel', 'benar', 'baru', 'bintang', 'beban', 'asa', 'musuh', 'bagus', 'bagus', 'agak', 'jago']","[('benar', 'masa'), ('masa', 'layla'), ('layla', 'janggel'), ('janggel', 'benar'), ('benar', 'baru'), ('baru', 'bintang'), ('bintang', 'beban'), ('beban', 'asa'), ('asa', 'musuh'), ('musuh', 'bagus'), ('bagus', 'bagus'), ('bagus', 'agak'), ('agak', 'jago')]"
"['fider', 'ripot', 'nunggu', 'dlu', 'aneh', 'bngt', 'mending', 'epep', 'rusak']","[('fider', 'ripot'), ('ripot', 'nunggu'), ('nunggu', 'dlu'), ('dlu', 'aneh'), ('aneh', 'bngt'), ('bngt', 'mending'), ('mending', 'epep'), ('epep', 'rusak')]"
"['samakin', 'update', 'makin', 'busuk', 'sinyal', 'macet', 'tolong', 'prngertiannya']","[('samakin', 'update'), ('update', 'makin'), ('makin', 'busuk'), ('busuk', 'sinyal'), ('sinyal', 'macet'), ('macet', 'tolong'), ('tolong', 'prngertiannya')]"
"['buruk', 'rekomendasi', 'cocok', 'buang', 'sampah']","[('buruk', 'rekomendasi'), ('rekomendasi', 'cocok'), ('cocok', 'buang'), ('buang', 'sampah')]"
['favorit'],[]
"['woy', 'kw', 'benar', 'lol', 'kw', 'beri', 'benar', 'ibarat', 'rombong', 'pascol', 'lawan', 'skaylar', 'tolol', 'kw', 'kalah', 'mvp', 'montan', 'capek', 'normal', 'mitic', 'hanabi', 'ispayer', 'zilong', 'roam', 'tol']","[('woy', 'kw'), ('kw', 'benar'), ('benar', 'lol'), ('lol', 'kw'), ('kw', 'beri'), ('beri', 'benar'), ('benar', 'ibarat'), ('ibarat', 'rombong'), ('rombong', 'pascol'), ('pascol', 'lawan'), ('lawan', 'skaylar'), ('skaylar', 'tolol'), ('tolol', 'kw'), ('kw', 'kalah'), ('kalah', 'mvp'), ('mvp', 'montan'), ('montan', 'capek'), ('capek', 'normal'), ('normal', 'mitic'), ('mitic', 'hanabi'), ('hanabi', 'ispayer'), ('ispayer', 'zilong'), ('zilong', 'roam'), ('roam', 'tol')]"
"['gatel', 'teman', 'satu', 'jelek', 'buruk', 'kalah', 'kalah', 'mvp', 'satu', 'beban', 'tolong', 'bantu', 'asal', 'asal', 'ban']","[('gatel', 'teman'), ('teman', 'satu'), ('satu', 'jelek'), ('jelek', 'buruk'), ('buruk', 'kalah'), ('kalah', 'kalah'), ('kalah', 'mvp'), ('mvp', 'satu'), ('satu', 'beban'), ('beban', 'tolong'), ('tolong', 'bantu'), ('bantu', 'asal'), ('asal', 'asal'), ('asal', 'ban')]"
"['seru', 'iy']","[('seru', 'iy')]"
"['lihat', 'ulas', 'banyak', 'komen', 'bahkan', 'banyak', 'celah', 'ngak', 'ppa', 'bot', 'kurang', 'faham', 'hadap', 'dalam', 'se', 'pasti', 'satu', 'bodoh', 'klu', 'begini', 'banyak', 'pindah']","[('lihat', 'ulas'), ('ulas', 'banyak'), ('banyak', 'komen'), ('komen', 'bahkan'), ('bahkan', 'banyak'), ('banyak', 'celah'), ('celah', 'ngak'), ('ngak', 'ppa'), ('ppa', 'bot'), ('bot', 'kurang'), ('kurang', 'faham'), ('faham', 'hadap'), ('hadap', 'dalam'), ('dalam', 'se'), ('se', 'pasti'), ('pasti', 'satu'), ('satu', 'bodoh'), ('bodoh', 'klu'), ('klu', 'begini'), ('begini', 'banyak'), ('banyak', 'pindah')]"
['bagus'],[]
"['adil', 'bagi']","[('adil', 'bagi')]"
['bagus'],[]
"['abis', 'draft', 'kenapa', 'ngeframe', 'sudah', 'tengah', 'suka', 'lag']","[('abis', 'draft'), ('draft', 'kenapa'), ('kenapa', 'ngeframe'), ('ngeframe', 'sudah'), ('sudah', 'tengah'), ('tengah', 'suka'), ('suka', 'lag')]"
"['heh', 'monoton', 'beri', 'benar', 'sore', 'nyampe', 'subuh', 'ubah', 'makin', 'update', 'makin', 'rusak', 'ganti', 'rusak']","[('heh', 'monoton'), ('monoton', 'beri'), ('beri', 'benar'), ('benar', 'sore'), ('sore', 'nyampe'), ('nyampe', 'subuh'), ('subuh', 'ubah'), ('ubah', 'makin'), ('makin', 'update'), ('update', 'makin'), ('makin', 'rusak'), ('rusak', 'ganti'), ('ganti', 'rusak')]"
"['knpa', 'sekarang', 'lag', 'bagus']","[('knpa', 'sekarang'), ('sekarang', 'lag'), ('lag', 'bagus')]"
"['sll', 'teman', 'buruk', 'pdhl', 'musuh', 'pro', 'jelas', 'uninstall', 'bye', 'th', 'nyata', 'bnr', 'bukan', 'have', 'fun', 'stres']","[('sll', 'teman'), ('teman', 'buruk'), ('buruk', 'pdhl'), ('pdhl', 'musuh'), ('musuh', 'pro'), ('pro', 'jelas'), ('jelas', 'uninstall'), ('uninstall', 'bye'), ('bye', 'th'), ('th', 'nyata'), ('nyata', 'bnr'), ('bnr', 'bukan'), ('bukan', 'have'), ('have', 'fun'), ('fun', 'stres')]"
"['gam', 'jelas', 'server', 'lag', 'parah', 'belum', 'rusak', 'lancar', 'draf', 'pik', 'serfer', 'lag', 'rusak', 'nugini', 'nyaingin', 'enak', 'mundur', 'suara', 'dengerin', 'rusak', 'salah', 'serfer', 'muak', 'lag', 'ngek', 'begini', 'lama', 'lama', 'pindah', 'nanti', 'baru']","[('gam', 'jelas'), ('jelas', 'server'), ('server', 'lag'), ('lag', 'parah'), ('parah', 'belum'), ('belum', 'rusak'), ('rusak', 'lancar'), ('lancar', 'draf'), ('draf', 'pik'), ('pik', 'serfer'), ('serfer', 'lag'), ('lag', 'rusak'), ('rusak', 'nugini'), ('nugini', 'nyaingin'), ('nyaingin', 'enak'), ('enak', 'mundur'), ('mundur', 'suara'), ('suara', 'dengerin'), ('dengerin', 'rusak'), ('rusak', 'salah'), ('salah', 'serfer'), ('serfer', 'muak'), ('muak', 'lag'), ('lag', 'ngek'), ('ngek', 'begini'), ('begini', 'lama'), ('lama', 'lama'), ('lama', 'pindah'), ('pindah', 'nanti'), ('nanti', 'baru')]"
"['nakin', 'lama', 'signal', 'makin', 'parah', 'signal', 'lancarr', 'hilang', 'frezz', 'jelas', 'banyak', 'an', 'update', 'skin', 'doank', 'perhatiin', 'unistal', 'ganti', 'rugi', 'bintang', 'minus', 'minus', 'skor']","[('nakin', 'lama'), ('lama', 'signal'), ('signal', 'makin'), ('makin', 'parah'), ('parah', 'signal'), ('signal', 'lancarr'), ('lancarr', 'hilang'), ('hilang', 'frezz'), ('frezz', 'jelas'), ('jelas', 'banyak'), ('banyak', 'an'), ('an', 'update'), ('update', 'skin'), ('skin', 'doank'), ('doank', 'perhatiin'), ('perhatiin', 'unistal'), ('unistal', 'ganti'), ('ganti', 'rugi'), ('rugi', 'bintang'), ('bintang', 'minus'), ('minus', 'minus'), ('minus', 'skor')]"
"['mohon', 'bosan', 'kalah', 'menang', 'menang', 'pasti', 'lanjut', 'kalah', 'bosan', 'jika', 'punya', 'teman', 'mabar', 'rekomendasi', 'mendownload']","[('mohon', 'bosan'), ('bosan', 'kalah'), ('kalah', 'menang'), ('menang', 'menang'), ('menang', 'pasti'), ('pasti', 'lanjut'), ('lanjut', 'kalah'), ('kalah', 'bosan'), ('bosan', 'jika'), ('jika', 'punya'), ('punya', 'teman'), ('teman', 'mabar'), ('mabar', 'rekomendasi'), ('rekomendasi', 'mendownload')]"
"['this', 'not', 'fair']","[('this', 'not'), ('not', 'fair')]"
"['moga', 'meningal', 'dunia', 'aminn']","[('moga', 'meningal'), ('meningal', 'dunia'), ('dunia', 'aminn')]"
"['sinyal', 'sekarang', 'buruk', 'full']","[('sinyal', 'sekarang'), ('sekarang', 'buruk'), ('buruk', 'full')]"
"['putus', 'henti', 'makin', 'lama', 'makin', 'jelas', 'tanding', 'feeder', 'lawan', 'pro', 'hibur', 'emosi', 'buruk']","[('putus', 'henti'), ('henti', 'makin'), ('makin', 'lama'), ('lama', 'makin'), ('makin', 'jelas'), ('jelas', 'tanding'), ('tanding', 'feeder'), ('feeder', 'lawan'), ('lawan', 'pro'), ('pro', 'hibur'), ('hibur', 'emosi'), ('emosi', 'buruk')]"
"['tolol', 'anjg']","[('tolol', 'anjg')]"
"['aneh', 'kaga', 'pernah', 'benar', 'tolol']","[('aneh', 'kaga'), ('kaga', 'pernah'), ('pernah', 'benar'), ('benar', 'tolol')]"
"['games', 'filled', 'with', 'gelap', 'systems']","[('games', 'filled'), ('filled', 'with'), ('with', 'gelap'), ('gelap', 'systems')]"
"['para', 'streamer', 'pd', 'pindah', 'roblox', 'auto', 'sepi', 'rating', 'y', 'drop']","[('para', 'streamer'), ('streamer', 'pd'), ('pd', 'pindah'), ('pindah', 'roblox'), ('roblox', 'auto'), ('auto', 'sepi'), ('sepi', 'rating'), ('rating', 'y'), ('y', 'drop')]"
"['punya', 'ngk', 'diri', 'tolol', 'amat', 'mentang', 'mentang', 'tolol', 'tolol', 'semua', 'haram']","[('punya', 'ngk'), ('ngk', 'diri'), ('diri', 'tolol'), ('tolol', 'amat'), ('amat', 'mentang'), ('mentang', 'mentang'), ('mentang', 'tolol'), ('tolol', 'tolol'), ('tolol', 'semua'), ('semua', 'haram')]"
"['kecewa', 'rasio', 'rusak', 'gara', 'akun', 'baru']","[('kecewa', 'rasio'), ('rasio', 'rusak'), ('rusak', 'gara'), ('gara', 'akun'), ('akun', 'baru')]"
['suka'],[]
"['isi', 'tolol', 'ras', 'matching', 'rusak', 'idiot']","[('isi', 'tolol'), ('tolol', 'ras'), ('ras', 'matching'), ('matching', 'rusak'), ('rusak', 'idiot')]"
"['makin', 'makin', 'jelas', 'satu', 'ktemu', 'musuh', 'keras', 'abangabang', 'imo', 'layer', 'evic', 'smua', 'jelas', 'adaada', 'lost', 'trek', 'wr', 'hancur', 'mmr', 'ancur', 'ngerti', 'sudah', 'males', 'lamalama']","[('makin', 'makin'), ('makin', 'jelas'), ('jelas', 'satu'), ('satu', 'ktemu'), ('ktemu', 'musuh'), ('musuh', 'keras'), ('keras', 'abangabang'), ('abangabang', 'imo'), ('imo', 'layer'), ('layer', 'evic'), ('evic', 'smua'), ('smua', 'jelas'), ('jelas', 'adaada'), ('adaada', 'lost'), ('lost', 'trek'), ('trek', 'wr'), ('wr', 'hancur'), ('hancur', 'mmr'), ('mmr', 'ancur'), ('ancur', 'ngerti'), ('ngerti', 'sudah'), ('sudah', 'males'), ('males', 'lamalama')]"
['lancar'],[]
"['bug', 'bahkan', 'beri', 'deg', 'musuh', 'lipat']","[('bug', 'bahkan'), ('bahkan', 'beri'), ('beri', 'deg'), ('deg', 'musuh'), ('musuh', 'lipat')]"
"['sebenernya', 'suka', 'banget', 'legand', 'cuma', 'sekarang', 'line', 'tentu', 'kurang', 'suka', 'banget', 'punya', 'banyak']","[('sebenernya', 'suka'), ('suka', 'banget'), ('banget', 'legand'), ('legand', 'cuma'), ('cuma', 'sekarang'), ('sekarang', 'line'), ('line', 'tentu'), ('tentu', 'kurang'), ('kurang', 'suka'), ('suka', 'banget'), ('banget', 'punya'), ('punya', 'banyak')]"
"['selalu', 'kurang', 'bagus']","[('selalu', 'kurang'), ('kurang', 'bagus')]"
"['lag', 'bareng', 'beda', 'tempat', 'beda', 'beda', 'sinyal']","[('lag', 'bareng'), ('bareng', 'beda'), ('beda', 'tempat'), ('tempat', 'beda'), ('beda', 'beda'), ('beda', 'sinyal')]"
['haram'],[]
"['nerf', 'cici', 'cok']","[('nerf', 'cici'), ('cici', 'cok')]"
"['bodoh', 'tres', 'pemainyah', 'apdetan', 'baru', 'kecewa']","[('bodoh', 'tres'), ('tres', 'pemainyah'), ('pemainyah', 'apdetan'), ('apdetan', 'baru'), ('baru', 'kecewa')]"
"['tolong', 'optimal', 'bagus', 'lag', 'makin', 'update', 'makin', 'perag']","[('tolong', 'optimal'), ('optimal', 'bagus'), ('bagus', 'lag'), ('lag', 'makin'), ('makin', 'update'), ('update', 'makin'), ('makin', 'perag')]"
"['terlalu', 'berat', 'pangkat', 'kecil', 'musuh', 'imbang', 'problem', 'tidahanya', 'stres', 'musuh', 'jago', 'sudah', 'lama', 'sedakan', 'baru', 'indonesia', 'cepat', 'baik', 'adil', 'benar', 'bagus', 'musuh', 'berat', 'adil', 'mohon', 'maaf', 'jika', 'sopan', 'maaf']","[('terlalu', 'berat'), ('berat', 'pangkat'), ('pangkat', 'kecil'), ('kecil', 'musuh'), ('musuh', 'imbang'), ('imbang', 'problem'), ('problem', 'tidahanya'), ('tidahanya', 'stres'), ('stres', 'musuh'), ('musuh', 'jago'), ('jago', 'sudah'), ('sudah', 'lama'), ('lama', 'sedakan'), ('sedakan', 'baru'), ('baru', 'indonesia'), ('indonesia', 'cepat'), ('cepat', 'baik'), ('baik', 'adil'), ('adil', 'benar'), ('benar', 'bagus'), ('bagus', 'musuh'), ('musuh', 'berat'), ('berat', 'adil'), ('adil', 'mohon'), ('mohon', 'maaf'), ('maaf', 'jika'), ('jika', 'sopan'), ('sopan', 'maaf')]"
"['rugi', 'bagai', 'oke', 'dpet', 'slalu', 'gajelas', 'apalgi', 'prapilih', 'role', 'maksain', 'role', 'guna', 'pilih', 'dpetnya', 'roam', 'kyaknya', 'mulai', 'mikirin', 'perihal', 'dpet', 'mvp', 'kalah', 'tetap', 'nmbah', 'bintang', 'sbagai', 'bentuk', 'apresiasi', 'rugi', 'tenaga', 'mmr', 'winrate', 'bintang', 'turun', 'mikir', 'bagus', 'win', 'cuma', 'lose', 'mvp', 'semua', 'kgak', 'nyesek', 'weh', 'mikir', 'woy', 'buruk']","[('rugi', 'bagai'), ('bagai', 'oke'), ('oke', 'dpet'), ('dpet', 'slalu'), ('slalu', 'gajelas'), ('gajelas', 'apalgi'), ('apalgi', 'prapilih'), ('prapilih', 'role'), ('role', 'maksain'), ('maksain', 'role'), ('role', 'guna'), ('guna', 'pilih'), ('pilih', 'dpetnya'), ('dpetnya', 'roam'), ('roam', 'kyaknya'), ('kyaknya', 'mulai'), ('mulai', 'mikirin'), ('mikirin', 'perihal'), ('perihal', 'dpet'), ('dpet', 'mvp'), ('mvp', 'kalah'), ('kalah', 'tetap'), ('tetap', 'nmbah'), ('nmbah', 'bintang'), ('bintang', 'sbagai'), ('sbagai', 'bentuk'), ('bentuk', 'apresiasi'), ('apresiasi', 'rugi'), ('rugi', 'tenaga'), ('tenaga', 'mmr'), ('mmr', 'winrate'), ('winrate', 'bintang'), ('bintang', 'turun'), ('turun', 'mikir'), ('mikir', 'bagus'), ('bagus', 'win'), ('win', 'cuma'), ('cuma', 'lose'), ('lose', 'mvp'), ('mvp', 'semua'), ('semua', 'kgak'), ('kgak', 'nyesek'), ('nyesek', 'weh'), ('weh', 'mikir'), ('mikir', 'woy'), ('woy', 'buruk')]"
"['admin', 'anjg', 'bot', 'trs']","[('admin', 'anjg'), ('anjg', 'bot'), ('bot', 'trs')]"
"['banyak', 'update', 'kualitas', 'buruk', 'kikir', 'babi']","[('banyak', 'update'), ('update', 'kualitas'), ('kualitas', 'buruk'), ('buruk', 'kikir'), ('kikir', 'babi')]"
"['report', 'adu', 'customer', 'servicenya', 'baik', 'jawab', 'template', 'solusi', 'parah', 'kenal', 'sampah']","[('report', 'adu'), ('adu', 'customer'), ('customer', 'servicenya'), ('servicenya', 'baik'), ('baik', 'jawab'), ('jawab', 'template'), ('template', 'solusi'), ('solusi', 'parah'), ('parah', 'kenal'), ('kenal', 'sampah')]"
"['tanya', 'perihal', 'adil', 'alami', 'kalah', 'masif', 'fair', 'selalu', 'rugi', 'rekan', 'coba', 'report', 'tindak', 'lanjut', 'jawab', 'baik', 'dar', 'minta', 'maaf', 'mungkin', 'buruk', 'pernah', 'terimakasih']","[('tanya', 'perihal'), ('perihal', 'adil'), ('adil', 'alami'), ('alami', 'kalah'), ('kalah', 'masif'), ('masif', 'fair'), ('fair', 'selalu'), ('selalu', 'rugi'), ('rugi', 'rekan'), ('rekan', 'coba'), ('coba', 'report'), ('report', 'tindak'), ('tindak', 'lanjut'), ('lanjut', 'jawab'), ('jawab', 'baik'), ('baik', 'dar'), ('dar', 'minta'), ('minta', 'maaf'), ('maaf', 'mungkin'), ('mungkin', 'buruk'), ('buruk', 'pernah'), ('pernah', 'terimakasih')]"
['kontol'],[]
"['tolong', 'lh', 'hapus', 'darksistem', 'lebih', 'tanding', 'stuck', 'situ', 'pasti', 'darksistem', 'capek', 'cok', 'bukan', 'have', 'fun', 'stres']","[('tolong', 'lh'), ('lh', 'hapus'), ('hapus', 'darksistem'), ('darksistem', 'lebih'), ('lebih', 'tanding'), ('tanding', 'stuck'), ('stuck', 'situ'), ('situ', 'pasti'), ('pasti', 'darksistem'), ('darksistem', 'capek'), ('capek', 'cok'), ('cok', 'bukan'), ('bukan', 'have'), ('have', 'fun'), ('fun', 'stres')]"
"['mikirr', 'beri', 'matching', 'romawi', 'plus', 'sedang', 'musuh', 'full', 'glory', 'emng', 'tambah', 'stres', 'heran', 'adil', 'banget', 'benar', 'benar', 'rusak', 'rusak', 'ws', 'lgsng', 'ls']","[('mikirr', 'beri'), ('beri', 'matching'), ('matching', 'romawi'), ('romawi', 'plus'), ('plus', 'sedang'), ('sedang', 'musuh'), ('musuh', 'full'), ('full', 'glory'), ('glory', 'emng'), ('emng', 'tambah'), ('tambah', 'stres'), ('stres', 'heran'), ('heran', 'adil'), ('adil', 'banget'), ('banget', 'benar'), ('benar', 'benar'), ('benar', 'rusak'), ('rusak', 'rusak'), ('rusak', 'ws'), ('ws', 'lgsng'), ('lgsng', 'ls')]"
['kranjingan'],[]
"['jangan', 'bro', 'buang', 'buang']","[('jangan', 'bro'), ('bro', 'buang'), ('buang', 'buang')]"
"['cari', 'imbang']","[('cari', 'imbang')]"
"['daerah', 'jawa', 'timur', 'jawa', 'tengah', 'mati', 'babi']","[('daerah', 'jawa'), ('jawa', 'timur'), ('timur', 'jawa'), ('jawa', 'tengah'), ('tengah', 'mati'), ('mati', 'babi')]"
"['macam', 'isi', 'balita', 'gelap', 'semua']","[('macam', 'isi'), ('isi', 'balita'), ('balita', 'gelap'), ('gelap', 'semua')]"
"['benar', 'benar', 'aneh', 'bagus', 'lag', 'kadang', 'hapus', 'baru']","[('benar', 'benar'), ('benar', 'aneh'), ('aneh', 'bagus'), ('bagus', 'lag'), ('lag', 'kadang'), ('kadang', 'hapus'), ('hapus', 'baru')]"
"['aneh', 'selalu', 'gelap', 'stres', 'orng']","[('aneh', 'selalu'), ('selalu', 'gelap'), ('gelap', 'stres'), ('stres', 'orng')]"
"['kontol', 'lag']","[('kontol', 'lag')]"
"['cl', 'imbang', 'masa', 'bagai', 'beban', 'musuh', 'jago', 'skill', 'sudah', 'gitu', 'wr', 'balance', 'pula', 'kalah', 'turun', 'banyak', 'win', 'naik', 'sedikit', 'sinyal', 'turun', 'naiklag', 'jumping', 'sinyal', 'tes', 'hijau', 'masalah', 'segera', 'atas', 'tetap', 'bintang', 'satu', 'dasar', 'tambah', 'stres']","[('cl', 'imbang'), ('imbang', 'masa'), ('masa', 'bagai'), ('bagai', 'beban'), ('beban', 'musuh'), ('musuh', 'jago'), ('jago', 'skill'), ('skill', 'sudah'), ('sudah', 'gitu'), ('gitu', 'wr'), ('wr', 'balance'), ('balance', 'pula'), ('pula', 'kalah'), ('kalah', 'turun'), ('turun', 'banyak'), ('banyak', 'win'), ('win', 'naik'), ('naik', 'sedikit'), ('sedikit', 'sinyal'), ('sinyal', 'turun'), ('turun', 'naiklag'), ('naiklag', 'jumping'), ('jumping', 'sinyal'), ('sinyal', 'tes'), ('tes', 'hijau'), ('hijau', 'masalah'), ('masalah', 'segera'), ('segera', 'atas'), ('atas', 'tetap'), ('tetap', 'bintang'), ('bintang', 'satu'), ('satu', 'dasar'), ('dasar', 'tambah'), ('tambah', 'stres')]"
"['abis', 'baru', 'makin', 'lag', 'bagus']","[('abis', 'baru'), ('baru', 'makin'), ('makin', 'lag'), ('lag', 'bagus')]"
"['jelek', 'bnyk', 'gelap']","[('jelek', 'bnyk'), ('bnyk', 'gelap')]"
['tolol'],[]
"['beri', 'pernah', 'benar', 'tolol']","[('beri', 'pernah'), ('pernah', 'benar'), ('benar', 'tolol')]"
"['tolol', 'rate', 'bagus', 'report', 'laen', 'kurang', 'ks', 'report', 'respon', 'buangsat']","[('tolol', 'rate'), ('rate', 'bagus'), ('bagus', 'report'), ('report', 'laen'), ('laen', 'kurang'), ('kurang', 'ks'), ('ks', 'report'), ('report', 'respon'), ('respon', 'buangsat')]"
"['waras', 'dongo', 'moontod', 'poke']","[('waras', 'dongo'), ('dongo', 'moontod'), ('moontod', 'poke')]"
"['rusak', 'stres']","[('rusak', 'stres')]"
"['rusak', 'sumpah']","[('rusak', 'sumpah')]"
"['tolong', 'ban', 'trol', 'masa', 'make', 'zilong', 'mid', 'bilang', 'menang', 'dia', 'mati', 'nyalahin', 'satu', 'teman', 'ngedukung', 'pula', 'make', 'zilong', 'mid', 'lelah', 'pepek']","[('tolong', 'ban'), ('ban', 'trol'), ('trol', 'masa'), ('masa', 'make'), ('make', 'zilong'), ('zilong', 'mid'), ('mid', 'bilang'), ('bilang', 'menang'), ('menang', 'dia'), ('dia', 'mati'), ('mati', 'nyalahin'), ('nyalahin', 'satu'), ('satu', 'teman'), ('teman', 'ngedukung'), ('ngedukung', 'pula'), ('pula', 'make'), ('make', 'zilong'), ('zilong', 'mid'), ('mid', 'lelah'), ('lelah', 'pepek')]"
"['sportif', 'adil', 'kurang', 'sportif', 'selalu', 'anggap', 'laku', 'langgar', 'kurang', 'skor', 'poin', 'admin', 'bagus', 'sportif', 'jangan', 'cundang', 'selalu', 'pihak', 'kepada', 'lain', 'cam', 'baik', 'baik', 'ingat', 'paham']","[('sportif', 'adil'), ('adil', 'kurang'), ('kurang', 'sportif'), ('sportif', 'selalu'), ('selalu', 'anggap'), ('anggap', 'laku'), ('laku', 'langgar'), ('langgar', 'kurang'), ('kurang', 'skor'), ('skor', 'poin'), ('poin', 'admin'), ('admin', 'bagus'), ('bagus', 'sportif'), ('sportif', 'jangan'), ('jangan', 'cundang'), ('cundang', 'selalu'), ('selalu', 'pihak'), ('pihak', 'kepada'), ('kepada', 'lain'), ('lain', 'cam'), ('cam', 'baik'), ('baik', 'baik'), ('baik', 'ingat'), ('ingat', 'paham')]"
"['reng', 'kecil', 'kasi', 'lwan', 'reng', 'tinggi', 'pasti', 'kalah']","[('reng', 'kecil'), ('kecil', 'kasi'), ('kasi', 'lwan'), ('lwan', 'reng'), ('reng', 'tinggi'), ('tinggi', 'pasti'), ('pasti', 'kalah')]"
"['ngapasi', 'lag', 'make', 'kouta', 'lag', 'kontes', 'lord', 'lag']","[('ngapasi', 'lag'), ('lag', 'make'), ('make', 'kouta'), ('kouta', 'lag'), ('lag', 'kontes'), ('kontes', 'lord'), ('lord', 'lag')]"
"['babi', 'gemar', 'banyak', 'pernah', 'baik', 'diam', 'mending', 'lebih', 'asik']","[('babi', 'gemar'), ('gemar', 'banyak'), ('banyak', 'pernah'), ('pernah', 'baik'), ('baik', 'diam'), ('diam', 'mending'), ('mending', 'lebih'), ('lebih', 'asik')]"
"['overall', 'bagus', 'masa', 'besar', 'iya', 'jelas', 'gajelas', 'inti', 'minggu', 'kemaren', 'menang', 'please', 'mohon', 'banget', 'baik', 'ulang', 'gi', 'grandmaster', 'kompak', 'masa', 'atas', 'susah', 'banget']","[('overall', 'bagus'), ('bagus', 'masa'), ('masa', 'besar'), ('besar', 'iya'), ('iya', 'jelas'), ('jelas', 'gajelas'), ('gajelas', 'inti'), ('inti', 'minggu'), ('minggu', 'kemaren'), ('kemaren', 'menang'), ('menang', 'please'), ('please', 'mohon'), ('mohon', 'banget'), ('banget', 'baik'), ('baik', 'ulang'), ('ulang', 'gi'), ('gi', 'grandmaster'), ('grandmaster', 'kompak'), ('kompak', 'masa'), ('masa', 'atas'), ('atas', 'susah'), ('susah', 'banget')]"
"['woy', 'cok', 'dancok', 'gamr', 'mu', 'koyok', 'gatell', 'asu', 'kirekk', 'dancok']","[('woy', 'cok'), ('cok', 'dancok'), ('dancok', 'gamr'), ('gamr', 'mu'), ('mu', 'koyok'), ('koyok', 'gatell'), ('gatell', 'asu'), ('asu', 'kirekk'), ('kirekk', 'dancok')]"
"['busuk', 'server', 'aneh', 'kalah', 'mach', 'aneh', 'busuk', 'sedang', 'musuh', 'bagus', 'sudah', 'ganti', 'akun', 'baru', 'tetap', 'grafik', 'bagusin', 'event', 'banyakin', 'play', 'benahin', 'tetap', 'busuk', 'sen', 'tolol', 'mach', 'imbang']","[('busuk', 'server'), ('server', 'aneh'), ('aneh', 'kalah'), ('kalah', 'mach'), ('mach', 'aneh'), ('aneh', 'busuk'), ('busuk', 'sedang'), ('sedang', 'musuh'), ('musuh', 'bagus'), ('bagus', 'sudah'), ('sudah', 'ganti'), ('ganti', 'akun'), ('akun', 'baru'), ('baru', 'tetap'), ('tetap', 'grafik'), ('grafik', 'bagusin'), ('bagusin', 'event'), ('event', 'banyakin'), ('banyakin', 'play'), ('play', 'benahin'), ('benahin', 'tetap'), ('tetap', 'busuk'), ('busuk', 'sen'), ('sen', 'tolol'), ('tolol', 'mach'), ('mach', 'imbang')]"
['kalah'],[]
"['kenapa', 'sudah', 'update', 'sekarang', 'lebih', 'terputuskoneksi', 'lambatdelayy', 'ganggu', 'kenceng', 'wifidataa']","[('kenapa', 'sudah'), ('sudah', 'update'), ('update', 'sekarang'), ('sekarang', 'lebih'), ('lebih', 'terputuskoneksi'), ('terputuskoneksi', 'lambatdelayy'), ('lambatdelayy', 'ganggu'), ('ganggu', 'kenceng'), ('kenceng', 'wifidataa')]"
"['woy', 'developer', 'makin', 'update', 'makin', 'busuk', 'bug', 'benar', 'rusak', 'server', 'busuk', 'ngaco', 'bug', 'update', 'makin', 'parah']","[('woy', 'developer'), ('developer', 'makin'), ('makin', 'update'), ('update', 'makin'), ('makin', 'busuk'), ('busuk', 'bug'), ('bug', 'benar'), ('benar', 'rusak'), ('rusak', 'server'), ('server', 'busuk'), ('busuk', 'ngaco'), ('ngaco', 'bug'), ('bug', 'update'), ('update', 'makin'), ('makin', 'parah')]"
"['tolong', 'beri', 'benar']","[('tolong', 'beri'), ('beri', 'benar')]"
"['please', 'fix', 'you', 'server', 'because', 'lag', 'play', 'if', 'used', 'wify', 'and', 'plaese', 'fix', 'chaeter', 'this', 'oke', 'if', 'you', 'already', 'fix', 'lag', 'and', 'cheater', 'wa', 'nt', 'gift', 'you', 'stars', 'oke']","[('please', 'fix'), ('fix', 'you'), ('you', 'server'), ('server', 'because'), ('because', 'lag'), ('lag', 'play'), ('play', 'if'), ('if', 'used'), ('used', 'wify'), ('wify', 'and'), ('and', 'plaese'), ('plaese', 'fix'), ('fix', 'chaeter'), ('chaeter', 'this'), ('this', 'oke'), ('oke', 'if'), ('if', 'you'), ('you', 'already'), ('already', 'fix'), ('fix', 'lag'), ('lag', 'and'), ('and', 'cheater'), ('cheater', 'wa'), ('wa', 'nt'), ('nt', 'gift'), ('gift', 'you'), ('you', 'stars'), ('stars', 'oke')]"
"['taik', 'lostrek']","[('taik', 'lostrek')]"
"['sumpah', 'matckingnya', 'lama', 'banget', 'cuma', 'rool', 'sumpag', 'ngotak', 'lama']","[('sumpah', 'matckingnya'), ('matckingnya', 'lama'), ('lama', 'banget'), ('banget', 'cuma'), ('cuma', 'rool'), ('rool', 'sumpag'), ('sumpag', 'ngotak'), ('ngotak', 'lama')]"
"['pantes', 'ktemu', 'becus', 'sinyal', 'lag', 'sendiri', 'hapus', 'play', 'store']","[('pantes', 'ktemu'), ('ktemu', 'becus'), ('becus', 'sinyal'), ('sinyal', 'lag'), ('lag', 'sendiri'), ('sendiri', 'hapus'), ('hapus', 'play'), ('play', 'store')]"
"['jelas', 'lama', 'digabungin', 'semua', 'bocil', 'resah', 'gendong', 'lama', 'males', 'sumpah', 'digabungin', 'tot']","[('jelas', 'lama'), ('lama', 'digabungin'), ('digabungin', 'semua'), ('semua', 'bocil'), ('bocil', 'resah'), ('resah', 'gendong'), ('gendong', 'lama'), ('lama', 'males'), ('males', 'sumpah'), ('sumpah', 'digabungin'), ('digabungin', 'tot')]"
"['knapa', 'ketemu', 'top', 'global', 'sentuh', 'top', 'provinsi', 'belum', 'blas']","[('knapa', 'ketemu'), ('ketemu', 'top'), ('top', 'global'), ('global', 'sentuh'), ('sentuh', 'top'), ('top', 'provinsi'), ('provinsi', 'belum'), ('belum', 'blas')]"
"['tolong', 'misal', 'chat', 'masuk', 'sensitif', 'ilangin', 'minimal', 'kocak', 'biar', 'plonga', 'plongo', 'nungguin', 'balesin', 'chat', 'nyata', 'emg', 'kirim']","[('tolong', 'misal'), ('misal', 'chat'), ('chat', 'masuk'), ('masuk', 'sensitif'), ('sensitif', 'ilangin'), ('ilangin', 'minimal'), ('minimal', 'kocak'), ('kocak', 'biar'), ('biar', 'plonga'), ('plonga', 'plongo'), ('plongo', 'nungguin'), ('nungguin', 'balesin'), ('balesin', 'chat'), ('chat', 'nyata'), ('nyata', 'emg'), ('emg', 'kirim')]"
['tres'],[]
"['anjing', 'pay', 'win', 'bangsat']","[('anjing', 'pay'), ('pay', 'win'), ('win', 'bangsat')]"
"['hilang', 'stres', 'selalu', 'stres', 'garagara', 'banyak', 'ngerti']","[('hilang', 'stres'), ('stres', 'selalu'), ('selalu', 'stres'), ('stres', 'garagara'), ('garagara', 'banyak'), ('banyak', 'ngerti')]"
"['bedain', 'skill', 'playernya', 'masa', 'jago', 'dongo', 'mana', 'musuh', 'jago', 'mytic', 'masa', 'nasih', 'epick', 'aneh', 'oon']","[('bedain', 'skill'), ('skill', 'playernya'), ('playernya', 'masa'), ('masa', 'jago'), ('jago', 'dongo'), ('dongo', 'mana'), ('mana', 'musuh'), ('musuh', 'jago'), ('jago', 'mytic'), ('mytic', 'masa'), ('masa', 'nasih'), ('nasih', 'epick'), ('epick', 'aneh'), ('aneh', 'oon')]"
['seru'],[]
"['jelek', 'banget', 'drafpick', 'oot', 'semua', 'benar']","[('jelek', 'banget'), ('banget', 'drafpick'), ('drafpick', 'oot'), ('oot', 'semua'), ('semua', 'benar')]"
"['kon', 'tol', 'lawan', 'keras', 'iya', 'kelas', 'ajg', 'naikin', 'bintang', 'susah', 'minta', 'ampun', 'kocak', 'beri', 'cacat', 'gelap', 'taeklah', 'makin', 'lama', 'seru', 'imbang', 'beri', 'dasar', 'ajg', 'moontoon', 'asu']","[('kon', 'tol'), ('tol', 'lawan'), ('lawan', 'keras'), ('keras', 'iya'), ('iya', 'kelas'), ('kelas', 'ajg'), ('ajg', 'naikin'), ('naikin', 'bintang'), ('bintang', 'susah'), ('susah', 'minta'), ('minta', 'ampun'), ('ampun', 'kocak'), ('kocak', 'beri'), ('beri', 'cacat'), ('cacat', 'gelap'), ('gelap', 'taeklah'), ('taeklah', 'makin'), ('makin', 'lama'), ('lama', 'seru'), ('seru', 'imbang'), ('imbang', 'beri'), ('beri', 'dasar'), ('dasar', 'ajg'), ('ajg', 'moontoon'), ('moontoon', 'asu')]"
"['matcmaking', 'buruk', 'ktmu', 'musuh', 'jago', 'buruk', 'afk', 'dll', 'gajelas', 'banyak', 'joki', 'jd', 'sakarepmu']","[('matcmaking', 'buruk'), ('buruk', 'ktmu'), ('ktmu', 'musuh'), ('musuh', 'jago'), ('jago', 'buruk'), ('buruk', 'afk'), ('afk', 'dll'), ('dll', 'gajelas'), ('gajelas', 'banyak'), ('banyak', 'joki'), ('joki', 'jd'), ('jd', 'sakarepmu')]"
"['bagai', 'user', 'layla', 'kecewauntuk', 'skin', 'layla', 'tema', 'nexus', 'sea', 'jangan', 'ubah', 'skin', 'benar', 'suka', 'desain', 'skinnya', 'tolong', 'jangan', 'ubah', 'skin', 'sudah', 'nunggu', 'skin', 'layla', 'baru', 'nyata', 'serius', 'rilissaya', 'sudah', 'nunggu', 'berapa', 'bulan', 'skin', 'layla', 'desain']","[('bagai', 'user'), ('user', 'layla'), ('layla', 'kecewauntuk'), ('kecewauntuk', 'skin'), ('skin', 'layla'), ('layla', 'tema'), ('tema', 'nexus'), ('nexus', 'sea'), ('sea', 'jangan'), ('jangan', 'ubah'), ('ubah', 'skin'), ('skin', 'benar'), ('benar', 'suka'), ('suka', 'desain'), ('desain', 'skinnya'), ('skinnya', 'tolong'), ('tolong', 'jangan'), ('jangan', 'ubah'), ('ubah', 'skin'), ('skin', 'sudah'), ('sudah', 'nunggu'), ('nunggu', 'skin'), ('skin', 'layla'), ('layla', 'baru'), ('baru', 'nyata'), ('nyata', 'serius'), ('serius', 'rilissaya'), ('rilissaya', 'sudah'), ('sudah', 'nunggu'), ('nunggu', 'berapa'), ('berapa', 'bulan'), ('bulan', 'skin'), ('skin', 'layla'), ('layla', 'desain')]"
"['mooton', 'makin', 'makin', 'jelas', 'ngapain', 'turun', 'season', 'segala', 'tolol', 'amat']","[('mooton', 'makin'), ('makin', 'makin'), ('makin', 'jelas'), ('jelas', 'ngapain'), ('ngapain', 'turun'), ('turun', 'season'), ('season', 'segala'), ('segala', 'tolol'), ('tolol', 'amat')]"
"['tahu', 'kenapa', 'bisu', 'percakapanmute', 'mulai', 'kena', 'teman', 'bagus', 'mulai', 'asik']","[('tahu', 'kenapa'), ('kenapa', 'bisu'), ('bisu', 'percakapanmute'), ('percakapanmute', 'mulai'), ('mulai', 'kena'), ('kena', 'teman'), ('teman', 'bagus'), ('bagus', 'mulai'), ('mulai', 'asik')]"
"['darak', 'terlalu', 'banyak']","[('darak', 'terlalu'), ('terlalu', 'banyak')]"
['vinagriil'],[]
"['tambah', 'streas', 'asu', 'senggel', 'mene']","[('tambah', 'streas'), ('streas', 'asu'), ('asu', 'senggel'), ('senggel', 'mene')]"
"['susah', 'naik', 'makin', 'lama', 'makin', 'bosen']","[('susah', 'naik'), ('naik', 'makin'), ('makin', 'lama'), ('lama', 'makin'), ('makin', 'bosen')]"
['bagus'],[]
"['teman', 'ngotak', 'sedikit', 'babi']","[('teman', 'ngotak'), ('ngotak', 'sedikit'), ('sedikit', 'babi')]"
"['babi', 'ngasi', 'gelap', 'baik', 'masa', 'pernah', 'bagus']","[('babi', 'ngasi'), ('ngasi', 'gelap'), ('gelap', 'baik'), ('baik', 'masa'), ('masa', 'pernah'), ('pernah', 'bagus')]"
"['lostrek', 'kasi', 'punya', 'betumbok']","[('lostrek', 'kasi'), ('kasi', 'punya'), ('punya', 'betumbok')]"
"['rusak', 'ksih', 'pdhl', 'full', 'mitic', 'hdh']","[('rusak', 'ksih'), ('ksih', 'pdhl'), ('pdhl', 'full'), ('full', 'mitic'), ('mitic', 'hdh')]"
"['luar', 'biasa', 'seru']","[('luar', 'biasa'), ('biasa', 'seru')]"
"['babi', 'kasi', 'bintang', 'semua', 'hyper', 'bodoh', 'ban', 'akun', 'beberapa', 'biar', 'nyusahin']","[('babi', 'kasi'), ('kasi', 'bintang'), ('bintang', 'semua'), ('semua', 'hyper'), ('hyper', 'bodoh'), ('bodoh', 'ban'), ('ban', 'akun'), ('akun', 'beberapa'), ('beberapa', 'biar'), ('biar', 'nyusahin')]"
"['gokill', 'bagi', 'skin', 'epic', 'gratis', 'makin', 'betah', 'legends']","[('gokill', 'bagi'), ('bagi', 'skin'), ('skin', 'epic'), ('epic', 'gratis'), ('gratis', 'makin'), ('makin', 'betah'), ('betah', 'legends')]"
"['darksystem', 'banyak', 'imbang', 'masuk', 'akal', 'buruk', 'musuh', 'joki', 'lo', 'laku', 'bos']","[('darksystem', 'banyak'), ('banyak', 'imbang'), ('imbang', 'masuk'), ('masuk', 'akal'), ('akal', 'buruk'), ('buruk', 'musuh'), ('musuh', 'joki'), ('joki', 'lo'), ('lo', 'laku'), ('laku', 'bos')]"
"['cocok', 'santai', 'santai', 'banyak', 'gelap', 'pantas', 'dimainin', 'online', 'lawan', 'gelap']","[('cocok', 'santai'), ('santai', 'santai'), ('santai', 'banyak'), ('banyak', 'gelap'), ('gelap', 'pantas'), ('pantas', 'dimainin'), ('dimainin', 'online'), ('online', 'lawan'), ('lawan', 'gelap')]"
"['matching', 'banyak', 'tolol']","[('matching', 'banyak'), ('banyak', 'tolol')]"
"['adil', 'musuh', 'pro', 'buruk', 'tolong', 'beri', 'adil', 'ton']","[('adil', 'musuh'), ('musuh', 'pro'), ('pro', 'buruk'), ('buruk', 'tolong'), ('tolong', 'beri'), ('beri', 'adil'), ('adil', 'ton')]"
"['cheat', 'vip', 'rusak', 'report', 'percuma', 'pengaruh', 'masalah', 'sinyal', 'play', 'bot', 'imbang', 'cuma', 'mikirin', 'cuan', 'kualitas', 'sinyal', 'buruk', 'banyak', 'dalam', 'sebut', 'handle', 'nyaman', 'cuma', 'mikirin', 'grafik', 'menuhi', 'demi', 'cuan', 'banyak', 'korupsi', 'sinyal', 'handle']","[('cheat', 'vip'), ('vip', 'rusak'), ('rusak', 'report'), ('report', 'percuma'), ('percuma', 'pengaruh'), ('pengaruh', 'masalah'), ('masalah', 'sinyal'), ('sinyal', 'play'), ('play', 'bot'), ('bot', 'imbang'), ('imbang', 'cuma'), ('cuma', 'mikirin'), ('mikirin', 'cuan'), ('cuan', 'kualitas'), ('kualitas', 'sinyal'), ('sinyal', 'buruk'), ('buruk', 'banyak'), ('banyak', 'dalam'), ('dalam', 'sebut'), ('sebut', 'handle'), ('handle', 'nyaman'), ('nyaman', 'cuma'), ('cuma', 'mikirin'), ('mikirin', 'grafik'), ('grafik', 'menuhi'), ('menuhi', 'demi'), ('demi', 'cuan'), ('cuan', 'banyak'), ('banyak', 'korupsi'), ('korupsi', 'sinyal'), ('sinyal', 'handle')]"
"['ui', 'rusak']","[('ui', 'rusak')]"
"['walau', 'kecewa', 'gema', 'aksi', 'b', 'terlalu', 'banyak', 'joki', 'mula', 'kembang', 'mohon', 'donk', 'd', 'tindak', 'masa', 'mahal', 'atur', 'konsisten', 'serasa', 'murah']","[('walau', 'kecewa'), ('kecewa', 'gema'), ('gema', 'aksi'), ('aksi', 'b'), ('b', 'terlalu'), ('terlalu', 'banyak'), ('banyak', 'joki'), ('joki', 'mula'), ('mula', 'kembang'), ('kembang', 'mohon'), ('mohon', 'donk'), ('donk', 'd'), ('d', 'tindak'), ('tindak', 'masa'), ('masa', 'mahal'), ('mahal', 'atur'), ('atur', 'konsisten'), ('konsisten', 'serasa'), ('serasa', 'murah')]"
"['makin', 'abdet', 'makin', 'lag', 'sinyal', 'cl', 'selalu', 'sinyal', 'merah', 'sudah', 'wifi', 'internet', 'tetap', 'lag', 'mohon', 'rusak', 'sinyal', 'para', 'enak', 'sinyal', 'lag', 'lain', 'enak']","[('makin', 'abdet'), ('abdet', 'makin'), ('makin', 'lag'), ('lag', 'sinyal'), ('sinyal', 'cl'), ('cl', 'selalu'), ('selalu', 'sinyal'), ('sinyal', 'merah'), ('merah', 'sudah'), ('sudah', 'wifi'), ('wifi', 'internet'), ('internet', 'tetap'), ('tetap', 'lag'), ('lag', 'mohon'), ('mohon', 'rusak'), ('rusak', 'sinyal'), ('sinyal', 'para'), ('para', 'enak'), ('enak', 'sinyal'), ('sinyal', 'lag'), ('lag', 'lain'), ('lain', 'enak')]"
"['dongo', 'busuk', 'sedikit', 'mitik', 'emng', 'paling', 'benar', 'pindah', 'rada', 'dongo', 'semua']","[('dongo', 'busuk'), ('busuk', 'sedikit'), ('sedikit', 'mitik'), ('mitik', 'emng'), ('emng', 'paling'), ('paling', 'benar'), ('benar', 'pindah'), ('pindah', 'rada'), ('rada', 'dongo'), ('dongo', 'semua')]"
"['em', 'buruk', 'su', 'asu']","[('em', 'buruk'), ('buruk', 'su'), ('su', 'asu')]"
"['kontol', 'asuu']","[('kontol', 'asuu')]"
"['parah', 'skrang', 'lawan', 'ngak', 'imbang']","[('parah', 'skrang'), ('skrang', 'lawan'), ('lawan', 'ngak'), ('ngak', 'imbang')]"
"['ketemu', 'satu', 'bocil', 'tolong', 'baik', 'sda', 'niat']","[('ketemu', 'satu'), ('satu', 'bocil'), ('bocil', 'tolong'), ('tolong', 'baik'), ('baik', 'sda'), ('sda', 'niat')]"
['kontol'],[]
['tarik'],[]
"['anjg', 'ls', 'bae']","[('anjg', 'ls'), ('ls', 'bae')]"
"['buruk', 'jelas', 'kalah']","[('buruk', 'jelas'), ('jelas', 'kalah')]"
"['lag', 'najiss']","[('lag', 'najiss')]"
['suka'],[]
"['banyak', 'cheater', 'dalam']","[('banyak', 'cheater'), ('cheater', 'dalam')]"
"['gila', 'ngotak', 'beri', 'masuk', 'mytikglory', 'setan', 'kau', 'guna']","[('gila', 'ngotak'), ('ngotak', 'beri'), ('beri', 'masuk'), ('masuk', 'mytikglory'), ('mytikglory', 'setan'), ('setan', 'kau'), ('kau', 'guna')]"
"['bagus', 'matching', 'beri', 'imbang', 'egois', 'bagus', 'sedikit', 'saran', 'bagus', 'beri', 'hukum', 'baned', 'kepada', 'sengaja', 'sadar', 'laku', 'trollfeeder', 'dalam', 'suatu', 'terimakasih', 'moga', 'salam', 'waras', 'sadar']","[('bagus', 'matching'), ('matching', 'beri'), ('beri', 'imbang'), ('imbang', 'egois'), ('egois', 'bagus'), ('bagus', 'sedikit'), ('sedikit', 'saran'), ('saran', 'bagus'), ('bagus', 'beri'), ('beri', 'hukum'), ('hukum', 'baned'), ('baned', 'kepada'), ('kepada', 'sengaja'), ('sengaja', 'sadar'), ('sadar', 'laku'), ('laku', 'trollfeeder'), ('trollfeeder', 'dalam'), ('dalam', 'suatu'), ('suatu', 'terimakasih'), ('terimakasih', 'moga'), ('moga', 'salam'), ('salam', 'waras'), ('waras', 'sadar')]"
"['lambat', 'masuk', 'lag', 'pusing']","[('lambat', 'masuk'), ('masuk', 'lag'), ('lag', 'pusing')]"
"['banyak', 'nemu', 'musuh', 'guna', 'rw', 'rugi', 'ketemu', 'brengsek']","[('banyak', 'nemu'), ('nemu', 'musuh'), ('musuh', 'guna'), ('guna', 'rw'), ('rw', 'rugi'), ('rugi', 'ketemu'), ('ketemu', 'brengsek')]"
"['jelek', 'sekarang', 'lag', 'parah', 'banyak', 'bug', 'patah', 'bahkan', 'chiter', 'jarang', 'ketemu']","[('jelek', 'sekarang'), ('sekarang', 'lag'), ('lag', 'parah'), ('parah', 'banyak'), ('banyak', 'bug'), ('bug', 'patah'), ('patah', 'bahkan'), ('bahkan', 'chiter'), ('chiter', 'jarang'), ('jarang', 'ketemu')]"
"['sampah', 'adil', 'isi', 'anomali']","[('sampah', 'adil'), ('adil', 'isi'), ('isi', 'anomali')]"
['tres'],[]
"['makin', 'berat', 'semenjak', 'update', 'size', 'makin', 'besar', 'berat', 'bagi', 'device', 'ram', 'demi', 'nyaman', 'kecil', 'size', 'admin']","[('makin', 'berat'), ('berat', 'semenjak'), ('semenjak', 'update'), ('update', 'size'), ('size', 'makin'), ('makin', 'besar'), ('besar', 'berat'), ('berat', 'bagi'), ('bagi', 'device'), ('device', 'ram'), ('ram', 'demi'), ('demi', 'nyaman'), ('nyaman', 'kecil'), ('kecil', 'size'), ('size', 'admin')]"
['kikir'],[]
"['entah', 'bingung', 'mungkin']","[('entah', 'bingung'), ('bingung', 'mungkin')]"
"['we', 'ban', 'para', 'gelap', 'sistemtim', 'tolol', 'santt', 'ajg']","[('we', 'ban'), ('ban', 'para'), ('para', 'gelap'), ('gelap', 'sistemtim'), ('sistemtim', 'tolol'), ('tolol', 'santt'), ('santt', 'ajg')]"
"['apalh', 'masa', 'iya', 'ketemu', 'epic', 'mytic', 'kocak', 'puki', 'mending', 'kalah', 'mvp', 'bintang', 'tetap', 'naik', 'uninstall', 'ajalh', 'guna', 'mutu', 'mending', 'gaess']","[('apalh', 'masa'), ('masa', 'iya'), ('iya', 'ketemu'), ('ketemu', 'epic'), ('epic', 'mytic'), ('mytic', 'kocak'), ('kocak', 'puki'), ('puki', 'mending'), ('mending', 'kalah'), ('kalah', 'mvp'), ('mvp', 'bintang'), ('bintang', 'tetap'), ('tetap', 'naik'), ('naik', 'uninstall'), ('uninstall', 'ajalh'), ('ajalh', 'guna'), ('guna', 'mutu'), ('mutu', 'mending'), ('mending', 'gaess')]"
"['bug', 'pepek']","[('bug', 'pepek')]"
"['bagi', 'banding', 'jelek', 'oleng', 'sakit', 'kepala']","[('bagi', 'banding'), ('banding', 'jelek'), ('jelek', 'oleng'), ('oleng', 'sakit'), ('sakit', 'kepala')]"
"['bagus', 'slalu', 'dpat', 'bapuk']","[('bagus', 'slalu'), ('slalu', 'dpat'), ('dpat', 'bapuk')]"
"['gamee', 'idiot']","[('gamee', 'idiot')]"
"['rusak', 'ketemu', 'stres', 'percuma', 'pilih', 'ujung', 'guna', 'tetap', 'egois']","[('rusak', 'ketemu'), ('ketemu', 'stres'), ('stres', 'percuma'), ('percuma', 'pilih'), ('pilih', 'ujung'), ('ujung', 'guna'), ('guna', 'tetap'), ('tetap', 'egois')]"
"['kagak', 'imbang', 'beri', 'lawan', 'stabil', 'jangan', 'beri', 'susah', 'banget', 'sengaja', 'biar', 'aing', 'ngambil', 'hak', 'lain', 'sayang', 'ginian', 'ngejar', 'bintang', 'untung', 'sat', 'aing', 'hibur', 'bukan', 'nambah', 'stres', 'sat', 'mo', 'bales', 'enggak', 'bodo', 'amat']","[('kagak', 'imbang'), ('imbang', 'beri'), ('beri', 'lawan'), ('lawan', 'stabil'), ('stabil', 'jangan'), ('jangan', 'beri'), ('beri', 'susah'), ('susah', 'banget'), ('banget', 'sengaja'), ('sengaja', 'biar'), ('biar', 'aing'), ('aing', 'ngambil'), ('ngambil', 'hak'), ('hak', 'lain'), ('lain', 'sayang'), ('sayang', 'ginian'), ('ginian', 'ngejar'), ('ngejar', 'bintang'), ('bintang', 'untung'), ('untung', 'sat'), ('sat', 'aing'), ('aing', 'hibur'), ('hibur', 'bukan'), ('bukan', 'nambah'), ('nambah', 'stres'), ('stres', 'sat'), ('sat', 'mo'), ('mo', 'bales'), ('bales', 'enggak'), ('enggak', 'bodo'), ('bodo', 'amat')]"
"['masuk', 'akal', 'buruk', 'lawan', 'nyaa', 'banding', 'ranket', 'ketemu', 'banding']","[('masuk', 'akal'), ('akal', 'buruk'), ('buruk', 'lawan'), ('lawan', 'nyaa'), ('nyaa', 'banding'), ('banding', 'ranket'), ('ranket', 'ketemu'), ('ketemu', 'banding')]"
"['minimal', 'beri', 'jelas', 'yaa', 'sudah', 'muak', 'banget', 'demi', 'sudah']","[('minimal', 'beri'), ('beri', 'jelas'), ('jelas', 'yaa'), ('yaa', 'sudah'), ('sudah', 'muak'), ('muak', 'banget'), ('banget', 'demi'), ('demi', 'sudah')]"
"['terlalu', 'lebih', 'beri', 'lawan', 'keras', 'susah', 'tolong', 'imbang', 'susah', 'menang', 'kalah', 'lebih']","[('terlalu', 'lebih'), ('lebih', 'beri'), ('beri', 'lawan'), ('lawan', 'keras'), ('keras', 'susah'), ('susah', 'tolong'), ('tolong', 'imbang'), ('imbang', 'susah'), ('susah', 'menang'), ('menang', 'kalah'), ('kalah', 'lebih')]"
"['makin', 'banyak', 'update', 'ingame', 'makin', 'sampah']","[('makin', 'banyak'), ('banyak', 'update'), ('update', 'ingame'), ('ingame', 'makin'), ('makin', 'sampah')]"
"['benar', 'buka', 'hepi', 'pusing', 'sampai', 'sekarang', 'bintang', 'naik', 'naik', 'turun', 'rela', 'ngerusak', 'tidur', 'demi', 'buah', 'bintang', 'lose', 'treak', 'pikir', 'ton', 'tres', 'sekarang', 'bales', 'pesan', 'gau']","[('benar', 'buka'), ('buka', 'hepi'), ('hepi', 'pusing'), ('pusing', 'sampai'), ('sampai', 'sekarang'), ('sekarang', 'bintang'), ('bintang', 'naik'), ('naik', 'naik'), ('naik', 'turun'), ('turun', 'rela'), ('rela', 'ngerusak'), ('ngerusak', 'tidur'), ('tidur', 'demi'), ('demi', 'buah'), ('buah', 'bintang'), ('bintang', 'lose'), ('lose', 'treak'), ('treak', 'pikir'), ('pikir', 'ton'), ('ton', 'tres'), ('tres', 'sekarang'), ('sekarang', 'bales'), ('bales', 'pesan'), ('pesan', 'gau')]"
['kontot'],[]
['butut'],[]
"['naik', 'mytic', 'susah', 'gimana', 'dpet', 'feeder']","[('naik', 'mytic'), ('mytic', 'susah'), ('susah', 'gimana'), ('gimana', 'dpet'), ('dpet', 'feeder')]"
"['prik', 'amat', 'bukan', 'happy', 'makin', 'stres', 'patah', 'patah', 'ping', 'bagus', 'bujank', 'darah', 'tinggi', 'cocok', 'kntl']","[('prik', 'amat'), ('amat', 'bukan'), ('bukan', 'happy'), ('happy', 'makin'), ('makin', 'stres'), ('stres', 'patah'), ('patah', 'patah'), ('patah', 'ping'), ('ping', 'bagus'), ('bagus', 'bujank'), ('bujank', 'darah'), ('darah', 'tinggi'), ('tinggi', 'cocok'), ('cocok', 'kntl')]"
['taeh'],[]
"['makin', 'rusak']","[('makin', 'rusak')]"
"['sampah', 'babi', 'darah', 'tinggi', 'cuih']","[('sampah', 'babi'), ('babi', 'darah'), ('darah', 'tinggi'), ('tinggi', 'cuih')]"
"['jangan', 'dowload', 'jelas', 'cok', 'sesat', 'pindah', 'pubg']","[('jangan', 'dowload'), ('dowload', 'jelas'), ('jelas', 'cok'), ('cok', 'sesat'), ('sesat', 'pindah'), ('pindah', 'pubg')]"
"['kunyuk', 'gelap', 'mlu']","[('kunyuk', 'gelap'), ('gelap', 'mlu')]"
"['makin', 'lama', 'makin', 'rusak', 'server', 'busuk']","[('makin', 'lama'), ('lama', 'makin'), ('makin', 'rusak'), ('rusak', 'server'), ('server', 'busuk')]"
"['knp', 'celasik', 'sinyal', 'jelek', 'pin', 'ijo', 'bukan', 'merah', 'mohon', 'rusak', 'minimal', 'rugi']","[('knp', 'celasik'), ('celasik', 'sinyal'), ('sinyal', 'jelek'), ('jelek', 'pin'), ('pin', 'ijo'), ('ijo', 'bukan'), ('bukan', 'merah'), ('merah', 'mohon'), ('mohon', 'rusak'), ('rusak', 'minimal'), ('minimal', 'rugi')]"
"['sinyal', 'busuk', 'cape', 'cape', 'naikin', 'level', 'sinyal', 'buruk', 'buruk', 'sampah', 'asu', 'dasar', 'miskin']","[('sinyal', 'busuk'), ('busuk', 'cape'), ('cape', 'cape'), ('cape', 'naikin'), ('naikin', 'level'), ('level', 'sinyal'), ('sinyal', 'buruk'), ('buruk', 'buruk'), ('buruk', 'sampah'), ('sampah', 'asu'), ('asu', 'dasar'), ('dasar', 'miskin')]"
"['anjingg', 'bangsdd', 'gajelas', 'ngent']","[('anjingg', 'bangsdd'), ('bangsdd', 'gajelas'), ('gajelas', 'ngent')]"
"['lama', 'afk', 'bentar', 'selesai', 'hitung', 'afk', 'ah', 'benrin', 'benar', 'banget']","[('lama', 'afk'), ('afk', 'bentar'), ('bentar', 'selesai'), ('selesai', 'hitung'), ('hitung', 'afk'), ('afk', 'ah'), ('ah', 'benrin'), ('benrin', 'benar'), ('benar', 'banget')]"
"['like', 'bintang', 'kasi', 'mqin', 'musuh', 'mudah']","[('like', 'bintang'), ('bintang', 'kasi'), ('kasi', 'mqin'), ('mqin', 'musuh'), ('musuh', 'mudah')]"
"['tolong', 'legends', 'malas', 'sekarang', 'pasti', 'lag', 'pakek', 'wifi', 'tetap', 'lag', 'bug']","[('tolong', 'legends'), ('legends', 'malas'), ('malas', 'sekarang'), ('sekarang', 'pasti'), ('pasti', 'lag'), ('lag', 'pakek'), ('pakek', 'wifi'), ('wifi', 'tetap'), ('tetap', 'lag'), ('lag', 'bug')]"
"['sinyal', 'jelek', 'mati', 'masuk', 'bass']","[('sinyal', 'jelek'), ('jelek', 'mati'), ('mati', 'masuk'), ('masuk', 'bass')]"
"['ping', 'merah', 'frame', 'drop', 'lag', 'pernah', 'tingkat', 'dengar', 'keluh']","[('ping', 'merah'), ('merah', 'frame'), ('frame', 'drop'), ('drop', 'lag'), ('lag', 'pernah'), ('pernah', 'tingkat'), ('tingkat', 'dengar'), ('dengar', 'keluh')]"
['just'],[]
"['kurang', 'bagus', 'banyak', 'gelap']","[('kurang', 'bagus'), ('bagus', 'banyak'), ('banyak', 'gelap')]"
"['wahai', 'tolong', 'klok', 'niat', 'beri', 'naek', 'lejen', 'mending', 'ben', 'ajy', 'tres', 'cok', 'anjy']","[('wahai', 'tolong'), ('tolong', 'klok'), ('klok', 'niat'), ('niat', 'beri'), ('beri', 'naek'), ('naek', 'lejen'), ('lejen', 'mending'), ('mending', 'ben'), ('ben', 'ajy'), ('ajy', 'tres'), ('tres', 'cok'), ('cok', 'anjy')]"
['mantapp'],[]
['sampah'],[]
"['satu', 'menang', 'tiga', 'kalah', 'enggk', 'gitu', 'minimal', 'darksystembocil', 'mati', 'mulai', 'season', 'kemarin', 'mytic', 'gabisa']","[('satu', 'menang'), ('menang', 'tiga'), ('tiga', 'kalah'), ('kalah', 'enggk'), ('enggk', 'gitu'), ('gitu', 'minimal'), ('minimal', 'darksystembocil'), ('darksystembocil', 'mati'), ('mati', 'mulai'), ('mulai', 'season'), ('season', 'kemarin'), ('kemarin', 'mytic'), ('mytic', 'gabisa')]"
"['thing', 'best']","[('thing', 'best')]"
"['salah', 'bg', 'lose', 'ampe', 'gelap', 'epic']","[('salah', 'bg'), ('bg', 'lose'), ('lose', 'ampe'), ('ampe', 'gelap'), ('gelap', 'epic')]"
"['beuh', 'seru', 'bro']","[('beuh', 'seru'), ('seru', 'bro')]"
"['aplikasi', 'gelap', 'makin', 'kembang', 'bukan', 'makin', 'keren', 'makin', 'buruk', 'bubar', 'mnding', 'hps', 'plikasi', 'emosi']","[('aplikasi', 'gelap'), ('gelap', 'makin'), ('makin', 'kembang'), ('kembang', 'bukan'), ('bukan', 'makin'), ('makin', 'keren'), ('keren', 'makin'), ('makin', 'buruk'), ('buruk', 'bubar'), ('bubar', 'mnding'), ('mnding', 'hps'), ('hps', 'plikasi'), ('plikasi', 'emosi')]"
"['sampah', 'random', 'noob', 'guna', 'kill', 'banyak', 'selalu', 'kalah', 'uang', 'habis', 'skin', 'obrol', 'mute', 'melulu', 'sampah']","[('sampah', 'random'), ('random', 'noob'), ('noob', 'guna'), ('guna', 'kill'), ('kill', 'banyak'), ('banyak', 'selalu'), ('selalu', 'kalah'), ('kalah', 'uang'), ('uang', 'habis'), ('habis', 'skin'), ('skin', 'obrol'), ('obrol', 'mute'), ('mute', 'melulu'), ('melulu', 'sampah')]"
"['ls', 'anj']","[('ls', 'anj')]"
"['tolong', 'rusak', 'baru', 'kalah', 'begini', 'banyak', 'pindah']","[('tolong', 'rusak'), ('rusak', 'baru'), ('baru', 'kalah'), ('kalah', 'begini'), ('begini', 'banyak'), ('banyak', 'pindah')]"
"['ksih', 'lh', 'turun', 'kpn', 'mnang']","[('ksih', 'lh'), ('lh', 'turun'), ('turun', 'kpn'), ('kpn', 'mnang')]"
"['tolong', 'fix', 'bug', 'draft', 'lag', 'banget']","[('tolong', 'fix'), ('fix', 'bug'), ('bug', 'draft'), ('draft', 'lag'), ('lag', 'banget')]"
"['bagi', 'mula', 'belum', 'candu', 'jangan', 'slot', 'menang', 'kalah', 'sampai', 'rungkat', 'ketemu', 'dll']","[('bagi', 'mula'), ('mula', 'belum'), ('belum', 'candu'), ('candu', 'jangan'), ('jangan', 'slot'), ('slot', 'menang'), ('menang', 'kalah'), ('kalah', 'sampai'), ('sampai', 'rungkat'), ('rungkat', 'ketemu'), ('ketemu', 'dll')]"
"['detik', 'hancur', 'aamiin', 'sdh', 'mulai', 'kurang', 'playersnya', 'salah', 'satu', 'kawan', 'sdh', 'mls', 'bodoh', 'sampah', 'adil', 'bagi', 'teamnya']","[('detik', 'hancur'), ('hancur', 'aamiin'), ('aamiin', 'sdh'), ('sdh', 'mulai'), ('mulai', 'kurang'), ('kurang', 'playersnya'), ('playersnya', 'salah'), ('salah', 'satu'), ('satu', 'kawan'), ('kawan', 'sdh'), ('sdh', 'mls'), ('mls', 'bodoh'), ('bodoh', 'sampah'), ('sampah', 'adil'), ('adil', 'bagi'), ('bagi', 'teamnya')]"
"['paling', 'jelek']","[('paling', 'jelek')]"
"['buruk', 'lawan', 'tu', 'padan', 'buruk', 'masa', 'kontribusi', 'apaa']","[('buruk', 'lawan'), ('lawan', 'tu'), ('tu', 'padan'), ('padan', 'buruk'), ('buruk', 'masa'), ('masa', 'kontribusi'), ('kontribusi', 'apaa')]"
"['tolol', 'sudah', 'brpa', 'kalah', 'menang', 'kalah', 'sampek', 'gilak', 'gx', 'ad', 'otak', 'besok', 'baik', 'lg', 'jangan', 'gitu', 'nyengsarain']","[('tolol', 'sudah'), ('sudah', 'brpa'), ('brpa', 'kalah'), ('kalah', 'menang'), ('menang', 'kalah'), ('kalah', 'sampek'), ('sampek', 'gilak'), ('gilak', 'gx'), ('gx', 'ad'), ('ad', 'otak'), ('otak', 'besok'), ('besok', 'baik'), ('baik', 'lg'), ('lg', 'jangan'), ('jangan', 'gitu'), ('gitu', 'nyengsarain')]"
"['bintang', 'pilih', 'kurang', 'tegas', 'hadap', 'niat', 'ngefeed', 'dalam']","[('bintang', 'pilih'), ('pilih', 'kurang'), ('kurang', 'tegas'), ('tegas', 'hadap'), ('hadap', 'niat'), ('niat', 'ngefeed'), ('ngefeed', 'dalam')]"
['kontol'],[]
"['stres', 'menang', 'kalah', 'sampai', 'imbang', 'adil', 'beda', 'bagus', 'sekarang', 'anj']","[('stres', 'menang'), ('menang', 'kalah'), ('kalah', 'sampai'), ('sampai', 'imbang'), ('imbang', 'adil'), ('adil', 'beda'), ('beda', 'bagus'), ('bagus', 'sekarang'), ('sekarang', 'anj')]"
"['makin', 'makin', 'ruksak', 'masalah', 'lobby', 'hijau', 'drapick', 'hijau', 'masuk', 'freeze', 'putus', 'ampun', 'parah', 'benar', 'makin', 'ponsel', 'luas', 'alhasil', 'apk', 'nyaman', 'muak', 'gitu']","[('makin', 'makin'), ('makin', 'ruksak'), ('ruksak', 'masalah'), ('masalah', 'lobby'), ('lobby', 'hijau'), ('hijau', 'drapick'), ('drapick', 'hijau'), ('hijau', 'masuk'), ('masuk', 'freeze'), ('freeze', 'putus'), ('putus', 'ampun'), ('ampun', 'parah'), ('parah', 'benar'), ('benar', 'makin'), ('makin', 'ponsel'), ('ponsel', 'luas'), ('luas', 'alhasil'), ('alhasil', 'apk'), ('apk', 'nyaman'), ('nyaman', 'muak'), ('muak', 'gitu')]"
"['jelas', 'banyak', 'bot']","[('jelas', 'banyak'), ('banyak', 'bot')]"
['kontol'],[]
"['knpa', 'skrng', 'jringn', 'bgus', 'lag', 'jringan', 'ijo', 'klau', 'merah', 'slh', 'mh', 'hijo', 'jringn', 'merah']","[('knpa', 'skrng'), ('skrng', 'jringn'), ('jringn', 'bgus'), ('bgus', 'lag'), ('lag', 'jringan'), ('jringan', 'ijo'), ('ijo', 'klau'), ('klau', 'merah'), ('merah', 'slh'), ('slh', 'mh'), ('mh', 'hijo'), ('hijo', 'jringn'), ('jringn', 'merah')]"
"['tanding', 'atur', 'biar', 'naikini', 'paling', 'jengkel']","[('tanding', 'atur'), ('atur', 'biar'), ('biar', 'naikini'), ('naikini', 'paling'), ('paling', 'jengkel')]"
"['pernah', 'adil', 'dalam', 'tanding', 'gajelas', 'dalam', 'rankednya', 'lawan', 'tier', 'ranknya']","[('pernah', 'adil'), ('adil', 'dalam'), ('dalam', 'tanding'), ('tanding', 'gajelas'), ('gajelas', 'dalam'), ('dalam', 'rankednya'), ('rankednya', 'lawan'), ('lawan', 'tier'), ('tier', 'ranknya')]"
"['kecewa', 'masa', 'musuh', 'jago', 'sendiri', 'lolot', 'lag', 'parah']","[('kecewa', 'masa'), ('masa', 'musuh'), ('musuh', 'jago'), ('jago', 'sendiri'), ('sendiri', 'lolot'), ('lolot', 'lag'), ('lag', 'parah')]"
"['cape', 'ketemu', 'poke', 'musuh', 'jago', 'jangan', 'gamau', 'stres']","[('cape', 'ketemu'), ('ketemu', 'poke'), ('poke', 'musuh'), ('musuh', 'jago'), ('jago', 'jangan'), ('jangan', 'gamau'), ('gamau', 'stres')]"
"['sampah', 'gelap', 'pisah', 'partian', 'anj', 'busuk']","[('sampah', 'gelap'), ('gelap', 'pisah'), ('pisah', 'partian'), ('partian', 'anj'), ('anj', 'busuk')]"
"['yangg', 'bot', 'musuh', 'jagoo', 'gakk', 'suu']","[('yangg', 'bot'), ('bot', 'musuh'), ('musuh', 'jagoo'), ('jagoo', 'gakk'), ('gakk', 'suu')]"
"['sinya', 'penuh', 'ngeleh', 'tolol', 'tolol', 'asu']","[('sinya', 'penuh'), ('penuh', 'ngeleh'), ('ngeleh', 'tolol'), ('tolol', 'tolol'), ('tolol', 'asu')]"
"['jelek', 'ls', 'buruk']","[('jelek', 'ls'), ('ls', 'buruk')]"
"['babi', 'stak', 'epik', 'babi', 'klonnga', 'musuh', 'full', 'mitik', 'begok']","[('babi', 'stak'), ('stak', 'epik'), ('epik', 'babi'), ('babi', 'klonnga'), ('klonnga', 'musuh'), ('musuh', 'full'), ('full', 'mitik'), ('mitik', 'begok')]"
"['punya', 'hati', 'jelas', 'menang', 'kalah', 'ngilangin', 'stres']","[('punya', 'hati'), ('hati', 'jelas'), ('jelas', 'menang'), ('menang', 'kalah'), ('kalah', 'ngilangin'), ('ngilangin', 'stres')]"
"['lawan', 'menang', 'kalah', 'apapa', 'masalah']","[('lawan', 'menang'), ('menang', 'kalah'), ('kalah', 'apapa'), ('apapa', 'masalah')]"
"['buruk', 'merah', 'pdhl', 'nonton', 'yt', 'roblox', 'lancar', 'jaya', 'buruk', 'ubah']","[('buruk', 'merah'), ('merah', 'pdhl'), ('pdhl', 'nonton'), ('nonton', 'yt'), ('yt', 'roblox'), ('roblox', 'lancar'), ('lancar', 'jaya'), ('jaya', 'buruk'), ('buruk', 'ubah')]"
"['porno', 'rusak', 'mental', 'pikir']","[('porno', 'rusak'), ('rusak', 'mental'), ('mental', 'pikir')]"
"['kagak', 'adil', 'kontol', 'asu']","[('kagak', 'adil'), ('adil', 'kontol'), ('kontol', 'asu')]"
"['gamek', 'ontol', 'lag', 'ngentod']","[('gamek', 'ontol'), ('ontol', 'lag'), ('lag', 'ngentod')]"
"['woy', 'musnah']","[('woy', 'musnah')]"
"['tahu', 'jika', 'tagih', 'sportif', 'curang', 'curang', 'beri', 'teman', 'komputer', 'sendiri', 'nickname', 'hampir', 'biasa', 'angkanyakalau', 'laku', 'curang', 'tagih', 'salah', 'justru', 'hapus']","[('tahu', 'jika'), ('jika', 'tagih'), ('tagih', 'sportif'), ('sportif', 'curang'), ('curang', 'curang'), ('curang', 'beri'), ('beri', 'teman'), ('teman', 'komputer'), ('komputer', 'sendiri'), ('sendiri', 'nickname'), ('nickname', 'hampir'), ('hampir', 'biasa'), ('biasa', 'angkanyakalau'), ('angkanyakalau', 'laku'), ('laku', 'curang'), ('curang', 'tagih'), ('tagih', 'salah'), ('salah', 'justru'), ('justru', 'hapus')]"
"['kontol', 'anjing']","[('kontol', 'anjing')]"
['mantap'],[]
"['kasi', 'baik', 'muntun', 'jgan', 'kasi', 'gelap', 'lahh']","[('kasi', 'baik'), ('baik', 'muntun'), ('muntun', 'jgan'), ('jgan', 'kasi'), ('kasi', 'gelap'), ('gelap', 'lahh')]"
"['bane', 'mohon', 'sesuikan']","[('bane', 'mohon'), ('mohon', 'sesuikan')]"
"['hehh', 'bagus', 'capek', 'bintang', 'bagus', 'kau', 'bagus', 'kau', 'bintang']","[('hehh', 'bagus'), ('bagus', 'capek'), ('capek', 'bintang'), ('bintang', 'bagus'), ('bagus', 'kau'), ('kau', 'bagus'), ('bagus', 'kau'), ('kau', 'bintang')]"
"['masalah', 'imbang', 'total', 'tanding', 'k', 'ketemu', 'sampai', 'kocak', 'rusak']","[('masalah', 'imbang'), ('imbang', 'total'), ('total', 'tanding'), ('tanding', 'k'), ('k', 'ketemu'), ('ketemu', 'sampai'), ('sampai', 'kocak'), ('kocak', 'rusak')]"
"['yey', 'ws', 'smaa', 'mimin', 'syg', 'mimin']","[('yey', 'ws'), ('ws', 'smaa'), ('smaa', 'mimin'), ('mimin', 'syg'), ('syg', 'mimin')]"
"['akun', 'kena', 'ban']","[('akun', 'kena'), ('kena', 'ban')]"
"['bagus', 'tolong', 'baik', 'machmaking', 'sampah', 'mythic', 'masa', 'ketemu', 'sedang', 'pihak', 'lawan', 'mythic', 'tolong', 'baik', 'machmaking', 'adil']","[('bagus', 'tolong'), ('tolong', 'baik'), ('baik', 'machmaking'), ('machmaking', 'sampah'), ('sampah', 'mythic'), ('mythic', 'masa'), ('masa', 'ketemu'), ('ketemu', 'sedang'), ('sedang', 'pihak'), ('pihak', 'lawan'), ('lawan', 'mythic'), ('mythic', 'tolong'), ('tolong', 'baik'), ('baik', 'machmaking'), ('machmaking', 'adil')]"
"['seru', 'santai']","[('seru', 'santai')]"
"['bodoh', 'rusak', 'tolo', 'tolo']","[('bodoh', 'rusak'), ('rusak', 'tolo'), ('tolo', 'tolo')]"
['busuk'],[]
"['culas', 'busuk', 'wajar', 'ketemu', 'musuh', 'buruk', 'gerak', 'mati', 'langsung', 'lancar']","[('culas', 'busuk'), ('busuk', 'wajar'), ('wajar', 'ketemu'), ('ketemu', 'musuh'), ('musuh', 'buruk'), ('buruk', 'gerak'), ('gerak', 'mati'), ('mati', 'langsung'), ('langsung', 'lancar')]"
"['akun', 'hubung', 'sudah', 'beberapa', 'coba', 'tetap', 'hubung', 'tolong', 'arah']","[('akun', 'hubung'), ('hubung', 'sudah'), ('sudah', 'beberapa'), ('beberapa', 'coba'), ('coba', 'tetap'), ('tetap', 'hubung'), ('hubung', 'tolong'), ('tolong', 'arah')]"
"['wah', 'gmnya', 'bagus', 'gerafiknya', 'bagus', 'derak', 'bananyak', 'coba', 'banyak', 'darak', 'jamin', 'alam', 'seta', 'seson']","[('wah', 'gmnya'), ('gmnya', 'bagus'), ('bagus', 'gerafiknya'), ('gerafiknya', 'bagus'), ('bagus', 'derak'), ('derak', 'bananyak'), ('bananyak', 'coba'), ('coba', 'banyak'), ('banyak', 'darak'), ('darak', 'jamin'), ('jamin', 'alam'), ('alam', 'seta'), ('seta', 'seson')]"
['oke'],[]
['lacur'],[]
"['ko', 'makin', 'ngeselin', 'yaa', 'lag', 'parah', 'merah', 'gerak', 'tar', 'jalan', 'sndiri', 'bunuh', 'ngeselin', 'banget', 'asli', 'buka', 'yt', 'kualitas', 'hd', 'ttp', 'jalan']","[('ko', 'makin'), ('makin', 'ngeselin'), ('ngeselin', 'yaa'), ('yaa', 'lag'), ('lag', 'parah'), ('parah', 'merah'), ('merah', 'gerak'), ('gerak', 'tar'), ('tar', 'jalan'), ('jalan', 'sndiri'), ('sndiri', 'bunuh'), ('bunuh', 'ngeselin'), ('ngeselin', 'banget'), ('banget', 'asli'), ('asli', 'buka'), ('buka', 'yt'), ('yt', 'kualitas'), ('kualitas', 'hd'), ('hd', 'ttp'), ('ttp', 'jalan')]"
"['musuh', 'imbang', 'adil', 'seru']","[('musuh', 'imbang'), ('imbang', 'adil'), ('adil', 'seru')]"
"['selesai', 'draf', 'selalu', 'lag', 'parah', 'bagus']","[('selesai', 'draf'), ('draf', 'selalu'), ('selalu', 'lag'), ('lag', 'parah'), ('parah', 'bagus')]"
"['bagus', 'suka', 'role', 'guna', 'role', 'role', 'dapt']","[('bagus', 'suka'), ('suka', 'role'), ('role', 'guna'), ('guna', 'role'), ('role', 'role'), ('role', 'dapt')]"
"['sinyal', 'bagus', 'support', 'ngk', 'gerak']","[('sinyal', 'bagus'), ('bagus', 'support'), ('support', 'ngk'), ('ngk', 'gerak')]"
"['fedder', 'ngk', 'imbang']","[('fedder', 'ngk'), ('ngk', 'imbang')]"
"['buruk', 'benar', 'masa', 'musuh', 'sulit', 'keras', 'trol', 'feeder', 'mana', 'suka', 'lag', 'tibatiba', 'makin', 'makin', 'parah']","[('buruk', 'benar'), ('benar', 'masa'), ('masa', 'musuh'), ('musuh', 'sulit'), ('sulit', 'keras'), ('keras', 'trol'), ('trol', 'feeder'), ('feeder', 'mana'), ('mana', 'suka'), ('suka', 'lag'), ('lag', 'tibatiba'), ('tibatiba', 'makin'), ('makin', 'makin'), ('makin', 'parah')]"
"['anjing', 'cape', 'cape', 'naekin', 'ketemu', 'epic', 'muluu']","[('anjing', 'cape'), ('cape', 'cape'), ('cape', 'naekin'), ('naekin', 'ketemu'), ('ketemu', 'epic'), ('epic', 'muluu')]"
"['hei', 'beri', 'jangan', 'duo', 'trio', 'tolol', 'duotrio', 'tolol']","[('hei', 'beri'), ('beri', 'jangan'), ('jangan', 'duo'), ('duo', 'trio'), ('trio', 'tolol'), ('tolol', 'duotrio'), ('duotrio', 'tolol')]"
"['sinyal', 'full', 'hijau', 'aneh', 'lag', 'parah', 'sampai', 'kira', 'afk', 'benar', 'benar', 'rugi']","[('sinyal', 'full'), ('full', 'hijau'), ('hijau', 'aneh'), ('aneh', 'lag'), ('lag', 'parah'), ('parah', 'sampai'), ('sampai', 'kira'), ('kira', 'afk'), ('afk', 'benar'), ('benar', 'benar'), ('benar', 'rugi')]"
"['lag', 'ngentod']","[('lag', 'ngentod')]"
"['matching', 'gajelas']","[('matching', 'gajelas')]"
"['biasa', 'gelap', 'pasti', 'jumping', 'sinyal', 'oke']","[('biasa', 'gelap'), ('gelap', 'pasti'), ('pasti', 'jumping'), ('jumping', 'sinyal'), ('sinyal', 'oke')]"
['kontoll'],[]
"['baik', 'noh', 'bug']","[('baik', 'noh'), ('noh', 'bug')]"
"['bug', 'coba', 'report', 'masalah', 'atas', 'balas', 'report']","[('bug', 'coba'), ('coba', 'report'), ('report', 'masalah'), ('masalah', 'atas'), ('atas', 'balas'), ('balas', 'report')]"
"['kasi', 'musuh', 'sm', 'musuh', 'jago', 'gabisa']","[('kasi', 'musuh'), ('musuh', 'sm'), ('sm', 'musuh'), ('musuh', 'jago'), ('jago', 'gabisa')]"
"['ngilangin', 'stres', 'ehh', 'tambah', 'stres', 'gaush', 'gila', 'ntr']","[('ngilangin', 'stres'), ('stres', 'ehh'), ('ehh', 'tambah'), ('tambah', 'stres'), ('stres', 'gaush'), ('gaush', 'gila'), ('gila', 'ntr')]"
['buruk'],[]
"['ganti', 'akun', 'cuma', 'arah', 'pusat', 'akun', 'ikut', 'arah', 'customer', 'servis', 'emosi', 'kadang', 'kode', 'verifikasi', 'salah', 'ganti', 'akun', 'email', 'google', 'sudah', 'benar', 'masukin']","[('ganti', 'akun'), ('akun', 'cuma'), ('cuma', 'arah'), ('arah', 'pusat'), ('pusat', 'akun'), ('akun', 'ikut'), ('ikut', 'arah'), ('arah', 'customer'), ('customer', 'servis'), ('servis', 'emosi'), ('emosi', 'kadang'), ('kadang', 'kode'), ('kode', 'verifikasi'), ('verifikasi', 'salah'), ('salah', 'ganti'), ('ganti', 'akun'), ('akun', 'email'), ('email', 'google'), ('google', 'sudah'), ('sudah', 'benar'), ('benar', 'masukin')]"
"['kenapa', 'suara', 'hiro', 'dalam', 'ngak', 'hilang']","[('kenapa', 'suara'), ('suara', 'hiro'), ('hiro', 'dalam'), ('dalam', 'ngak'), ('ngak', 'hilang')]"
"['mikir', 'susah', 'komunikasi', 'gelap', 'aneh']","[('mikir', 'susah'), ('susah', 'komunikasi'), ('komunikasi', 'gelap'), ('gelap', 'aneh')]"
['good'],[]
"['kenapa', 'sekarang', 'selesai', 'yapping', 'bujang', 'bungkam', 'timkukuat']","[('kenapa', 'sekarang'), ('sekarang', 'selesai'), ('selesai', 'yapping'), ('yapping', 'bujang'), ('bujang', 'bungkam'), ('bungkam', 'timkukuat')]"
"['yatempiyatu', 'asu', 'ngekei', 'goblog', 'kabeh', 'meh', 'munggah', 'mitik', 'e', 'angel', 'e', 'asu', 'jembot']","[('yatempiyatu', 'asu'), ('asu', 'ngekei'), ('ngekei', 'goblog'), ('goblog', 'kabeh'), ('kabeh', 'meh'), ('meh', 'munggah'), ('munggah', 'mitik'), ('mitik', 'e'), ('e', 'angel'), ('angel', 'e'), ('e', 'asu'), ('asu', 'jembot')]"
"['jelas', 'makin', 'lama', 'makin', 'hilang', 'sampah']","[('jelas', 'makin'), ('makin', 'lama'), ('lama', 'makin'), ('makin', 'hilang'), ('hilang', 'sampah')]"
"['sudah', 'session', 'makin', 'njng', 'moontonnya', 'menang', 'lanjut', 'jangan', 'harap', 'menang', 'darksystemnya', 'ngotak', 'developer', 'selalu', 'binatang', 'buruk', 'su', 'sampai', 'kapan', 'imbang', 'dalam']","[('sudah', 'session'), ('session', 'makin'), ('makin', 'njng'), ('njng', 'moontonnya'), ('moontonnya', 'menang'), ('menang', 'lanjut'), ('lanjut', 'jangan'), ('jangan', 'harap'), ('harap', 'menang'), ('menang', 'darksystemnya'), ('darksystemnya', 'ngotak'), ('ngotak', 'developer'), ('developer', 'selalu'), ('selalu', 'binatang'), ('binatang', 'buruk'), ('buruk', 'su'), ('su', 'sampai'), ('sampai', 'kapan'), ('kapan', 'imbang'), ('imbang', 'dalam')]"
['lawak'],[]
"['lot', 'baru', 'rang', 'kredit', 'skor', 'babi', 'kau', 'gelap', 'parah']","[('lot', 'baru'), ('baru', 'rang'), ('rang', 'kredit'), ('kredit', 'skor'), ('skor', 'babi'), ('babi', 'kau'), ('kau', 'gelap'), ('gelap', 'parah')]"
"['menang', 'kalah', 'sampai', 'lima']","[('menang', 'kalah'), ('kalah', 'sampai'), ('sampai', 'lima')]"
"['peerbaiki', 'sinyal', 'jngan', 'banyak', 'event']","[('peerbaiki', 'sinyal'), ('sinyal', 'jngan'), ('jngan', 'banyak'), ('banyak', 'event')]"
"['seru', 'tantang', 'sukapake', 'lancelot']","[('seru', 'tantang'), ('tantang', 'sukapake'), ('sukapake', 'lancelot')]"
['normal'],[]
"['makin', 'server', 'lag', 'anj']","[('makin', 'server'), ('server', 'lag'), ('lag', 'anj')]"
"['kenapa', 'kalahh', 'teruss', 'ton', 'capemonton', 'kasi', 'apaa', 'kenapa', 'susang', 'benget', 'keluar', 'legendsmonton', 'gamau', 'lose', 'cape']","[('kenapa', 'kalahh'), ('kalahh', 'teruss'), ('teruss', 'ton'), ('ton', 'capemonton'), ('capemonton', 'kasi'), ('kasi', 'apaa'), ('apaa', 'kenapa'), ('kenapa', 'susang'), ('susang', 'benget'), ('benget', 'keluar'), ('keluar', 'legendsmonton'), ('legendsmonton', 'gamau'), ('gamau', 'lose'), ('lose', 'cape')]"
"['lag', 'ping', 'merah', 'busuk']","[('lag', 'ping'), ('ping', 'merah'), ('merah', 'busuk')]"
"['manajemen', 'milih', 'seluruh', 'cuma', 'indonesia', 'internetnya', 'lambat', 'paksa', 'semua', 'kentang', 'lag', 'brutal', 'pilih', 'mana', 'momen', 'penting', 'tentu', 'menang', 'buah']","[('manajemen', 'milih'), ('milih', 'seluruh'), ('seluruh', 'cuma'), ('cuma', 'indonesia'), ('indonesia', 'internetnya'), ('internetnya', 'lambat'), ('lambat', 'paksa'), ('paksa', 'semua'), ('semua', 'kentang'), ('kentang', 'lag'), ('lag', 'brutal'), ('brutal', 'pilih'), ('pilih', 'mana'), ('mana', 'momen'), ('momen', 'penting'), ('penting', 'tentu'), ('tentu', 'menang'), ('menang', 'buah')]"
"['pokimai', 'masuk', 'akal', 'sedang', 'musuh', 'jago', 'poqi']","[('pokimai', 'masuk'), ('masuk', 'akal'), ('akal', 'sedang'), ('sedang', 'musuh'), ('musuh', 'jago'), ('jago', 'poqi')]"
"['binatang', 'beri', 'hapus', 'banyak', 'bug', 'update', 'sekian', 'wasalam']","[('binatang', 'beri'), ('beri', 'hapus'), ('hapus', 'banyak'), ('banyak', 'bug'), ('bug', 'update'), ('update', 'sekian'), ('sekian', 'wasalam')]"
['aneh'],[]
"['seru', 'banget', 'sudah', 'th', 'bosen', 'bosen']","[('seru', 'banget'), ('banget', 'sudah'), ('sudah', 'th'), ('th', 'bosen'), ('bosen', 'bosen')]"
"['season', 'kemarin', 'cuam', 'puterputer', 'menang', 'kalah', 'naik', 'enggak', 'turun', 'enggak', 'stuck', 'situ', 'macth', 'mvp', 'kalah', 'menang', 'mvp', 'privilege']","[('season', 'kemarin'), ('kemarin', 'cuam'), ('cuam', 'puterputer'), ('puterputer', 'menang'), ('menang', 'kalah'), ('kalah', 'naik'), ('naik', 'enggak'), ('enggak', 'turun'), ('turun', 'enggak'), ('enggak', 'stuck'), ('stuck', 'situ'), ('situ', 'macth'), ('macth', 'mvp'), ('mvp', 'kalah'), ('kalah', 'menang'), ('menang', 'mvp'), ('mvp', 'privilege')]"
"['sekrang', 'ngasi', 'tolol', 'semua']","[('sekrang', 'ngasi'), ('ngasi', 'tolol'), ('tolol', 'semua')]"
"['like', 'it']","[('like', 'it')]"
"['rusak', 'masalah']","[('rusak', 'masalah')]"
"['jelas', 'd', 'kurang', 'kredit', 'skor', 'ngga', 'ngapa', 'ngapain']","[('jelas', 'd'), ('d', 'kurang'), ('kurang', 'kredit'), ('kredit', 'skor'), ('skor', 'ngga'), ('ngga', 'ngapa'), ('ngapa', 'ngapain')]"
"['suka', 'lag', 'karuan', 'pen', 'lag', 'bagus', 'tolong', 'jangan', 'rusak', 'nyaman']","[('suka', 'lag'), ('lag', 'karuan'), ('karuan', 'pen'), ('pen', 'lag'), ('lag', 'bagus'), ('bagus', 'tolong'), ('tolong', 'jangan'), ('jangan', 'rusak'), ('rusak', 'nyaman')]"
"['gemm', 'jembot', 'kontol', 'asu', 'tempek', 'keok', 'akeh', 'gelap', 'coknasu']","[('gemm', 'jembot'), ('jembot', 'kontol'), ('kontol', 'asu'), ('asu', 'tempek'), ('tempek', 'keok'), ('keok', 'akeh'), ('akeh', 'gelap'), ('gelap', 'coknasu')]"
"['kikir', 'bgst', 'ajg', 'losstreak']","[('kikir', 'bgst'), ('bgst', 'ajg'), ('ajg', 'losstreak')]"
"['bagus', 'ngotak', 'kadang', 'siyal', 'jelek', 'pus', 'dpet', 'musuh', 'jago', 'semua', 'sendiri', 'jelek', 'lgi', 'pusreng', 'dpet', 'musuh', 'jgo', 'semua']","[('bagus', 'ngotak'), ('ngotak', 'kadang'), ('kadang', 'siyal'), ('siyal', 'jelek'), ('jelek', 'pus'), ('pus', 'dpet'), ('dpet', 'musuh'), ('musuh', 'jago'), ('jago', 'semua'), ('semua', 'sendiri'), ('sendiri', 'jelek'), ('jelek', 'lgi'), ('lgi', 'pusreng'), ('pusreng', 'dpet'), ('dpet', 'musuh'), ('musuh', 'jgo'), ('jgo', 'semua')]"
"['tolong', 'musuh', 'padan', 'masa', 'ex', 'ketemu', 'musuh', 'ex', 'imo', 'semua', 'adil', 'padan']","[('tolong', 'musuh'), ('musuh', 'padan'), ('padan', 'masa'), ('masa', 'ex'), ('ex', 'ketemu'), ('ketemu', 'musuh'), ('musuh', 'ex'), ('ex', 'imo'), ('imo', 'semua'), ('semua', 'adil'), ('adil', 'padan')]"
['buruk'],[]
"['beri', 'adil', 'adil', 'banyak', 'meng', 'troll', 'jika', 'role', 'sengsara', 'jika', 'troll', 'ranking', 'kena', 'lindung', 'kasihan', 'orng', 'lain', 'troll', 'turun']","[('beri', 'adil'), ('adil', 'adil'), ('adil', 'banyak'), ('banyak', 'meng'), ('meng', 'troll'), ('troll', 'jika'), ('jika', 'role'), ('role', 'sengsara'), ('sengsara', 'jika'), ('jika', 'troll'), ('troll', 'ranking'), ('ranking', 'kena'), ('kena', 'lindung'), ('lindung', 'kasihan'), ('kasihan', 'orng'), ('orng', 'lain'), ('lain', 'troll'), ('troll', 'turun')]"
['tae'],[]
"['punya', 'bocil', 'minimal', 'waras', 'lol']","[('punya', 'bocil'), ('bocil', 'minimal'), ('minimal', 'waras'), ('waras', 'lol')]"
"['jelek', 'mending', 'hapus', 'darksistem', 'semua', 'musuh', 'jago', 'adil', 'jelek', 'usah', 'mainin', 'usak', 'otak']","[('jelek', 'mending'), ('mending', 'hapus'), ('hapus', 'darksistem'), ('darksistem', 'semua'), ('semua', 'musuh'), ('musuh', 'jago'), ('jago', 'adil'), ('adil', 'jelek'), ('jelek', 'usah'), ('usah', 'mainin'), ('mainin', 'usak'), ('usak', 'otak')]"
"['gblok', 'alam', 'romawi', 'glory', 'guobloknya', 'berapa', 'gblok', 'profil', 'tolol', 'parah', 'matchnya', 'anjeng']","[('gblok', 'alam'), ('alam', 'romawi'), ('romawi', 'glory'), ('glory', 'guobloknya'), ('guobloknya', 'berapa'), ('berapa', 'gblok'), ('gblok', 'profil'), ('profil', 'tolol'), ('tolol', 'parah'), ('parah', 'matchnya'), ('matchnya', 'anjeng')]"
"['saranin', 'sabar', 'setip', 'tisu', 'jangan', 'otak', 'stres', 'lama', 'lama', 'kesel', 'jugaa', 'rusak']","[('saranin', 'sabar'), ('sabar', 'setip'), ('setip', 'tisu'), ('tisu', 'jangan'), ('jangan', 'otak'), ('otak', 'stres'), ('stres', 'lama'), ('lama', 'lama'), ('lama', 'kesel'), ('kesel', 'jugaa'), ('jugaa', 'rusak')]"
"['kait', 'rusak', 'ngotak', 'sedikit']","[('kait', 'rusak'), ('rusak', 'ngotak'), ('ngotak', 'sedikit')]"
"['gm', 'taik', 'tol', 'semuaa', 'kasi', 'ajingg', 'binatang', 'ngsi', 'kontoll', 'anjing']","[('gm', 'taik'), ('taik', 'tol'), ('tol', 'semuaa'), ('semuaa', 'kasi'), ('kasi', 'ajingg'), ('ajingg', 'binatang'), ('binatang', 'ngsi'), ('ngsi', 'kontoll'), ('kontoll', 'anjing')]"
"['rusak', 'tres', 'ngk', 'adil', 'lolot', 'mending', 'pindah', 'king', 'lebih', 'tarik', 'lebih', 'adil', 'beri', 'lawan', 'sesuai', 'mampu', 'sendiri', 'beda', 'beri', 'musuh', 'ngak', 'imbang', 'sendiri', 'tambah', 'sekarang', 'sendiri', 'mati', 'pasti', 'langsung', 'ripot', 'kurang', 'kredit', 'kor', 'ngak', 'kasi', 'layer', 'buruk']","[('rusak', 'tres'), ('tres', 'ngk'), ('ngk', 'adil'), ('adil', 'lolot'), ('lolot', 'mending'), ('mending', 'pindah'), ('pindah', 'king'), ('king', 'lebih'), ('lebih', 'tarik'), ('tarik', 'lebih'), ('lebih', 'adil'), ('adil', 'beri'), ('beri', 'lawan'), ('lawan', 'sesuai'), ('sesuai', 'mampu'), ('mampu', 'sendiri'), ('sendiri', 'beda'), ('beda', 'beri'), ('beri', 'musuh'), ('musuh', 'ngak'), ('ngak', 'imbang'), ('imbang', 'sendiri'), ('sendiri', 'tambah'), ('tambah', 'sekarang'), ('sekarang', 'sendiri'), ('sendiri', 'mati'), ('mati', 'pasti'), ('pasti', 'langsung'), ('langsung', 'ripot'), ('ripot', 'kurang'), ('kurang', 'kredit'), ('kredit', 'kor'), ('kor', 'ngak'), ('ngak', 'kasi'), ('kasi', 'layer'), ('layer', 'buruk')]"
"['bagus', 'grafik', 'sudah', 'gabisa', 'sekarang']","[('bagus', 'grafik'), ('grafik', 'sudah'), ('sudah', 'gabisa'), ('gabisa', 'sekarang')]"
['kotl'],[]
"['pesan', 'buka', 'beri', 'langgar', 'tanpa', 'lihat', 'mentulusuri', 'tolong', 'perbaikin', 'belum', 'ambil', 'tindak']","[('pesan', 'buka'), ('buka', 'beri'), ('beri', 'langgar'), ('langgar', 'tanpa'), ('tanpa', 'lihat'), ('lihat', 'mentulusuri'), ('mentulusuri', 'tolong'), ('tolong', 'perbaikin'), ('perbaikin', 'belum'), ('belum', 'ambil'), ('ambil', 'tindak')]"
"['ketemu', 'gajelas']","[('ketemu', 'gajelas')]"
['dongo'],[]
"['settingan', 'banyak', 'bot', 'kalah', 'moga', 'cepat', 'bangkrut', 'aamiin']","[('settingan', 'banyak'), ('banyak', 'bot'), ('bot', 'kalah'), ('kalah', 'moga'), ('moga', 'cepat'), ('cepat', 'bangkrut'), ('bangkrut', 'aamiin')]"
"['gaje', 'lama', 'season', 'isi', 'banyak', 'maksa', 'sedang', 'musuh', 'renk', 'tinggi', 'glory', 'renk', 'tinggi', 'epic', 'mawi', 'username', 'fadil', 'elek', 'lama', 'season', 'pernah', 'ws']","[('gaje', 'lama'), ('lama', 'season'), ('season', 'isi'), ('isi', 'banyak'), ('banyak', 'maksa'), ('maksa', 'sedang'), ('sedang', 'musuh'), ('musuh', 'renk'), ('renk', 'tinggi'), ('tinggi', 'glory'), ('glory', 'renk'), ('renk', 'tinggi'), ('tinggi', 'epic'), ('epic', 'mawi'), ('mawi', 'username'), ('username', 'fadil'), ('fadil', 'elek'), ('elek', 'lama'), ('lama', 'season'), ('season', 'pernah'), ('pernah', 'ws')]"
['oke'],[]
"['lain', 'jali', 'kasi', 'waras', 'sedikit', 'jn', 'ngetrol', 'mikir', 'napa', 'org', 'improve', 'dr', 'skill', 'kasi', 'gt', 'org', 'mentok', 'lawak']","[('lain', 'jali'), ('jali', 'kasi'), ('kasi', 'waras'), ('waras', 'sedikit'), ('sedikit', 'jn'), ('jn', 'ngetrol'), ('ngetrol', 'mikir'), ('mikir', 'napa'), ('napa', 'org'), ('org', 'improve'), ('improve', 'dr'), ('dr', 'skill'), ('skill', 'kasi'), ('kasi', 'gt'), ('gt', 'org'), ('org', 'mentok'), ('mentok', 'lawak')]"
"['sudah', 'apus', 'beri', 'gprnah', 'benar']","[('sudah', 'apus'), ('apus', 'beri'), ('beri', 'gprnah'), ('gprnah', 'benar')]"
"['skin', 'gratis', 'jangan', 'trial', 'herobadang', 'helcrut', 'semuahero', 'gratis', 'nanti', 'bintang', 'suka', 'pasang', 'hapymod']","[('skin', 'gratis'), ('gratis', 'jangan'), ('jangan', 'trial'), ('trial', 'herobadang'), ('herobadang', 'helcrut'), ('helcrut', 'semuahero'), ('semuahero', 'gratis'), ('gratis', 'nanti'), ('nanti', 'bintang'), ('bintang', 'suka'), ('suka', 'pasang'), ('pasang', 'hapymod')]"
"['bagus', 'beri', 'diamond', 'beri', 'bintang', 'cukup']","[('bagus', 'beri'), ('beri', 'diamond'), ('diamond', 'beri'), ('beri', 'bintang'), ('bintang', 'cukup')]"
"['usah', 'ngekil', 'ges', 'mending', 'assist', 'cape', 'cape', 'kill', 'ngepush', 'kalah', 'punya', 'assist', 'lebih', 'banyak', 'mvp', 'mati', 'banyak', 'dia']","[('usah', 'ngekil'), ('ngekil', 'ges'), ('ges', 'mending'), ('mending', 'assist'), ('assist', 'cape'), ('cape', 'cape'), ('cape', 'kill'), ('kill', 'ngepush'), ('ngepush', 'kalah'), ('kalah', 'punya'), ('punya', 'assist'), ('assist', 'lebih'), ('lebih', 'banyak'), ('banyak', 'mvp'), ('mvp', 'mati'), ('mati', 'banyak'), ('banyak', 'dia')]"
['pepek'],[]
"['banyak', 'darksistem']","[('banyak', 'darksistem')]"
"['seru', 'tolong', 'imbang']","[('seru', 'tolong'), ('tolong', 'imbang')]"
['kontol'],[]
[],[]
"['parah', 'banget', 'ngebug', 'oke', 'plus', 'tia', 'sentuh', 'kena', 'afk', 'baik']","[('parah', 'banget'), ('banget', 'ngebug'), ('ngebug', 'oke'), ('oke', 'plus'), ('plus', 'tia'), ('tia', 'sentuh'), ('sentuh', 'kena'), ('kena', 'afk'), ('afk', 'baik')]"
"['klok', 'bot', 'musuh', 'jugak', 'bot', 'bot', 'musuh', 'gg', 'tololtolong', 'ituh', 'lobi', 'bnerin', 'mles']","[('klok', 'bot'), ('bot', 'musuh'), ('musuh', 'jugak'), ('jugak', 'bot'), ('bot', 'bot'), ('bot', 'musuh'), ('musuh', 'gg'), ('gg', 'tololtolong'), ('tololtolong', 'ituh'), ('ituh', 'lobi'), ('lobi', 'bnerin'), ('bnerin', 'mles')]"
"['ngotak', 'sedikit', 'lawan', 'imbang', 'pasti', 'pindah', 'tolong', 'baik', 'napa', 'lawan', 'ngotak', 'senang', 'senang', 'imbang', 'lawan', 'alhasil', 'lose', 'streakkecewa', 'berat']","[('ngotak', 'sedikit'), ('sedikit', 'lawan'), ('lawan', 'imbang'), ('imbang', 'pasti'), ('pasti', 'pindah'), ('pindah', 'tolong'), ('tolong', 'baik'), ('baik', 'napa'), ('napa', 'lawan'), ('lawan', 'ngotak'), ('ngotak', 'senang'), ('senang', 'senang'), ('senang', 'imbang'), ('imbang', 'lawan'), ('lawan', 'alhasil'), ('alhasil', 'lose'), ('lose', 'streakkecewa'), ('streakkecewa', 'berat')]"
"['grafik', 'bagus', 'banget', 'ngasi', 'curang', 'keye']","[('grafik', 'bagus'), ('bagus', 'banget'), ('banget', 'ngasi'), ('ngasi', 'curang'), ('curang', 'keye')]"
"['asu', 'celeng', 'lol']","[('asu', 'celeng'), ('celeng', 'lol')]"
"['sampah', 'naik', 'buruk', 'kyk', 'gitu']","[('sampah', 'naik'), ('naik', 'buruk'), ('buruk', 'kyk'), ('kyk', 'gitu')]"
"['hapus', 'play', 'store', 'beberapa', 'selalu', 'baik']","[('hapus', 'play'), ('play', 'store'), ('store', 'beberapa'), ('beberapa', 'selalu'), ('selalu', 'baik')]"
"['banyak', 'satu', 'banyak', 'ngadu', 'admin', 'parah', 'banyak', 'atur']","[('banyak', 'satu'), ('satu', 'banyak'), ('banyak', 'ngadu'), ('ngadu', 'admin'), ('admin', 'parah'), ('parah', 'banyak'), ('banyak', 'atur')]"
"['tolol', 'banyak', 'benar', 'gelap', 'tolol']","[('tolol', 'banyak'), ('banyak', 'benar'), ('benar', 'gelap'), ('gelap', 'tolol')]"
"['scam', 'recommended', 'selalu', 'gabisa', 'nyeleneh', 'musuh', 'jago', 'padan', 'daya', 'punya', 'party', 'gimana', 'ngembangin', 'skill', 'rata', 'gabisa']","[('scam', 'recommended'), ('recommended', 'selalu'), ('selalu', 'gabisa'), ('gabisa', 'nyeleneh'), ('nyeleneh', 'musuh'), ('musuh', 'jago'), ('jago', 'padan'), ('padan', 'daya'), ('daya', 'punya'), ('punya', 'party'), ('party', 'gimana'), ('gimana', 'ngembangin'), ('ngembangin', 'skill'), ('skill', 'rata'), ('rata', 'gabisa')]"
"['selalu', 'lag', 'walau', 'baik']","[('selalu', 'lag'), ('lag', 'walau'), ('walau', 'baik')]"
"['tolong', 'baik', 'sudah', 'terlalu', 'lag']","[('tolong', 'baik'), ('baik', 'sudah'), ('sudah', 'terlalu'), ('terlalu', 'lag')]"
['taek'],[]
['mantap'],[]
"['selesai', 'draft', 'selalu', 'patah', 'patah', 'sempat', 'ganti', 'build', 'build', 'rekomendasi', 'belum', 'update', 'lancar', 'lancar', 'sekarang', 'kenapa', 'menggangu', 'errorlag', 'selesai', 'draft', 'sinyal', 'bagus', 'bintang', 'satu', 'update', 'sekarang', 'sudah', 'fiks', 'baru', 'bintang']","[('selesai', 'draft'), ('draft', 'selalu'), ('selalu', 'patah'), ('patah', 'patah'), ('patah', 'sempat'), ('sempat', 'ganti'), ('ganti', 'build'), ('build', 'build'), ('build', 'rekomendasi'), ('rekomendasi', 'belum'), ('belum', 'update'), ('update', 'lancar'), ('lancar', 'lancar'), ('lancar', 'sekarang'), ('sekarang', 'kenapa'), ('kenapa', 'menggangu'), ('menggangu', 'errorlag'), ('errorlag', 'selesai'), ('selesai', 'draft'), ('draft', 'sinyal'), ('sinyal', 'bagus'), ('bagus', 'bintang'), ('bintang', 'satu'), ('satu', 'update'), ('update', 'sekarang'), ('sekarang', 'sudah'), ('sudah', 'fiks'), ('fiks', 'baru'), ('baru', 'bintang')]"
"['tolol', 'ge', 'updet', 'mas', 'salah', 'lag', 'hijau', 'sinyal', 'ko', 'lag', 'rusak', 'jangan', 'diem', 'tangung', 'jawab']","[('tolol', 'ge'), ('ge', 'updet'), ('updet', 'mas'), ('mas', 'salah'), ('salah', 'lag'), ('lag', 'hijau'), ('hijau', 'sinyal'), ('sinyal', 'ko'), ('ko', 'lag'), ('lag', 'rusak'), ('rusak', 'jangan'), ('jangan', 'diem'), ('diem', 'tangung'), ('tangung', 'jawab')]"
['cool'],[]
['best'],[]
['kontol'],[]
"['rusak', 'lag', 'ping', 'jumping', 'kaga', 'jelas']","[('rusak', 'lag'), ('lag', 'ping'), ('ping', 'jumping'), ('jumping', 'kaga'), ('kaga', 'jelas')]"
"['bro', 'puas', 'permainin', 'menang', 'kala', 'ajing', 'musu', 'lol', 'jan', 'mityik', 'gaem', 'lol']","[('bro', 'puas'), ('puas', 'permainin'), ('permainin', 'menang'), ('menang', 'kala'), ('kala', 'ajing'), ('ajing', 'musu'), ('musu', 'lol'), ('lol', 'jan'), ('jan', 'mityik'), ('mityik', 'gaem'), ('gaem', 'lol')]"
"['lag', 'lobby', 'aman', 'nyaman']","[('lag', 'lobby'), ('lobby', 'aman'), ('aman', 'nyaman')]"
"['woy', 'sinyal', 'lag', 'make', 'wifi', 'lohh', 'make', 'bagus', 'lag', 'banget', 'lag', 'sampai', 'gerak']","[('woy', 'sinyal'), ('sinyal', 'lag'), ('lag', 'make'), ('make', 'wifi'), ('wifi', 'lohh'), ('lohh', 'make'), ('make', 'bagus'), ('bagus', 'lag'), ('lag', 'banget'), ('banget', 'lag'), ('lag', 'sampai'), ('sampai', 'gerak')]"
"['minimal', 'tolong', 'pernah', 'menang', 'sujud', 'kantor', 'jilat', 'kaki', 'karyawanmu', 'biar', 'ws', 'tolong', 'minimal', 'frustasi', 'pernah', 'ws', 'kawan', 'pindah', 'ff', 'gara', 'gara', 'ls', 'ah', 'percuma', 'ngomong', 'notice']","[('minimal', 'tolong'), ('tolong', 'pernah'), ('pernah', 'menang'), ('menang', 'sujud'), ('sujud', 'kantor'), ('kantor', 'jilat'), ('jilat', 'kaki'), ('kaki', 'karyawanmu'), ('karyawanmu', 'biar'), ('biar', 'ws'), ('ws', 'tolong'), ('tolong', 'minimal'), ('minimal', 'frustasi'), ('frustasi', 'pernah'), ('pernah', 'ws'), ('ws', 'kawan'), ('kawan', 'pindah'), ('pindah', 'ff'), ('ff', 'gara'), ('gara', 'gara'), ('gara', 'ls'), ('ls', 'ah'), ('ah', 'percuma'), ('percuma', 'ngomong'), ('ngomong', 'notice')]"
['yeah'],[]
"['kacau', 'stabil']","[('kacau', 'stabil')]"
"['update', 'patch', 'nalah', 'tambah', 'busuk', 'super', 'busuk', 'drafting', 'lag', 'aman', 'notif', 'putus', 'sampai', 'masuk', 'menit', 'update', 'patch', 'bukan', 'makin', 'baik', 'makin', 'busuk']","[('update', 'patch'), ('patch', 'nalah'), ('nalah', 'tambah'), ('tambah', 'busuk'), ('busuk', 'super'), ('super', 'busuk'), ('busuk', 'drafting'), ('drafting', 'lag'), ('lag', 'aman'), ('aman', 'notif'), ('notif', 'putus'), ('putus', 'sampai'), ('sampai', 'masuk'), ('masuk', 'menit'), ('menit', 'update'), ('update', 'patch'), ('patch', 'bukan'), ('bukan', 'makin'), ('makin', 'baik'), ('baik', 'makin'), ('makin', 'busuk')]"
"['gelap', 'semua', 'anjng']","[('gelap', 'semua'), ('semua', 'anjng')]"
"['pilih', 'lawan', 'terlalu', 'adil', 'selalu', 'ngerti', 'balik', 'lawan', 'semua', 'terlalu', 'adil', 'bab']","[('pilih', 'lawan'), ('lawan', 'terlalu'), ('terlalu', 'adil'), ('adil', 'selalu'), ('selalu', 'ngerti'), ('ngerti', 'balik'), ('balik', 'lawan'), ('lawan', 'semua'), ('semua', 'terlalu'), ('terlalu', 'adil'), ('adil', 'bab')]"
"['penarngetan', 'bebas', 'tetap', 'kunci', 'musuh', 'hapus']","[('penarngetan', 'bebas'), ('bebas', 'tetap'), ('tetap', 'kunci'), ('kunci', 'musuh'), ('musuh', 'hapus')]"
"['seru', 'suka', 'moga', 'makin', 'bagus']","[('seru', 'suka'), ('suka', 'moga'), ('moga', 'makin'), ('makin', 'bagus')]"
"['bagus', 'cocok', 'milik', 'sifat', 'mudah', 'marah', 'bantu', 'tenang', 'diri', 'hati', 'tolong', 'baik', 'bagi', 'imbang', 'biar', 'senang']","[('bagus', 'cocok'), ('cocok', 'milik'), ('milik', 'sifat'), ('sifat', 'mudah'), ('mudah', 'marah'), ('marah', 'bantu'), ('bantu', 'tenang'), ('tenang', 'diri'), ('diri', 'hati'), ('hati', 'tolong'), ('tolong', 'baik'), ('baik', 'bagi'), ('bagi', 'imbang'), ('imbang', 'biar'), ('biar', 'senang')]"
"['buruk', 'buka', 'ping', 'selalu', 'merah', 'lag', 'parah', 'buka', 'aplikasi', 'lain', 'lancar']","[('buruk', 'buka'), ('buka', 'ping'), ('ping', 'selalu'), ('selalu', 'merah'), ('merah', 'lag'), ('lag', 'parah'), ('parah', 'buka'), ('buka', 'aplikasi'), ('aplikasi', 'lain'), ('lain', 'lancar')]"
"['buruk', 'kalah', 'nurun', 'satu', 'bintang', 'naik', 'bintang', 'satu', 'lindung', 'tai']","[('buruk', 'kalah'), ('kalah', 'nurun'), ('nurun', 'satu'), ('satu', 'bintang'), ('bintang', 'naik'), ('naik', 'bintang'), ('bintang', 'satu'), ('satu', 'lindung'), ('lindung', 'tai')]"
"['kontol', 'bujang', 'anjingg', 'bagus', 'cepek', 'lose', 'ngentot', 'anjiing']","[('kontol', 'bujang'), ('bujang', 'anjingg'), ('anjingg', 'bagus'), ('bagus', 'cepek'), ('cepek', 'lose'), ('lose', 'ngentot'), ('ngentot', 'anjiing')]"
"['kecewa', 'imbang', 'chat', 'dalam', 'anggap', 'kasar', 'semua', 'batas', 'teman', 'imbang', 'anggap', 'salah', 'chat', 'lebih', 'kurang', 'credit', 'score']","[('kecewa', 'imbang'), ('imbang', 'chat'), ('chat', 'dalam'), ('dalam', 'anggap'), ('anggap', 'kasar'), ('kasar', 'semua'), ('semua', 'batas'), ('batas', 'teman'), ('teman', 'imbang'), ('imbang', 'anggap'), ('anggap', 'salah'), ('salah', 'chat'), ('chat', 'lebih'), ('lebih', 'kurang'), ('kurang', 'credit'), ('credit', 'score')]"
"['mith', 'please']","[('mith', 'please')]"
"['jelek', 'ashu', 'pagi', 'sampai', 'sore', 'buka', 'bintang', 'naik', 'lose', 'gajelas', 'mas', 'monnton', 'kasi', 'imbang', 'ashu', 'buka', 'daak', 'kasi', 'sedang', 'musuh', 'kairi', 'ashu', 'uninstall', 'kwuonthol']","[('jelek', 'ashu'), ('ashu', 'pagi'), ('pagi', 'sampai'), ('sampai', 'sore'), ('sore', 'buka'), ('buka', 'bintang'), ('bintang', 'naik'), ('naik', 'lose'), ('lose', 'gajelas'), ('gajelas', 'mas'), ('mas', 'monnton'), ('monnton', 'kasi'), ('kasi', 'imbang'), ('imbang', 'ashu'), ('ashu', 'buka'), ('buka', 'daak'), ('daak', 'kasi'), ('kasi', 'sedang'), ('sedang', 'musuh'), ('musuh', 'kairi'), ('kairi', 'ashu'), ('ashu', 'uninstall'), ('uninstall', 'kwuonthol')]"
"['masa', 'ganti', 'pp', 'keluar', 'lobby', 'sendiri', 'sinyalperangkat', 'tdk', 'kendala', 'kocak', 'bintang', 'no', 'recommend']","[('masa', 'ganti'), ('ganti', 'pp'), ('pp', 'keluar'), ('keluar', 'lobby'), ('lobby', 'sendiri'), ('sendiri', 'sinyalperangkat'), ('sinyalperangkat', 'tdk'), ('tdk', 'kendala'), ('kendala', 'kocak'), ('kocak', 'bintang'), ('bintang', 'no'), ('no', 'recommend')]"
"['kasi', 'benar', 'masa', 'ketemu', 'tolol', 'sudah', 'season', 'ketemu', 'tolol', 'sumpah']","[('kasi', 'benar'), ('benar', 'masa'), ('masa', 'ketemu'), ('ketemu', 'tolol'), ('tolol', 'sudah'), ('sudah', 'season'), ('season', 'ketemu'), ('ketemu', 'tolol'), ('tolol', 'sumpah')]"
"['parah', 'lag', 'stabil', 'emosi']","[('parah', 'lag'), ('lag', 'stabil'), ('stabil', 'emosi')]"
"['bagus', 'selalu', 'lag', 'patah', 'patah', 'rusak', 'rusak', 'rusakk', 'mending', 'uninstal', 'pindah']","[('bagus', 'selalu'), ('selalu', 'lag'), ('lag', 'patah'), ('patah', 'patah'), ('patah', 'rusak'), ('rusak', 'rusak'), ('rusak', 'rusakk'), ('rusakk', 'mending'), ('mending', 'uninstal'), ('uninstal', 'pindah')]"
"['rusak', 'lag', 'banget', 'sial']","[('rusak', 'lag'), ('lag', 'banget'), ('banget', 'sial')]"
"['pasti', 'sinyal', 'langsung', 'merah', 'tolong', 'd', 'baik', 'tolong', 'baik', 'parah']","[('pasti', 'sinyal'), ('sinyal', 'langsung'), ('langsung', 'merah'), ('merah', 'tolong'), ('tolong', 'd'), ('d', 'baik'), ('baik', 'tolong'), ('tolong', 'baik'), ('baik', 'parah')]"
"['adill', 'cok', 'mitikk', 'musuh', 'glory', 'rata', 'sedang', 'campur', 'biadab']","[('adill', 'cok'), ('cok', 'mitikk'), ('mitikk', 'musuh'), ('musuh', 'glory'), ('glory', 'rata'), ('rata', 'sedang'), ('sedang', 'campur'), ('campur', 'biadab')]"
"['update', 'makin', 'tolol', 'bapuk']","[('update', 'makin'), ('makin', 'tolol'), ('tolol', 'bapuk')]"
"['banyak', 'gelap', 'malasin']","[('banyak', 'gelap'), ('gelap', 'malasin')]"
"['sinyal', 'bagus', 'ping', 'merah', 'tolong', 'baik']","[('sinyal', 'bagus'), ('bagus', 'ping'), ('ping', 'merah'), ('merah', 'tolong'), ('tolong', 'baik')]"
['adil'],[]
"['makin', 'makin', 'lag', 'parah', 'pdhl', 'bagus']","[('makin', 'makin'), ('makin', 'lag'), ('lag', 'parah'), ('parah', 'pdhl'), ('pdhl', 'bagus')]"
"['kuota', 'banyak', 'wifi', 'jga', 'oke', 'stak', 'afk', 'kesel', 'banget', 'dlu', 'bgtu', 'mls']","[('kuota', 'banyak'), ('banyak', 'wifi'), ('wifi', 'jga'), ('jga', 'oke'), ('oke', 'stak'), ('stak', 'afk'), ('afk', 'kesel'), ('kesel', 'banget'), ('banget', 'dlu'), ('dlu', 'bgtu'), ('bgtu', 'mls')]"
"['keluh', 'kagak', 'benar', 'adil', 'baik', 'jelek', 'banget', 'sumpah', 'dengerin', 'keluh', 'mu', 'baik', 'tolong', 'banget']","[('keluh', 'kagak'), ('kagak', 'benar'), ('benar', 'adil'), ('adil', 'baik'), ('baik', 'jelek'), ('jelek', 'banget'), ('banget', 'sumpah'), ('sumpah', 'dengerin'), ('dengerin', 'keluh'), ('keluh', 'mu'), ('mu', 'baik'), ('baik', 'tolong'), ('tolong', 'banget')]"
"['ping', 'selalu', 'buruk', 'aneh', 'banget']","[('ping', 'selalu'), ('selalu', 'buruk'), ('buruk', 'aneh'), ('aneh', 'banget')]"
['buruk'],[]
"['montong', 'kurang', 'ngiclik', 'licik', 'lag']","[('montong', 'kurang'), ('kurang', 'ngiclik'), ('ngiclik', 'licik'), ('licik', 'lag')]"
"['sinyal', 'bagus', 'henti', 'suka', 'henti', 'tolong', 'baik', 'bug', 'muntun']","[('sinyal', 'bagus'), ('bagus', 'henti'), ('henti', 'suka'), ('suka', 'henti'), ('henti', 'tolong'), ('tolong', 'baik'), ('baik', 'bug'), ('bug', 'muntun')]"
['taik'],[]
"['aneh', 'temuin', 'party', 'makin', 'lama', 'makin', 'aneh']","[('aneh', 'temuin'), ('temuin', 'party'), ('party', 'makin'), ('makin', 'lama'), ('lama', 'makin'), ('makin', 'aneh')]"
"['buruk', 'kenapa', 'update', 'ping', 'stabil', 'benar', 'gara', 'gara', 'ping', 'stabil', 'rusak', 'lahh', 'tai']","[('buruk', 'kenapa'), ('kenapa', 'update'), ('update', 'ping'), ('ping', 'stabil'), ('stabil', 'benar'), ('benar', 'gara'), ('gara', 'gara'), ('gara', 'ping'), ('ping', 'stabil'), ('stabil', 'rusak'), ('rusak', 'lahh'), ('lahh', 'tai')]"
"['perbaikin', 'freze', 'sinyal', 'aman', 'ko', 'freze', 'berkalikali', 'ganggu', 'alam']","[('perbaikin', 'freze'), ('freze', 'sinyal'), ('sinyal', 'aman'), ('aman', 'ko'), ('ko', 'freze'), ('freze', 'berkalikali'), ('berkalikali', 'ganggu'), ('ganggu', 'alam')]"
"['asu', 'teman', 'naik', 'naik', 'teman', 'bot', 'adil']","[('asu', 'teman'), ('teman', 'naik'), ('naik', 'naik'), ('naik', 'teman'), ('teman', 'bot'), ('bot', 'adil')]"
"['taii', 'lain', 'tuju', 'senangsenang', 'gilastres', 'gila', 'isi', 'gelap', 'semua', 'bintang', 'lima', 'deteksi', 'tolong']","[('taii', 'lain'), ('lain', 'tuju'), ('tuju', 'senangsenang'), ('senangsenang', 'gilastres'), ('gilastres', 'gila'), ('gila', 'isi'), ('isi', 'gelap'), ('gelap', 'semua'), ('semua', 'bintang'), ('bintang', 'lima'), ('lima', 'deteksi'), ('deteksi', 'tolong')]"
"['banyak', 'layer', 'buruk', 'beri', 'derak', 'malas', 'hati', 'hancur', 'anak', 'yatim', 'para', 'bilang', 'bapak', 'sono', 'bapak']","[('banyak', 'layer'), ('layer', 'buruk'), ('buruk', 'beri'), ('beri', 'derak'), ('derak', 'malas'), ('malas', 'hati'), ('hati', 'hancur'), ('hancur', 'anak'), ('anak', 'yatim'), ('yatim', 'para'), ('para', 'bilang'), ('bilang', 'bapak'), ('bapak', 'sono'), ('sono', 'bapak')]"
"['bosan', 'lag', 'lag', 'lag', 'dn', 'lag', 'sinyak', 'stbil', 'wifi', 'parah', 'total', 'mending', 'ganti', 'pindah']","[('bosan', 'lag'), ('lag', 'lag'), ('lag', 'lag'), ('lag', 'dn'), ('dn', 'lag'), ('lag', 'sinyak'), ('sinyak', 'stbil'), ('stbil', 'wifi'), ('wifi', 'parah'), ('parah', 'total'), ('total', 'mending'), ('mending', 'ganti'), ('ganti', 'pindah')]"
"['kompak', 'jng', 'pilihin', 'busuk', 'kurang', 'sekolah', 'masa', 'sinyal', 'merah', 'anggap', 'afk', 'gimana']","[('kompak', 'jng'), ('jng', 'pilihin'), ('pilihin', 'busuk'), ('busuk', 'kurang'), ('kurang', 'sekolah'), ('sekolah', 'masa'), ('masa', 'sinyal'), ('sinyal', 'merah'), ('merah', 'anggap'), ('anggap', 'afk'), ('afk', 'gimana')]"
"['percumah', 'menang', 'menang', 'kalah', 'ting', 'satu', 'bot']","[('percumah', 'menang'), ('menang', 'menang'), ('menang', 'kalah'), ('kalah', 'ting'), ('ting', 'satu'), ('satu', 'bot')]"
"['kenapa', 'sudah', 'makin', 'lama', 'makin', 'jelek', 'lag', 'lag', 'jelas', 'dalam', 'tanding', 'patah', 'patah', 'tibatiba', 'afk', 'patah', 'patah', 'mending', 'brawl', 'clasic', 'patah', 'patah', 'aplikasi', 'makin', 'lama', 'makin', 'berat', 'makin', 'patah', 'patah', 'tolong', 'baik', 'sedikit', 'ringan', 'jangan', 'terlalu', 'berat', 'kasi', 'pengunaan', 'ram', 'kecil', 'tanggap', 'ubah', 'mending', 'pindah']","[('kenapa', 'sudah'), ('sudah', 'makin'), ('makin', 'lama'), ('lama', 'makin'), ('makin', 'jelek'), ('jelek', 'lag'), ('lag', 'lag'), ('lag', 'jelas'), ('jelas', 'dalam'), ('dalam', 'tanding'), ('tanding', 'patah'), ('patah', 'patah'), ('patah', 'tibatiba'), ('tibatiba', 'afk'), ('afk', 'patah'), ('patah', 'patah'), ('patah', 'mending'), ('mending', 'brawl'), ('brawl', 'clasic'), ('clasic', 'patah'), ('patah', 'patah'), ('patah', 'aplikasi'), ('aplikasi', 'makin'), ('makin', 'lama'), ('lama', 'makin'), ('makin', 'berat'), ('berat', 'makin'), ('makin', 'patah'), ('patah', 'patah'), ('patah', 'tolong'), ('tolong', 'baik'), ('baik', 'sedikit'), ('sedikit', 'ringan'), ('ringan', 'jangan'), ('jangan', 'terlalu'), ('terlalu', 'berat'), ('berat', 'kasi'), ('kasi', 'pengunaan'), ('pengunaan', 'ram'), ('ram', 'kecil'), ('kecil', 'tanggap'), ('tanggap', 'ubah'), ('ubah', 'mending'), ('mending', 'pindah')]"
"['buruk', 'binatang', 'baik', 'bug', 'sinyal', 'mu']","[('buruk', 'binatang'), ('binatang', 'baik'), ('baik', 'bug'), ('bug', 'sinyal'), ('sinyal', 'mu')]"
"['halo', 'mas', 'muntun', 'tolong', 'jago', 'cape', 'gendong', 'pasti', 'menang', 'kalah', 'menang', 'kalah', 'percaya', 'akun', 'sutsujinkw', 'pindah', 'terimakasih']","[('halo', 'mas'), ('mas', 'muntun'), ('muntun', 'tolong'), ('tolong', 'jago'), ('jago', 'cape'), ('cape', 'gendong'), ('gendong', 'pasti'), ('pasti', 'menang'), ('menang', 'kalah'), ('kalah', 'menang'), ('menang', 'kalah'), ('kalah', 'percaya'), ('percaya', 'akun'), ('akun', 'sutsujinkw'), ('sutsujinkw', 'pindah'), ('pindah', 'terimakasih')]"
"['lag', 'banyak', 'emperor']","[('lag', 'banyak'), ('banyak', 'emperor')]"
"['mohon', 'baik', 'eror', 'bnyk', 'gelap']","[('mohon', 'baik'), ('baik', 'eror'), ('eror', 'bnyk'), ('bnyk', 'gelap')]"
"['ban', 'akun', 'lama', 'dri', 'defeet', 'mllu']","[('ban', 'akun'), ('akun', 'lama'), ('lama', 'dri'), ('dri', 'defeet'), ('defeet', 'mllu')]"
"['lag', 'server', 'bug', 'ui', 'lag', 'server', 'speed', 'on', 'lag', 'gerak', 'speed', 'off', 'lag', 'gerak', 'bug', 'ui', 'bug', 'tanding', 'draft', 'pasuk', 'tanding']","[('lag', 'server'), ('server', 'bug'), ('bug', 'ui'), ('ui', 'lag'), ('lag', 'server'), ('server', 'speed'), ('speed', 'on'), ('on', 'lag'), ('lag', 'gerak'), ('gerak', 'speed'), ('speed', 'off'), ('off', 'lag'), ('lag', 'gerak'), ('gerak', 'bug'), ('bug', 'ui'), ('ui', 'bug'), ('bug', 'tanding'), ('tanding', 'draft'), ('draft', 'pasuk'), ('pasuk', 'tanding')]"
"['ap', 'anjing']","[('ap', 'anjing')]"
"['maaf', 'hapus', 'males', 'beban', 'teman', 'lama', 'pensi', 'terimakasih', 'banyak', 'nemenin', 'mungkin', 'nanti', 'kapankapan']","[('maaf', 'hapus'), ('hapus', 'males'), ('males', 'beban'), ('beban', 'teman'), ('teman', 'lama'), ('lama', 'pensi'), ('pensi', 'terimakasih'), ('terimakasih', 'banyak'), ('banyak', 'nemenin'), ('nemenin', 'mungkin'), ('mungkin', 'nanti'), ('nanti', 'kapankapan')]"
"['banyak', 'gelap']","[('banyak', 'gelap')]"
"['orng', 'baru', 'pertama', 'mending', 'usah', 'happy', 'tenang', 'gan', 'stres', 'pusing']","[('orng', 'baru'), ('baru', 'pertama'), ('pertama', 'mending'), ('mending', 'usah'), ('usah', 'happy'), ('happy', 'tenang'), ('tenang', 'gan'), ('gan', 'stres'), ('stres', 'pusing')]"
"['ketemu', 'gelap', 'mana', 'mana', 'jelas']","[('ketemu', 'gelap'), ('gelap', 'mana'), ('mana', 'mana'), ('mana', 'jelas')]"
"['tolol', 'kalah']","[('tolol', 'kalah')]"
"['rusak', 'lol']","[('rusak', 'lol')]"
"['stres', 'isi', 'gelap', 'swmua']","[('stres', 'isi'), ('isi', 'gelap'), ('gelap', 'swmua')]"
"['makin', 'update', 'makin', 'lag', 'jelas', 'loogin', 'sampai', 'gerak', 'lancar', 'tetap', 'ngaruh', 'sekian', 'terimakasih', 'gaji']","[('makin', 'update'), ('update', 'makin'), ('makin', 'lag'), ('lag', 'jelas'), ('jelas', 'loogin'), ('loogin', 'sampai'), ('sampai', 'gerak'), ('gerak', 'lancar'), ('lancar', 'tetap'), ('tetap', 'ngaruh'), ('ngaruh', 'sekian'), ('sekian', 'terimakasih'), ('terimakasih', 'gaji')]"
"['adil', 'dalam', 'pilih', 'bot', 'semua', 'sedang', 'musuh', 'jago', 'jago']","[('adil', 'dalam'), ('dalam', 'pilih'), ('pilih', 'bot'), ('bot', 'semua'), ('semua', 'sedang'), ('sedang', 'musuh'), ('musuh', 'jago'), ('jago', 'jago')]"
"['adill', 'dalam', 'bagi', 'banyak', 'gelap', 'musuh', 'gg', 'bot']","[('adill', 'dalam'), ('dalam', 'bagi'), ('bagi', 'banyak'), ('banyak', 'gelap'), ('gelap', 'musuh'), ('musuh', 'gg'), ('gg', 'bot')]"
"['sinyal', 'hilang', 'mati', 'sinyal', 'pull', 'tolong', 'baik', 'sudah', 'baik', 'bintang', 'naikin', 'bintang', 'lima']","[('sinyal', 'hilang'), ('hilang', 'mati'), ('mati', 'sinyal'), ('sinyal', 'pull'), ('pull', 'tolong'), ('tolong', 'baik'), ('baik', 'sudah'), ('sudah', 'baik'), ('baik', 'bintang'), ('bintang', 'naikin'), ('naikin', 'bintang'), ('bintang', 'lima')]"
"['percuma', 'update', 'cape', 'sumpah', 'bot', 'musuh', 'sakit', 'banya', 'buuf', 'buka', 'update', 'makin', 'bagus', 'mah', 'makin', 'parah', 'dasar', 'gaje', 'lol']","[('percuma', 'update'), ('update', 'cape'), ('cape', 'sumpah'), ('sumpah', 'bot'), ('bot', 'musuh'), ('musuh', 'sakit'), ('sakit', 'banya'), ('banya', 'buuf'), ('buuf', 'buka'), ('buka', 'update'), ('update', 'makin'), ('makin', 'bagus'), ('bagus', 'mah'), ('mah', 'makin'), ('makin', 'parah'), ('parah', 'dasar'), ('dasar', 'gaje'), ('gaje', 'lol')]"
"['grafik', 'bagus', 'tetapi', 'jangan', 'mainin', 'samsung', 'oppo']","[('grafik', 'bagus'), ('bagus', 'tetapi'), ('tetapi', 'jangan'), ('jangan', 'mainin'), ('mainin', 'samsung'), ('samsung', 'oppo')]"
"['sial', 'ajg', 'kasi', 'teman', 'draksistem']","[('sial', 'ajg'), ('ajg', 'kasi'), ('kasi', 'teman'), ('teman', 'draksistem')]"
"['beres', 'lek', 'sinyal', 'pin', 'bagus', 'gerak', 'jelek', 'buruk']","[('beres', 'lek'), ('lek', 'sinyal'), ('sinyal', 'pin'), ('pin', 'bagus'), ('bagus', 'gerak'), ('gerak', 'jelek'), ('jelek', 'buruk')]"
"['banyak', 'gelap', 'minimal', 'banget', 'mvp', 'turun', 'bintang', 'lebih', 'baik', 'kalah', 'mvp', 'bintang', 'bayangin', 'gendong', 'gendong', 'ujung', 'ujung', 'kalah', 'aneh', 'gendong', 'rugi', 'bahkan', 'ngerti']","[('banyak', 'gelap'), ('gelap', 'minimal'), ('minimal', 'banget'), ('banget', 'mvp'), ('mvp', 'turun'), ('turun', 'bintang'), ('bintang', 'lebih'), ('lebih', 'baik'), ('baik', 'kalah'), ('kalah', 'mvp'), ('mvp', 'bintang'), ('bintang', 'bayangin'), ('bayangin', 'gendong'), ('gendong', 'gendong'), ('gendong', 'ujung'), ('ujung', 'ujung'), ('ujung', 'kalah'), ('kalah', 'aneh'), ('aneh', 'gendong'), ('gendong', 'rugi'), ('rugi', 'bahkan'), ('bahkan', 'ngerti')]"
"['nek', 'ngekeii', 'genah', 'tel', 'gatel']","[('nek', 'ngekeii'), ('ngekeii', 'genah'), ('genah', 'tel'), ('tel', 'gatel')]"
"['tolong', 'koneksi', 'diperbaikigua', 'kalah', 'gara', 'koneksi', 'stabil']","[('tolong', 'koneksi'), ('koneksi', 'diperbaikigua'), ('diperbaikigua', 'kalah'), ('kalah', 'gara'), ('gara', 'koneksi'), ('koneksi', 'stabil')]"
"['elek', 'masa', 'sinyal', 'ijo', 'lag', 'niat', 'bintang', 'lawak', 'sinyal', 'perhati', 'su']","[('elek', 'masa'), ('masa', 'sinyal'), ('sinyal', 'ijo'), ('ijo', 'lag'), ('lag', 'niat'), ('niat', 'bintang'), ('bintang', 'lawak'), ('lawak', 'sinyal'), ('sinyal', 'perhati'), ('perhati', 'su')]"
"['hama', 'draft', 'bug', 'hama', 'jelas', 'hama']","[('hama', 'draft'), ('draft', 'bug'), ('bug', 'hama'), ('hama', 'jelas'), ('jelas', 'hama')]"
"['lag', 'ping', 'jumping', 'sinyal', 'bagus']","[('lag', 'ping'), ('ping', 'jumping'), ('jumping', 'sinyal'), ('sinyal', 'bagus')]"
"['tolong', 'masa', 'lag', 'trs', 'tadi']","[('tolong', 'masa'), ('masa', 'lag'), ('lag', 'trs'), ('trs', 'tadi')]"
"['bug', 'sinyal', 'bner']","[('bug', 'sinyal'), ('sinyal', 'bner')]"
"['tolong', 'sinyal', 'rusak', 'iya', 'loby', 'sinyal', 'hijau', 'trs', 'dalam', 'sinyal', 'merah', 'kuning', 'beri', 'bintang', 'lima', 'bukan', 'rekomendasitapi', 'biar', 'komenan', 'lihat', 'tindak', 'lanjut', 'meryport', 'jelasjelas', 'mangganggu', 'kog', 'kena', 'pelanggaranini', 'adi', 'banget', 'sinyal', 'lag', 'buka', 'pemberitahuan', 'sinyal', 'setabil', 'kog', 'malh', 'afk', 'gimana', 'maksud', 'minimal', 'adil']","[('tolong', 'sinyal'), ('sinyal', 'rusak'), ('rusak', 'iya'), ('iya', 'loby'), ('loby', 'sinyal'), ('sinyal', 'hijau'), ('hijau', 'trs'), ('trs', 'dalam'), ('dalam', 'sinyal'), ('sinyal', 'merah'), ('merah', 'kuning'), ('kuning', 'beri'), ('beri', 'bintang'), ('bintang', 'lima'), ('lima', 'bukan'), ('bukan', 'rekomendasitapi'), ('rekomendasitapi', 'biar'), ('biar', 'komenan'), ('komenan', 'lihat'), ('lihat', 'tindak'), ('tindak', 'lanjut'), ('lanjut', 'meryport'), ('meryport', 'jelasjelas'), ('jelasjelas', 'mangganggu'), ('mangganggu', 'kog'), ('kog', 'kena'), ('kena', 'pelanggaranini'), ('pelanggaranini', 'adi'), ('adi', 'banget'), ('banget', 'sinyal'), ('sinyal', 'lag'), ('lag', 'buka'), ('buka', 'pemberitahuan'), ('pemberitahuan', 'sinyal'), ('sinyal', 'setabil'), ('setabil', 'kog'), ('kog', 'malh'), ('malh', 'afk'), ('afk', 'gimana'), ('gimana', 'maksud'), ('maksud', 'minimal'), ('minimal', 'adil')]"
"['he', 'kena', 'afk', 'gara', 'sinyal', 'd', 'berhentiin', 'paket', 'unlimited', 'edition', 'tolong', 'd', 'baik', 'bagus', 'kog']","[('he', 'kena'), ('kena', 'afk'), ('afk', 'gara'), ('gara', 'sinyal'), ('sinyal', 'd'), ('d', 'berhentiin'), ('berhentiin', 'paket'), ('paket', 'unlimited'), ('unlimited', 'edition'), ('edition', 'tolong'), ('tolong', 'd'), ('d', 'baik'), ('baik', 'bagus'), ('bagus', 'kog')]"
"['sinyal', 'jelek']","[('sinyal', 'jelek')]"
"['ngasi', 'benar', 'dr', 'kemarin', 'sesoen', 'sampai', 'sekarang', 'jls', 'sudah', 'mabar', 'epic', 'klau', 'org', 'komen', 'tanggap', 'tondasar', 'jls']","[('ngasi', 'benar'), ('benar', 'dr'), ('dr', 'kemarin'), ('kemarin', 'sesoen'), ('sesoen', 'sampai'), ('sampai', 'sekarang'), ('sekarang', 'jls'), ('jls', 'sudah'), ('sudah', 'mabar'), ('mabar', 'epic'), ('epic', 'klau'), ('klau', 'org'), ('org', 'komen'), ('komen', 'tanggap'), ('tanggap', 'tondasar'), ('tondasar', 'jls')]"
"['iqoo', 'neo', 'chipset', 'snapdragon', 'gen', 'masa', 'iya', 'panas', 'sedikit', 'langsung', 'redup', 'cerah', 'redup', 'sudah', 'beberapa', 'report', 'tetapi', 'solusi']","[('iqoo', 'neo'), ('neo', 'chipset'), ('chipset', 'snapdragon'), ('snapdragon', 'gen'), ('gen', 'masa'), ('masa', 'iya'), ('iya', 'panas'), ('panas', 'sedikit'), ('sedikit', 'langsung'), ('langsung', 'redup'), ('redup', 'cerah'), ('cerah', 'redup'), ('redup', 'sudah'), ('sudah', 'beberapa'), ('beberapa', 'report'), ('report', 'tetapi'), ('tetapi', 'solusi')]"
"['gim', 'seru']","[('gim', 'seru')]"
"['bagus', 'patah', 'jelas']","[('bagus', 'patah'), ('patah', 'jelas')]"
"['ngasi', 'musuh', 'pandang', 'capek', 'jir', 'push', 'naik', 'turun', 'naik', 'turun', 'kapan', 'imonya', 'kompak', 'musuh', 'turun', 'imo', 'semua', 'epik', 'kelar', 'kelar', 'capek', 'jirr']","[('ngasi', 'musuh'), ('musuh', 'pandang'), ('pandang', 'capek'), ('capek', 'jir'), ('jir', 'push'), ('push', 'naik'), ('naik', 'turun'), ('turun', 'naik'), ('naik', 'turun'), ('turun', 'kapan'), ('kapan', 'imonya'), ('imonya', 'kompak'), ('kompak', 'musuh'), ('musuh', 'turun'), ('turun', 'imo'), ('imo', 'semua'), ('semua', 'epik'), ('epik', 'kelar'), ('kelar', 'kelar'), ('kelar', 'capek'), ('capek', 'jirr')]"
"['bug', 'mu', 'rusak', 'jing']","[('bug', 'mu'), ('mu', 'rusak'), ('rusak', 'jing')]"
"['buruk', 'dunia']","[('buruk', 'dunia')]"
"['selalu', 'buruk', 'hijau', 'buruk']","[('selalu', 'buruk'), ('buruk', 'hijau'), ('hijau', 'buruk')]"
"['sumpah', 'tambah', 'lama', 'tambah', 'benar', 'kasi', 'teman', 'imbang', 'jangan', 'berat']","[('sumpah', 'tambah'), ('tambah', 'lama'), ('lama', 'tambah'), ('tambah', 'benar'), ('benar', 'kasi'), ('kasi', 'teman'), ('teman', 'imbang'), ('imbang', 'jangan'), ('jangan', 'berat')]"
"['tolol', 'adil', 'kikir', 'buruk', 'moga', 'hapus', 'playstore']","[('tolol', 'adil'), ('adil', 'kikir'), ('kikir', 'buruk'), ('buruk', 'moga'), ('moga', 'hapus'), ('hapus', 'playstore')]"
"['tolol', 'banyak', 'draksistem']","[('tolol', 'banyak'), ('banyak', 'draksistem')]"
"['walaupun', 'kesal', 'favorit']","[('walaupun', 'kesal'), ('kesal', 'favorit')]"
"['games', 'skrng', 'bantak', 'bocil']","[('games', 'skrng'), ('skrng', 'bantak'), ('bantak', 'bocil')]"
"['minimal', 'starlight', 'member', 'bug', 'ngestak', 'lv', 'dri', 'lalu', 'tolong', 'rusak', 'minimal', 'gaji', 'minggu']","[('minimal', 'starlight'), ('starlight', 'member'), ('member', 'bug'), ('bug', 'ngestak'), ('ngestak', 'lv'), ('lv', 'dri'), ('dri', 'lalu'), ('lalu', 'tolong'), ('tolong', 'rusak'), ('rusak', 'minimal'), ('minimal', 'gaji'), ('gaji', 'minggu')]"
"['musuh', 'imbang']","[('musuh', 'imbang')]"
"['lag', 'suka', 'maju', 'maju', 'sendiri', 'enk']","[('lag', 'suka'), ('suka', 'maju'), ('maju', 'maju'), ('maju', 'sendiri'), ('sendiri', 'enk')]"
['cocok'],[]
"['baru', 'tulis', 'ulas', 'lama', 'berapa', 'report', 'after', 'kirain', 'sendiri', 'rasain', 'inbalance', 'nyata', 'banyak', 'kasus', 'tinggal', 'setia']","[('baru', 'tulis'), ('tulis', 'ulas'), ('ulas', 'lama'), ('lama', 'berapa'), ('berapa', 'report'), ('report', 'after'), ('after', 'kirain'), ('kirain', 'sendiri'), ('sendiri', 'rasain'), ('rasain', 'inbalance'), ('inbalance', 'nyata'), ('nyata', 'banyak'), ('banyak', 'kasus'), ('kasus', 'tinggal'), ('tinggal', 'setia')]"
"['buruk', 'asli', 'bagus']","[('buruk', 'asli'), ('asli', 'bagus')]"
"['mohon', 'atas', 'imbang', 'draft', 'pilih', 'role']","[('mohon', 'atas'), ('atas', 'imbang'), ('imbang', 'draft'), ('draft', 'pilih'), ('pilih', 'role')]"
"['knapa', 'bngt', 'lag', 'sendiri', 'bukan', 'cuma', 'sya', 'kena', 'kena', 'pdahal', 'sinyal', 'lancar', 'pubg', 'pernah', 'kya']","[('knapa', 'bngt'), ('bngt', 'lag'), ('lag', 'sendiri'), ('sendiri', 'bukan'), ('bukan', 'cuma'), ('cuma', 'sya'), ('sya', 'kena'), ('kena', 'kena'), ('kena', 'pdahal'), ('pdahal', 'sinyal'), ('sinyal', 'lancar'), ('lancar', 'pubg'), ('pubg', 'pernah'), ('pernah', 'kya')]"
"['senang', 'stres', 'lumayan', 'kecuali', 'gelap']","[('senang', 'stres'), ('stres', 'lumayan'), ('lumayan', 'kecuali'), ('kecuali', 'gelap')]"
"['bosen', 'kalah', 'mending', 'ajar']","[('bosen', 'kalah'), ('kalah', 'mending'), ('mending', 'ajar')]"
"['kontl', 'su', 'isi', 'gelap', 'jan', 'donlod', 'ges', 'gl']","[('kontl', 'su'), ('su', 'isi'), ('isi', 'gelap'), ('gelap', 'jan'), ('jan', 'donlod'), ('donlod', 'ges'), ('ges', 'gl')]"
"['sinyal', 'hilang', 'habis', 'tu', 'draf', 'lag', 'banget', 'mending', 'fix', 'ngurusin', 'update', 'rusak']","[('sinyal', 'hilang'), ('hilang', 'habis'), ('habis', 'tu'), ('tu', 'draf'), ('draf', 'lag'), ('lag', 'banget'), ('banget', 'mending'), ('mending', 'fix'), ('fix', 'ngurusin'), ('ngurusin', 'update'), ('update', 'rusak')]"
"['baik', 'bug', 'bukan', 'skin', 'keluar', 'wifi', 'rumah', 'oke', 'bug', 'bosen', 'jika', 'bug']","[('baik', 'bug'), ('bug', 'bukan'), ('bukan', 'skin'), ('skin', 'keluar'), ('keluar', 'wifi'), ('wifi', 'rumah'), ('rumah', 'oke'), ('oke', 'bug'), ('bug', 'bosen'), ('bosen', 'jika'), ('jika', 'bug')]"
"['kenapa', 'baik', 'lag', 'banget', 'tolong', 'rusak', 'susah', 'mood']","[('kenapa', 'baik'), ('baik', 'lag'), ('lag', 'banget'), ('banget', 'tolong'), ('tolong', 'rusak'), ('rusak', 'susah'), ('susah', 'mood')]"
"['lag', 'parah', 'bagus', 'becus', 'cepet', 'rusak', 'pindah', 'rasain']","[('lag', 'parah'), ('parah', 'bagus'), ('bagus', 'becus'), ('becus', 'cepet'), ('cepet', 'rusak'), ('rusak', 'pindah'), ('pindah', 'rasain')]"
['rusak'],[]
"['tolong', 'ubah', 'selalu', 'lain', 'alam', 'format', 'biasa', 'dua', 'imbang', 'beberapa', 'duo', 'trio', 'beda', 'beda', 'saling', 'kenal', 'baru', 'kenal', 'bahkan', 'kenal', 'satu', 'lainbiasanya', 'duotrio', 'suatu', 'dominasi', 'tetapi', 'duotrio', 'satu', 'kompak', 'akibat', 'ketidakseimbangan', 'rusak', 'alam']","[('tolong', 'ubah'), ('ubah', 'selalu'), ('selalu', 'lain'), ('lain', 'alam'), ('alam', 'format'), ('format', 'biasa'), ('biasa', 'dua'), ('dua', 'imbang'), ('imbang', 'beberapa'), ('beberapa', 'duo'), ('duo', 'trio'), ('trio', 'beda'), ('beda', 'beda'), ('beda', 'saling'), ('saling', 'kenal'), ('kenal', 'baru'), ('baru', 'kenal'), ('kenal', 'bahkan'), ('bahkan', 'kenal'), ('kenal', 'satu'), ('satu', 'lainbiasanya'), ('lainbiasanya', 'duotrio'), ('duotrio', 'suatu'), ('suatu', 'dominasi'), ('dominasi', 'tetapi'), ('tetapi', 'duotrio'), ('duotrio', 'satu'), ('satu', 'kompak'), ('kompak', 'akibat'), ('akibat', 'ketidakseimbangan'), ('ketidakseimbangan', 'rusak'), ('rusak', 'alam')]"
"['ketemu', 'gelap', 'sudah', 'gendong', 'capek', 'juang', 'gabisa', 'bahkan', 'musuh', 'jago', 'banget', 'mohon', 'baik']","[('ketemu', 'gelap'), ('gelap', 'sudah'), ('sudah', 'gendong'), ('gendong', 'capek'), ('capek', 'juang'), ('juang', 'gabisa'), ('gabisa', 'bahkan'), ('bahkan', 'musuh'), ('musuh', 'jago'), ('jago', 'banget'), ('banget', 'mohon'), ('mohon', 'baik')]"
"['woy', 'server', 'masalah', 'rusak', 'masa', 'sinyal', 'full', 'langsung', 'ping', 'down', 'aneh', 'banget', 'lama', 'lama']","[('woy', 'server'), ('server', 'masalah'), ('masalah', 'rusak'), ('rusak', 'masa'), ('masa', 'sinyal'), ('sinyal', 'full'), ('full', 'langsung'), ('langsung', 'ping'), ('ping', 'down'), ('down', 'aneh'), ('aneh', 'banget'), ('banget', 'lama'), ('lama', 'lama')]"
"['los', 'hapus']","[('los', 'hapus')]"
['buruk'],[]
['kntl'],[]
"['rusak', 'kg', 'tenang', 'lag', 'banget', 'lancar', 'lag', 'parah', 'gimana']","[('rusak', 'kg'), ('kg', 'tenang'), ('tenang', 'lag'), ('lag', 'banget'), ('banget', 'lancar'), ('lancar', 'lag'), ('lag', 'parah'), ('parah', 'gimana')]"
"['ganguan', 'maet', 'engga', 'jelas']","[('ganguan', 'maet'), ('maet', 'engga'), ('engga', 'jelas')]"
"['suka', 'legends', 'tolong', 'mooton', 'kurang', 'gelap', 'jago', 'troll', 'musuh', 'jago', 'semua', 'hadeh']","[('suka', 'legends'), ('legends', 'tolong'), ('tolong', 'mooton'), ('mooton', 'kurang'), ('kurang', 'gelap'), ('gelap', 'jago'), ('jago', 'troll'), ('troll', 'musuh'), ('musuh', 'jago'), ('jago', 'semua'), ('semua', 'hadeh')]"
"['buruk', 'banyak', 'bugkebanyakan', 'draksistem']","[('buruk', 'banyak'), ('banyak', 'bugkebanyakan'), ('bugkebanyakan', 'draksistem')]"
"['logika', 'rendah']","[('logika', 'rendah')]"
"['baik', 'kadang', 'gemplay', 'lag', 'jaringanya', 'bagus', 'aduh', 'rugi', 'ginj']","[('baik', 'kadang'), ('kadang', 'gemplay'), ('gemplay', 'lag'), ('lag', 'jaringanya'), ('jaringanya', 'bagus'), ('bagus', 'aduh'), ('aduh', 'rugi'), ('rugi', 'ginj')]"
"['he', 'monnton', 'kasihh', 'benar', 'ngapa', 'tadi', 'benar', 'serius', 'ngetroll', 'gimana', 'nyusahin', 'gwe', 'imbang', 'laahh', 'udhh', 'susah', 'susah', 'mlh', 'kena', 'trol', 'publik', 'kentang', 'kapan', 'lite', 'gwe', 'sudah', 'kuat', 'nihh']","[('he', 'monnton'), ('monnton', 'kasihh'), ('kasihh', 'benar'), ('benar', 'ngapa'), ('ngapa', 'tadi'), ('tadi', 'benar'), ('benar', 'serius'), ('serius', 'ngetroll'), ('ngetroll', 'gimana'), ('gimana', 'nyusahin'), ('nyusahin', 'gwe'), ('gwe', 'imbang'), ('imbang', 'laahh'), ('laahh', 'udhh'), ('udhh', 'susah'), ('susah', 'susah'), ('susah', 'mlh'), ('mlh', 'kena'), ('kena', 'trol'), ('trol', 'publik'), ('publik', 'kentang'), ('kentang', 'kapan'), ('kapan', 'lite'), ('lite', 'gwe'), ('gwe', 'sudah'), ('sudah', 'kuat'), ('kuat', 'nihh')]"
"['musuh', 'susah', 'banget']","[('musuh', 'susah'), ('susah', 'banget')]"
"['makin', 'makin', 'jelas', 'ijoo', 'nglag', 'taii']","[('makin', 'makin'), ('makin', 'jelas'), ('jelas', 'ijoo'), ('ijoo', 'nglag'), ('nglag', 'taii')]"
"['makin', 'lama', 'makin', 'cacat', 'servernya', 'masa', 'kecepetan', 'wifi', 'mbs', 'lag', 'sampai', 'laen', 'lancar', 'lancar', 'ajaa', 'banyak', 'makan', 'skin', 'guna']","[('makin', 'lama'), ('lama', 'makin'), ('makin', 'cacat'), ('cacat', 'servernya'), ('servernya', 'masa'), ('masa', 'kecepetan'), ('kecepetan', 'wifi'), ('wifi', 'mbs'), ('mbs', 'lag'), ('lag', 'sampai'), ('sampai', 'laen'), ('laen', 'lancar'), ('lancar', 'lancar'), ('lancar', 'ajaa'), ('ajaa', 'banyak'), ('banyak', 'makan'), ('makan', 'skin'), ('skin', 'guna')]"
"['tres', 'banyak', 'gelap']","[('tres', 'banyak'), ('banyak', 'gelap')]"
"['tolol', 'anj']","[('tolol', 'anj')]"
"['sinyal', 'ijo', 'pencet', 'merahapaan', 'sudah', 'ping', 'bagus']","[('sinyal', 'ijo'), ('ijo', 'pencet'), ('pencet', 'merahapaan'), ('merahapaan', 'sudah'), ('sudah', 'ping'), ('ping', 'bagus')]"
"['nambah', 'stres', 'jelas', 'semua', 'sedikit', 'sedikit', 'menang', 'sedikit', 'sedikit', 'kalah', 'gitu', 'sampai', 'semua', 'pindah', 'roblox']","[('nambah', 'stres'), ('stres', 'jelas'), ('jelas', 'semua'), ('semua', 'sedikit'), ('sedikit', 'sedikit'), ('sedikit', 'menang'), ('menang', 'sedikit'), ('sedikit', 'sedikit'), ('sedikit', 'kalah'), ('kalah', 'gitu'), ('gitu', 'sampai'), ('sampai', 'semua'), ('semua', 'pindah'), ('pindah', 'roblox')]"
"['lain', 'winstreak', 'gausah', 'busuk', 'musuh', 'jago', 'napa', 'minimal', 'gitu', 'napa', 'lose', 'streak', 'jing', 'sudah', 'capek', 'hadepin', 'tel']","[('lain', 'winstreak'), ('winstreak', 'gausah'), ('gausah', 'busuk'), ('busuk', 'musuh'), ('musuh', 'jago'), ('jago', 'napa'), ('napa', 'minimal'), ('minimal', 'gitu'), ('gitu', 'napa'), ('napa', 'lose'), ('lose', 'streak'), ('streak', 'jing'), ('jing', 'sudah'), ('sudah', 'capek'), ('capek', 'hadepin'), ('hadepin', 'tel')]"
"['do', 'nt', 'this', 'because', 'it', 'not', 'good', 'for', 'your', 'health']","[('do', 'nt'), ('nt', 'this'), ('this', 'because'), ('because', 'it'), ('it', 'not'), ('not', 'good'), ('good', 'for'), ('for', 'your'), ('your', 'health')]"
"['baik', 'bug', 'kocak', 'aneh', 'banget', 'sosmed', 'yt', 'semua', 'lancar', 'jarngan', 'naik', 'turun', 'aneh', 'banget', 'kocak']","[('baik', 'bug'), ('bug', 'kocak'), ('kocak', 'aneh'), ('aneh', 'banget'), ('banget', 'sosmed'), ('sosmed', 'yt'), ('yt', 'semua'), ('semua', 'lancar'), ('lancar', 'jarngan'), ('jarngan', 'naik'), ('naik', 'turun'), ('turun', 'aneh'), ('aneh', 'banget'), ('banget', 'kocak')]"
"['seru', 'tambah', 'kenang']","[('seru', 'tambah'), ('tambah', 'kenang')]"
"['tolong', 'hapus', 'bag', 'gelek', 'sinyal', 'lancar', 'aplikasi', 'lain', 'lancar', 'buwat', 'lag', 'brawel', 'lag', 'reng', 'lag', 'banget']","[('tolong', 'hapus'), ('hapus', 'bag'), ('bag', 'gelek'), ('gelek', 'sinyal'), ('sinyal', 'lancar'), ('lancar', 'aplikasi'), ('aplikasi', 'lain'), ('lain', 'lancar'), ('lancar', 'buwat'), ('buwat', 'lag'), ('lag', 'brawel'), ('brawel', 'lag'), ('lag', 'reng'), ('reng', 'lag'), ('lag', 'banget')]"
"['lag', 'bangett', 'kl', 'bapuk']","[('lag', 'bangett'), ('bangett', 'kl'), ('kl', 'bapuk')]"
"['bagus', 'tolong', 'sudah', 'beri', 'musuh', 'susah', 'sampah', 'jangan', 'lag', 'bagus', 'ijo', 'paket', 'banyak', 'lag', 'jln', 'tempat', 'tolong', 'keluh', 'tolong', 'banget', 'usah', 'lag', 'lag', 'segala', 'sudah', 'beri', 'mach', 'susah', 'yaudah', 'jangan', 'tambah', 'lag', 'nambah', 'cape', 'lawan', 'musuh', 'gendong', 'lag', 'coba', 'tolong', 'baik']","[('bagus', 'tolong'), ('tolong', 'sudah'), ('sudah', 'beri'), ('beri', 'musuh'), ('musuh', 'susah'), ('susah', 'sampah'), ('sampah', 'jangan'), ('jangan', 'lag'), ('lag', 'bagus'), ('bagus', 'ijo'), ('ijo', 'paket'), ('paket', 'banyak'), ('banyak', 'lag'), ('lag', 'jln'), ('jln', 'tempat'), ('tempat', 'tolong'), ('tolong', 'keluh'), ('keluh', 'tolong'), ('tolong', 'banget'), ('banget', 'usah'), ('usah', 'lag'), ('lag', 'lag'), ('lag', 'segala'), ('segala', 'sudah'), ('sudah', 'beri'), ('beri', 'mach'), ('mach', 'susah'), ('susah', 'yaudah'), ('yaudah', 'jangan'), ('jangan', 'tambah'), ('tambah', 'lag'), ('lag', 'nambah'), ('nambah', 'cape'), ('cape', 'lawan'), ('lawan', 'musuh'), ('musuh', 'gendong'), ('gendong', 'lag'), ('lag', 'coba'), ('coba', 'tolong'), ('tolong', 'baik')]"
"['mungkin', 'iri', 'baru', 'win', 'musuh', 'jago', 'bego', 'ulangin', 'sampai', 'bintang', 'habis', 'smph']","[('mungkin', 'iri'), ('iri', 'baru'), ('baru', 'win'), ('win', 'musuh'), ('musuh', 'jago'), ('jago', 'bego'), ('bego', 'ulangin'), ('ulangin', 'sampai'), ('sampai', 'bintang'), ('bintang', 'habis'), ('habis', 'smph')]"
['monyet'],[]
"['sudah', 'susah', 'susah', 'kode', 'redem', 'emot', 'sudah', 'lihat', 'kena', 'izin', 'sudah', 'capet']","[('sudah', 'susah'), ('susah', 'susah'), ('susah', 'kode'), ('kode', 'redem'), ('redem', 'emot'), ('emot', 'sudah'), ('sudah', 'lihat'), ('lihat', 'kena'), ('kena', 'izin'), ('izin', 'sudah'), ('sudah', 'capet')]"
"['lawak', 'sekarang', 'becus', 'dalam', 'tangan', 'akun', 'komputer']","[('lawak', 'sekarang'), ('sekarang', 'becus'), ('becus', 'dalam'), ('dalam', 'tangan'), ('tangan', 'akun'), ('akun', 'komputer')]"
"['banyak', 'gelap', 'komtol']","[('banyak', 'gelap'), ('gelap', 'komtol')]"
"['hallo', 'support', 'sedikit', 'keluh', 'habis', 'update', 'patch', 'baru', 'device', 'redmi', 'note', 'pro', 'lag', 'parah', 'last', 'semua', 'sudah', 'heromenyiapkan', 'tanding', 'sangking', 'lag', 'parah', 'costum', 'emblem', 'belum', 'belum', 'update', 'peta', 'patch', 'baru', 'aman', 'rugi', 'dalam', 'tempur', 'terkadang', 'detik', 'sudah', 'jalan', 'baru', 'masuk', 'tanding', 'sudah', 'coba', 'device', 'nyata', 'terimakasih']","[('hallo', 'support'), ('support', 'sedikit'), ('sedikit', 'keluh'), ('keluh', 'habis'), ('habis', 'update'), ('update', 'patch'), ('patch', 'baru'), ('baru', 'device'), ('device', 'redmi'), ('redmi', 'note'), ('note', 'pro'), ('pro', 'lag'), ('lag', 'parah'), ('parah', 'last'), ('last', 'semua'), ('semua', 'sudah'), ('sudah', 'heromenyiapkan'), ('heromenyiapkan', 'tanding'), ('tanding', 'sangking'), ('sangking', 'lag'), ('lag', 'parah'), ('parah', 'costum'), ('costum', 'emblem'), ('emblem', 'belum'), ('belum', 'belum'), ('belum', 'update'), ('update', 'peta'), ('peta', 'patch'), ('patch', 'baru'), ('baru', 'aman'), ('aman', 'rugi'), ('rugi', 'dalam'), ('dalam', 'tempur'), ('tempur', 'terkadang'), ('terkadang', 'detik'), ('detik', 'sudah'), ('sudah', 'jalan'), ('jalan', 'baru'), ('baru', 'masuk'), ('masuk', 'tanding'), ('tanding', 'sudah'), ('sudah', 'coba'), ('coba', 'device'), ('device', 'nyata'), ('nyata', 'terimakasih')]"
"['banyak', 'draksistem', 'mumet', 'das']","[('banyak', 'draksistem'), ('draksistem', 'mumet'), ('mumet', 'das')]"
"['sinyal', 'bagus', 'lag']","[('sinyal', 'bagus'), ('bagus', 'lag')]"
['bagus'],[]
"['parah', 'kasi', 'darksistem', 'makin', 'lama', 'makin', 'males']","[('parah', 'kasi'), ('kasi', 'darksistem'), ('darksistem', 'makin'), ('makin', 'lama'), ('lama', 'makin'), ('makin', 'males')]"
"['kenapa', 'season', 'makin', 'buruk', 'bagus', 'buka', 'apk', 'lain', 'lancar', 'lag', 'banget', 'diem', 'lobby', 'kadang', 'muter', 'muter', 'draft', 'detik', 'akhir', 'selalu', 'lag', 'ping', 'ijo', 'pdhl', 'lag', 'banget', 'tbtb', 'ping', 'merah', 'season', 'belum', 'lancar', 'entah', 'kentang', 'sudah', 'kuat', 'gmn', 'tolong', 'baik', 'jangan', 'sedikit', 'sedikit', 'pikirin', 'cuma', 'revamp', 'revamp']","[('kenapa', 'season'), ('season', 'makin'), ('makin', 'buruk'), ('buruk', 'bagus'), ('bagus', 'buka'), ('buka', 'apk'), ('apk', 'lain'), ('lain', 'lancar'), ('lancar', 'lag'), ('lag', 'banget'), ('banget', 'diem'), ('diem', 'lobby'), ('lobby', 'kadang'), ('kadang', 'muter'), ('muter', 'muter'), ('muter', 'draft'), ('draft', 'detik'), ('detik', 'akhir'), ('akhir', 'selalu'), ('selalu', 'lag'), ('lag', 'ping'), ('ping', 'ijo'), ('ijo', 'pdhl'), ('pdhl', 'lag'), ('lag', 'banget'), ('banget', 'tbtb'), ('tbtb', 'ping'), ('ping', 'merah'), ('merah', 'season'), ('season', 'belum'), ('belum', 'lancar'), ('lancar', 'entah'), ('entah', 'kentang'), ('kentang', 'sudah'), ('sudah', 'kuat'), ('kuat', 'gmn'), ('gmn', 'tolong'), ('tolong', 'baik'), ('baik', 'jangan'), ('jangan', 'sedikit'), ('sedikit', 'sedikit'), ('sedikit', 'pikirin'), ('pikirin', 'cuma'), ('cuma', 'revamp'), ('revamp', 'revamp')]"
"['suka', 'cocok', 'stabil', 'wifi', 'kemarin', 'jelek', 'kenapa', 'napa', 'lag', 'mls']","[('suka', 'cocok'), ('cocok', 'stabil'), ('stabil', 'wifi'), ('wifi', 'kemarin'), ('kemarin', 'jelek'), ('jelek', 'kenapa'), ('kenapa', 'napa'), ('napa', 'lag'), ('lag', 'mls')]"
"['taik', 'lag', 'lag', 'jelas', 'j', 'ng']","[('taik', 'lag'), ('lag', 'lag'), ('lag', 'jelas'), ('jelas', 'j'), ('j', 'ng')]"
"['banyak', 'gelap', 'sistemm', 'beri', 'winstreak']","[('banyak', 'gelap'), ('gelap', 'sistemm'), ('sistemm', 'beri'), ('beri', 'winstreak')]"
['gajee'],[]
"['ajg', 'kntl', 'bab', 'kmk', 'mmk', 'geje', 'mending', 'tutup', 'have', 'fun', 'bukan', 'stres', 'sok', 'beri', 'ingat', 'baik', 'kau', 'baru', 'beri', 'ingat', 'dongok']","[('ajg', 'kntl'), ('kntl', 'bab'), ('bab', 'kmk'), ('kmk', 'mmk'), ('mmk', 'geje'), ('geje', 'mending'), ('mending', 'tutup'), ('tutup', 'have'), ('have', 'fun'), ('fun', 'bukan'), ('bukan', 'stres'), ('stres', 'sok'), ('sok', 'beri'), ('beri', 'ingat'), ('ingat', 'baik'), ('baik', 'kau'), ('kau', 'baru'), ('baru', 'beri'), ('beri', 'ingat'), ('ingat', 'dongok')]"
"['karana', 'banyak', 'drk']","[('karana', 'banyak'), ('banyak', 'drk')]"
"['bagus', 'lansia']","[('bagus', 'lansia')]"
"['bagus', 'suka', 'kolo', 'mabar', 'buruk', 'suka']","[('bagus', 'suka'), ('suka', 'kolo'), ('kolo', 'mabar'), ('mabar', 'buruk'), ('buruk', 'suka')]"
"['hama', 'gampang', 'bobol', 'banyak', 'cheater', 'server', 'urus', 'masalah', 'pernah', 'benar', 'guna', 'dev']","[('hama', 'gampang'), ('gampang', 'bobol'), ('bobol', 'banyak'), ('banyak', 'cheater'), ('cheater', 'server'), ('server', 'urus'), ('urus', 'masalah'), ('masalah', 'pernah'), ('pernah', 'benar'), ('benar', 'guna'), ('guna', 'dev')]"
"['aneh', 'server', 'adil', 'niat', 'pen', 'hilangin', 'cape', 'lose', 'server', 'buruk']","[('aneh', 'server'), ('server', 'adil'), ('adil', 'niat'), ('niat', 'pen'), ('pen', 'hilangin'), ('hilangin', 'cape'), ('cape', 'lose'), ('lose', 'server'), ('server', 'buruk')]"
"['tolol', 'kalah', 'ton', 'kalah', 'rating']","[('tolol', 'kalah'), ('kalah', 'ton'), ('ton', 'kalah'), ('kalah', 'rating')]"
"['resah', 'masyarakat', 'stres', 'kepala', 'uda', 'jago', 'labih', 'parah', 'musuh', 'luar', 'logika']","[('resah', 'masyarakat'), ('masyarakat', 'stres'), ('stres', 'kepala'), ('kepala', 'uda'), ('uda', 'jago'), ('jago', 'labih'), ('labih', 'parah'), ('parah', 'musuh'), ('musuh', 'luar'), ('luar', 'logika')]"
"['sudah', 'sekarang', 'mangkin', 'lag']","[('sudah', 'sekarang'), ('sekarang', 'mangkin'), ('mangkin', 'lag')]"
"['guna', 'jelass', 'pilih', 'jng', 'donwload', 'nanti', 'nyesel']","[('guna', 'jelass'), ('jelass', 'pilih'), ('pilih', 'jng'), ('jng', 'donwload'), ('donwload', 'nanti'), ('nanti', 'nyesel')]"
"['rusak', 'cacat', 'banyak', 'gelap']","[('rusak', 'cacat'), ('cacat', 'banyak'), ('banyak', 'gelap')]"
['bagus'],[]
"['perhatiin', 'makin', 'rusak', 'wifi', 'ping', 'lompat', 'gaje', 'bngt', 'sumpah', 'mood']","[('perhatiin', 'makin'), ('makin', 'rusak'), ('rusak', 'wifi'), ('wifi', 'ping'), ('ping', 'lompat'), ('lompat', 'gaje'), ('gaje', 'bngt'), ('bngt', 'sumpah'), ('sumpah', 'mood')]"
"['tolong', 'jelas', 'draksistem', 'semua', 'smpai', 'lostrek']","[('tolong', 'jelas'), ('jelas', 'draksistem'), ('draksistem', 'semua'), ('semua', 'smpai'), ('smpai', 'lostrek')]"
"['ubah', 'maka', 'nilai', 'ubah']","[('ubah', 'maka'), ('maka', 'nilai'), ('nilai', 'ubah')]"
"['makin', 'rajalela', 'pakek', 'cheat', 'kena', 'report', 'banyak', 'ngecheat', 'kadang', 'report', 'nick', 'name', 'barusan', 'ngecheat', 'jg', 'hilang', 'hasil', 'pertngdingan', 'jg', 'hilang', 'aneh', 'bintang', 'tetap', 'hilang', 'report', 'percuma', 'gubris', 'tetap', 'lepas']","[('makin', 'rajalela'), ('rajalela', 'pakek'), ('pakek', 'cheat'), ('cheat', 'kena'), ('kena', 'report'), ('report', 'banyak'), ('banyak', 'ngecheat'), ('ngecheat', 'kadang'), ('kadang', 'report'), ('report', 'nick'), ('nick', 'name'), ('name', 'barusan'), ('barusan', 'ngecheat'), ('ngecheat', 'jg'), ('jg', 'hilang'), ('hilang', 'hasil'), ('hasil', 'pertngdingan'), ('pertngdingan', 'jg'), ('jg', 'hilang'), ('hilang', 'aneh'), ('aneh', 'bintang'), ('bintang', 'tetap'), ('tetap', 'hilang'), ('hilang', 'report'), ('report', 'percuma'), ('percuma', 'gubris'), ('gubris', 'tetap'), ('tetap', 'lepas')]"
"['bang', 'resale', 'angela', 'cc', 'pls', 'nnti', 'rate', 'bintang']","[('bang', 'resale'), ('resale', 'angela'), ('angela', 'cc'), ('cc', 'pls'), ('pls', 'nnti'), ('nnti', 'rate'), ('rate', 'bintang')]"
"['sinyal', 'jelek']","[('sinyal', 'jelek')]"
"['kenapa', 'sekarang', 'beda', 'riel', 'adu', 'jago', 'sekarang', 'lebih', 'adu', 'gelap', 'muntun', 'rame', 'jngn', 'gelap', 'kurang', 'senang', 'sulit', 'bagus', 'terlalu', 'banyak', 'ngetrol', 'pesan', 'jika', 'rame', 'hilang', 'gelap']","[('kenapa', 'sekarang'), ('sekarang', 'beda'), ('beda', 'riel'), ('riel', 'adu'), ('adu', 'jago'), ('jago', 'sekarang'), ('sekarang', 'lebih'), ('lebih', 'adu'), ('adu', 'gelap'), ('gelap', 'muntun'), ('muntun', 'rame'), ('rame', 'jngn'), ('jngn', 'gelap'), ('gelap', 'kurang'), ('kurang', 'senang'), ('senang', 'sulit'), ('sulit', 'bagus'), ('bagus', 'terlalu'), ('terlalu', 'banyak'), ('banyak', 'ngetrol'), ('ngetrol', 'pesan'), ('pesan', 'jika'), ('jika', 'rame'), ('rame', 'hilang'), ('hilang', 'gelap')]"
"['bagus', 'baik', 'bug', 'begitu', 'bug', 'langsung', 'rusak', 'mantap']","[('bagus', 'baik'), ('baik', 'bug'), ('bug', 'begitu'), ('begitu', 'bug'), ('bug', 'langsung'), ('langsung', 'rusak'), ('rusak', 'mantap')]"
"['dongo', 'kadang', 'susah', 'swap', 'akun']","[('dongo', 'kadang'), ('kadang', 'susah'), ('susah', 'swap'), ('swap', 'akun')]"
"['pliss', 'selalu', 'update', 'moga', 'rezeki', 'lancar', 'amin']","[('pliss', 'selalu'), ('selalu', 'update'), ('update', 'moga'), ('moga', 'rezeki'), ('rezeki', 'lancar'), ('lancar', 'amin')]"
"['masa', 'kalah', 'baru', 'update', 'kalah', 'line', 'gimana', 'exp', 'bosen', 'ken', 'leni', 'lain', 'gimana', 'buruk', 'gimana']","[('masa', 'kalah'), ('kalah', 'baru'), ('baru', 'update'), ('update', 'kalah'), ('kalah', 'line'), ('line', 'gimana'), ('gimana', 'exp'), ('exp', 'bosen'), ('bosen', 'ken'), ('ken', 'leni'), ('leni', 'lain'), ('lain', 'gimana'), ('gimana', 'buruk'), ('buruk', 'gimana')]"
"['update', 'makin', 'jelek', 'loading', 'lama', 'full', 'draft', 'lag', 'malas', 'ngepush', 'tolong', 'baik']","[('update', 'makin'), ('makin', 'jelek'), ('jelek', 'loading'), ('loading', 'lama'), ('lama', 'full'), ('full', 'draft'), ('draft', 'lag'), ('lag', 'malas'), ('malas', 'ngepush'), ('ngepush', 'tolong'), ('tolong', 'baik')]"
['buruk'],[]
"['beri', 'lawan', 'imbang', 'tolol']","[('beri', 'lawan'), ('lawan', 'imbang'), ('imbang', 'tolol')]"
"['selalu', 'jelek', 'lag', 'pernah', 'online', 'lain', 'sekarang', 'sudah', 'jelek', 'jelek', 'menit', 'mending', 'lain']","[('selalu', 'jelek'), ('jelek', 'lag'), ('lag', 'pernah'), ('pernah', 'online'), ('online', 'lain'), ('lain', 'sekarang'), ('sekarang', 'sudah'), ('sudah', 'jelek'), ('jelek', 'jelek'), ('jelek', 'menit'), ('menit', 'mending'), ('mending', 'lain')]"
"['sekarang', 'seru', 'hampir', 'stres', 'gara', 'gara', 'gimana', 'stres', 'menang', 'kalah', 'berkalikali', 'bahkan', 'itung', 'lose']","[('sekarang', 'seru'), ('seru', 'hampir'), ('hampir', 'stres'), ('stres', 'gara'), ('gara', 'gara'), ('gara', 'gimana'), ('gimana', 'stres'), ('stres', 'menang'), ('menang', 'kalah'), ('kalah', 'berkalikali'), ('berkalikali', 'bahkan'), ('bahkan', 'itung'), ('itung', 'lose')]"
"['anjeng', 'isi', 'hewan', 'hewan', 'patek']","[('anjeng', 'isi'), ('isi', 'hewan'), ('hewan', 'hewan'), ('hewan', 'patek')]"
"['makin', 'buruk', 'bagus', 'dalam', 'sinyalerah']","[('makin', 'buruk'), ('buruk', 'bagus'), ('bagus', 'dalam'), ('dalam', 'sinyalerah')]"
['mantap'],[]
"['sinyal', 'tolong', 'baik']","[('sinyal', 'tolong'), ('tolong', 'baik')]"
"['update', 'bug', 'lag', 'kgk', 'rusak', 'lol']","[('update', 'bug'), ('bug', 'lag'), ('lag', 'kgk'), ('kgk', 'rusak'), ('rusak', 'lol')]"
"['update', 'kemarin', 'makin', 'gajelas', 'lag', 'wifi', 'bagus', 'lag', 'ngekah', 'ping', 'an', 'lag', 'banget', 'ketemu', 'musuh', 'lag', 'ketemu', 'lancar', 'jangan', 'bagus', 'taoi', 'bik']","[('update', 'kemarin'), ('kemarin', 'makin'), ('makin', 'gajelas'), ('gajelas', 'lag'), ('lag', 'wifi'), ('wifi', 'bagus'), ('bagus', 'lag'), ('lag', 'ngekah'), ('ngekah', 'ping'), ('ping', 'an'), ('an', 'lag'), ('lag', 'banget'), ('banget', 'ketemu'), ('ketemu', 'musuh'), ('musuh', 'lag'), ('lag', 'ketemu'), ('ketemu', 'lancar'), ('lancar', 'jangan'), ('jangan', 'bagus'), ('bagus', 'taoi'), ('taoi', 'bik')]"
"['makin', 'makin', 'gajelas', 'ijo', 'ngelegngefreze', 'bug', 'akhir', 'draft']","[('makin', 'makin'), ('makin', 'gajelas'), ('gajelas', 'ijo'), ('ijo', 'ngelegngefreze'), ('ngelegngefreze', 'bug'), ('bug', 'akhir'), ('akhir', 'draft')]"
['oh'],[]
"['gjls', 'lag', 'bagus', 'isi', 'draksistem', 'semua']","[('gjls', 'lag'), ('lag', 'bagus'), ('bagus', 'isi'), ('isi', 'draksistem'), ('draksistem', 'semua')]"
"['mkin', 'ksni', 'mkin', 'rusak', 'tu', 'server', 'ajg']","[('mkin', 'ksni'), ('ksni', 'mkin'), ('mkin', 'rusak'), ('rusak', 'tu'), ('tu', 'server'), ('server', 'ajg')]"
"['plagiat', 'tolol']","[('plagiat', 'tolol')]"
"['bagus', 'banget']","[('bagus', 'banget')]"
"['lag', 'ngehe']","[('lag', 'ngehe')]"
"['bug', 'seta', 'update', 'baru', 'lag', 'ngelekan']","[('bug', 'seta'), ('seta', 'update'), ('update', 'baru'), ('baru', 'lag'), ('lag', 'ngelekan')]"
"['tambah', 'berat', 'kentang']","[('tambah', 'berat'), ('berat', 'kentang')]"
"['tambah', 'transfer', 'bp', 'diamond']","[('tambah', 'transfer'), ('transfer', 'bp'), ('bp', 'diamond')]"
"['jangan', 'rusak', 'otak', 'jangan']","[('jangan', 'rusak'), ('rusak', 'otak'), ('otak', 'jangan')]"
"['anjur', 'suka', 'lag', 'jangan', 'instal', 'sedikit']","[('anjur', 'suka'), ('suka', 'lag'), ('lag', 'jangan'), ('jangan', 'instal'), ('instal', 'sedikit')]"
['ngotak'],[]
"['ex', 'glory', 'bahkan', 'gapernah', 'musik']","[('ex', 'glory'), ('glory', 'bahkan'), ('bahkan', 'gapernah'), ('gapernah', 'musik')]"
['stres'],[]
"['gila', 'muak', 'ditrol', 'publik', 'dongo', 'jung', 'tb', 'neh', 'mending', 'jung', 'assassin']","[('gila', 'muak'), ('muak', 'ditrol'), ('ditrol', 'publik'), ('publik', 'dongo'), ('dongo', 'jung'), ('jung', 'tb'), ('tb', 'neh'), ('neh', 'mending'), ('mending', 'jung'), ('jung', 'assassin')]"
"['beri', 'gapernah', 'beres', 'usang']","[('beri', 'gapernah'), ('gapernah', 'beres'), ('beres', 'usang')]"
"['apasih', 'sedikit', 'sedikit', 'defeat', 'sedikit', 'sedikit', 'defeat', 'menang', 'lag', 'ping', 'merah', 'kalah', 'developer', 'asu', 'gapernah', 'benar']","[('apasih', 'sedikit'), ('sedikit', 'sedikit'), ('sedikit', 'defeat'), ('defeat', 'sedikit'), ('sedikit', 'sedikit'), ('sedikit', 'defeat'), ('defeat', 'menang'), ('menang', 'lag'), ('lag', 'ping'), ('ping', 'merah'), ('merah', 'kalah'), ('kalah', 'developer'), ('developer', 'asu'), ('asu', 'gapernah'), ('gapernah', 'benar')]"
"['mana', 'sinyal', 'buruk', 'luar', 'ruang', 'ko', 'sudah', 'luar', 'tetap', 'lag', 'bulan']","[('mana', 'sinyal'), ('sinyal', 'buruk'), ('buruk', 'luar'), ('luar', 'ruang'), ('ruang', 'ko'), ('ko', 'sudah'), ('sudah', 'luar'), ('luar', 'tetap'), ('tetap', 'lag'), ('lag', 'bulan')]"
"['gelap', 'dh', 'hapus']","[('gelap', 'dh'), ('dh', 'hapus')]"
"['emosimain', 'trio', 'duomawi']","[('emosimain', 'trio'), ('trio', 'duomawi')]"
"['systemnya', 'jelek']","[('systemnya', 'jelek')]"
"['sumpah', 'parah', 'benar', 'lag', 'sinyal', 'bagus', 'kuota', 'gede', 'wifi', 'kenceng', 'heran', 'sudah', 'babi', 'kesel']","[('sumpah', 'parah'), ('parah', 'benar'), ('benar', 'lag'), ('lag', 'sinyal'), ('sinyal', 'bagus'), ('bagus', 'kuota'), ('kuota', 'gede'), ('gede', 'wifi'), ('wifi', 'kenceng'), ('kenceng', 'heran'), ('heran', 'sudah'), ('sudah', 'babi'), ('babi', 'kesel')]"
"['paling', 'tolol', 'panjang', 'masa', 'paling', 'banyak']","[('paling', 'tolol'), ('tolol', 'panjang'), ('panjang', 'masa'), ('masa', 'paling'), ('paling', 'banyak')]"
"['report', 'langgan', 'cuma', 'tenang', 'bukan', 'tindak']","[('report', 'langgan'), ('langgan', 'cuma'), ('cuma', 'tenang'), ('tenang', 'bukan'), ('bukan', 'tindak')]"
"['punya', 'buka', 'akun', 'sudah', 'kait']","[('punya', 'buka'), ('buka', 'akun'), ('akun', 'sudah'), ('sudah', 'kait')]"
"['parah', 'sesaon', 'skrng', 'kalah', 'menang', 'lemah', 'semua', 'musuh', 'jagokompak', 'banding', 'klassic', 'parah', 'bobot', 'adil', 'jangan', 'pernah', 'donwload', 'parah', 'manusiawi', 'duo', 'ketemu', 'mushh', 'trio', 'kadang', 'duo', 'dua', 'musuh', 'sedang', 'cuma', 'satu', 'duo', 'lihat', 'buruk', 'sengaja', 'akun', 'lose', 'biar', 'susah', 'naik']","[('parah', 'sesaon'), ('sesaon', 'skrng'), ('skrng', 'kalah'), ('kalah', 'menang'), ('menang', 'lemah'), ('lemah', 'semua'), ('semua', 'musuh'), ('musuh', 'jagokompak'), ('jagokompak', 'banding'), ('banding', 'klassic'), ('klassic', 'parah'), ('parah', 'bobot'), ('bobot', 'adil'), ('adil', 'jangan'), ('jangan', 'pernah'), ('pernah', 'donwload'), ('donwload', 'parah'), ('parah', 'manusiawi'), ('manusiawi', 'duo'), ('duo', 'ketemu'), ('ketemu', 'mushh'), ('mushh', 'trio'), ('trio', 'kadang'), ('kadang', 'duo'), ('duo', 'dua'), ('dua', 'musuh'), ('musuh', 'sedang'), ('sedang', 'cuma'), ('cuma', 'satu'), ('satu', 'duo'), ('duo', 'lihat'), ('lihat', 'buruk'), ('buruk', 'sengaja'), ('sengaja', 'akun'), ('akun', 'lose'), ('lose', 'biar'), ('biar', 'susah'), ('susah', 'naik')]"
"['gemm', 'banyak', 'gelap', 'sistemm', 'asu']","[('gemm', 'banyak'), ('banyak', 'gelap'), ('gelap', 'sistemm'), ('sistemm', 'asu')]"
"['biasa', 'dalam', 'bila', 'menang', 'kenya', 'merah', 'report', 'ingat', 'afk', 'potong', 'kredit', 'skor', 'dasar', 'punya', 'atitude', 'senang', 'ujungujungnya', 'hukum', 'tuju', 'afk', 'lebih', 'kejar', 'tinggal', 'assu', 'tibatiba', 'potong', 'kredit', 'skor', 'babi']","[('biasa', 'dalam'), ('dalam', 'bila'), ('bila', 'menang'), ('menang', 'kenya'), ('kenya', 'merah'), ('merah', 'report'), ('report', 'ingat'), ('ingat', 'afk'), ('afk', 'potong'), ('potong', 'kredit'), ('kredit', 'skor'), ('skor', 'dasar'), ('dasar', 'punya'), ('punya', 'atitude'), ('atitude', 'senang'), ('senang', 'ujungujungnya'), ('ujungujungnya', 'hukum'), ('hukum', 'tuju'), ('tuju', 'afk'), ('afk', 'lebih'), ('lebih', 'kejar'), ('kejar', 'tinggal'), ('tinggal', 'assu'), ('assu', 'tibatiba'), ('tibatiba', 'potong'), ('potong', 'kredit'), ('kredit', 'skor'), ('skor', 'babi')]"
"['bagus', 'dha']","[('bagus', 'dha')]"
"['seru', 'stres', 'stuck', 'epik']","[('seru', 'stres'), ('stres', 'stuck'), ('stuck', 'epik')]"
['adil'],[]
"['reapot', 'gara', 'gara', 'cheat', 'kagak', 'cheat']","[('reapot', 'gara'), ('gara', 'gara'), ('gara', 'cheat'), ('cheat', 'kagak'), ('kagak', 'cheat')]"
"['makin', 'lama', 'chet', 'makin', 'banyak', 'utama', 'cheat', 'lag']","[('makin', 'lama'), ('lama', 'chet'), ('chet', 'makin'), ('makin', 'banyak'), ('banyak', 'utama'), ('utama', 'cheat'), ('cheat', 'lag')]"
['bagus'],[]
"['buruk', 'mending', 'epep', 'gelap']","[('buruk', 'mending'), ('mending', 'epep'), ('epep', 'gelap')]"
"['update', 'lag', 'parah', 'lag', 'sinyal', 'bagus', 'wifi', 'tolong', 'baik', 'cepat']","[('update', 'lag'), ('lag', 'parah'), ('parah', 'lag'), ('lag', 'sinyal'), ('sinyal', 'bagus'), ('bagus', 'wifi'), ('wifi', 'tolong'), ('tolong', 'baik'), ('baik', 'cepat')]"
"['seru', 'asik']","[('seru', 'asik')]"
['rusak'],[]
"['baik', 'tambah', 'lag', 'frame', 'drop', 'semenjak', 'update', 'wifidata', 'bagus']","[('baik', 'tambah'), ('tambah', 'lag'), ('lag', 'frame'), ('frame', 'drop'), ('drop', 'semenjak'), ('semenjak', 'update'), ('update', 'wifidata'), ('wifidata', 'bagus')]"
"['teammatch', 'imbang', 'lh', 'kala']","[('teammatch', 'imbang'), ('imbang', 'lh'), ('lh', 'kala')]"
"['tantang', 'seru', 'emosi', 'seru', 'rate', 'bintang', 'yng', 'mabar', 'nick', 'name', 'coba', 'tabak', 'siapa', 'sorry', 'namany', 'keliru', 'arigato']","[('tantang', 'seru'), ('seru', 'emosi'), ('emosi', 'seru'), ('seru', 'rate'), ('rate', 'bintang'), ('bintang', 'yng'), ('yng', 'mabar'), ('mabar', 'nick'), ('nick', 'name'), ('name', 'coba'), ('coba', 'tabak'), ('tabak', 'siapa'), ('siapa', 'sorry'), ('sorry', 'namany'), ('namany', 'keliru'), ('keliru', 'arigato')]"
"['menang', 'kalah', 'banyak', 'ngetrol']","[('menang', 'kalah'), ('kalah', 'banyak'), ('banyak', 'ngetrol')]"
"['jangn', 'emosi', 'sinyal', 'bagus', 'lag', 'lag', 'parah', 'getak', 'sinyal', 'bagus', 'kuning', 'merah', 'lag']","[('jangn', 'emosi'), ('emosi', 'sinyal'), ('sinyal', 'bagus'), ('bagus', 'lag'), ('lag', 'lag'), ('lag', 'parah'), ('parah', 'getak'), ('getak', 'sinyal'), ('sinyal', 'bagus'), ('bagus', 'kuning'), ('kuning', 'merah'), ('merah', 'lag')]"
"['sya', 'tdak', 'pus', 'gemes', 'tambah', 'parah', 'jarigan', 'nga', 'stabil', 'loby', 'bagus', 'merah', 'apdep', 'terlalalu', 'nga', 'jelas', 'baget']","[('sya', 'tdak'), ('tdak', 'pus'), ('pus', 'gemes'), ('gemes', 'tambah'), ('tambah', 'parah'), ('parah', 'jarigan'), ('jarigan', 'nga'), ('nga', 'stabil'), ('stabil', 'loby'), ('loby', 'bagus'), ('bagus', 'merah'), ('merah', 'apdep'), ('apdep', 'terlalalu'), ('terlalalu', 'nga'), ('nga', 'jelas'), ('jelas', 'baget')]"
['mantap'],[]
"['gelap', 'gj']","[('gelap', 'gj')]"
"['bintang', 'naik', 'turun']","[('bintang', 'naik'), ('naik', 'turun')]"
"['oke', 'bos']","[('oke', 'bos')]"
