stopwords_removed,unigrams_mlbb
"['malas', 'nak', 'cakap', 'dh', 'enemy', 'dh', 'pro', 'dh', 'noob', 'paling', 'malas', 'rendah', 'nyasar', 'sendiri', 'sedang', 'enmy', 'sampai', 'bekas', 'immortal', 'dh', 'cam', 'sial', 'update', 'sekaranggood', 'bye', 'forever']","[('malas',), ('nak',), ('cakap',), ('dh',), ('enemy',), ('dh',), ('pro',), ('dh',), ('noob',), ('paling',), ('malas',), ('rendah',), ('nyasar',), ('sendiri',), ('sedang',), ('enmy',), ('sampai',), ('bekas',), ('immortal',), ('dh',), ('cam',), ('sial',), ('update',), ('sekaranggood',), ('bye',), ('forever',)]"
['pamaniyasarusakali'],"[('pamaniyasarusakali',)]"
['yatim'],"[('yatim',)]"
"['bagus', 'suka', 'ikan', 'ws', 'lebih', 'banyak']","[('bagus',), ('suka',), ('ikan',), ('ws',), ('lebih',), ('banyak',)]"
"['semenjak', 'ganti', 'season', 'baru', 'makin', 'ngaco', 'matching', 'bug', 'lag', 'sinyal', 'bagus', 'entah', 'cheat', 'sebab', 'lag', 'makin', 'jelas', 'pokok']","[('semenjak',), ('ganti',), ('season',), ('baru',), ('makin',), ('ngaco',), ('matching',), ('bug',), ('lag',), ('sinyal',), ('bagus',), ('entah',), ('cheat',), ('sebab',), ('lag',), ('makin',), ('jelas',), ('pokok',)]"
"['bagus', 'tolong', 'baik', 'muntun', 'renk', 'computer', 'musuh', 'serasa', 'joki', 'beri', 'lawan', 'padan', 'baik', 'pindah']","[('bagus',), ('tolong',), ('baik',), ('muntun',), ('renk',), ('computer',), ('musuh',), ('serasa',), ('joki',), ('beri',), ('lawan',), ('padan',), ('baik',), ('pindah',)]"
"['minus', 'permainanan', 'se', 'imbang', 'mvp', 'kalah', 'mah', 'ilangin', 'darat', 'cape']","[('minus',), ('permainanan',), ('se',), ('imbang',), ('mvp',), ('kalah',), ('mah',), ('ilangin',), ('darat',), ('cape',)]"
"['seru', 'banget']","[('seru',), ('banget',)]"
"['buruk', 'efek', 'skin', 'biasa', 'hera', 'aneh', 'tampil', 'majapahit', 'rata', 'win', 'kalah', 'berkalikali', 'stres', 'ginian', 'banyak', 'banget', 'gelap']","[('buruk',), ('efek',), ('skin',), ('biasa',), ('hera',), ('aneh',), ('tampil',), ('majapahit',), ('rata',), ('win',), ('kalah',), ('berkalikali',), ('stres',), ('ginian',), ('banyak',), ('banget',), ('gelap',)]"
"['kenapa', 'banyak', 'draksistem', 'capek', 'trol', 'jelas']","[('kenapa',), ('banyak',), ('draksistem',), ('capek',), ('trol',), ('jelas',)]"
"['update', 'patch', 'baru', 'sekarang', 'kk', 'stuck', 'loading', 'afk', 'sampai', 'menit', 'skoth', 'kah']","[('update',), ('patch',), ('baru',), ('sekarang',), ('kk',), ('stuck',), ('loading',), ('afk',), ('sampai',), ('menit',), ('skoth',), ('kah',)]"
"['tanding', 'stuck', 'lama', 'keluar', 'tanding', 'ngelakuin', 'gimana']","[('tanding',), ('stuck',), ('lama',), ('keluar',), ('tanding',), ('ngelakuin',), ('gimana',)]"
"['knp', 'akun', 'kena', 'bug', 'verifikasi', 'langkah', 'kena', 'verifikasi', 'langkah', 'tolong', 'jawab']","[('knp',), ('akun',), ('kena',), ('bug',), ('verifikasi',), ('langkah',), ('kena',), ('verifikasi',), ('langkah',), ('tolong',), ('jawab',)]"
"['mending', 'gausah', 'banyak', 'draks', 'bag', 'tu', 'ter', 'parah', 'pernah', 'alamin', 'mending', 'ff', 'pubg', 'bloods', 'trek', 'ghenshingimana', 'mythic', 'ngesetak', 'ketemu', 'muntum', 'dia', 'lukas']","[('mending',), ('gausah',), ('banyak',), ('draks',), ('bag',), ('tu',), ('ter',), ('parah',), ('pernah',), ('alamin',), ('mending',), ('ff',), ('pubg',), ('bloods',), ('trek',), ('ghenshingimana',), ('mythic',), ('ngesetak',), ('ketemu',), ('muntum',), ('dia',), ('lukas',)]"
"['bagus', 'dalam', 'segi', 'skin', 'keren', 'keren', 'kenapa', 'gimana', 'gitu', 'tinggi', 'tinggi', 'bocil', 'mityik', 'susah', 'naik']","[('bagus',), ('dalam',), ('segi',), ('skin',), ('keren',), ('keren',), ('kenapa',), ('gimana',), ('gitu',), ('tinggi',), ('tinggi',), ('bocil',), ('mityik',), ('susah',), ('naik',)]"
"['sumpah', 'marah', 'pasti', 'kalah', 'maksud', 'gimana', 'sengaja', 'biar', 'kalah', 'stuck', 'ken', 'ngerasain', 'mytic', 'sampai', 'ngeluarin', 'mutiara', 'tolong', 'kerjasamanya']","[('sumpah',), ('marah',), ('pasti',), ('kalah',), ('maksud',), ('gimana',), ('sengaja',), ('biar',), ('kalah',), ('stuck',), ('ken',), ('ngerasain',), ('mytic',), ('sampai',), ('ngeluarin',), ('mutiara',), ('tolong',), ('kerjasamanya',)]"
"['banyak', 'update', 'baru', 'makin', 'seru', 'bug', 'alam', 'buruk', 'lancar', 'bagus', 'guna', 'dalam', 'lag', 'sudah', 'mati', 'lancar', 'asa', 'pernah', 'fix', 'masalah', 'apakah', 'pihak', 'sengaja', 'sudah', 'banyak', 'masalah', 'masalah', 'pernah', 'tanggap', 'pihak']","[('banyak',), ('update',), ('baru',), ('makin',), ('seru',), ('bug',), ('alam',), ('buruk',), ('lancar',), ('bagus',), ('guna',), ('dalam',), ('lag',), ('sudah',), ('mati',), ('lancar',), ('asa',), ('pernah',), ('fix',), ('masalah',), ('apakah',), ('pihak',), ('sengaja',), ('sudah',), ('banyak',), ('masalah',), ('masalah',), ('pernah',), ('tanggap',), ('pihak',)]"
"['macem', 'tolol', 'sinyal', 'hilang', 'sendiri', 'full', 'sinyal', 'dimatiin', 'gerak']","[('macem',), ('tolol',), ('sinyal',), ('hilang',), ('sendiri',), ('full',), ('sinyal',), ('dimatiin',), ('gerak',)]"
"['buruk', 'kontol', 'baba']","[('buruk',), ('kontol',), ('baba',)]"
"['lumayan', 'dikenalin', 'emry']","[('lumayan',), ('dikenalin',), ('emry',)]"
"['bodoh', 'sudah', 'top', 'up', 'banyak', 'cuma', 'kalah', 'keren']","[('bodoh',), ('sudah',), ('top',), ('up',), ('banyak',), ('cuma',), ('kalah',), ('keren',)]"
"['buruk', 'update', 'yng', 'sekarang', 'buruk', 'offline', 'pass', 'masuk', 'pilih', 'mulai', 'tulis', 'gitu', 'pass', 'pencet', 'oke', 'mulai', 'sendiri', 'lag', 'keluar', 'sendiri', 'baik', 'pliss', 'maaf', 'rate', 'cuma', 'dua', 'bintang', 'baik', 'terimakasih', 'maaf', 'terlalu', 'panjang']","[('buruk',), ('update',), ('yng',), ('sekarang',), ('buruk',), ('offline',), ('pass',), ('masuk',), ('pilih',), ('mulai',), ('tulis',), ('gitu',), ('pass',), ('pencet',), ('oke',), ('mulai',), ('sendiri',), ('lag',), ('keluar',), ('sendiri',), ('baik',), ('pliss',), ('maaf',), ('rate',), ('cuma',), ('dua',), ('bintang',), ('baik',), ('terimakasih',), ('maaf',), ('terlalu',), ('panjang',)]"
['otak'],"[('otak',)]"
"['gblk', 'beri', 'gaperna', 'benar', 'mm', 'anjg']","[('gblk',), ('beri',), ('gaperna',), ('benar',), ('mm',), ('anjg',)]"
"['lumayan', 'ngendali', 'pasti', 'seru', 'lawan', 'computer', 'maksud', 'skin', 'gratis', 'rendom']","[('lumayan',), ('ngendali',), ('pasti',), ('seru',), ('lawan',), ('computer',), ('maksud',), ('skin',), ('gratis',), ('rendom',)]"
"['buruk', 'banyak', 'cheater', 'tambah', 'tambah', 'jelek', 'kurang', 'bagus', 'sengaja', 'bintang', 'otw', 'uninstal']","[('buruk',), ('banyak',), ('cheater',), ('tambah',), ('tambah',), ('jelek',), ('kurang',), ('bagus',), ('sengaja',), ('bintang',), ('otw',), ('uninstal',)]"
"['makingg', 'adil', 'massa', 'ketemu', 'legenda', 'dmna', 'letak', 'adil', 'dri', 'dlu', 'smpee', 'skrngg', 'kya', 'gth', 'aneh']","[('makingg',), ('adil',), ('massa',), ('ketemu',), ('legenda',), ('dmna',), ('letak',), ('adil',), ('dri',), ('dlu',), ('smpee',), ('skrngg',), ('kya',), ('gth',), ('aneh',)]"
['mengibur'],"[('mengibur',)]"
"['perbaikin', 'terlalu', 'delaylag', 'padalan', 'bagus']","[('perbaikin',), ('terlalu',), ('delaylag',), ('padalan',), ('bagus',)]"
"['stres', 'puyeng', 'satu', 'ujung', 'losetreak', 'trs']","[('stres',), ('puyeng',), ('satu',), ('ujung',), ('losetreak',), ('trs',)]"
"['epik', 'benar', 'lahh', 'ey', 'rusak', 'dongg', 'susah', 'kalah', 'lebih', 'baik', 'bintang', 'satu']","[('epik',), ('benar',), ('lahh',), ('ey',), ('rusak',), ('dongg',), ('susah',), ('kalah',), ('lebih',), ('baik',), ('bintang',), ('satu',)]"
"['bagus', 'bgtt', 'walaupun', 'lag', 'gatau', 'knp', 'wifi', 'bagus', 'win', 'kalah', 'lebih', 'win', 'gara', 'gara', 'bot', 'gitu', 'thanks']","[('bagus',), ('bgtt',), ('walaupun',), ('lag',), ('gatau',), ('knp',), ('wifi',), ('bagus',), ('win',), ('kalah',), ('lebih',), ('win',), ('gara',), ('gara',), ('bot',), ('gitu',), ('thanks',)]"
"['kontolo', 'memek']","[('kontolo',), ('memek',)]"
"['seru', 'banget']","[('seru',), ('banget',)]"
"['ubah', 'rang']","[('ubah',), ('rang',)]"
"['suka', 'banget', 'seru']","[('suka',), ('banget',), ('seru',)]"
"['terimakasih', 'teman', 'nin', 'pergi', 'lama', 'mu', 'lama', 'love', 'you', 'bye']","[('terimakasih',), ('teman',), ('nin',), ('pergi',), ('lama',), ('mu',), ('lama',), ('love',), ('you',), ('bye',)]"
['seru'],"[('seru',)]"
"['gg', 'coo', 'keren', 'mantap', 'lebih', 'keren', 'ff', 'awokawokawok']","[('gg',), ('coo',), ('keren',), ('mantap',), ('lebih',), ('keren',), ('ff',), ('awokawokawok',)]"
"['tolong', 'lawan']","[('tolong',), ('lawan',)]"
['tolol'],"[('tolol',)]"
"['rusak', 'bug', 'hijau', 'lag']","[('rusak',), ('bug',), ('hijau',), ('lag',)]"
"['maaf', 'motoon', 'inanilahi', 'mati', 'pensi', 'cpe', 'naik', 'trun', 'naik', 'trun', 'bismilah', 'mti']","[('maaf',), ('motoon',), ('inanilahi',), ('mati',), ('pensi',), ('cpe',), ('naik',), ('trun',), ('naik',), ('trun',), ('bismilah',), ('mti',)]"
"['minimal', 'lgi']","[('minimal',), ('lgi',)]"
"['tolol', 'musuh', 'susah', 'kasi', 'ws']","[('tolol',), ('musuh',), ('susah',), ('kasi',), ('ws',)]"
"['goblog', 'pusing']","[('goblog',), ('pusing',)]"
"['ramah', 'sombong']","[('ramah',), ('sombong',)]"
['lostrek'],"[('lostrek',)]"
"['hadeh', 'bayak', 'gelap', 'epik', 'gj', 'jelas', 'lus']","[('hadeh',), ('bayak',), ('gelap',), ('epik',), ('gj',), ('jelas',), ('lus',)]"
"['sang', 'at', 'bail', 'mi']","[('sang',), ('at',), ('bail',), ('mi',)]"
"['timgak', 'amin']","[('timgak',), ('amin',)]"
['bagus'],"[('bagus',)]"
"['mantap', 'sakuramba']","[('mantap',), ('sakuramba',)]"
"['pilih', 'anjg']","[('pilih',), ('anjg',)]"
"['sinyal', 'bagus', 'standart', 'kenapa', 'lag', 'akibat', 'hitung', 'afk', 'rugi', 'nyari', 'senang', 'stres']","[('sinyal',), ('bagus',), ('standart',), ('kenapa',), ('lag',), ('akibat',), ('hitung',), ('afk',), ('rugi',), ('nyari',), ('senang',), ('stres',)]"
"['kalah', 'gara', 'gara', 'jago', 'bae', 'musuh', 'drack', 'semua']","[('kalah',), ('gara',), ('gara',), ('jago',), ('bae',), ('musuh',), ('drack',), ('semua',)]"
['adil'],"[('adil',)]"
"['seru', 'banget']","[('seru',), ('banget',)]"
"['bagus', 'suka', 'makanya', 'jgn', 'bot', 'sudah', 'kg', 'bs', 'dongoo']","[('bagus',), ('suka',), ('makanya',), ('jgn',), ('bot',), ('sudah',), ('kg',), ('bs',), ('dongoo',)]"
"['susah', 'banget', 'masuk', 'makin', 'berat']","[('susah',), ('banget',), ('masuk',), ('makin',), ('berat',)]"
"['kalah', 'menang', 'sudah', 'biasa', 'kalah', 'tanpa', 'progress', 'sebal', 'baru', 'season', 'sekarang', 'alami', 'hal', 'your', 'gelap']","[('kalah',), ('menang',), ('sudah',), ('biasa',), ('kalah',), ('tanpa',), ('progress',), ('sebal',), ('baru',), ('season',), ('sekarang',), ('alami',), ('hal',), ('your',), ('gelap',)]"
['suka'],"[('suka',)]"
"['seru', 'senang', 'enak', 'dimainin', 'seru', 'banget', 'teman', 'seru', 'seru', 'seru', 'seru', 'seru', 'seru', 'seru', 'banget', 'lebih', 'seru', 'sonia', 'sun', 'sun', 'guys', 'usah', 'teman', 'lebih', 'seru', 'hujanhujanan', 'dimarahin', 'tuhan']","[('seru',), ('senang',), ('enak',), ('dimainin',), ('seru',), ('banget',), ('teman',), ('seru',), ('seru',), ('seru',), ('seru',), ('seru',), ('seru',), ('seru',), ('banget',), ('lebih',), ('seru',), ('sonia',), ('sun',), ('sun',), ('guys',), ('usah',), ('teman',), ('lebih',), ('seru',), ('hujanhujanan',), ('dimarahin',), ('tuhan',)]"
['kontl'],"[('kontl',)]"
"['cuma', 'fokus', 'event', 'tanpa', 'optimal', 'ubah', 'ui', 'cacat', 'serius', 'fokus', 'jual', 'merchandise', 'event', 'kikir']","[('cuma',), ('fokus',), ('event',), ('tanpa',), ('optimal',), ('ubah',), ('ui',), ('cacat',), ('serius',), ('fokus',), ('jual',), ('merchandise',), ('event',), ('kikir',)]"
"['stuck', 'baik', 'jg']","[('stuck',), ('baik',), ('jg',)]"
"['ngga', 'guna', 'ngga', 'pernah', 'beri', 'bangus']","[('ngga',), ('guna',), ('ngga',), ('pernah',), ('beri',), ('bangus',)]"
"['sinyal', 'bagus', 'gerak', 'ngentod', 'niat']","[('sinyal',), ('bagus',), ('gerak',), ('ngentod',), ('niat',)]"
"['seru', 'banyak', 'gelap', 'sytem', 'bintang', 'naik', 'legen', 'poke', 'musuh', 'top', 'globalpenjoki']","[('seru',), ('banyak',), ('gelap',), ('sytem',), ('bintang',), ('naik',), ('legen',), ('poke',), ('musuh',), ('top',), ('globalpenjoki',)]"
['jembut'],"[('jembut',)]"
['anjing'],"[('anjing',)]"
"['banyak', 'update', 'sinyal', 'server', 'urus', 'sinyal', 'bagus', 'lag']","[('banyak',), ('update',), ('sinyal',), ('server',), ('urus',), ('sinyal',), ('bagus',), ('lag',)]"
['bagus'],"[('bagus',)]"
"['bagus', 'walaupun', 'ngelagketemu', 'gelap', 'situ', 'ajar', 'toxic', 'terimakasih', 'developer', 'makanya', 'dm', 'sampai', 'assalamualaikum', 'warahmatullahi', 'wabarakatuh']","[('bagus',), ('walaupun',), ('ngelagketemu',), ('gelap',), ('situ',), ('ajar',), ('toxic',), ('terimakasih',), ('developer',), ('makanya',), ('dm',), ('sampai',), ('assalamualaikum',), ('warahmatullahi',), ('wabarakatuh',)]"
"['seru', 'knpa', 'beberapa', 'parah', 'banget', 'pdhl', 'bagus', 'langsung', 'parah', 'banget', 'pdhl', 'belum', 'gprnh', 'masalah', 'lg']","[('seru',), ('knpa',), ('beberapa',), ('parah',), ('banget',), ('pdhl',), ('bagus',), ('langsung',), ('parah',), ('banget',), ('pdhl',), ('belum',), ('gprnh',), ('masalah',), ('lg',)]"
"['rekomendasi', 'ton', 'kurang', 'gelap']","[('rekomendasi',), ('ton',), ('kurang',), ('gelap',)]"
"['pertama', 'terimakasih', 'cipta', 'epic', 'beri', 'saran', 'tolong', 'benah', 'minta', 'tolong', 'benah', 'matching', 'garis', 'bawah', 'sungguh', 'classic', 'lagend', 'dapetnya', 'pangkat', 'warior', 'masuk', 'akal', 'mohon', 'benah', 'begitu', 'sudah', 'maklum', 'classic', 'lebih']","[('pertama',), ('terimakasih',), ('cipta',), ('epic',), ('beri',), ('saran',), ('tolong',), ('benah',), ('minta',), ('tolong',), ('benah',), ('matching',), ('garis',), ('bawah',), ('sungguh',), ('classic',), ('lagend',), ('dapetnya',), ('pangkat',), ('warior',), ('masuk',), ('akal',), ('mohon',), ('benah',), ('begitu',), ('sudah',), ('maklum',), ('classic',), ('lebih',)]"
"['selalu', 'adil', 'mana', 'musuh', 'terlalu', 'jago', 'mula']","[('selalu',), ('adil',), ('mana',), ('musuh',), ('terlalu',), ('jago',), ('mula',)]"
"['ketemu', 'bot']","[('ketemu',), ('bot',)]"
"['minimal', 'beri', 'musuh', 'sendiri', 'imbang', 'laa', 'sendiri', 'gabisaa', 'lawan', 'jago', 'gimana', 'menang']","[('minimal',), ('beri',), ('musuh',), ('sendiri',), ('imbang',), ('laa',), ('sendiri',), ('gabisaa',), ('lawan',), ('jago',), ('gimana',), ('menang',)]"
"['inih', 'bagus']","[('inih',), ('bagus',)]"
"['legends', 'seruu']","[('legends',), ('seruu',)]"
['baik'],"[('baik',)]"
"['kotol', 'lose', 'lose', 'moga', 'ceper', 'mati', 'nonton']","[('kotol',), ('lose',), ('lose',), ('moga',), ('ceper',), ('mati',), ('nonton',)]"
['tai'],"[('tai',)]"
['bantu'],"[('bantu',)]"
"['tolong', 'baik']","[('tolong',), ('baik',)]"
"['bagus', 'ampe', 'ratarata', 'playernya', 'sdm', 'turun']","[('bagus',), ('ampe',), ('ratarata',), ('playernya',), ('sdm',), ('turun',)]"
"['wah', 'keren', 'banget', 'ruang', 'clasik', 'brawel', 'arkade', 'tang', 'kasing', 'bintang', 'lima', 'musuh', 'botsemua', 'padaha', 'tang', 'epik', 'kenapa', 'musuh', 'bot']","[('wah',), ('keren',), ('banget',), ('ruang',), ('clasik',), ('brawel',), ('arkade',), ('tang',), ('kasing',), ('bintang',), ('lima',), ('musuh',), ('botsemua',), ('padaha',), ('tang',), ('epik',), ('kenapa',), ('musuh',), ('bot',)]"
"['babi', 'selalu', 'sampah']","[('babi',), ('selalu',), ('sampah',)]"
"['hampir', 'semuah', 'gelap', 'kecewa']","[('hampir',), ('semuah',), ('gelap',), ('kecewa',)]"
"['rusak', 'rusak']","[('rusak',), ('rusak',)]"
"['kenapa', 'selalu', 'bot', 'capek']","[('kenapa',), ('selalu',), ('bot',), ('capek',)]"
['bagong'],"[('bagong',)]"
"['gelap', 'banyak']","[('gelap',), ('banyak',)]"
"['banyak', 'darksistem', 'n', 'lag']","[('banyak',), ('darksistem',), ('n',), ('lag',)]"
"['skrng', 'suka', 'lag', 'pdahl', 'bukak', 'apk', 'lain', 'lancaraja']","[('skrng',), ('suka',), ('lag',), ('pdahl',), ('bukak',), ('apk',), ('lain',), ('lancaraja',)]"
"['bagus', 'semua', 'dowlodtannya', 'selalu', 'hilang', 'tinggal', 'sekolah', 'smp', 'hilang', 'mohon', 'baik', 'moga', 'perhati', 'segitu', 'mohon', 'kerja']","[('bagus',), ('semua',), ('dowlodtannya',), ('selalu',), ('hilang',), ('tinggal',), ('sekolah',), ('smp',), ('hilang',), ('mohon',), ('baik',), ('moga',), ('perhati',), ('segitu',), ('mohon',), ('kerja',)]"
"['seru', 'iklann', 'skin', 'banyakk', 'lukas', 'zilong', 'lain', 'lain']","[('seru',), ('iklann',), ('skin',), ('banyakk',), ('lukas',), ('zilong',), ('lain',), ('lain',)]"
"['makin', 'ancor', 'laq', 'sekrang', 'bagus']","[('makin',), ('ancor',), ('laq',), ('sekrang',), ('bagus',)]"
"['makin', 'makin', 'buruk', 'selalu', 'lag', 'mulai', 'jengkel']","[('makin',), ('makin',), ('buruk',), ('selalu',), ('lag',), ('mulai',), ('jengkel',)]"
"['kenapa', 'musuh', 'skin', 'skin', 'gaje', 'sekarang']","[('kenapa',), ('musuh',), ('skin',), ('skin',), ('gaje',), ('sekarang',)]"
"['jelas', 'sinyal', 'lag', 'dalem', 'buruk']","[('jelas',), ('sinyal',), ('lag',), ('dalem',), ('buruk',)]"
"['kon', 'ol', 'anjg', 'lag', 'parah', 'c', 'k']","[('kon',), ('ol',), ('anjg',), ('lag',), ('parah',), ('c',), ('k',)]"
"['lumayan', 'bagus', 'tipe', 'banget', 'rating', 'lebih', 'enak', 'king', 'segi', 'gamplay', 'bagus']","[('lumayan',), ('bagus',), ('tipe',), ('banget',), ('rating',), ('lebih',), ('enak',), ('king',), ('segi',), ('gamplay',), ('bagus',)]"
['draksistem'],"[('draksistem',)]"
"['jelas', 'gelap', 'semua', 'gendong']","[('jelas',), ('gelap',), ('semua',), ('gendong',)]"
"['ilang', 'signal']","[('ilang',), ('signal',)]"
"['woy', 'kenapa', 'makin', 'makin', 'lag', 'sinyal', 'pdhal', 'kouta', 'byk', 'sinyal', 'hijau', 'kenapa', 'lag', 'skin', 'banyak', 'lag', 'biarin']","[('woy',), ('kenapa',), ('makin',), ('makin',), ('lag',), ('sinyal',), ('pdhal',), ('kouta',), ('byk',), ('sinyal',), ('hijau',), ('kenapa',), ('lag',), ('skin',), ('banyak',), ('lag',), ('biarin',)]"
"['seru', 'baru', 'seru', 'teman', 'cuma', 'punya', 'keluh', 'masa', 'tadi', 'sudah', 'chat', 'yatim', 'random', 'moga', 'ramah', 'semua']","[('seru',), ('baru',), ('seru',), ('teman',), ('cuma',), ('punya',), ('keluh',), ('masa',), ('tadi',), ('sudah',), ('chat',), ('yatim',), ('random',), ('moga',), ('ramah',), ('semua',)]"
"['season', 'sekarang', 'ngaco', 'auto', 'lag', 'pdhl', 'sinyal', 'wifi', 'amanalhasil', 'jd', 'kalah', 'jg', 'kacausll', 'troll']","[('season',), ('sekarang',), ('ngaco',), ('auto',), ('lag',), ('pdhl',), ('sinyal',), ('wifi',), ('amanalhasil',), ('jd',), ('kalah',), ('jg',), ('kacausll',), ('troll',)]"
"['macthmaking', 'busuk', 'jelas', 'banget', 'beban', 'report', 'sedang', 'sungguh', 'sungguh', 'nak', 'report', 'aneh', 'mtyhic', 'atas', 'aneh', 'aneh', 'atur', 'aneh', 'mending', 'uninstal']","[('macthmaking',), ('busuk',), ('jelas',), ('banget',), ('beban',), ('report',), ('sedang',), ('sungguh',), ('sungguh',), ('nak',), ('report',), ('aneh',), ('mtyhic',), ('atas',), ('aneh',), ('aneh',), ('atur',), ('aneh',), ('mending',), ('uninstal',)]"
['bagus'],"[('bagus',)]"
"['bagus', 'bget', 'ramh', 'pk']","[('bagus',), ('bget',), ('ramh',), ('pk',)]"
"['sinyal', 'hijau', 'lag', 'sampai', 'afk']","[('sinyal',), ('hijau',), ('lag',), ('sampai',), ('afk',)]"
"['legends', 'sekarang', 'suka', 'lag', 'gajelas', 'bagus', 'lag', 'sendiri', 'knapa']","[('legends',), ('sekarang',), ('suka',), ('lag',), ('gajelas',), ('bagus',), ('lag',), ('sendiri',), ('knapa',)]"
"['sampah', 'jelas', 'beranta', 'ngatur', 'kikir', 'busuk']","[('sampah',), ('jelas',), ('beranta',), ('ngatur',), ('kikir',), ('busuk',)]"
"['parah', 'kena', 'kredit', 'skor', 'bs', 'ranked', 'cma', 'gara', 'gara', 'kurang', 'bs', 'sperti', 'lain', 'biar', 'lancar', 'mending', 'pindah', 'king']","[('parah',), ('kena',), ('kredit',), ('skor',), ('bs',), ('ranked',), ('cma',), ('gara',), ('gara',), ('kurang',), ('bs',), ('sperti',), ('lain',), ('biar',), ('lancar',), ('mending',), ('pindah',), ('king',)]"
['bagus'],"[('bagus',)]"
"['ngomong', 'tosix', 'sopan', 'kasihan', 'anak', 'anak', 'bawah', 'umur', 'bilang', 'mundur', 'mundur', 'lostreek', 'kualitas', 'bagus', 'mending', 'lain', 'mati', 'suri']","[('ngomong',), ('tosix',), ('sopan',), ('kasihan',), ('anak',), ('anak',), ('bawah',), ('umur',), ('bilang',), ('mundur',), ('mundur',), ('lostreek',), ('kualitas',), ('bagus',), ('mending',), ('lain',), ('mati',), ('suri',)]"
"['masa', 'iya', 'ketemu', 'trio', 'gitu', 'duoyg', 'imbang']","[('masa',), ('iya',), ('ketemu',), ('trio',), ('gitu',), ('duoyg',), ('imbang',)]"
"['kalah', 'naik', 'legendmonton', 'kecewa']","[('kalah',), ('naik',), ('legendmonton',), ('kecewa',)]"
['haji'],"[('haji',)]"
"['beri', 'ma', 'en', 'tolol', 'semua']","[('beri',), ('ma',), ('en',), ('tolol',), ('semua',)]"
['lumayan'],"[('lumayan',)]"
"['bento', 'banyak', 'bot']","[('bento',), ('banyak',), ('bot',)]"
"['ehh', 'poke', 'punya', 'apk', 'baharu', 'update', 'tan', 'benar', 'emosi', 'ping', 'stabil', 'fress', 'kwk', 'laq', 'laku', 'lalai', 'update']","[('ehh',), ('poke',), ('punya',), ('apk',), ('baharu',), ('update',), ('tan',), ('benar',), ('emosi',), ('ping',), ('stabil',), ('fress',), ('kwk',), ('laq',), ('laku',), ('lalai',), ('update',)]"
"['aneh', 'sekarang', 'mulai', 'mact', 'tulis', 'reconet', 'sinyal', 'bagus', 'winstrake', 'hancur', 'gara', 'gara', 'haduh', 'mohon', 'perhatianya']","[('aneh',), ('sekarang',), ('mulai',), ('mact',), ('tulis',), ('reconet',), ('sinyal',), ('bagus',), ('winstrake',), ('hancur',), ('gara',), ('gara',), ('haduh',), ('mohon',), ('perhatianya',)]"
"['akhir', 'bug', 'jelas', 'sampai', 'late', 'mainin', 'lancar', 'suka', 'lag', 'sungguh', 'masuk', 'akal', 'tolong', 'baik']","[('akhir',), ('bug',), ('jelas',), ('sampai',), ('late',), ('mainin',), ('lancar',), ('suka',), ('lag',), ('sungguh',), ('masuk',), ('akal',), ('tolong',), ('baik',)]"
"['coba', 'tambahin', 'ngirim', 'battle', 'poin', 'biar', 'ngirim', 'teman']","[('coba',), ('tambahin',), ('ngirim',), ('battle',), ('poin',), ('biar',), ('ngirim',), ('teman',)]"
"['bagus', 'keren', 'bagus', 'bagus', 'balik', 'jembut', 'buruk', 'buruk']","[('bagus',), ('keren',), ('bagus',), ('bagus',), ('balik',), ('jembut',), ('buruk',), ('buruk',)]"
"['makin', 'makin', 'jelas', 'masalah', 'jelek', 'banget', 'stabil', 'suka', 'lag', 'tibajadi', 'makin', 'males', 'update', 'makin', 'gede', 'mb', 'baik', 'sudah', 'waras']","[('makin',), ('makin',), ('jelas',), ('masalah',), ('jelek',), ('banget',), ('stabil',), ('suka',), ('lag',), ('tibajadi',), ('makin',), ('males',), ('update',), ('makin',), ('gede',), ('mb',), ('baik',), ('sudah',), ('waras',)]"
"['waw', 'seru']","[('waw',), ('seru',)]"
"['mantap', 'bagus', 'banget', 'ws', 'alhamdulillah']","[('mantap',), ('bagus',), ('banget',), ('ws',), ('alhamdulillah',)]"
"['bagussihh', 'tolong', 'gelap', 'hapus']","[('bagussihh',), ('tolong',), ('gelap',), ('hapus',)]"
"['sukak', 'user', 'franko', 'tari', 'maut', 'langsung', 'kena', 'lord']","[('sukak',), ('user',), ('franko',), ('tari',), ('maut',), ('langsung',), ('kena',), ('lord',)]"
"['sedot', 'makin', 'makin', 'jelek', 'makin', 'buruk', 'full', 'leq', 'bnyak', 'bug']","[('sedot',), ('makin',), ('makin',), ('jelek',), ('makin',), ('buruk',), ('full',), ('leq',), ('bnyak',), ('bug',)]"
"['moga', 'bagus']","[('moga',), ('bagus',)]"
"['buruk', 'banyak', 'draksistem', 'buruk', 'pernah']","[('buruk',), ('banyak',), ('draksistem',), ('buruk',), ('pernah',)]"
"['makin', 'lama', 'makin', 'anj', 'bagus', 'stabil', 'gabisa', 'gerak', 'pencet', 'bilang', 'buruk', 'muncul', 'bagusstabil', 'jelas', 'musuh', 'party', 'posisi', 'menang', 'hubung', 'ulang', 'make', 'kuota']","[('makin',), ('lama',), ('makin',), ('anj',), ('bagus',), ('stabil',), ('gabisa',), ('gerak',), ('pencet',), ('bilang',), ('buruk',), ('muncul',), ('bagusstabil',), ('jelas',), ('musuh',), ('party',), ('posisi',), ('menang',), ('hubung',), ('ulang',), ('make',), ('kuota',)]"
"['rusak', 'bug', 'afk', 'bodo']","[('rusak',), ('bug',), ('afk',), ('bodo',)]"
"['bagus', 'banget', 'bos']","[('bagus',), ('banget',), ('bos',)]"
"['keri', 'gs', 'jangn', 'coba', 'adik', 'mainnin', 'lama', 'bulan', 'lebih', 'masuk', 'rumah', 'sakit', 'jiwa', 'setress', 'lebih', 'habus', 'baik', 'kesehatanmental']","[('keri',), ('gs',), ('jangn',), ('coba',), ('adik',), ('mainnin',), ('lama',), ('bulan',), ('lebih',), ('masuk',), ('rumah',), ('sakit',), ('jiwa',), ('setress',), ('lebih',), ('habus',), ('baik',), ('kesehatanmental',)]"
"['hadeuh', 'mah', 'seru', 'stres', 'wortit', 'banget', 'apalgi', 'sengaja', 'banget', 'kasi', 'gelap', 'gelap', 'melulu', 'tambah', 'sinyal', 'bagus', 'lag', 'lag']","[('hadeuh',), ('mah',), ('seru',), ('stres',), ('wortit',), ('banget',), ('apalgi',), ('sengaja',), ('banget',), ('kasi',), ('gelap',), ('gelap',), ('melulu',), ('tambah',), ('sinyal',), ('bagus',), ('lag',), ('lag',)]"
"['makin', 'update', 'lag', 'enak', 'khusus', 'mending', 'usah', 'maksa', 'yaudah', 'awas', 'darah', 'tinggi', 'bubarin', 'tod']","[('makin',), ('update',), ('lag',), ('enak',), ('khusus',), ('mending',), ('usah',), ('maksa',), ('yaudah',), ('awas',), ('darah',), ('tinggi',), ('bubarin',), ('tod',)]"
"['seru', 'cari', 'teman', 'pacar']","[('seru',), ('cari',), ('teman',), ('pacar',)]"
['seru'],"[('seru',)]"
"['moga', 'sabar', 'tinggi', 'serta', 'semua', 'domzz', 'stay']","[('moga',), ('sabar',), ('tinggi',), ('serta',), ('semua',), ('domzz',), ('stay',)]"
"['seru', 'epic', 'moga', 'onic']","[('seru',), ('epic',), ('moga',), ('onic',)]"
"['lovyu', 'muntun', 'akun', 'balik', 'cs', 'bgus', 'banget', 'banget', 'banget', 'lovyu', 'muntun']","[('lovyu',), ('muntun',), ('akun',), ('balik',), ('cs',), ('bgus',), ('banget',), ('banget',), ('banget',), ('lovyu',), ('muntun',)]"
"['jangan', 'guys', 'haram', 'isi', 'gelap', 'selalu', 'kalah', 'adil', 'scak', 'epic', 'gegera', 'gelap', 'tolong', 'pisahin', 'gelap', 'kikirr', 'emosi', 'bukan', 'ngilangin', 'stres', 'tambah', 'stres', 'haram', 'kikir', 'poke', 'adil', 'ngepus', 'sampai', 'imo', 'nyata', 'kalah', 'haram', 'tolong', 'not', 'mending', 'free', 'fire', 'lose', 'treak', 'cape', 'epic', 'tolong', 'bagus']","[('jangan',), ('guys',), ('haram',), ('isi',), ('gelap',), ('selalu',), ('kalah',), ('adil',), ('scak',), ('epic',), ('gegera',), ('gelap',), ('tolong',), ('pisahin',), ('gelap',), ('kikirr',), ('emosi',), ('bukan',), ('ngilangin',), ('stres',), ('tambah',), ('stres',), ('haram',), ('kikir',), ('poke',), ('adil',), ('ngepus',), ('sampai',), ('imo',), ('nyata',), ('kalah',), ('haram',), ('tolong',), ('not',), ('mending',), ('free',), ('fire',), ('lose',), ('treak',), ('cape',), ('epic',), ('tolong',), ('bagus',)]"
"['legends', 'nggk', 'mobil', 'aplikasi', 'nggk', 'didonwloadya', 'mungkin', 'nokia', 'hehe']","[('legends',), ('nggk',), ('mobil',), ('aplikasi',), ('nggk',), ('didonwloadya',), ('mungkin',), ('nokia',), ('hehe',)]"
"['kontribusi', 'playernya', 'toxic', 'trs', 'wifi', 'lag', 'scroll', 'yt', 'tiktok', 'lag']","[('kontribusi',), ('playernya',), ('toxic',), ('trs',), ('wifi',), ('lag',), ('scroll',), ('yt',), ('tiktok',), ('lag',)]"
"['makin', 'jelas', 'resah', 'tambah', 'makin', 'banyak', 'draksistem', 'adalagi', 'bila', 'bintang', 'ketemu', 'trol', 'makin', 'makin', 'bb']","[('makin',), ('jelas',), ('resah',), ('tambah',), ('makin',), ('banyak',), ('draksistem',), ('adalagi',), ('bila',), ('bintang',), ('ketemu',), ('trol',), ('makin',), ('makin',), ('bb',)]"
"['najis', 'bug', 'lol', 'emosi', 'rusak', 'bug', 'buka', 'aplikasi', 'lain', 'lancar', 'jaya', 'kocak']","[('najis',), ('bug',), ('lol',), ('emosi',), ('rusak',), ('bug',), ('buka',), ('aplikasi',), ('lain',), ('lancar',), ('jaya',), ('kocak',)]"
"['gonta', 'ganti', 'provider', 'clasic', 'super', 'lag', 'niat', 'cari', 'hibur', 'emosi', 'uninstall', 'males']","[('gonta',), ('ganti',), ('provider',), ('clasic',), ('super',), ('lag',), ('niat',), ('cari',), ('hibur',), ('emosi',), ('uninstall',), ('males',)]"
"['merah', 'bgs', 'classic', 'bagus', 'kacau', 'skrng', 'bagus']","[('merah',), ('bgs',), ('classic',), ('bagus',), ('kacau',), ('skrng',), ('bagus',)]"
"['hello', 'justin', 'yuan', 'and', 'watson', 'xu', 'zhenhua', 'will', 'never', 'read', 'letter', 'al', 'jabar', 'you', 'm', 'already', 'hurt', 'by', 'you', 'so', 'congratulations', 'on', 'what', 'will', 'happen', 'pain', 'that', 'why']","[('hello',), ('justin',), ('yuan',), ('and',), ('watson',), ('xu',), ('zhenhua',), ('will',), ('never',), ('read',), ('letter',), ('al',), ('jabar',), ('you',), ('m',), ('already',), ('hurt',), ('by',), ('you',), ('so',), ('congratulations',), ('on',), ('what',), ('will',), ('happen',), ('pain',), ('that',), ('why',)]"
"['kece', 'badai']","[('kece',), ('badai',)]"
"['ngasi', 'teman', 'tu', 'benar', 'gausah', 'kawan', 'epik', 'lawan', 'glory', 'imbang', 'menang', 'kalah', 'sampek', 'imbang', 'kawan', 'lawan', 'cuihh']","[('ngasi',), ('teman',), ('tu',), ('benar',), ('gausah',), ('kawan',), ('epik',), ('lawan',), ('glory',), ('imbang',), ('menang',), ('kalah',), ('sampek',), ('imbang',), ('kawan',), ('lawan',), ('cuihh',)]"
"['sip', 'bagus']","[('sip',), ('bagus',)]"
"['kadang', 'kadang', 'emosi']","[('kadang',), ('kadang',), ('emosi',)]"
['seru'],"[('seru',)]"
"['lumayan', 'agak', 'agak', 'lag']","[('lumayan',), ('agak',), ('agak',), ('lag',)]"
"['bjirr', 'baru', 'bulan', 'epic']","[('bjirr',), ('baru',), ('bulan',), ('epic',)]"
"['ygy', 'donlowd', 'usak', 'mentaly', 'saling', 'ngejek', 'toxic', 'recal', 'ramah', 'dikill', 'musuh', 'lansung', 'lanjut', 'cril', 'mah', 'ngetik', 'dikill', 'musuh', 'omongin', 'pou', 'recal', 'ygy', 'jgn', 'donlowd', 'banke', 'tolol', 'idiot', 'montod']","[('ygy',), ('donlowd',), ('usak',), ('mentaly',), ('saling',), ('ngejek',), ('toxic',), ('recal',), ('ramah',), ('dikill',), ('musuh',), ('lansung',), ('lanjut',), ('cril',), ('mah',), ('ngetik',), ('dikill',), ('musuh',), ('omongin',), ('pou',), ('recal',), ('ygy',), ('jgn',), ('donlowd',), ('banke',), ('tolol',), ('idiot',), ('montod',)]"
"['win', 'lose', 'gitu', 'sampai', 'tres', 'sekarang', 'sudah', 'hapus', 'tres']","[('win',), ('lose',), ('gitu',), ('sampai',), ('tres',), ('sekarang',), ('sudah',), ('hapus',), ('tres',)]"
"['buruk', 'sinyal', 'bagus', 'lag', 'lag', 'riport', 'sudah', 'bagus', 'sinyal', 'cok', 'cek', 'sudah', 'bagus', 'abang']","[('buruk',), ('sinyal',), ('bagus',), ('lag',), ('lag',), ('riport',), ('sudah',), ('bagus',), ('sinyal',), ('cok',), ('cek',), ('sudah',), ('bagus',), ('abang',)]"
"['ayo', 'rusak', 'enginesistem']","[('ayo',), ('rusak',), ('enginesistem',)]"
"['naon', 'naon', 'minion', 'aing', 'kalah', 'nyerang', 'base', 'aing', 'tolol', 'minion', 'kanker']","[('naon',), ('naon',), ('minion',), ('aing',), ('kalah',), ('nyerang',), ('base',), ('aing',), ('tolol',), ('minion',), ('kanker',)]"
"['memng', 'mantap', 'bosan']","[('memng',), ('mantap',), ('bosan',)]"
"['bagus', 'seru', 'banget', 'buru', 'coba']","[('bagus',), ('seru',), ('banget',), ('buru',), ('coba',)]"
"['beri', 'adil', 'pensi']","[('beri',), ('adil',), ('pensi',)]"
"['tolong', 'baik', 'signyal', 'full', 'patah']","[('tolong',), ('baik',), ('signyal',), ('full',), ('patah',)]"
"['uda', 'lama', 'sekarang', 'sekarang', 'lag', 'gejalas', 'bahkan', 'sampai', 'ngga', 'gerak', 'sinyal', 'bagus', 'wifi', 'bagus', 'tolong', 'server', 'baik', 'mas', 'ngga', 'baik', 'hormat', 'uninstal']","[('uda',), ('lama',), ('sekarang',), ('sekarang',), ('lag',), ('gejalas',), ('bahkan',), ('sampai',), ('ngga',), ('gerak',), ('sinyal',), ('bagus',), ('wifi',), ('bagus',), ('tolong',), ('server',), ('baik',), ('mas',), ('ngga',), ('baik',), ('hormat',), ('uninstal',)]"
"['makin', 'devices', 'friendly', 'detik', 'sampai', 'frame', 'drop', 'fps', 'per', 'detik', 'parah', 'alhasil', 'ganti', 'emblem', 'battle', 'spell', 'bayang', 'suruh', 'fast', 'respon', 'cuma', 'detik', 'chipset', 'sd', 'kurang', 'kah']","[('makin',), ('devices',), ('friendly',), ('detik',), ('sampai',), ('frame',), ('drop',), ('fps',), ('per',), ('detik',), ('parah',), ('alhasil',), ('ganti',), ('emblem',), ('battle',), ('spell',), ('bayang',), ('suruh',), ('fast',), ('respon',), ('cuma',), ('detik',), ('chipset',), ('sd',), ('kurang',), ('kah',)]"
"['makin', 'makin', 'jelas', 'lag', 'selalu', 'kalah', 'untun', 'jelek']","[('makin',), ('makin',), ('jelas',), ('lag',), ('selalu',), ('kalah',), ('untun',), ('jelek',)]"
"['jelek', 'sekarang', 'ngga', 'android']","[('jelek',), ('sekarang',), ('ngga',), ('android',)]"
[],[]
['gelap'],"[('gelap',)]"
"['macam', 'seru', 'banget']","[('macam',), ('seru',), ('banget',)]"
['bagus'],"[('bagus',)]"
"['ciga', 'bagong', 'ayna', 'sia', 't', 'ngajawab', 'tanya', 'aing', 'kana', 'aing', 'sia', 'jieun', 'rem', 'najis', 'ayna', 'mah', 'aing', 'kudu', 'deui', 'ieu']","[('ciga',), ('bagong',), ('ayna',), ('sia',), ('t',), ('ngajawab',), ('tanya',), ('aing',), ('kana',), ('aing',), ('sia',), ('jieun',), ('rem',), ('najis',), ('ayna',), ('mah',), ('aing',), ('kudu',), ('deui',), ('ieu',)]"
"['mkin', 'rusak', 'suka', 'lag', 'pdhal', 'jringan', 'hijau', 'mnding', 'usah', 'dowload']","[('mkin',), ('rusak',), ('suka',), ('lag',), ('pdhal',), ('jringan',), ('hijau',), ('mnding',), ('usah',), ('dowload',)]"
['hama'],"[('hama',)]"
"['sinyal', 'bagus', 'lag', 'emosi']","[('sinyal',), ('bagus',), ('lag',), ('emosi',)]"
"['lag', 'wifi']","[('lag',), ('wifi',)]"
"['guna', 'jelek', 'nonton', 'yt', 'ig', 'tiktok', 'lancar', 'banget', 'asli', 'guna', 'kntol']","[('guna',), ('jelek',), ('nonton',), ('yt',), ('ig',), ('tiktok',), ('lancar',), ('banget',), ('asli',), ('guna',), ('kntol',)]"
"['bagus', 'bangett']","[('bagus',), ('bangett',)]"
"['makin', 'buruk', 'kagak', 'senengin', 'selalu', 'feeder', 'bot', 'tahu', 'jenis', 'item', 'emblem', 'butuh', 'terkadang', 'asal', 'pilih', 'king', 'jauh', 'lebih', 'seru']","[('makin',), ('buruk',), ('kagak',), ('senengin',), ('selalu',), ('feeder',), ('bot',), ('tahu',), ('jenis',), ('item',), ('emblem',), ('butuh',), ('terkadang',), ('asal',), ('pilih',), ('king',), ('jauh',), ('lebih',), ('seru',)]"
"['buruk', 'kau', 'bagus', 'bagus', 'sikit', 'beri', 't', 'n', 'semua', 'hapus', 'play', 'store']","[('buruk',), ('kau',), ('bagus',), ('bagus',), ('sikit',), ('beri',), ('t',), ('n',), ('semua',), ('hapus',), ('play',), ('store',)]"
"['bagus', 'usia', 'baik']","[('bagus',), ('usia',), ('baik',)]"
"['update', 'season', 'pernah', 'rusak', 'sinyal', 'bagus', 'lag', 'butut']","[('update',), ('season',), ('pernah',), ('rusak',), ('sinyal',), ('bagus',), ('lag',), ('butut',)]"
"['kalah', 'lawa', 'ngeri', 'lol']","[('kalah',), ('lawa',), ('ngeri',), ('lol',)]"
['aneh'],"[('aneh',)]"
['buruk'],"[('buruk',)]"
"['muak', 'daritadi', 'sengaja', 'kalah']","[('muak',), ('daritadi',), ('sengaja',), ('kalah',)]"
"['tolong', 'notice', 'milik', 'masuk', 'coba', 'tambah', 'brawl', 'brawl', 'masuk', 'semangat']","[('tolong',), ('notice',), ('milik',), ('masuk',), ('coba',), ('tambah',), ('brawl',), ('brawl',), ('masuk',), ('semangat',)]"
"['sinyal', 'down', 'pernah', 'perhati', 'complain', 'ttg', 'stabil', 'sinyal', 'update', 'baru', 'lag', 'parah']","[('sinyal',), ('down',), ('pernah',), ('perhati',), ('complain',), ('ttg',), ('stabil',), ('sinyal',), ('update',), ('baru',), ('lag',), ('parah',)]"
"['jelas', 'lama', 'update', 'makin', 'parah', 'lag', 'pdhl', 'hijau', 'sinyal', 'msuk', 'lagg', 'afk', 'jelas']","[('jelas',), ('lama',), ('update',), ('makin',), ('parah',), ('lag',), ('pdhl',), ('hijau',), ('sinyal',), ('msuk',), ('lagg',), ('afk',), ('jelas',)]"
"['gaje', 'glory', 'isi', 'tetp', 'banyak', 'draksisitem']","[('gaje',), ('glory',), ('isi',), ('tetp',), ('banyak',), ('draksisitem',)]"
"['mending', 'lain', 'curang']","[('mending',), ('lain',), ('curang',)]"
"['munafik', 'bego', 'win', 'klh', 'dlu', 'wkwk', 'buruk', 'push', 'lama', 'stack', 'lingkar', 'setan', 'gtu', 'mending', 'pindah', 'ketimbang', 'kikir', 'stack', 'mawi', 'minimal', 'beri', 'imbang', 'sedikit', 'biadab', 'masa', 'musuh', 'pro', 'bot', 'mikir', 'bego', 'mending', 'ep', 'ep', 'ketimbang', 'kikir']","[('munafik',), ('bego',), ('win',), ('klh',), ('dlu',), ('wkwk',), ('buruk',), ('push',), ('lama',), ('stack',), ('lingkar',), ('setan',), ('gtu',), ('mending',), ('pindah',), ('ketimbang',), ('kikir',), ('stack',), ('mawi',), ('minimal',), ('beri',), ('imbang',), ('sedikit',), ('biadab',), ('masa',), ('musuh',), ('pro',), ('bot',), ('mikir',), ('bego',), ('mending',), ('ep',), ('ep',), ('ketimbang',), ('kikir',)]"
"['makin', 'absurb', 'imbang', 'cuih', 'sampah', 'staffnya', 'ngga', 'kerja']","[('makin',), ('absurb',), ('imbang',), ('cuih',), ('sampah',), ('staffnya',), ('ngga',), ('kerja',)]"
"['cocok', 'bintang', 'satu', 'ws', 'ls']","[('cocok',), ('bintang',), ('satu',), ('ws',), ('ls',)]"
"['alam', 'senang', 'bagus', 'inspirasi', 'tokohtokoh', 'nasional', 'kenal', 'negara', 'beda', 'tema', 'tarik', 'dukung', 'kembang', 'lonjak', 'drastis', 'sudah', 'masuk', 'salah', 'satu', 'favorit', 'alam', 'virtual', 'senang', 'senang', 'selalu', 'buff', 'nerf', 'sesuai', 'play', 'imbang']","[('alam',), ('senang',), ('bagus',), ('inspirasi',), ('tokohtokoh',), ('nasional',), ('kenal',), ('negara',), ('beda',), ('tema',), ('tarik',), ('dukung',), ('kembang',), ('lonjak',), ('drastis',), ('sudah',), ('masuk',), ('salah',), ('satu',), ('favorit',), ('alam',), ('virtual',), ('senang',), ('senang',), ('selalu',), ('buff',), ('nerf',), ('sesuai',), ('play',), ('imbang',)]"
"['jelas', 'beri', 'ngotak', 'tres']","[('jelas',), ('beri',), ('ngotak',), ('tres',)]"
"['makin', 'ngaco', 'down', 'ms', 'naik', 'turuun', 'rating']","[('makin',), ('ngaco',), ('down',), ('ms',), ('naik',), ('turuun',), ('rating',)]"
"['kadita', 'butuh', 'skin', 'epic', 'zenith', 'kadita', 'ariel', 'cocok', 'zenith']","[('kadita',), ('butuh',), ('skin',), ('epic',), ('zenith',), ('kadita',), ('ariel',), ('cocok',), ('zenith',)]"
"['bangke', 'mending', 'urusin', 'masalah', 'bug', 'ingame', 'ngurusin', 'event', 'skin', 'siasia', 'banyak', 'event', 'skin', 'masalah', 'bug', 'urusin', 'ijo', 'lag', 'aneh']","[('bangke',), ('mending',), ('urusin',), ('masalah',), ('bug',), ('ingame',), ('ngurusin',), ('event',), ('skin',), ('siasia',), ('banyak',), ('event',), ('skin',), ('masalah',), ('bug',), ('urusin',), ('ijo',), ('lag',), ('aneh',)]"
"['sekarang', 'aneh', 'banget', 'satuin', 'bego', 'musuh', 'op', 'malesin']","[('sekarang',), ('aneh',), ('banget',), ('satuin',), ('bego',), ('musuh',), ('op',), ('malesin',)]"
"['baik', 'dunia']","[('baik',), ('dunia',)]"
"['bukan', 'makin', 'bagus', 'makin', 'parah', 'lagnya', 'setting', 'speed', 'tingkat', 'masalah', 'aktif', 'selalu', 'suka', 'nonaktif', 'sendiri', 'nyalain', 'speed', 'tingkat', 'tambah', 'kira', 'masalah', 'signal', 'sendiri', 'wifi', 'cek', 'signal', 'bar', 'penuh', 'begitu', 'wifi', 'tes', 'youtube', 'lain', 'lancar', 'gimana', 'tolong', 'walau', 'merek', 'as', 'lama', 'lain', 'bagus']","[('bukan',), ('makin',), ('bagus',), ('makin',), ('parah',), ('lagnya',), ('setting',), ('speed',), ('tingkat',), ('masalah',), ('aktif',), ('selalu',), ('suka',), ('nonaktif',), ('sendiri',), ('nyalain',), ('speed',), ('tingkat',), ('tambah',), ('kira',), ('masalah',), ('signal',), ('sendiri',), ('wifi',), ('cek',), ('signal',), ('bar',), ('penuh',), ('begitu',), ('wifi',), ('tes',), ('youtube',), ('lain',), ('lancar',), ('gimana',), ('tolong',), ('walau',), ('merek',), ('as',), ('lama',), ('lain',), ('bagus',)]"
"['aneh', 'tinggi', 'teman', 'bot', 'aneh', 'bett', 'musuh', 'semua', 'sendiri', 'bott', 'buay', 'serius', 'bodoh']","[('aneh',), ('tinggi',), ('teman',), ('bot',), ('aneh',), ('bett',), ('musuh',), ('semua',), ('sendiri',), ('bott',), ('buay',), ('serius',), ('bodoh',)]"
"['buruk', 'wifi', 'bagus', 'apakah', 'legends', 'rusak']","[('buruk',), ('wifi',), ('bagus',), ('apakah',), ('legends',), ('rusak',)]"
['rusak'],"[('rusak',)]"
"['coba', 'baik', 'anjg', 'bagus', 'kenapa', 'lag', 'emosi', 'heran']","[('coba',), ('baik',), ('anjg',), ('bagus',), ('kenapa',), ('lag',), ('emosi',), ('heran',)]"
"['pliss', 'baik', 'masa', 'ie', 'lezen', 'epic', 'gara', 'gara', 'punya', 'guna', 'gelap', 'aduh']","[('pliss',), ('baik',), ('masa',), ('ie',), ('lezen',), ('epic',), ('gara',), ('gara',), ('punya',), ('guna',), ('gelap',), ('aduh',)]"
"['kalah', 'sampai', 'menang', 'lawan', 'komputer']","[('kalah',), ('sampai',), ('menang',), ('lawan',), ('komputer',)]"
['gjls'],"[('gjls',)]"
"['makin', 'updetan', 'makin', 'jelas', 'selalu', 'lag', 'sinyal', 'bagus']","[('makin',), ('updetan',), ('makin',), ('jelas',), ('selalu',), ('lag',), ('sinyal',), ('bagus',)]"
"['bagus', 'kikir', 'imbang', 'banyak', 'bansos', 'gacha', 'wangi', 'baik', 'wangiin', 'akun', 'moontod', 'tambahin', 'bintang', 'gacha', 'aspirant', 'pola', 'akun', 'danish']","[('bagus',), ('kikir',), ('imbang',), ('banyak',), ('bansos',), ('gacha',), ('wangi',), ('baik',), ('wangiin',), ('akun',), ('moontod',), ('tambahin',), ('bintang',), ('gacha',), ('aspirant',), ('pola',), ('akun',), ('danish',)]"
"['sinyal', 'bagus', 'lag', 'mentok', 'loby', 'patah', 'patah', 'sudah', 'bagus', 'ram', 'besar', 'banyak', 'performa', 'asik']","[('sinyal',), ('bagus',), ('lag',), ('mentok',), ('loby',), ('patah',), ('patah',), ('sudah',), ('bagus',), ('ram',), ('besar',), ('banyak',), ('performa',), ('asik',)]"
"['sampah', 'tolol', 'banyak', 'bocah', 'random', 'acak', 'jelas', 'tolol', 'buruk']","[('sampah',), ('tolol',), ('banyak',), ('bocah',), ('random',), ('acak',), ('jelas',), ('tolol',), ('buruk',)]"
['kontol'],"[('kontol',)]"
"['cocok', 'hilang', 'strees', 'strees']","[('cocok',), ('hilang',), ('strees',), ('strees',)]"
['stres'],"[('stres',)]"
"['ketemu', 'party', 'aneh', 'busuk', 'busuk']","[('ketemu',), ('party',), ('aneh',), ('busuk',), ('busuk',)]"
['bagus'],"[('bagus',)]"
"['tolong', 'imbang', 'troll', 'afk', 'sesuai', 'mending']","[('tolong',), ('imbang',), ('troll',), ('afk',), ('sesuai',), ('mending',)]"
['bagus'],"[('bagus',)]"
"['beberapa', 'imbang', 'afk']","[('beberapa',), ('imbang',), ('afk',)]"
"['susah', 'gampang']","[('susah',), ('gampang',)]"
"['pls', 'bagi', 'koin', 'teman']","[('pls',), ('bagi',), ('koin',), ('teman',)]"
"['benar', 'ancur', 'season', 'masa', 'full', 'ketemu', 'duo', 'trio', 'party', 'kocak', 'niat', 'happy', 'fun', 'emosi', 'saran', 'mending', 'hapus', 'dri', 'kalean']","[('benar',), ('ancur',), ('season',), ('masa',), ('full',), ('ketemu',), ('duo',), ('trio',), ('party',), ('kocak',), ('niat',), ('happy',), ('fun',), ('emosi',), ('saran',), ('mending',), ('hapus',), ('dri',), ('kalean',)]"
"['babi', 'macth', 'tier', 'epic', 'atas', 'tdk', 'adil', 'tuk', 'lose', 'streak', 'percuma', 'mvp', 'tuk', 'kalah', 'dasar', 'anjing']","[('babi',), ('macth',), ('tier',), ('epic',), ('atas',), ('tdk',), ('adil',), ('tuk',), ('lose',), ('streak',), ('percuma',), ('mvp',), ('tuk',), ('kalah',), ('dasar',), ('anjing',)]"
"['jamet', 'bedahal', 'wifi', 'lancar', 'dasar', 'buruk', 'mending', 'ff']","[('jamet',), ('bedahal',), ('wifi',), ('lancar',), ('dasar',), ('buruk',), ('mending',), ('ff',)]"
"['buruk', 'jangan', 'gelap', 'tadi', 'sudah', 'lose', 'trik', 'pensi']","[('buruk',), ('jangan',), ('gelap',), ('tadi',), ('sudah',), ('lose',), ('trik',), ('pensi',)]"
"['coba', 'lag', 'simulator', 'wifi', 'plus', 'tingkat', 'aktif', 'semua', 'lag']","[('coba',), ('lag',), ('simulator',), ('wifi',), ('plus',), ('tingkat',), ('aktif',), ('semua',), ('lag',)]"
"['rusak', 'habis', 'update', 'lag', 'suka', 'ngetroll', 'rusak']","[('rusak',), ('habis',), ('update',), ('lag',), ('suka',), ('ngetroll',), ('rusak',)]"
"['tolong', 'skin', 'dalam', 'tanding', 'gede', 'banget', 'tolong', 'biar', 'hapus', 'lain', 'guna', 'biar', 'hapus', 'berat', 'banget', 'afk', 'sanksi', 'kocak', 'salah', 'gada', 'ringan', 'kentang']","[('tolong',), ('skin',), ('dalam',), ('tanding',), ('gede',), ('banget',), ('tolong',), ('biar',), ('hapus',), ('lain',), ('guna',), ('biar',), ('hapus',), ('berat',), ('banget',), ('afk',), ('sanksi',), ('kocak',), ('salah',), ('gada',), ('ringan',), ('kentang',)]"
"['lag', 'parah', 'update', 'project', 'next', 'buka', 'event', 'draft', 'akhir', 'lag', 'wajar', 'kadang', 'loading', 'stuck', 'jelass']","[('lag',), ('parah',), ('update',), ('project',), ('next',), ('buka',), ('event',), ('draft',), ('akhir',), ('lag',), ('wajar',), ('kadang',), ('loading',), ('stuck',), ('jelass',)]"
"['makin', 'mantap']","[('makin',), ('mantap',)]"
"['kira', 'kira', 'luh', 'rangin', 'kredit', 'skor', 'afk', 'sebentar', 'kurang', 'admin', 'lol']","[('kira',), ('kira',), ('luh',), ('rangin',), ('kredit',), ('skor',), ('afk',), ('sebentar',), ('kurang',), ('admin',), ('lol',)]"
"['minimal', 'baik', 'sinyal', 'minimal', 'lag', 'banget', 'beta']","[('minimal',), ('baik',), ('sinyal',), ('minimal',), ('lag',), ('banget',), ('beta',)]"
"['tani', 'sepi']","[('tani',), ('sepi',)]"
"['ng', 'bagus', 'cuma', 'tensi', 'naik']","[('ng',), ('bagus',), ('cuma',), ('tensi',), ('naik',)]"
"['apalahh', 'signal', 'hijau', 'lag', 'olah', 'kouta', 'mana', 'moment', 'krusial', 'late', 'lose', 'akibat', 'ping', 'benar']","[('apalahh',), ('signal',), ('hijau',), ('lag',), ('olah',), ('kouta',), ('mana',), ('moment',), ('krusial',), ('late',), ('lose',), ('akibat',), ('ping',), ('benar',)]"
"['bangus', 'sip']","[('bangus',), ('sip',)]"
"['he', 'memeq', 'user', 'mm', 'sat', 'ngapa', 'exp', 'meq']","[('he',), ('memeq',), ('user',), ('mm',), ('sat',), ('ngapa',), ('exp',), ('meq',)]"
"['jelek', 'gelap']","[('jelek',), ('gelap',)]"
"['moontn', 'kyk', 't', 'lag', 'bett', 'hijau', 'dahh', 'ajaa', 'lahh']","[('moontn',), ('kyk',), ('t',), ('lag',), ('bett',), ('hijau',), ('dahh',), ('ajaa',), ('lahh',)]"
"['banyak', 'ramah', 'intimidasi', 'lebih', 'rendah']","[('banyak',), ('ramah',), ('intimidasi',), ('lebih',), ('rendah',)]"
"['tolongg', 'baik', 'ngestack', 'masalah', 'afk', 'gara', 'gara', 'masalah', 'sampai', 'jika', 'salah', 'mohon', 'koreksi', 'teman', 'teman']","[('tolongg',), ('baik',), ('ngestack',), ('masalah',), ('afk',), ('gara',), ('gara',), ('masalah',), ('sampai',), ('jika',), ('salah',), ('mohon',), ('koreksi',), ('teman',), ('teman',)]"
['rusak'],"[('rusak',)]"
['bagus'],"[('bagus',)]"
"['update', 'busuk', 'nunggu', 'delay']","[('update',), ('busuk',), ('nunggu',), ('delay',)]"
"['bagus', 'banget', 'like', 'it']","[('bagus',), ('banget',), ('like',), ('it',)]"
['bagus'],"[('bagus',)]"
"['sampah', 'kalah']","[('sampah',), ('kalah',)]"
"['kikir', 'kalah']","[('kikir',), ('kalah',)]"
"['bagus', 'sakal', 'engak', 'tarik', 'tolong', 'minta', 'konter']","[('bagus',), ('sakal',), ('engak',), ('tarik',), ('tolong',), ('minta',), ('konter',)]"
"['benar', 'anj', 'masa', 'ketemu', 'trio', 'random', 'tolol', 'lawan', 'partyaan', 'lima']","[('benar',), ('anj',), ('masa',), ('ketemu',), ('trio',), ('random',), ('tolol',), ('lawan',), ('partyaan',), ('lima',)]"
"['bagus', 'hal', 'dewasa']","[('bagus',), ('hal',), ('dewasa',)]"
"['kuliah', 'baru', 'ikut', 'rame', 'isi', 'kosong']","[('kuliah',), ('baru',), ('ikut',), ('rame',), ('isi',), ('kosong',)]"
"['jangan', 'dowload', 'ketemu', 'beban', 'anjg', 'kaasih', 'beban', 'cape', 'bangsat']","[('jangan',), ('dowload',), ('ketemu',), ('beban',), ('anjg',), ('kaasih',), ('beban',), ('cape',), ('bangsat',)]"
"['menit', 'kalah', 'bintang', 'lindung', 'mmr', 'turun', 'sudah', 'bagus', 'asu', 'asu', 'asu', 'buruk']","[('menit',), ('kalah',), ('bintang',), ('lindung',), ('mmr',), ('turun',), ('sudah',), ('bagus',), ('asu',), ('asu',), ('asu',), ('buruk',)]"
"['beri', 'benar']","[('beri',), ('benar',)]"
"['cuma', 'ngehabisin', 'paket', 'semua', 'afk', 'gausah']","[('cuma',), ('ngehabisin',), ('paket',), ('semua',), ('afk',), ('gausah',)]"
"['goreng', 'patut', 'lag', 'wae']","[('goreng',), ('patut',), ('lag',), ('wae',)]"
"['buruk', 'pernah', 'lag', 'gabisa', 'gerak', 'tolong', 'baik', 'jika', 'baik', 'mending', 'hapus', 'gane', 'rusak']","[('buruk',), ('pernah',), ('lag',), ('gabisa',), ('gerak',), ('tolong',), ('baik',), ('jika',), ('baik',), ('mending',), ('hapus',), ('gane',), ('rusak',)]"
"['banyak', 'jelas', 'mending', 'poin', 'bintang', 'coklat', 'poin', 'kurang', 'paling', 'banyak', 'mvp', 'point', 'kurang', 'masa', 'banyak', 'kalah', 'menang', 'tinggal', 'nunggu', 'baru', 'laku']","[('banyak',), ('jelas',), ('mending',), ('poin',), ('bintang',), ('coklat',), ('poin',), ('kurang',), ('paling',), ('banyak',), ('mvp',), ('point',), ('kurang',), ('masa',), ('banyak',), ('kalah',), ('menang',), ('tinggal',), ('nunggu',), ('baru',), ('laku',)]"
"['woyy', 'kenapa', 'gabisa', 'bukak', 'bagus']","[('woyy',), ('kenapa',), ('gabisa',), ('bukak',), ('bagus',)]"
['bagus'],"[('bagus',)]"
"['bagus', 'rangin', 'gelap']","[('bagus',), ('rangin',), ('gelap',)]"
"['adil', 'banyak', 'beban']","[('adil',), ('banyak',), ('beban',)]"
"['bagus', 'banget', 'terimakasih', 'bagus']","[('bagus',), ('banget',), ('terimakasih',), ('bagus',)]"
"['bagus', 'banget', 'suka']","[('bagus',), ('banget',), ('suka',)]"
['bagusds'],"[('bagusds',)]"
"['pesan', 'tolong', 'lh', 'ringan', 'kentang', 'jauh', 'pelosok', 'ken', 'nyaman', 'alami', 'utama', 'tarung', 'lawan', 'alami', 'lag', 'langsung', 'merah', 'stabil', 'tanya', 'kenapa', 'ad', 'musuh', 'tarung', 'baru', 'bagus', 'belum', 'bagus', 'bagus', 'kenapa', 'tolong', 'tolong', 'kasi', 'ringan', 'lh', 'kepada']","[('pesan',), ('tolong',), ('lh',), ('ringan',), ('kentang',), ('jauh',), ('pelosok',), ('ken',), ('nyaman',), ('alami',), ('utama',), ('tarung',), ('lawan',), ('alami',), ('lag',), ('langsung',), ('merah',), ('stabil',), ('tanya',), ('kenapa',), ('ad',), ('musuh',), ('tarung',), ('baru',), ('bagus',), ('belum',), ('bagus',), ('bagus',), ('kenapa',), ('tolong',), ('tolong',), ('kasi',), ('ringan',), ('lh',), ('kepada',)]"
['kikir'],"[('kikir',)]"
"['minimal', 'tolong', 'punya', 'masuk', 'lobby', 'sinyal', 'oke', 'tibatiba', 'gm', 'bilang', 'mohon', 'maaf', 'gagal', 'sambung', 'periksa', 'jangan', 'bagus', 'minimal', 'tolong', 'baless', 'minimal']","[('minimal',), ('tolong',), ('punya',), ('masuk',), ('lobby',), ('sinyal',), ('oke',), ('tibatiba',), ('gm',), ('bilang',), ('mohon',), ('maaf',), ('gagal',), ('sambung',), ('periksa',), ('jangan',), ('bagus',), ('minimal',), ('tolong',), ('baless',), ('minimal',)]"
['bagus'],"[('bagus',)]"
"['apasih', 'jelas', 'bngt', 'afk', 'sebentar', 'trs', 'balik', 'lgi', 'kena', 'ingat', 'afk']","[('apasih',), ('jelas',), ('bngt',), ('afk',), ('sebentar',), ('trs',), ('balik',), ('lgi',), ('kena',), ('ingat',), ('afk',)]"
"['rusakk', 'beri', 'imbang', 'lawakk', 'mana', 'lag']","[('rusakk',), ('beri',), ('imbang',), ('lawakk',), ('mana',), ('lag',)]"
['baik'],"[('baik',)]"
"['makin', 'buriq', 'banget', 'asli', 'sumpah', 'mending', 'unistall', 'dehh', 'mainin', 'lama', 'semakain', 'jelek', 'masa', 'bagus', 'gerak', 'skill', 'analog', 'pencet', 'utama', 'bagi', 'analog', 'kadang', 'mencet', 'sendiri', 'reccal', 'vakum']","[('makin',), ('buriq',), ('banget',), ('asli',), ('sumpah',), ('mending',), ('unistall',), ('dehh',), ('mainin',), ('lama',), ('semakain',), ('jelek',), ('masa',), ('bagus',), ('gerak',), ('skill',), ('analog',), ('pencet',), ('utama',), ('bagi',), ('analog',), ('kadang',), ('mencet',), ('sendiri',), ('reccal',), ('vakum',)]"
"['love', 'this', 'for', 'not', 'having', 'ai', 'animation', 'for', 'their', 'trailer', 'pls', 'dont', 'change']","[('love',), ('this',), ('for',), ('not',), ('having',), ('ai',), ('animation',), ('for',), ('their',), ('trailer',), ('pls',), ('dont',), ('change',)]"
"['jangan', 'akibat', 'stres', 'jarak', 'makan', 'jarang', 'sholat', 'lebih', 'parah', 'akn', 'akibat', 'marahmarah']","[('jangan',), ('akibat',), ('stres',), ('jarak',), ('makan',), ('jarang',), ('sholat',), ('lebih',), ('parah',), ('akn',), ('akibat',), ('marahmarah',)]"
['bangsat'],"[('bangsat',)]"
"['seru', 'gemburik']","[('seru',), ('gemburik',)]"
"['stres', 'banyak', 'gelap', 'epik', 'buruk', 'jangan', 'sampai', 'anak', 'kecil', 'men', 'dawlod', 'ngerusakin']","[('stres',), ('banyak',), ('gelap',), ('epik',), ('buruk',), ('jangan',), ('sampai',), ('anak',), ('kecil',), ('men',), ('dawlod',), ('ngerusakin',)]"
"['makin', 'makin', 'jelas', 'loststeak', 'sampai', 'ditroll', 'kadang', 'lag', 'akibat', 'keluar', 'sendiri', 'masuk', 'langsung', 'afk', 'payah', 'mem', 'milih']","[('makin',), ('makin',), ('jelas',), ('loststeak',), ('sampai',), ('ditroll',), ('kadang',), ('lag',), ('akibat',), ('keluar',), ('sendiri',), ('masuk',), ('langsung',), ('afk',), ('payah',), ('mem',), ('milih',)]"
"['selalu', 'tolol', 'admin', 'masa', 'mvp', 'defeat', 'mantep', 'mind', 'biar', 'gendong', 'bocil', 'tolol']","[('selalu',), ('tolol',), ('admin',), ('masa',), ('mvp',), ('defeat',), ('mantep',), ('mind',), ('biar',), ('gendong',), ('bocil',), ('tolol',)]"
"['have', 'fun']","[('have',), ('fun',)]"
"['gemnya', 'rayan', 'seru']","[('gemnya',), ('rayan',), ('seru',)]"
"['banyak', 'gelap']","[('banyak',), ('gelap',)]"
"['woy', 'lag', 'sampai', 'crash', 'dalam', 'tanding', 'rusak', 'lol']","[('woy',), ('lag',), ('sampai',), ('crash',), ('dalam',), ('tanding',), ('rusak',), ('lol',)]"
"['rusak', 'setan']","[('rusak',), ('setan',)]"
"['seru', 'tolong', 'draksistemnya', 'rangin', 'sya', 'selalu', 'tolol', 'tb', 'lag', 'pdhl', 'lag', 'mohon', 'muntun', 'rangin', 'tolol', 'hehh']","[('seru',), ('tolong',), ('draksistemnya',), ('rangin',), ('sya',), ('selalu',), ('tolol',), ('tb',), ('lag',), ('pdhl',), ('lag',), ('mohon',), ('muntun',), ('rangin',), ('tolol',), ('hehh',)]"
"['wins', 'treak']","[('wins',), ('treak',)]"
"['bingung', 'saran', 'bawah', 'umur']","[('bingung',), ('saran',), ('bawah',), ('umur',)]"
['hibur'],"[('hibur',)]"
"['jngn', 'rusak', 'sinyal', 'parah']","[('jngn',), ('rusak',), ('sinyal',), ('parah',)]"
"['najis', 'kalah']","[('najis',), ('kalah',)]"
"['busuk', 'skin', 'makin', 'banyak', 'kualitas', 'turun', 'benar', 'ingame', 'stuck', 'gerak', 'sinyal', 'hijau']","[('busuk',), ('skin',), ('makin',), ('banyak',), ('kualitas',), ('turun',), ('benar',), ('ingame',), ('stuck',), ('gerak',), ('sinyal',), ('hijau',)]"
"['gubluk', 'lolot', 'dev', 'kikir', 'cuma', 'mikirin', 'uang', 'uang', 'melulu', 'collab', 'melulu', 'benar', 'mai', 'skill', 'warrior', 'sia', 'sia', 'ranked', 'asu', 'tolong', 'tingkat', 'jgn', 'notice', 'uang', 'pernah', 'urus', 'sudah', 'gitu', 'troll', 'biasa', 'kena', 'hukum', 'ban']","[('gubluk',), ('lolot',), ('dev',), ('kikir',), ('cuma',), ('mikirin',), ('uang',), ('uang',), ('melulu',), ('collab',), ('melulu',), ('benar',), ('mai',), ('skill',), ('warrior',), ('sia',), ('sia',), ('ranked',), ('asu',), ('tolong',), ('tingkat',), ('jgn',), ('notice',), ('uang',), ('pernah',), ('urus',), ('sudah',), ('gitu',), ('troll',), ('biasa',), ('kena',), ('hukum',), ('ban',)]"
"['we', 'pontoon', 'jago', 'kasi', 'jago', 'donk']","[('we',), ('pontoon',), ('jago',), ('kasi',), ('jago',), ('donk',)]"
"['kenapa', 'woy', 'sinyal', 'hijau', 'ping', 'ms', 'sambung', 'perangkat', 'babi', 'update', 'gagal', 'palah', 'rilis', 'tolol']","[('kenapa',), ('woy',), ('sinyal',), ('hijau',), ('ping',), ('ms',), ('sambung',), ('perangkat',), ('babi',), ('update',), ('gagal',), ('palah',), ('rilis',), ('tolol',)]"
['senang'],"[('senang',)]"
"['oke', 'tolong', 'banget', 'beri', 'musuh', 'bukan', 'ketemu', 'musuh', 'duo', 'trio', 'benar', 'benar', 'susah', 'tolong', 'banget', 'baru', 'terimakasih']","[('oke',), ('tolong',), ('banget',), ('beri',), ('musuh',), ('bukan',), ('ketemu',), ('musuh',), ('duo',), ('trio',), ('benar',), ('benar',), ('susah',), ('tolong',), ('banget',), ('baru',), ('terimakasih',)]"
"['oyy', 'jelsas', 'sedikit', 'napa', 'bias', 'sinyal', 'bagus', 'kadang', 'pin', 'gabisa', 'gerak', 'plislah', 'defeat', 'sakit', 'klw', 'banding', 'ff', 'gitu', 'lancar', 'bisah', 'gerak', 'kocak', 'makanya', 'yakin', 'masalah', 'bukan', 'sinyal', 'ingat', 'bukan']","[('oyy',), ('jelsas',), ('sedikit',), ('napa',), ('bias',), ('sinyal',), ('bagus',), ('kadang',), ('pin',), ('gabisa',), ('gerak',), ('plislah',), ('defeat',), ('sakit',), ('klw',), ('banding',), ('ff',), ('gitu',), ('lancar',), ('bisah',), ('gerak',), ('kocak',), ('makanya',), ('yakin',), ('masalah',), ('bukan',), ('sinyal',), ('ingat',), ('bukan',)]"
"['event', 'lg', 'bosen', 'trs', 'lg', 'event', 'lain']","[('event',), ('lg',), ('bosen',), ('trs',), ('lg',), ('event',), ('lain',)]"
"['otak', 'normal', 'strees']","[('otak',), ('normal',), ('strees',)]"
['keren'],"[('keren',)]"
"['jangan', 'curang', 'musuh', 'komputer']","[('jangan',), ('curang',), ('musuh',), ('komputer',)]"
['bagus'],"[('bagus',)]"
['enak'],"[('enak',)]"
['rusak'],"[('rusak',)]"
"['selalu', 'beban', 'sengaja', 'troll', 'gelap', 'susah', 'naik', 'tahay']","[('selalu',), ('beban',), ('sengaja',), ('troll',), ('gelap',), ('susah',), ('naik',), ('tahay',)]"
"['bangkrut', 'baru', 'paksa', 'diamond']","[('bangkrut',), ('baru',), ('paksa',), ('diamond',)]"
"['brawl', 'slot']","[('brawl',), ('slot',)]"
"['seru', 'pokok']","[('seru',), ('pokok',)]"
"['juang', 'anj']","[('juang',), ('anj',)]"
"['stiap', 'ngestak', 'pdhl', 'mh', 'aman', 'tolong', 'segera', 'baik']","[('stiap',), ('ngestak',), ('pdhl',), ('mh',), ('aman',), ('tolong',), ('segera',), ('baik',)]"
"['season', 'baru', 'ngomong', 'paling', 'parah', 'sndiri', 'tipikal', 'pernah', 'komplen', 'emng', 'kalah', 'pasti', 'lag', 'semua', 'lag', 'parah', 'musuh', 'pasti', 'gg', 'parah', 'terlalu', 'jgn', 'donlod', 'buruk']","[('season',), ('baru',), ('ngomong',), ('paling',), ('parah',), ('sndiri',), ('tipikal',), ('pernah',), ('komplen',), ('emng',), ('kalah',), ('pasti',), ('lag',), ('semua',), ('lag',), ('parah',), ('musuh',), ('pasti',), ('gg',), ('parah',), ('terlalu',), ('jgn',), ('donlod',), ('buruk',)]"
"['selalu', 'lag', 'tibaba', 'mati', 'baik']","[('selalu',), ('lag',), ('tibaba',), ('mati',), ('baik',)]"
"['masa', 'full', 'baik', 'lag', 'sendiri', 'error', 'tolong', 'baik']","[('masa',), ('full',), ('baik',), ('lag',), ('sendiri',), ('error',), ('tolong',), ('baik',)]"
"['banyak', 'banyak', 'istighfar']","[('banyak',), ('banyak',), ('istighfar',)]"
"['haram', 'naik', 'turun', 'naik', 'turun', 'asu', 'komputer']","[('haram',), ('naik',), ('turun',), ('naik',), ('turun',), ('asu',), ('komputer',)]"
['bagus'],"[('bagus',)]"
"['teman', 'selalu', 'gelap', 'selalu', 'lag', 'buka', 'youtube', 'bagus', 'bagus', 'teman', 'gelap', 'ahk', 'benar', 'gg', 'pro', 'rating', 'satu', 'bintang', 'musuh', 'gg', 'sedang', 'bot', 'pokok', 'joki', 'proplayer', 'top', 'global']","[('teman',), ('selalu',), ('gelap',), ('selalu',), ('lag',), ('buka',), ('youtube',), ('bagus',), ('bagus',), ('teman',), ('gelap',), ('ahk',), ('benar',), ('gg',), ('pro',), ('rating',), ('satu',), ('bintang',), ('musuh',), ('gg',), ('sedang',), ('bot',), ('pokok',), ('joki',), ('proplayer',), ('top',), ('global',)]"
"['bagus', 'hd', 'cakep', 'bagus', 'utama', 'obsidia']","[('bagus',), ('hd',), ('cakep',), ('bagus',), ('utama',), ('obsidia',)]"
['seruu'],"[('seruu',)]"
"['keren', 'bagus', 'sedikit', 'kurang', 'yaitu', 'lag', 'stabil', 'harap', 'tanggap', 'ulas', 'baik']","[('keren',), ('bagus',), ('sedikit',), ('kurang',), ('yaitu',), ('lag',), ('stabil',), ('harap',), ('tanggap',), ('ulas',), ('baik',)]"
"['update', 'sekarang', 'freeze', 'al', 'hasil', 'lose', 'streak', 'belum', 'update', 'lancar', 'kecewa']","[('update',), ('sekarang',), ('freeze',), ('al',), ('hasil',), ('lose',), ('streak',), ('belum',), ('update',), ('lancar',), ('kecewa',)]"
"['cukup', 'seru', 'makin', 'lama', 'makin', 'berat', 'hpku', 'bukan', 'gaming', 'gampang', 'panas']","[('cukup',), ('seru',), ('makin',), ('lama',), ('makin',), ('berat',), ('hpku',), ('bukan',), ('gaming',), ('gampang',), ('panas',)]"
"['musuh', 'susah']","[('musuh',), ('susah',)]"
"['atas', 'teman', 'yaitu', 'samuel', 'prabowo', 'jika', 'guna', 'samar', 'anggap', 'langgar', 'atur', 'pasal', 'undangundang']","[('atas',), ('teman',), ('yaitu',), ('samuel',), ('prabowo',), ('jika',), ('guna',), ('samar',), ('anggap',), ('langgar',), ('atur',), ('pasal',), ('undangundang',)]"
"['ngerank', 'bocil']","[('ngerank',), ('bocil',)]"
"['fikss', 'percaya', 'banyak', 'legends', 'bang', 'bang', 'pasti', 'banyak', 'ngalamin', 'bug', 'skill', 'sinyal', 'slalu', 'hilang', 'ingame', 'rating', 'b', 'tuju', 'pihak', 'bukan', 'dua', 'ngalamin', 'kyk', 'begini', 'performa', 'turun', 'bukan', 'cuma', 'banyak', 'banyak', 'pensi', 'masalah', 'bgni', 'contoh', 'teman', 'tolong', 'developer', 'baik', 'jt', 'lebih', 'wakil']","[('fikss',), ('percaya',), ('banyak',), ('legends',), ('bang',), ('bang',), ('pasti',), ('banyak',), ('ngalamin',), ('bug',), ('skill',), ('sinyal',), ('slalu',), ('hilang',), ('ingame',), ('rating',), ('b',), ('tuju',), ('pihak',), ('bukan',), ('dua',), ('ngalamin',), ('kyk',), ('begini',), ('performa',), ('turun',), ('bukan',), ('cuma',), ('banyak',), ('banyak',), ('pensi',), ('masalah',), ('bgni',), ('contoh',), ('teman',), ('tolong',), ('developer',), ('baik',), ('jt',), ('lebih',), ('wakil',)]"
"['muas', 'tolong', 'gelap', 'rangin']","[('muas',), ('tolong',), ('gelap',), ('rangin',)]"
"['bagus', 'reting', 'bintang']","[('bagus',), ('reting',), ('bintang',)]"
"['jelek', 'banyak', 'ewean', 'hapus']","[('jelek',), ('banyak',), ('ewean',), ('hapus',)]"
"['punya', 'kendala', 'yaitu', 'asik', 'sinyal', 'hilang', 'tampil', 'teks', 'hubung', 'tanding', 'umum', 'kuota', 'aktif', 'ping', 'hijau', 'sekitar', 'ms', 'entah', 'knp', 'makin', 'berat', 'kentang', 'sinyal', 'makin', 'kacau', 'moga', 'lain', 'lebih', 'baik']","[('punya',), ('kendala',), ('yaitu',), ('asik',), ('sinyal',), ('hilang',), ('tampil',), ('teks',), ('hubung',), ('tanding',), ('umum',), ('kuota',), ('aktif',), ('ping',), ('hijau',), ('sekitar',), ('ms',), ('entah',), ('knp',), ('makin',), ('berat',), ('kentang',), ('sinyal',), ('makin',), ('kacau',), ('moga',), ('lain',), ('lebih',), ('baik',)]"
"['represing', 'hilang', 'stres', 'nambah', 'stres', 'lost', 'treak', 'kon']","[('represing',), ('hilang',), ('stres',), ('nambah',), ('stres',), ('lost',), ('treak',), ('kon',)]"
"['tolol', 'jelas']","[('tolol',), ('jelas',)]"
"['buruk', 'sinyal', 'rusak', 'buruk', 'kematen', 'update', 'skin', 'kolektor', 'sinyal', 'dadak', 'hilang', 'lping', 'atas', 'begini', 'lama', 'banyak', 'uninstal', 'gara', 'sinyal', 'hilang', 'lostreak', 'njing']","[('buruk',), ('sinyal',), ('rusak',), ('buruk',), ('kematen',), ('update',), ('skin',), ('kolektor',), ('sinyal',), ('dadak',), ('hilang',), ('lping',), ('atas',), ('begini',), ('lama',), ('banyak',), ('uninstal',), ('gara',), ('sinyal',), ('hilang',), ('lostreak',), ('njing',)]"
"['emng', 't', 'buka', 'neng', 'stres']","[('emng',), ('t',), ('buka',), ('neng',), ('stres',)]"
['bagus'],"[('bagus',)]"
"['keren', 'banget']","[('keren',), ('banget',)]"
"['tolong', 'jangan', 'darksistem', 'semua', 'anj', 'pen', 'mythic', 'glory', 'cok', 'liatt', 'komen']","[('tolong',), ('jangan',), ('darksistem',), ('semua',), ('anj',), ('pen',), ('mythic',), ('glory',), ('cok',), ('liatt',), ('komen',)]"
"['lag', 'lag', 'mid', 'baru', 'lag', 'gimana', 'kalah', 'dominasi', 'duluan', 'musuh']","[('lag',), ('lag',), ('mid',), ('baru',), ('lag',), ('gimana',), ('kalah',), ('dominasi',), ('duluan',), ('musuh',)]"
"['makin', 'parah', 'lag']","[('makin',), ('parah',), ('lag',)]"
"['jelas', 'gelap']","[('jelas',), ('gelap',)]"
"['minimal', 'nyepin', 'pernah', 'hoki', 'win', 'strikk', 'beri', 'komputer', 'semua', 'anj']","[('minimal',), ('nyepin',), ('pernah',), ('hoki',), ('win',), ('strikk',), ('beri',), ('komputer',), ('semua',), ('anj',)]"
['bagus'],"[('bagus',)]"
"['bagi', 'skin']","[('bagi',), ('skin',)]"
"['asu', 'lag', 'sudah', 'pakek', 'wifipaket', 'dataa', 'tolol', 'babi', 'haramm']","[('asu',), ('lag',), ('sudah',), ('pakek',), ('wifipaket',), ('dataa',), ('tolol',), ('babi',), ('haramm',)]"
"['sihh', 'gede', 'lag', 'tolol']","[('sihh',), ('gede',), ('lag',), ('tolol',)]"
"['tolol', 'co']","[('tolol',), ('co',)]"
"['benar', 'milih', 'lawan', 'sendiri', 'imbang', 'bukan', 'vs', 'afkjangan', 'beban', 'ranked', 'benah', 'vs', 'padan', 'menang', 'kalah', 'urus', 'nanti', 'turun', 'ketemu', 'gelap', 'vs', 'lalu', 'vs', 'gelap', 'bukan', 'kalah', 'fear', 'vs', 'gapapa', 'classic', 'ketemu', 'gelap', 'vs']","[('benar',), ('milih',), ('lawan',), ('sendiri',), ('imbang',), ('bukan',), ('vs',), ('afkjangan',), ('beban',), ('ranked',), ('benah',), ('vs',), ('padan',), ('menang',), ('kalah',), ('urus',), ('nanti',), ('turun',), ('ketemu',), ('gelap',), ('vs',), ('lalu',), ('vs',), ('gelap',), ('bukan',), ('kalah',), ('fear',), ('vs',), ('gapapa',), ('classic',), ('ketemu',), ('gelap',), ('vs',)]"
['sampah'],"[('sampah',)]"
['redy'],"[('redy',)]"
"['bintang', 'bukan', 'bagus', 'jelek', 'makin', 'sekarang', 'makin', 'ngebug', 'masa', 'loby', 'warna', 'ungu', 'draf', 'suka', 'lag', 'tambah', 'bagus', 'suka', 'lag']","[('bintang',), ('bukan',), ('bagus',), ('jelek',), ('makin',), ('sekarang',), ('makin',), ('ngebug',), ('masa',), ('loby',), ('warna',), ('ungu',), ('draf',), ('suka',), ('lag',), ('tambah',), ('bagus',), ('suka',), ('lag',)]"
"['pencet', 'hubung', 'akun', 'wanya']","[('pencet',), ('hubung',), ('akun',), ('wanya',)]"
"['offline', 'bintang', 'lima', 'biasa', 'hotspot', 'tetangga', 'lag', 'marah', 'pukul', 'gitu']","[('offline',), ('bintang',), ('lima',), ('biasa',), ('hotspot',), ('tetangga',), ('lag',), ('marah',), ('pukul',), ('gitu',)]"
"['terlalu', 'banyak', 'jasa', 'joki', 'banyak', 'beban', 'ranked', 'ripot', 'pernah', 'hasil', 'walaupun', 'skor', 'gelap', 'kacau']","[('terlalu',), ('banyak',), ('jasa',), ('joki',), ('banyak',), ('beban',), ('ranked',), ('ripot',), ('pernah',), ('hasil',), ('walaupun',), ('skor',), ('gelap',), ('kacau',)]"
"['babi', 'benar']","[('babi',), ('benar',)]"
"['gelap', 'mlu', 'gmn', 'mles', 'hpus', 'ganti']","[('gelap',), ('mlu',), ('gmn',), ('mles',), ('hpus',), ('ganti',)]"
"['parah', 'benar', 'selalu', 'lag', 'pdahal', 'bgus', 'sinyal', 'banyak', 'bug', 'nie', 'tolong', 'baik', 'perhati']","[('parah',), ('benar',), ('selalu',), ('lag',), ('pdahal',), ('bgus',), ('sinyal',), ('banyak',), ('bug',), ('nie',), ('tolong',), ('baik',), ('perhati',)]"
['kombeck'],"[('kombeck',)]"
"['kenapaa', 'sinyalnyaa', 'sinyal', 'bagus', 'lag', 'ahh', 'rusak', 'napa']","[('kenapaa',), ('sinyalnyaa',), ('sinyal',), ('bagus',), ('lag',), ('ahh',), ('rusak',), ('napa',)]"
"['tolong', 'rangin', 'mb']","[('tolong',), ('rangin',), ('mb',)]"
"['oii', 'awas', 'misal', 'magic', 'core', 'reset', 'bulan', 'sumpahin', 'pasti', 'blunder', 'pasti', 'makin', 'sepi', 'nanti', 'gara', 'hal']","[('oii',), ('awas',), ('misal',), ('magic',), ('core',), ('reset',), ('bulan',), ('sumpahin',), ('pasti',), ('blunder',), ('pasti',), ('makin',), ('sepi',), ('nanti',), ('gara',), ('hal',)]"
"['akun', 'kenapa', 'kaitin', 'suatu', 'salah', 'satu', 'opsi', 'akun', 'ilang', 'bind']","[('akun',), ('kenapa',), ('kaitin',), ('suatu',), ('salah',), ('satu',), ('opsi',), ('akun',), ('ilang',), ('bind',)]"
"['sekarang', 'mudah', 'lag', 'loding', 'lama', 'wifi', 'masuk', 'masuk', 'afk', 'mohon', 'bantu', 'pak']","[('sekarang',), ('mudah',), ('lag',), ('loding',), ('lama',), ('wifi',), ('masuk',), ('masuk',), ('afk',), ('mohon',), ('bantu',), ('pak',)]"
['bgus'],"[('bgus',)]"
"['mermerlukan', 'luar', 'biasa']","[('mermerlukan',), ('luar',), ('biasa',)]"
"['bagus', 'kadang', 'masalah', 'seru', 'kesal', 'senang']","[('bagus',), ('kadang',), ('masalah',), ('seru',), ('kesal',), ('senang',)]"
"['ngawur', 'high', 'mythical', 'glory', 'tinggi', 'ketemu', 'satu', 'high', 'mythic', 'mythical', 'bintang', 'ketemu', 'trio', 'tolong', 'perhati', 'bagus']","[('ngawur',), ('high',), ('mythical',), ('glory',), ('tinggi',), ('ketemu',), ('satu',), ('high',), ('mythic',), ('mythical',), ('bintang',), ('ketemu',), ('trio',), ('tolong',), ('perhati',), ('bagus',)]"
"['skin', 'bagus']","[('skin',), ('bagus',)]"
['anjg'],"[('anjg',)]"
"['simpel', 'gc', 'jelas', 'spell', 'retri', 'mala', 'ngpus', 'minion', 'kecewa', 'banget']","[('simpel',), ('gc',), ('jelas',), ('spell',), ('retri',), ('mala',), ('ngpus',), ('minion',), ('kecewa',), ('banget',)]"
"['bagus', 'tahan', 'menara', 'tanpa', 'koneksi', 'pokok', 'bagus']","[('bagus',), ('tahan',), ('menara',), ('tanpa',), ('koneksi',), ('pokok',), ('bagus',)]"
['rusak'],"[('rusak',)]"
"['saran', 'matchnya', 'buruk']","[('saran',), ('matchnya',), ('buruk',)]"
"['strees', 'relog', 'lama', 'jelek', 'banyak', 'update', 'jelek']","[('strees',), ('relog',), ('lama',), ('jelek',), ('banyak',), ('update',), ('jelek',)]"
['nyusahin'],"[('nyusahin',)]"
"['seru', 'banyak', 'lag']","[('seru',), ('banyak',), ('lag',)]"
"['makas', 'sudah', 'lama', 'hibur', 'kadang', 'stres', 'banyak', 'kalah', 'gelap', 'systemnya', 'gapapa', 'bagus', 'beberapa', 'bug', 'update', 'tan', 'terimakasih']","[('makas',), ('sudah',), ('lama',), ('hibur',), ('kadang',), ('stres',), ('banyak',), ('kalah',), ('gelap',), ('systemnya',), ('gapapa',), ('bagus',), ('beberapa',), ('bug',), ('update',), ('tan',), ('terimakasih',)]"
"['bintang', 'buruk', 'ee', 'semua']","[('bintang',), ('buruk',), ('ee',), ('semua',)]"
"['baga', 'buang', 'sja']","[('baga',), ('buang',), ('sja',)]"
['bagus'],"[('bagus',)]"
"['bagus', 'lag', 'jir']","[('bagus',), ('lag',), ('jir',)]"
['seru'],"[('seru',)]"
"['ta', 'akun', 'ban', 'sembarang', 'tasu']","[('ta',), ('akun',), ('ban',), ('sembarang',), ('tasu',)]"
"['buruk', 'benar', 'anjg', 'ngasi', 'bapuk', 'benar', 'asuu', 'asu', 'boikot', 'anjg']","[('buruk',), ('benar',), ('anjg',), ('ngasi',), ('bapuk',), ('benar',), ('asuu',), ('asu',), ('boikot',), ('anjg',)]"
"['bagus', 'banget', 'sinyal', 'baik']","[('bagus',), ('banget',), ('sinyal',), ('baik',)]"
"['makin', 'stres', 'koontol']","[('makin',), ('stres',), ('koontol',)]"
"['sepi', 'matching', 'sampai', 'menit']","[('sepi',), ('matching',), ('sampai',), ('menit',)]"
['taik'],"[('taik',)]"
"['benar', 'masa', 'glory', 'ketemu', 'gtu', 'aneh', 'bngtt']","[('benar',), ('masa',), ('glory',), ('ketemu',), ('gtu',), ('aneh',), ('bngtt',)]"
"['percuma', 'atur', 'draft', 'beberapa', 'imbang', 'banyak', 'feedtroll', 'makin', 'mls']","[('percuma',), ('atur',), ('draft',), ('beberapa',), ('imbang',), ('banyak',), ('feedtroll',), ('makin',), ('mls',)]"
"['bintang', 'jg', 'sudah', 'uninstall', 'hilang', 'sinyal', 'full']","[('bintang',), ('jg',), ('sudah',), ('uninstall',), ('hilang',), ('sinyal',), ('full',)]"
"['opsi', 'report', 'tanding', 'guna', 'selain', 'afk', 'ayo', 'meski', 'medal', 'gold', 'bapuk', 'banyak', 'mati', 'push', 'tower', 'bagai', 'sebab', 'kalah', 'wajib', 'tindak', 'cerita', 'lebih', 'bagus', 'kemanamana', 'dalam', 'hal', 'tindak']","[('opsi',), ('report',), ('tanding',), ('guna',), ('selain',), ('afk',), ('ayo',), ('meski',), ('medal',), ('gold',), ('bapuk',), ('banyak',), ('mati',), ('push',), ('tower',), ('bagai',), ('sebab',), ('kalah',), ('wajib',), ('tindak',), ('cerita',), ('lebih',), ('bagus',), ('kemanamana',), ('dalam',), ('hal',), ('tindak',)]"
"['terlalu', 'banyak', 'akun', 'bot']","[('terlalu',), ('banyak',), ('akun',), ('bot',)]"
['buruk'],"[('buruk',)]"
"['matching', 'benar', 'jelas']","[('matching',), ('benar',), ('jelas',)]"
"['tolong', 'baik', 'bug', 'bug', 'jangan', 'event', 'patch', 'urusin', 'bug', 'bug', 'dalam', 'biarin', 'mana', 'pensi']","[('tolong',), ('baik',), ('bug',), ('bug',), ('jangan',), ('event',), ('patch',), ('urusin',), ('bug',), ('bug',), ('dalam',), ('biarin',), ('mana',), ('pensi',)]"
"['dongo', 'mentang', 'peringkat', 'global', 'kawan', 'bot', 'lose']","[('dongo',), ('mentang',), ('peringkat',), ('global',), ('kawan',), ('bot',), ('lose',)]"
"['muntun', 'tolong', 'sinyaljaringan', 'jelek', 'paket', 'lancar', 'pernah', 'pakek', 'wifi', 'sinyal', 'tetap', 'buruk', 'kesel', 'knp', 'lag', 'gerak', 'teman', 'lancar', 'jalan', 'sinyal', 'jelek', 'otomatis', 'lihat', 'lag', 'knp', 'kesel', 'push', 'renk', 'barw', 'tolong', 'muntun', 'history', 'silver', 'coklat', 'kadang', 'afk', 'knp', 'sejak', 'ab', 'tahir', 'buruk']","[('muntun',), ('tolong',), ('sinyaljaringan',), ('jelek',), ('paket',), ('lancar',), ('pernah',), ('pakek',), ('wifi',), ('sinyal',), ('tetap',), ('buruk',), ('kesel',), ('knp',), ('lag',), ('gerak',), ('teman',), ('lancar',), ('jalan',), ('sinyal',), ('jelek',), ('otomatis',), ('lihat',), ('lag',), ('knp',), ('kesel',), ('push',), ('renk',), ('barw',), ('tolong',), ('muntun',), ('history',), ('silver',), ('coklat',), ('kadang',), ('afk',), ('knp',), ('sejak',), ('ab',), ('tahir',), ('buruk',)]"
"['banyak', 'bug', 'bagi', 'ngasal']","[('banyak',), ('bug',), ('bagi',), ('ngasal',)]"
['oke'],"[('oke',)]"
"['banyak', 'gelap']","[('banyak',), ('gelap',)]"
"['emng', 'seru', 'kadang', 'stres', 'neng', 'sdkit', 'lebih', 'banyak', 'stres', 'buka', 'bahagia', 'kasi', 'bot', 'semua', 'ngerti', 'menang', 'kalah', 'ngertii', 'walaupun', 'lama', 'kolo', 'giniin', 'bosen', 'terimakasih', 'thunny']","[('emng',), ('seru',), ('kadang',), ('stres',), ('neng',), ('sdkit',), ('lebih',), ('banyak',), ('stres',), ('buka',), ('bahagia',), ('kasi',), ('bot',), ('semua',), ('ngerti',), ('menang',), ('kalah',), ('ngertii',), ('walaupun',), ('lama',), ('kolo',), ('giniin',), ('bosen',), ('terimakasih',), ('thunny',)]"
"['pilih', 'freya', 'hadiah', 'topup', 'pertama', 'beleric']","[('pilih',), ('freya',), ('hadiah',), ('topup',), ('pertama',), ('beleric',)]"
"['musuh', 'jago', 'dongo', 'capek', 'cok', 'ngegendong', 'gendong', 'tu']","[('musuh',), ('jago',), ('dongo',), ('capek',), ('cok',), ('ngegendong',), ('gendong',), ('tu',)]"
"['tolong', 'baik', 'sinyalnyaping', 'selalu', 'merah', 'lelet']","[('tolong',), ('baik',), ('sinyalnyaping',), ('selalu',), ('merah',), ('lelet',)]"
['suka'],"[('suka',)]"
"['neng', 'kalah', 'muluk', 'gara', 'gara', 'seim', 'bang', 'tolong', 'jangan', 'sik', 'sa']","[('neng',), ('kalah',), ('muluk',), ('gara',), ('gara',), ('seim',), ('bang',), ('tolong',), ('jangan',), ('sik',), ('sa',)]"
"['tolol', 'masalah', 'tulis', 'ruang', 'habis', 'banyak', 'tolol', 'gimana', 'tolol', 'banget', 'yatim']","[('tolol',), ('masalah',), ('tulis',), ('ruang',), ('habis',), ('banyak',), ('tolol',), ('gimana',), ('tolol',), ('banget',), ('yatim',)]"
"['hallo', 'tolong', 'server', 'rusak', 'semenjak', 'bug', 'border', 'avatar', 'alucard', 'lag', 'parah', 'ngefrezee', 'stuck', 'tampil', 'utama', 'kalaupun', 'bintang', 'nambah', 'menang', 'invalid']","[('hallo',), ('tolong',), ('server',), ('rusak',), ('semenjak',), ('bug',), ('border',), ('avatar',), ('alucard',), ('lag',), ('parah',), ('ngefrezee',), ('stuck',), ('tampil',), ('utama',), ('kalaupun',), ('bintang',), ('nambah',), ('menang',), ('invalid',)]"
['oah'],"[('oah',)]"
"['makin', 'makin', 'aneh', 'gelap', 'pernah', 'padan', 'opmeta', 'dipake', 'musuh', 'jago', 'bot', 'bilang', 'jago', 'bot', 'tolong']","[('makin',), ('makin',), ('aneh',), ('gelap',), ('pernah',), ('padan',), ('opmeta',), ('dipake',), ('musuh',), ('jago',), ('bot',), ('bilang',), ('jago',), ('bot',), ('tolong',)]"
"['no', 'comment']","[('no',), ('comment',)]"
"['keran', 'suka']","[('keran',), ('suka',)]"
"['ko', 'sekarang', 'susah', 'buka', 'yh', 'sayah']","[('ko',), ('sekarang',), ('susah',), ('buka',), ('yh',), ('sayah',)]"
"['turun', 'harga', 'dm']","[('turun',), ('harga',), ('dm',)]"
"['cpe', 'ketemu', 'gelap', 'semua', 'jadeh', 'makin', 'banyak', 'gelap', 'banyak', 'ngtik', 'sok', 'jago', 'hadeh', 'hadeh', 'abk', 'semua', 'cpe', 'ge', 'cpe', 'gendong', 'ketemu', 'abk', 'tolong', 'abk', 'usah', 'cpe', 'dongo', 'semua', 'cpe', 'gendong', 'dongo', 'ajg']","[('cpe',), ('ketemu',), ('gelap',), ('semua',), ('jadeh',), ('makin',), ('banyak',), ('gelap',), ('banyak',), ('ngtik',), ('sok',), ('jago',), ('hadeh',), ('hadeh',), ('abk',), ('semua',), ('cpe',), ('ge',), ('cpe',), ('gendong',), ('ketemu',), ('abk',), ('tolong',), ('abk',), ('usah',), ('cpe',), ('dongo',), ('semua',), ('cpe',), ('gendong',), ('dongo',), ('ajg',)]"
['bagus'],"[('bagus',)]"
"['kasi', 'yng', 'bagus', 'napa', 'capek', 'kalah', 'kontol']","[('kasi',), ('yng',), ('bagus',), ('napa',), ('capek',), ('kalah',), ('kontol',)]"
"['tai', 'bot', 'mending', 'hapus']","[('tai',), ('bot',), ('mending',), ('hapus',)]"
"['buruk', 'ping', 'merah', 'payah', 'ubah']","[('buruk',), ('ping',), ('merah',), ('payah',), ('ubah',)]"
"['rusak', 'mitic', 'tabrakin', 'miskirkisd']","[('rusak',), ('mitic',), ('tabrakin',), ('miskirkisd',)]"
"['habis', 'abdet', 'tambah', 'jelas', 'gems', 'internet', 'ilang', 'mohon', 'segera', 'perhati', 'nyaman', 'para']","[('habis',), ('abdet',), ('tambah',), ('jelas',), ('gems',), ('internet',), ('ilang',), ('mohon',), ('segera',), ('perhati',), ('nyaman',), ('para',)]"
"['benar', 'masa', 'layla', 'janggel', 'benar', 'baru', 'bintang', 'beban', 'asa', 'musuh', 'bagus', 'bagus', 'agak', 'jago']","[('benar',), ('masa',), ('layla',), ('janggel',), ('benar',), ('baru',), ('bintang',), ('beban',), ('asa',), ('musuh',), ('bagus',), ('bagus',), ('agak',), ('jago',)]"
"['fider', 'ripot', 'nunggu', 'dlu', 'aneh', 'bngt', 'mending', 'epep', 'rusak']","[('fider',), ('ripot',), ('nunggu',), ('dlu',), ('aneh',), ('bngt',), ('mending',), ('epep',), ('rusak',)]"
"['samakin', 'update', 'makin', 'busuk', 'sinyal', 'macet', 'tolong', 'prngertiannya']","[('samakin',), ('update',), ('makin',), ('busuk',), ('sinyal',), ('macet',), ('tolong',), ('prngertiannya',)]"
"['buruk', 'rekomendasi', 'cocok', 'buang', 'sampah']","[('buruk',), ('rekomendasi',), ('cocok',), ('buang',), ('sampah',)]"
['favorit'],"[('favorit',)]"
"['woy', 'kw', 'benar', 'lol', 'kw', 'beri', 'benar', 'ibarat', 'rombong', 'pascol', 'lawan', 'skaylar', 'tolol', 'kw', 'kalah', 'mvp', 'montan', 'capek', 'normal', 'mitic', 'hanabi', 'ispayer', 'zilong', 'roam', 'tol']","[('woy',), ('kw',), ('benar',), ('lol',), ('kw',), ('beri',), ('benar',), ('ibarat',), ('rombong',), ('pascol',), ('lawan',), ('skaylar',), ('tolol',), ('kw',), ('kalah',), ('mvp',), ('montan',), ('capek',), ('normal',), ('mitic',), ('hanabi',), ('ispayer',), ('zilong',), ('roam',), ('tol',)]"
"['gatel', 'teman', 'satu', 'jelek', 'buruk', 'kalah', 'kalah', 'mvp', 'satu', 'beban', 'tolong', 'bantu', 'asal', 'asal', 'ban']","[('gatel',), ('teman',), ('satu',), ('jelek',), ('buruk',), ('kalah',), ('kalah',), ('mvp',), ('satu',), ('beban',), ('tolong',), ('bantu',), ('asal',), ('asal',), ('ban',)]"
"['seru', 'iy']","[('seru',), ('iy',)]"
"['lihat', 'ulas', 'banyak', 'komen', 'bahkan', 'banyak', 'celah', 'ngak', 'ppa', 'bot', 'kurang', 'faham', 'hadap', 'dalam', 'se', 'pasti', 'satu', 'bodoh', 'klu', 'begini', 'banyak', 'pindah']","[('lihat',), ('ulas',), ('banyak',), ('komen',), ('bahkan',), ('banyak',), ('celah',), ('ngak',), ('ppa',), ('bot',), ('kurang',), ('faham',), ('hadap',), ('dalam',), ('se',), ('pasti',), ('satu',), ('bodoh',), ('klu',), ('begini',), ('banyak',), ('pindah',)]"
['bagus'],"[('bagus',)]"
"['adil', 'bagi']","[('adil',), ('bagi',)]"
['bagus'],"[('bagus',)]"
"['abis', 'draft', 'kenapa', 'ngeframe', 'sudah', 'tengah', 'suka', 'lag']","[('abis',), ('draft',), ('kenapa',), ('ngeframe',), ('sudah',), ('tengah',), ('suka',), ('lag',)]"
"['heh', 'monoton', 'beri', 'benar', 'sore', 'nyampe', 'subuh', 'ubah', 'makin', 'update', 'makin', 'rusak', 'ganti', 'rusak']","[('heh',), ('monoton',), ('beri',), ('benar',), ('sore',), ('nyampe',), ('subuh',), ('ubah',), ('makin',), ('update',), ('makin',), ('rusak',), ('ganti',), ('rusak',)]"
"['knpa', 'sekarang', 'lag', 'bagus']","[('knpa',), ('sekarang',), ('lag',), ('bagus',)]"
"['sll', 'teman', 'buruk', 'pdhl', 'musuh', 'pro', 'jelas', 'uninstall', 'bye', 'th', 'nyata', 'bnr', 'bukan', 'have', 'fun', 'stres']","[('sll',), ('teman',), ('buruk',), ('pdhl',), ('musuh',), ('pro',), ('jelas',), ('uninstall',), ('bye',), ('th',), ('nyata',), ('bnr',), ('bukan',), ('have',), ('fun',), ('stres',)]"
"['gam', 'jelas', 'server', 'lag', 'parah', 'belum', 'rusak', 'lancar', 'draf', 'pik', 'serfer', 'lag', 'rusak', 'nugini', 'nyaingin', 'enak', 'mundur', 'suara', 'dengerin', 'rusak', 'salah', 'serfer', 'muak', 'lag', 'ngek', 'begini', 'lama', 'lama', 'pindah', 'nanti', 'baru']","[('gam',), ('jelas',), ('server',), ('lag',), ('parah',), ('belum',), ('rusak',), ('lancar',), ('draf',), ('pik',), ('serfer',), ('lag',), ('rusak',), ('nugini',), ('nyaingin',), ('enak',), ('mundur',), ('suara',), ('dengerin',), ('rusak',), ('salah',), ('serfer',), ('muak',), ('lag',), ('ngek',), ('begini',), ('lama',), ('lama',), ('pindah',), ('nanti',), ('baru',)]"
"['nakin', 'lama', 'signal', 'makin', 'parah', 'signal', 'lancarr', 'hilang', 'frezz', 'jelas', 'banyak', 'an', 'update', 'skin', 'doank', 'perhatiin', 'unistal', 'ganti', 'rugi', 'bintang', 'minus', 'minus', 'skor']","[('nakin',), ('lama',), ('signal',), ('makin',), ('parah',), ('signal',), ('lancarr',), ('hilang',), ('frezz',), ('jelas',), ('banyak',), ('an',), ('update',), ('skin',), ('doank',), ('perhatiin',), ('unistal',), ('ganti',), ('rugi',), ('bintang',), ('minus',), ('minus',), ('skor',)]"
"['mohon', 'bosan', 'kalah', 'menang', 'menang', 'pasti', 'lanjut', 'kalah', 'bosan', 'jika', 'punya', 'teman', 'mabar', 'rekomendasi', 'mendownload']","[('mohon',), ('bosan',), ('kalah',), ('menang',), ('menang',), ('pasti',), ('lanjut',), ('kalah',), ('bosan',), ('jika',), ('punya',), ('teman',), ('mabar',), ('rekomendasi',), ('mendownload',)]"
"['this', 'not', 'fair']","[('this',), ('not',), ('fair',)]"
"['moga', 'meningal', 'dunia', 'aminn']","[('moga',), ('meningal',), ('dunia',), ('aminn',)]"
"['sinyal', 'sekarang', 'buruk', 'full']","[('sinyal',), ('sekarang',), ('buruk',), ('full',)]"
"['putus', 'henti', 'makin', 'lama', 'makin', 'jelas', 'tanding', 'feeder', 'lawan', 'pro', 'hibur', 'emosi', 'buruk']","[('putus',), ('henti',), ('makin',), ('lama',), ('makin',), ('jelas',), ('tanding',), ('feeder',), ('lawan',), ('pro',), ('hibur',), ('emosi',), ('buruk',)]"
"['tolol', 'anjg']","[('tolol',), ('anjg',)]"
"['aneh', 'kaga', 'pernah', 'benar', 'tolol']","[('aneh',), ('kaga',), ('pernah',), ('benar',), ('tolol',)]"
"['games', 'filled', 'with', 'gelap', 'systems']","[('games',), ('filled',), ('with',), ('gelap',), ('systems',)]"
"['para', 'streamer', 'pd', 'pindah', 'roblox', 'auto', 'sepi', 'rating', 'y', 'drop']","[('para',), ('streamer',), ('pd',), ('pindah',), ('roblox',), ('auto',), ('sepi',), ('rating',), ('y',), ('drop',)]"
"['punya', 'ngk', 'diri', 'tolol', 'amat', 'mentang', 'mentang', 'tolol', 'tolol', 'semua', 'haram']","[('punya',), ('ngk',), ('diri',), ('tolol',), ('amat',), ('mentang',), ('mentang',), ('tolol',), ('tolol',), ('semua',), ('haram',)]"
"['kecewa', 'rasio', 'rusak', 'gara', 'akun', 'baru']","[('kecewa',), ('rasio',), ('rusak',), ('gara',), ('akun',), ('baru',)]"
['suka'],"[('suka',)]"
"['isi', 'tolol', 'ras', 'matching', 'rusak', 'idiot']","[('isi',), ('tolol',), ('ras',), ('matching',), ('rusak',), ('idiot',)]"
"['makin', 'makin', 'jelas', 'satu', 'ktemu', 'musuh', 'keras', 'abangabang', 'imo', 'layer', 'evic', 'smua', 'jelas', 'adaada', 'lost', 'trek', 'wr', 'hancur', 'mmr', 'ancur', 'ngerti', 'sudah', 'males', 'lamalama']","[('makin',), ('makin',), ('jelas',), ('satu',), ('ktemu',), ('musuh',), ('keras',), ('abangabang',), ('imo',), ('layer',), ('evic',), ('smua',), ('jelas',), ('adaada',), ('lost',), ('trek',), ('wr',), ('hancur',), ('mmr',), ('ancur',), ('ngerti',), ('sudah',), ('males',), ('lamalama',)]"
['lancar'],"[('lancar',)]"
"['bug', 'bahkan', 'beri', 'deg', 'musuh', 'lipat']","[('bug',), ('bahkan',), ('beri',), ('deg',), ('musuh',), ('lipat',)]"
"['sebenernya', 'suka', 'banget', 'legand', 'cuma', 'sekarang', 'line', 'tentu', 'kurang', 'suka', 'banget', 'punya', 'banyak']","[('sebenernya',), ('suka',), ('banget',), ('legand',), ('cuma',), ('sekarang',), ('line',), ('tentu',), ('kurang',), ('suka',), ('banget',), ('punya',), ('banyak',)]"
"['selalu', 'kurang', 'bagus']","[('selalu',), ('kurang',), ('bagus',)]"
"['lag', 'bareng', 'beda', 'tempat', 'beda', 'beda', 'sinyal']","[('lag',), ('bareng',), ('beda',), ('tempat',), ('beda',), ('beda',), ('sinyal',)]"
['haram'],"[('haram',)]"
"['nerf', 'cici', 'cok']","[('nerf',), ('cici',), ('cok',)]"
"['bodoh', 'tres', 'pemainyah', 'apdetan', 'baru', 'kecewa']","[('bodoh',), ('tres',), ('pemainyah',), ('apdetan',), ('baru',), ('kecewa',)]"
"['tolong', 'optimal', 'bagus', 'lag', 'makin', 'update', 'makin', 'perag']","[('tolong',), ('optimal',), ('bagus',), ('lag',), ('makin',), ('update',), ('makin',), ('perag',)]"
"['terlalu', 'berat', 'pangkat', 'kecil', 'musuh', 'imbang', 'problem', 'tidahanya', 'stres', 'musuh', 'jago', 'sudah', 'lama', 'sedakan', 'baru', 'indonesia', 'cepat', 'baik', 'adil', 'benar', 'bagus', 'musuh', 'berat', 'adil', 'mohon', 'maaf', 'jika', 'sopan', 'maaf']","[('terlalu',), ('berat',), ('pangkat',), ('kecil',), ('musuh',), ('imbang',), ('problem',), ('tidahanya',), ('stres',), ('musuh',), ('jago',), ('sudah',), ('lama',), ('sedakan',), ('baru',), ('indonesia',), ('cepat',), ('baik',), ('adil',), ('benar',), ('bagus',), ('musuh',), ('berat',), ('adil',), ('mohon',), ('maaf',), ('jika',), ('sopan',), ('maaf',)]"
"['rugi', 'bagai', 'oke', 'dpet', 'slalu', 'gajelas', 'apalgi', 'prapilih', 'role', 'maksain', 'role', 'guna', 'pilih', 'dpetnya', 'roam', 'kyaknya', 'mulai', 'mikirin', 'perihal', 'dpet', 'mvp', 'kalah', 'tetap', 'nmbah', 'bintang', 'sbagai', 'bentuk', 'apresiasi', 'rugi', 'tenaga', 'mmr', 'winrate', 'bintang', 'turun', 'mikir', 'bagus', 'win', 'cuma', 'lose', 'mvp', 'semua', 'kgak', 'nyesek', 'weh', 'mikir', 'woy', 'buruk']","[('rugi',), ('bagai',), ('oke',), ('dpet',), ('slalu',), ('gajelas',), ('apalgi',), ('prapilih',), ('role',), ('maksain',), ('role',), ('guna',), ('pilih',), ('dpetnya',), ('roam',), ('kyaknya',), ('mulai',), ('mikirin',), ('perihal',), ('dpet',), ('mvp',), ('kalah',), ('tetap',), ('nmbah',), ('bintang',), ('sbagai',), ('bentuk',), ('apresiasi',), ('rugi',), ('tenaga',), ('mmr',), ('winrate',), ('bintang',), ('turun',), ('mikir',), ('bagus',), ('win',), ('cuma',), ('lose',), ('mvp',), ('semua',), ('kgak',), ('nyesek',), ('weh',), ('mikir',), ('woy',), ('buruk',)]"
"['admin', 'anjg', 'bot', 'trs']","[('admin',), ('anjg',), ('bot',), ('trs',)]"
"['banyak', 'update', 'kualitas', 'buruk', 'kikir', 'babi']","[('banyak',), ('update',), ('kualitas',), ('buruk',), ('kikir',), ('babi',)]"
"['report', 'adu', 'customer', 'servicenya', 'baik', 'jawab', 'template', 'solusi', 'parah', 'kenal', 'sampah']","[('report',), ('adu',), ('customer',), ('servicenya',), ('baik',), ('jawab',), ('template',), ('solusi',), ('parah',), ('kenal',), ('sampah',)]"
"['tanya', 'perihal', 'adil', 'alami', 'kalah', 'masif', 'fair', 'selalu', 'rugi', 'rekan', 'coba', 'report', 'tindak', 'lanjut', 'jawab', 'baik', 'dar', 'minta', 'maaf', 'mungkin', 'buruk', 'pernah', 'terimakasih']","[('tanya',), ('perihal',), ('adil',), ('alami',), ('kalah',), ('masif',), ('fair',), ('selalu',), ('rugi',), ('rekan',), ('coba',), ('report',), ('tindak',), ('lanjut',), ('jawab',), ('baik',), ('dar',), ('minta',), ('maaf',), ('mungkin',), ('buruk',), ('pernah',), ('terimakasih',)]"
['kontol'],"[('kontol',)]"
"['tolong', 'lh', 'hapus', 'darksistem', 'lebih', 'tanding', 'stuck', 'situ', 'pasti', 'darksistem', 'capek', 'cok', 'bukan', 'have', 'fun', 'stres']","[('tolong',), ('lh',), ('hapus',), ('darksistem',), ('lebih',), ('tanding',), ('stuck',), ('situ',), ('pasti',), ('darksistem',), ('capek',), ('cok',), ('bukan',), ('have',), ('fun',), ('stres',)]"
"['mikirr', 'beri', 'matching', 'romawi', 'plus', 'sedang', 'musuh', 'full', 'glory', 'emng', 'tambah', 'stres', 'heran', 'adil', 'banget', 'benar', 'benar', 'rusak', 'rusak', 'ws', 'lgsng', 'ls']","[('mikirr',), ('beri',), ('matching',), ('romawi',), ('plus',), ('sedang',), ('musuh',), ('full',), ('glory',), ('emng',), ('tambah',), ('stres',), ('heran',), ('adil',), ('banget',), ('benar',), ('benar',), ('rusak',), ('rusak',), ('ws',), ('lgsng',), ('ls',)]"
['kranjingan'],"[('kranjingan',)]"
"['jangan', 'bro', 'buang', 'buang']","[('jangan',), ('bro',), ('buang',), ('buang',)]"
"['cari', 'imbang']","[('cari',), ('imbang',)]"
"['daerah', 'jawa', 'timur', 'jawa', 'tengah', 'mati', 'babi']","[('daerah',), ('jawa',), ('timur',), ('jawa',), ('tengah',), ('mati',), ('babi',)]"
"['macam', 'isi', 'balita', 'gelap', 'semua']","[('macam',), ('isi',), ('balita',), ('gelap',), ('semua',)]"
"['benar', 'benar', 'aneh', 'bagus', 'lag', 'kadang', 'hapus', 'baru']","[('benar',), ('benar',), ('aneh',), ('bagus',), ('lag',), ('kadang',), ('hapus',), ('baru',)]"
"['aneh', 'selalu', 'gelap', 'stres', 'orng']","[('aneh',), ('selalu',), ('gelap',), ('stres',), ('orng',)]"
"['kontol', 'lag']","[('kontol',), ('lag',)]"
"['cl', 'imbang', 'masa', 'bagai', 'beban', 'musuh', 'jago', 'skill', 'sudah', 'gitu', 'wr', 'balance', 'pula', 'kalah', 'turun', 'banyak', 'win', 'naik', 'sedikit', 'sinyal', 'turun', 'naiklag', 'jumping', 'sinyal', 'tes', 'hijau', 'masalah', 'segera', 'atas', 'tetap', 'bintang', 'satu', 'dasar', 'tambah', 'stres']","[('cl',), ('imbang',), ('masa',), ('bagai',), ('beban',), ('musuh',), ('jago',), ('skill',), ('sudah',), ('gitu',), ('wr',), ('balance',), ('pula',), ('kalah',), ('turun',), ('banyak',), ('win',), ('naik',), ('sedikit',), ('sinyal',), ('turun',), ('naiklag',), ('jumping',), ('sinyal',), ('tes',), ('hijau',), ('masalah',), ('segera',), ('atas',), ('tetap',), ('bintang',), ('satu',), ('dasar',), ('tambah',), ('stres',)]"
"['abis', 'baru', 'makin', 'lag', 'bagus']","[('abis',), ('baru',), ('makin',), ('lag',), ('bagus',)]"
"['jelek', 'bnyk', 'gelap']","[('jelek',), ('bnyk',), ('gelap',)]"
['tolol'],"[('tolol',)]"
"['beri', 'pernah', 'benar', 'tolol']","[('beri',), ('pernah',), ('benar',), ('tolol',)]"
"['tolol', 'rate', 'bagus', 'report', 'laen', 'kurang', 'ks', 'report', 'respon', 'buangsat']","[('tolol',), ('rate',), ('bagus',), ('report',), ('laen',), ('kurang',), ('ks',), ('report',), ('respon',), ('buangsat',)]"
"['waras', 'dongo', 'moontod', 'poke']","[('waras',), ('dongo',), ('moontod',), ('poke',)]"
"['rusak', 'stres']","[('rusak',), ('stres',)]"
"['rusak', 'sumpah']","[('rusak',), ('sumpah',)]"
"['tolong', 'ban', 'trol', 'masa', 'make', 'zilong', 'mid', 'bilang', 'menang', 'dia', 'mati', 'nyalahin', 'satu', 'teman', 'ngedukung', 'pula', 'make', 'zilong', 'mid', 'lelah', 'pepek']","[('tolong',), ('ban',), ('trol',), ('masa',), ('make',), ('zilong',), ('mid',), ('bilang',), ('menang',), ('dia',), ('mati',), ('nyalahin',), ('satu',), ('teman',), ('ngedukung',), ('pula',), ('make',), ('zilong',), ('mid',), ('lelah',), ('pepek',)]"
"['sportif', 'adil', 'kurang', 'sportif', 'selalu', 'anggap', 'laku', 'langgar', 'kurang', 'skor', 'poin', 'admin', 'bagus', 'sportif', 'jangan', 'cundang', 'selalu', 'pihak', 'kepada', 'lain', 'cam', 'baik', 'baik', 'ingat', 'paham']","[('sportif',), ('adil',), ('kurang',), ('sportif',), ('selalu',), ('anggap',), ('laku',), ('langgar',), ('kurang',), ('skor',), ('poin',), ('admin',), ('bagus',), ('sportif',), ('jangan',), ('cundang',), ('selalu',), ('pihak',), ('kepada',), ('lain',), ('cam',), ('baik',), ('baik',), ('ingat',), ('paham',)]"
"['reng', 'kecil', 'kasi', 'lwan', 'reng', 'tinggi', 'pasti', 'kalah']","[('reng',), ('kecil',), ('kasi',), ('lwan',), ('reng',), ('tinggi',), ('pasti',), ('kalah',)]"
"['ngapasi', 'lag', 'make', 'kouta', 'lag', 'kontes', 'lord', 'lag']","[('ngapasi',), ('lag',), ('make',), ('kouta',), ('lag',), ('kontes',), ('lord',), ('lag',)]"
"['babi', 'gemar', 'banyak', 'pernah', 'baik', 'diam', 'mending', 'lebih', 'asik']","[('babi',), ('gemar',), ('banyak',), ('pernah',), ('baik',), ('diam',), ('mending',), ('lebih',), ('asik',)]"
"['overall', 'bagus', 'masa', 'besar', 'iya', 'jelas', 'gajelas', 'inti', 'minggu', 'kemaren', 'menang', 'please', 'mohon', 'banget', 'baik', 'ulang', 'gi', 'grandmaster', 'kompak', 'masa', 'atas', 'susah', 'banget']","[('overall',), ('bagus',), ('masa',), ('besar',), ('iya',), ('jelas',), ('gajelas',), ('inti',), ('minggu',), ('kemaren',), ('menang',), ('please',), ('mohon',), ('banget',), ('baik',), ('ulang',), ('gi',), ('grandmaster',), ('kompak',), ('masa',), ('atas',), ('susah',), ('banget',)]"
"['woy', 'cok', 'dancok', 'gamr', 'mu', 'koyok', 'gatell', 'asu', 'kirekk', 'dancok']","[('woy',), ('cok',), ('dancok',), ('gamr',), ('mu',), ('koyok',), ('gatell',), ('asu',), ('kirekk',), ('dancok',)]"
"['busuk', 'server', 'aneh', 'kalah', 'mach', 'aneh', 'busuk', 'sedang', 'musuh', 'bagus', 'sudah', 'ganti', 'akun', 'baru', 'tetap', 'grafik', 'bagusin', 'event', 'banyakin', 'play', 'benahin', 'tetap', 'busuk', 'sen', 'tolol', 'mach', 'imbang']","[('busuk',), ('server',), ('aneh',), ('kalah',), ('mach',), ('aneh',), ('busuk',), ('sedang',), ('musuh',), ('bagus',), ('sudah',), ('ganti',), ('akun',), ('baru',), ('tetap',), ('grafik',), ('bagusin',), ('event',), ('banyakin',), ('play',), ('benahin',), ('tetap',), ('busuk',), ('sen',), ('tolol',), ('mach',), ('imbang',)]"
['kalah'],"[('kalah',)]"
"['kenapa', 'sudah', 'update', 'sekarang', 'lebih', 'terputuskoneksi', 'lambatdelayy', 'ganggu', 'kenceng', 'wifidataa']","[('kenapa',), ('sudah',), ('update',), ('sekarang',), ('lebih',), ('terputuskoneksi',), ('lambatdelayy',), ('ganggu',), ('kenceng',), ('wifidataa',)]"
"['woy', 'developer', 'makin', 'update', 'makin', 'busuk', 'bug', 'benar', 'rusak', 'server', 'busuk', 'ngaco', 'bug', 'update', 'makin', 'parah']","[('woy',), ('developer',), ('makin',), ('update',), ('makin',), ('busuk',), ('bug',), ('benar',), ('rusak',), ('server',), ('busuk',), ('ngaco',), ('bug',), ('update',), ('makin',), ('parah',)]"
"['tolong', 'beri', 'benar']","[('tolong',), ('beri',), ('benar',)]"
"['please', 'fix', 'you', 'server', 'because', 'lag', 'play', 'if', 'used', 'wify', 'and', 'plaese', 'fix', 'chaeter', 'this', 'oke', 'if', 'you', 'already', 'fix', 'lag', 'and', 'cheater', 'wa', 'nt', 'gift', 'you', 'stars', 'oke']","[('please',), ('fix',), ('you',), ('server',), ('because',), ('lag',), ('play',), ('if',), ('used',), ('wify',), ('and',), ('plaese',), ('fix',), ('chaeter',), ('this',), ('oke',), ('if',), ('you',), ('already',), ('fix',), ('lag',), ('and',), ('cheater',), ('wa',), ('nt',), ('gift',), ('you',), ('stars',), ('oke',)]"
"['taik', 'lostrek']","[('taik',), ('lostrek',)]"
"['sumpah', 'matckingnya', 'lama', 'banget', 'cuma', 'rool', 'sumpag', 'ngotak', 'lama']","[('sumpah',), ('matckingnya',), ('lama',), ('banget',), ('cuma',), ('rool',), ('sumpag',), ('ngotak',), ('lama',)]"
"['pantes', 'ktemu', 'becus', 'sinyal', 'lag', 'sendiri', 'hapus', 'play', 'store']","[('pantes',), ('ktemu',), ('becus',), ('sinyal',), ('lag',), ('sendiri',), ('hapus',), ('play',), ('store',)]"
"['jelas', 'lama', 'digabungin', 'semua', 'bocil', 'resah', 'gendong', 'lama', 'males', 'sumpah', 'digabungin', 'tot']","[('jelas',), ('lama',), ('digabungin',), ('semua',), ('bocil',), ('resah',), ('gendong',), ('lama',), ('males',), ('sumpah',), ('digabungin',), ('tot',)]"
"['knapa', 'ketemu', 'top', 'global', 'sentuh', 'top', 'provinsi', 'belum', 'blas']","[('knapa',), ('ketemu',), ('top',), ('global',), ('sentuh',), ('top',), ('provinsi',), ('belum',), ('blas',)]"
"['tolong', 'misal', 'chat', 'masuk', 'sensitif', 'ilangin', 'minimal', 'kocak', 'biar', 'plonga', 'plongo', 'nungguin', 'balesin', 'chat', 'nyata', 'emg', 'kirim']","[('tolong',), ('misal',), ('chat',), ('masuk',), ('sensitif',), ('ilangin',), ('minimal',), ('kocak',), ('biar',), ('plonga',), ('plongo',), ('nungguin',), ('balesin',), ('chat',), ('nyata',), ('emg',), ('kirim',)]"
['tres'],"[('tres',)]"
"['anjing', 'pay', 'win', 'bangsat']","[('anjing',), ('pay',), ('win',), ('bangsat',)]"
"['hilang', 'stres', 'selalu', 'stres', 'garagara', 'banyak', 'ngerti']","[('hilang',), ('stres',), ('selalu',), ('stres',), ('garagara',), ('banyak',), ('ngerti',)]"
"['bedain', 'skill', 'playernya', 'masa', 'jago', 'dongo', 'mana', 'musuh', 'jago', 'mytic', 'masa', 'nasih', 'epick', 'aneh', 'oon']","[('bedain',), ('skill',), ('playernya',), ('masa',), ('jago',), ('dongo',), ('mana',), ('musuh',), ('jago',), ('mytic',), ('masa',), ('nasih',), ('epick',), ('aneh',), ('oon',)]"
['seru'],"[('seru',)]"
"['jelek', 'banget', 'drafpick', 'oot', 'semua', 'benar']","[('jelek',), ('banget',), ('drafpick',), ('oot',), ('semua',), ('benar',)]"
"['kon', 'tol', 'lawan', 'keras', 'iya', 'kelas', 'ajg', 'naikin', 'bintang', 'susah', 'minta', 'ampun', 'kocak', 'beri', 'cacat', 'gelap', 'taeklah', 'makin', 'lama', 'seru', 'imbang', 'beri', 'dasar', 'ajg', 'moontoon', 'asu']","[('kon',), ('tol',), ('lawan',), ('keras',), ('iya',), ('kelas',), ('ajg',), ('naikin',), ('bintang',), ('susah',), ('minta',), ('ampun',), ('kocak',), ('beri',), ('cacat',), ('gelap',), ('taeklah',), ('makin',), ('lama',), ('seru',), ('imbang',), ('beri',), ('dasar',), ('ajg',), ('moontoon',), ('asu',)]"
"['matcmaking', 'buruk', 'ktmu', 'musuh', 'jago', 'buruk', 'afk', 'dll', 'gajelas', 'banyak', 'joki', 'jd', 'sakarepmu']","[('matcmaking',), ('buruk',), ('ktmu',), ('musuh',), ('jago',), ('buruk',), ('afk',), ('dll',), ('gajelas',), ('banyak',), ('joki',), ('jd',), ('sakarepmu',)]"
"['bagai', 'user', 'layla', 'kecewauntuk', 'skin', 'layla', 'tema', 'nexus', 'sea', 'jangan', 'ubah', 'skin', 'benar', 'suka', 'desain', 'skinnya', 'tolong', 'jangan', 'ubah', 'skin', 'sudah', 'nunggu', 'skin', 'layla', 'baru', 'nyata', 'serius', 'rilissaya', 'sudah', 'nunggu', 'berapa', 'bulan', 'skin', 'layla', 'desain']","[('bagai',), ('user',), ('layla',), ('kecewauntuk',), ('skin',), ('layla',), ('tema',), ('nexus',), ('sea',), ('jangan',), ('ubah',), ('skin',), ('benar',), ('suka',), ('desain',), ('skinnya',), ('tolong',), ('jangan',), ('ubah',), ('skin',), ('sudah',), ('nunggu',), ('skin',), ('layla',), ('baru',), ('nyata',), ('serius',), ('rilissaya',), ('sudah',), ('nunggu',), ('berapa',), ('bulan',), ('skin',), ('layla',), ('desain',)]"
"['mooton', 'makin', 'makin', 'jelas', 'ngapain', 'turun', 'season', 'segala', 'tolol', 'amat']","[('mooton',), ('makin',), ('makin',), ('jelas',), ('ngapain',), ('turun',), ('season',), ('segala',), ('tolol',), ('amat',)]"
"['tahu', 'kenapa', 'bisu', 'percakapanmute', 'mulai', 'kena', 'teman', 'bagus', 'mulai', 'asik']","[('tahu',), ('kenapa',), ('bisu',), ('percakapanmute',), ('mulai',), ('kena',), ('teman',), ('bagus',), ('mulai',), ('asik',)]"
"['darak', 'terlalu', 'banyak']","[('darak',), ('terlalu',), ('banyak',)]"
['vinagriil'],"[('vinagriil',)]"
"['tambah', 'streas', 'asu', 'senggel', 'mene']","[('tambah',), ('streas',), ('asu',), ('senggel',), ('mene',)]"
"['susah', 'naik', 'makin', 'lama', 'makin', 'bosen']","[('susah',), ('naik',), ('makin',), ('lama',), ('makin',), ('bosen',)]"
['bagus'],"[('bagus',)]"
"['teman', 'ngotak', 'sedikit', 'babi']","[('teman',), ('ngotak',), ('sedikit',), ('babi',)]"
"['babi', 'ngasi', 'gelap', 'baik', 'masa', 'pernah', 'bagus']","[('babi',), ('ngasi',), ('gelap',), ('baik',), ('masa',), ('pernah',), ('bagus',)]"
"['lostrek', 'kasi', 'punya', 'betumbok']","[('lostrek',), ('kasi',), ('punya',), ('betumbok',)]"
"['rusak', 'ksih', 'pdhl', 'full', 'mitic', 'hdh']","[('rusak',), ('ksih',), ('pdhl',), ('full',), ('mitic',), ('hdh',)]"
"['luar', 'biasa', 'seru']","[('luar',), ('biasa',), ('seru',)]"
"['babi', 'kasi', 'bintang', 'semua', 'hyper', 'bodoh', 'ban', 'akun', 'beberapa', 'biar', 'nyusahin']","[('babi',), ('kasi',), ('bintang',), ('semua',), ('hyper',), ('bodoh',), ('ban',), ('akun',), ('beberapa',), ('biar',), ('nyusahin',)]"
"['gokill', 'bagi', 'skin', 'epic', 'gratis', 'makin', 'betah', 'legends']","[('gokill',), ('bagi',), ('skin',), ('epic',), ('gratis',), ('makin',), ('betah',), ('legends',)]"
"['darksystem', 'banyak', 'imbang', 'masuk', 'akal', 'buruk', 'musuh', 'joki', 'lo', 'laku', 'bos']","[('darksystem',), ('banyak',), ('imbang',), ('masuk',), ('akal',), ('buruk',), ('musuh',), ('joki',), ('lo',), ('laku',), ('bos',)]"
"['cocok', 'santai', 'santai', 'banyak', 'gelap', 'pantas', 'dimainin', 'online', 'lawan', 'gelap']","[('cocok',), ('santai',), ('santai',), ('banyak',), ('gelap',), ('pantas',), ('dimainin',), ('online',), ('lawan',), ('gelap',)]"
"['matching', 'banyak', 'tolol']","[('matching',), ('banyak',), ('tolol',)]"
"['adil', 'musuh', 'pro', 'buruk', 'tolong', 'beri', 'adil', 'ton']","[('adil',), ('musuh',), ('pro',), ('buruk',), ('tolong',), ('beri',), ('adil',), ('ton',)]"
"['cheat', 'vip', 'rusak', 'report', 'percuma', 'pengaruh', 'masalah', 'sinyal', 'play', 'bot', 'imbang', 'cuma', 'mikirin', 'cuan', 'kualitas', 'sinyal', 'buruk', 'banyak', 'dalam', 'sebut', 'handle', 'nyaman', 'cuma', 'mikirin', 'grafik', 'menuhi', 'demi', 'cuan', 'banyak', 'korupsi', 'sinyal', 'handle']","[('cheat',), ('vip',), ('rusak',), ('report',), ('percuma',), ('pengaruh',), ('masalah',), ('sinyal',), ('play',), ('bot',), ('imbang',), ('cuma',), ('mikirin',), ('cuan',), ('kualitas',), ('sinyal',), ('buruk',), ('banyak',), ('dalam',), ('sebut',), ('handle',), ('nyaman',), ('cuma',), ('mikirin',), ('grafik',), ('menuhi',), ('demi',), ('cuan',), ('banyak',), ('korupsi',), ('sinyal',), ('handle',)]"
"['ui', 'rusak']","[('ui',), ('rusak',)]"
"['walau', 'kecewa', 'gema', 'aksi', 'b', 'terlalu', 'banyak', 'joki', 'mula', 'kembang', 'mohon', 'donk', 'd', 'tindak', 'masa', 'mahal', 'atur', 'konsisten', 'serasa', 'murah']","[('walau',), ('kecewa',), ('gema',), ('aksi',), ('b',), ('terlalu',), ('banyak',), ('joki',), ('mula',), ('kembang',), ('mohon',), ('donk',), ('d',), ('tindak',), ('masa',), ('mahal',), ('atur',), ('konsisten',), ('serasa',), ('murah',)]"
"['makin', 'abdet', 'makin', 'lag', 'sinyal', 'cl', 'selalu', 'sinyal', 'merah', 'sudah', 'wifi', 'internet', 'tetap', 'lag', 'mohon', 'rusak', 'sinyal', 'para', 'enak', 'sinyal', 'lag', 'lain', 'enak']","[('makin',), ('abdet',), ('makin',), ('lag',), ('sinyal',), ('cl',), ('selalu',), ('sinyal',), ('merah',), ('sudah',), ('wifi',), ('internet',), ('tetap',), ('lag',), ('mohon',), ('rusak',), ('sinyal',), ('para',), ('enak',), ('sinyal',), ('lag',), ('lain',), ('enak',)]"
"['dongo', 'busuk', 'sedikit', 'mitik', 'emng', 'paling', 'benar', 'pindah', 'rada', 'dongo', 'semua']","[('dongo',), ('busuk',), ('sedikit',), ('mitik',), ('emng',), ('paling',), ('benar',), ('pindah',), ('rada',), ('dongo',), ('semua',)]"
"['em', 'buruk', 'su', 'asu']","[('em',), ('buruk',), ('su',), ('asu',)]"
"['kontol', 'asuu']","[('kontol',), ('asuu',)]"
"['parah', 'skrang', 'lawan', 'ngak', 'imbang']","[('parah',), ('skrang',), ('lawan',), ('ngak',), ('imbang',)]"
"['ketemu', 'satu', 'bocil', 'tolong', 'baik', 'sda', 'niat']","[('ketemu',), ('satu',), ('bocil',), ('tolong',), ('baik',), ('sda',), ('niat',)]"
['kontol'],"[('kontol',)]"
['tarik'],"[('tarik',)]"
"['anjg', 'ls', 'bae']","[('anjg',), ('ls',), ('bae',)]"
"['buruk', 'jelas', 'kalah']","[('buruk',), ('jelas',), ('kalah',)]"
"['lag', 'najiss']","[('lag',), ('najiss',)]"
['suka'],"[('suka',)]"
"['banyak', 'cheater', 'dalam']","[('banyak',), ('cheater',), ('dalam',)]"
"['gila', 'ngotak', 'beri', 'masuk', 'mytikglory', 'setan', 'kau', 'guna']","[('gila',), ('ngotak',), ('beri',), ('masuk',), ('mytikglory',), ('setan',), ('kau',), ('guna',)]"
"['bagus', 'matching', 'beri', 'imbang', 'egois', 'bagus', 'sedikit', 'saran', 'bagus', 'beri', 'hukum', 'baned', 'kepada', 'sengaja', 'sadar', 'laku', 'trollfeeder', 'dalam', 'suatu', 'terimakasih', 'moga', 'salam', 'waras', 'sadar']","[('bagus',), ('matching',), ('beri',), ('imbang',), ('egois',), ('bagus',), ('sedikit',), ('saran',), ('bagus',), ('beri',), ('hukum',), ('baned',), ('kepada',), ('sengaja',), ('sadar',), ('laku',), ('trollfeeder',), ('dalam',), ('suatu',), ('terimakasih',), ('moga',), ('salam',), ('waras',), ('sadar',)]"
"['lambat', 'masuk', 'lag', 'pusing']","[('lambat',), ('masuk',), ('lag',), ('pusing',)]"
"['banyak', 'nemu', 'musuh', 'guna', 'rw', 'rugi', 'ketemu', 'brengsek']","[('banyak',), ('nemu',), ('musuh',), ('guna',), ('rw',), ('rugi',), ('ketemu',), ('brengsek',)]"
"['jelek', 'sekarang', 'lag', 'parah', 'banyak', 'bug', 'patah', 'bahkan', 'chiter', 'jarang', 'ketemu']","[('jelek',), ('sekarang',), ('lag',), ('parah',), ('banyak',), ('bug',), ('patah',), ('bahkan',), ('chiter',), ('jarang',), ('ketemu',)]"
"['sampah', 'adil', 'isi', 'anomali']","[('sampah',), ('adil',), ('isi',), ('anomali',)]"
['tres'],"[('tres',)]"
"['makin', 'berat', 'semenjak', 'update', 'size', 'makin', 'besar', 'berat', 'bagi', 'device', 'ram', 'demi', 'nyaman', 'kecil', 'size', 'admin']","[('makin',), ('berat',), ('semenjak',), ('update',), ('size',), ('makin',), ('besar',), ('berat',), ('bagi',), ('device',), ('ram',), ('demi',), ('nyaman',), ('kecil',), ('size',), ('admin',)]"
['kikir'],"[('kikir',)]"
"['entah', 'bingung', 'mungkin']","[('entah',), ('bingung',), ('mungkin',)]"
"['we', 'ban', 'para', 'gelap', 'sistemtim', 'tolol', 'santt', 'ajg']","[('we',), ('ban',), ('para',), ('gelap',), ('sistemtim',), ('tolol',), ('santt',), ('ajg',)]"
"['apalh', 'masa', 'iya', 'ketemu', 'epic', 'mytic', 'kocak', 'puki', 'mending', 'kalah', 'mvp', 'bintang', 'tetap', 'naik', 'uninstall', 'ajalh', 'guna', 'mutu', 'mending', 'gaess']","[('apalh',), ('masa',), ('iya',), ('ketemu',), ('epic',), ('mytic',), ('kocak',), ('puki',), ('mending',), ('kalah',), ('mvp',), ('bintang',), ('tetap',), ('naik',), ('uninstall',), ('ajalh',), ('guna',), ('mutu',), ('mending',), ('gaess',)]"
"['bug', 'pepek']","[('bug',), ('pepek',)]"
"['bagi', 'banding', 'jelek', 'oleng', 'sakit', 'kepala']","[('bagi',), ('banding',), ('jelek',), ('oleng',), ('sakit',), ('kepala',)]"
"['bagus', 'slalu', 'dpat', 'bapuk']","[('bagus',), ('slalu',), ('dpat',), ('bapuk',)]"
"['gamee', 'idiot']","[('gamee',), ('idiot',)]"
"['rusak', 'ketemu', 'stres', 'percuma', 'pilih', 'ujung', 'guna', 'tetap', 'egois']","[('rusak',), ('ketemu',), ('stres',), ('percuma',), ('pilih',), ('ujung',), ('guna',), ('tetap',), ('egois',)]"
"['kagak', 'imbang', 'beri', 'lawan', 'stabil', 'jangan', 'beri', 'susah', 'banget', 'sengaja', 'biar', 'aing', 'ngambil', 'hak', 'lain', 'sayang', 'ginian', 'ngejar', 'bintang', 'untung', 'sat', 'aing', 'hibur', 'bukan', 'nambah', 'stres', 'sat', 'mo', 'bales', 'enggak', 'bodo', 'amat']","[('kagak',), ('imbang',), ('beri',), ('lawan',), ('stabil',), ('jangan',), ('beri',), ('susah',), ('banget',), ('sengaja',), ('biar',), ('aing',), ('ngambil',), ('hak',), ('lain',), ('sayang',), ('ginian',), ('ngejar',), ('bintang',), ('untung',), ('sat',), ('aing',), ('hibur',), ('bukan',), ('nambah',), ('stres',), ('sat',), ('mo',), ('bales',), ('enggak',), ('bodo',), ('amat',)]"
"['masuk', 'akal', 'buruk', 'lawan', 'nyaa', 'banding', 'ranket', 'ketemu', 'banding']","[('masuk',), ('akal',), ('buruk',), ('lawan',), ('nyaa',), ('banding',), ('ranket',), ('ketemu',), ('banding',)]"
"['minimal', 'beri', 'jelas', 'yaa', 'sudah', 'muak', 'banget', 'demi', 'sudah']","[('minimal',), ('beri',), ('jelas',), ('yaa',), ('sudah',), ('muak',), ('banget',), ('demi',), ('sudah',)]"
"['terlalu', 'lebih', 'beri', 'lawan', 'keras', 'susah', 'tolong', 'imbang', 'susah', 'menang', 'kalah', 'lebih']","[('terlalu',), ('lebih',), ('beri',), ('lawan',), ('keras',), ('susah',), ('tolong',), ('imbang',), ('susah',), ('menang',), ('kalah',), ('lebih',)]"
"['makin', 'banyak', 'update', 'ingame', 'makin', 'sampah']","[('makin',), ('banyak',), ('update',), ('ingame',), ('makin',), ('sampah',)]"
"['benar', 'buka', 'hepi', 'pusing', 'sampai', 'sekarang', 'bintang', 'naik', 'naik', 'turun', 'rela', 'ngerusak', 'tidur', 'demi', 'buah', 'bintang', 'lose', 'treak', 'pikir', 'ton', 'tres', 'sekarang', 'bales', 'pesan', 'gau']","[('benar',), ('buka',), ('hepi',), ('pusing',), ('sampai',), ('sekarang',), ('bintang',), ('naik',), ('naik',), ('turun',), ('rela',), ('ngerusak',), ('tidur',), ('demi',), ('buah',), ('bintang',), ('lose',), ('treak',), ('pikir',), ('ton',), ('tres',), ('sekarang',), ('bales',), ('pesan',), ('gau',)]"
['kontot'],"[('kontot',)]"
['butut'],"[('butut',)]"
"['naik', 'mytic', 'susah', 'gimana', 'dpet', 'feeder']","[('naik',), ('mytic',), ('susah',), ('gimana',), ('dpet',), ('feeder',)]"
"['prik', 'amat', 'bukan', 'happy', 'makin', 'stres', 'patah', 'patah', 'ping', 'bagus', 'bujank', 'darah', 'tinggi', 'cocok', 'kntl']","[('prik',), ('amat',), ('bukan',), ('happy',), ('makin',), ('stres',), ('patah',), ('patah',), ('ping',), ('bagus',), ('bujank',), ('darah',), ('tinggi',), ('cocok',), ('kntl',)]"
['taeh'],"[('taeh',)]"
"['makin', 'rusak']","[('makin',), ('rusak',)]"
"['sampah', 'babi', 'darah', 'tinggi', 'cuih']","[('sampah',), ('babi',), ('darah',), ('tinggi',), ('cuih',)]"
"['jangan', 'dowload', 'jelas', 'cok', 'sesat', 'pindah', 'pubg']","[('jangan',), ('dowload',), ('jelas',), ('cok',), ('sesat',), ('pindah',), ('pubg',)]"
"['kunyuk', 'gelap', 'mlu']","[('kunyuk',), ('gelap',), ('mlu',)]"
"['makin', 'lama', 'makin', 'rusak', 'server', 'busuk']","[('makin',), ('lama',), ('makin',), ('rusak',), ('server',), ('busuk',)]"
"['knp', 'celasik', 'sinyal', 'jelek', 'pin', 'ijo', 'bukan', 'merah', 'mohon', 'rusak', 'minimal', 'rugi']","[('knp',), ('celasik',), ('sinyal',), ('jelek',), ('pin',), ('ijo',), ('bukan',), ('merah',), ('mohon',), ('rusak',), ('minimal',), ('rugi',)]"
"['sinyal', 'busuk', 'cape', 'cape', 'naikin', 'level', 'sinyal', 'buruk', 'buruk', 'sampah', 'asu', 'dasar', 'miskin']","[('sinyal',), ('busuk',), ('cape',), ('cape',), ('naikin',), ('level',), ('sinyal',), ('buruk',), ('buruk',), ('sampah',), ('asu',), ('dasar',), ('miskin',)]"
"['anjingg', 'bangsdd', 'gajelas', 'ngent']","[('anjingg',), ('bangsdd',), ('gajelas',), ('ngent',)]"
"['lama', 'afk', 'bentar', 'selesai', 'hitung', 'afk', 'ah', 'benrin', 'benar', 'banget']","[('lama',), ('afk',), ('bentar',), ('selesai',), ('hitung',), ('afk',), ('ah',), ('benrin',), ('benar',), ('banget',)]"
"['like', 'bintang', 'kasi', 'mqin', 'musuh', 'mudah']","[('like',), ('bintang',), ('kasi',), ('mqin',), ('musuh',), ('mudah',)]"
"['tolong', 'legends', 'malas', 'sekarang', 'pasti', 'lag', 'pakek', 'wifi', 'tetap', 'lag', 'bug']","[('tolong',), ('legends',), ('malas',), ('sekarang',), ('pasti',), ('lag',), ('pakek',), ('wifi',), ('tetap',), ('lag',), ('bug',)]"
"['sinyal', 'jelek', 'mati', 'masuk', 'bass']","[('sinyal',), ('jelek',), ('mati',), ('masuk',), ('bass',)]"
"['ping', 'merah', 'frame', 'drop', 'lag', 'pernah', 'tingkat', 'dengar', 'keluh']","[('ping',), ('merah',), ('frame',), ('drop',), ('lag',), ('pernah',), ('tingkat',), ('dengar',), ('keluh',)]"
['just'],"[('just',)]"
"['kurang', 'bagus', 'banyak', 'gelap']","[('kurang',), ('bagus',), ('banyak',), ('gelap',)]"
"['wahai', 'tolong', 'klok', 'niat', 'beri', 'naek', 'lejen', 'mending', 'ben', 'ajy', 'tres', 'cok', 'anjy']","[('wahai',), ('tolong',), ('klok',), ('niat',), ('beri',), ('naek',), ('lejen',), ('mending',), ('ben',), ('ajy',), ('tres',), ('cok',), ('anjy',)]"
['mantapp'],"[('mantapp',)]"
['sampah'],"[('sampah',)]"
"['satu', 'menang', 'tiga', 'kalah', 'enggk', 'gitu', 'minimal', 'darksystembocil', 'mati', 'mulai', 'season', 'kemarin', 'mytic', 'gabisa']","[('satu',), ('menang',), ('tiga',), ('kalah',), ('enggk',), ('gitu',), ('minimal',), ('darksystembocil',), ('mati',), ('mulai',), ('season',), ('kemarin',), ('mytic',), ('gabisa',)]"
"['thing', 'best']","[('thing',), ('best',)]"
"['salah', 'bg', 'lose', 'ampe', 'gelap', 'epic']","[('salah',), ('bg',), ('lose',), ('ampe',), ('gelap',), ('epic',)]"
"['beuh', 'seru', 'bro']","[('beuh',), ('seru',), ('bro',)]"
"['aplikasi', 'gelap', 'makin', 'kembang', 'bukan', 'makin', 'keren', 'makin', 'buruk', 'bubar', 'mnding', 'hps', 'plikasi', 'emosi']","[('aplikasi',), ('gelap',), ('makin',), ('kembang',), ('bukan',), ('makin',), ('keren',), ('makin',), ('buruk',), ('bubar',), ('mnding',), ('hps',), ('plikasi',), ('emosi',)]"
"['sampah', 'random', 'noob', 'guna', 'kill', 'banyak', 'selalu', 'kalah', 'uang', 'habis', 'skin', 'obrol', 'mute', 'melulu', 'sampah']","[('sampah',), ('random',), ('noob',), ('guna',), ('kill',), ('banyak',), ('selalu',), ('kalah',), ('uang',), ('habis',), ('skin',), ('obrol',), ('mute',), ('melulu',), ('sampah',)]"
"['ls', 'anj']","[('ls',), ('anj',)]"
"['tolong', 'rusak', 'baru', 'kalah', 'begini', 'banyak', 'pindah']","[('tolong',), ('rusak',), ('baru',), ('kalah',), ('begini',), ('banyak',), ('pindah',)]"
"['ksih', 'lh', 'turun', 'kpn', 'mnang']","[('ksih',), ('lh',), ('turun',), ('kpn',), ('mnang',)]"
"['tolong', 'fix', 'bug', 'draft', 'lag', 'banget']","[('tolong',), ('fix',), ('bug',), ('draft',), ('lag',), ('banget',)]"
"['bagi', 'mula', 'belum', 'candu', 'jangan', 'slot', 'menang', 'kalah', 'sampai', 'rungkat', 'ketemu', 'dll']","[('bagi',), ('mula',), ('belum',), ('candu',), ('jangan',), ('slot',), ('menang',), ('kalah',), ('sampai',), ('rungkat',), ('ketemu',), ('dll',)]"
"['detik', 'hancur', 'aamiin', 'sdh', 'mulai', 'kurang', 'playersnya', 'salah', 'satu', 'kawan', 'sdh', 'mls', 'bodoh', 'sampah', 'adil', 'bagi', 'teamnya']","[('detik',), ('hancur',), ('aamiin',), ('sdh',), ('mulai',), ('kurang',), ('playersnya',), ('salah',), ('satu',), ('kawan',), ('sdh',), ('mls',), ('bodoh',), ('sampah',), ('adil',), ('bagi',), ('teamnya',)]"
"['paling', 'jelek']","[('paling',), ('jelek',)]"
"['buruk', 'lawan', 'tu', 'padan', 'buruk', 'masa', 'kontribusi', 'apaa']","[('buruk',), ('lawan',), ('tu',), ('padan',), ('buruk',), ('masa',), ('kontribusi',), ('apaa',)]"
"['tolol', 'sudah', 'brpa', 'kalah', 'menang', 'kalah', 'sampek', 'gilak', 'gx', 'ad', 'otak', 'besok', 'baik', 'lg', 'jangan', 'gitu', 'nyengsarain']","[('tolol',), ('sudah',), ('brpa',), ('kalah',), ('menang',), ('kalah',), ('sampek',), ('gilak',), ('gx',), ('ad',), ('otak',), ('besok',), ('baik',), ('lg',), ('jangan',), ('gitu',), ('nyengsarain',)]"
"['bintang', 'pilih', 'kurang', 'tegas', 'hadap', 'niat', 'ngefeed', 'dalam']","[('bintang',), ('pilih',), ('kurang',), ('tegas',), ('hadap',), ('niat',), ('ngefeed',), ('dalam',)]"
['kontol'],"[('kontol',)]"
"['stres', 'menang', 'kalah', 'sampai', 'imbang', 'adil', 'beda', 'bagus', 'sekarang', 'anj']","[('stres',), ('menang',), ('kalah',), ('sampai',), ('imbang',), ('adil',), ('beda',), ('bagus',), ('sekarang',), ('anj',)]"
"['makin', 'makin', 'ruksak', 'masalah', 'lobby', 'hijau', 'drapick', 'hijau', 'masuk', 'freeze', 'putus', 'ampun', 'parah', 'benar', 'makin', 'ponsel', 'luas', 'alhasil', 'apk', 'nyaman', 'muak', 'gitu']","[('makin',), ('makin',), ('ruksak',), ('masalah',), ('lobby',), ('hijau',), ('drapick',), ('hijau',), ('masuk',), ('freeze',), ('putus',), ('ampun',), ('parah',), ('benar',), ('makin',), ('ponsel',), ('luas',), ('alhasil',), ('apk',), ('nyaman',), ('muak',), ('gitu',)]"
"['jelas', 'banyak', 'bot']","[('jelas',), ('banyak',), ('bot',)]"
['kontol'],"[('kontol',)]"
"['knpa', 'skrng', 'jringn', 'bgus', 'lag', 'jringan', 'ijo', 'klau', 'merah', 'slh', 'mh', 'hijo', 'jringn', 'merah']","[('knpa',), ('skrng',), ('jringn',), ('bgus',), ('lag',), ('jringan',), ('ijo',), ('klau',), ('merah',), ('slh',), ('mh',), ('hijo',), ('jringn',), ('merah',)]"
"['tanding', 'atur', 'biar', 'naikini', 'paling', 'jengkel']","[('tanding',), ('atur',), ('biar',), ('naikini',), ('paling',), ('jengkel',)]"
"['pernah', 'adil', 'dalam', 'tanding', 'gajelas', 'dalam', 'rankednya', 'lawan', 'tier', 'ranknya']","[('pernah',), ('adil',), ('dalam',), ('tanding',), ('gajelas',), ('dalam',), ('rankednya',), ('lawan',), ('tier',), ('ranknya',)]"
"['kecewa', 'masa', 'musuh', 'jago', 'sendiri', 'lolot', 'lag', 'parah']","[('kecewa',), ('masa',), ('musuh',), ('jago',), ('sendiri',), ('lolot',), ('lag',), ('parah',)]"
"['cape', 'ketemu', 'poke', 'musuh', 'jago', 'jangan', 'gamau', 'stres']","[('cape',), ('ketemu',), ('poke',), ('musuh',), ('jago',), ('jangan',), ('gamau',), ('stres',)]"
"['sampah', 'gelap', 'pisah', 'partian', 'anj', 'busuk']","[('sampah',), ('gelap',), ('pisah',), ('partian',), ('anj',), ('busuk',)]"
"['yangg', 'bot', 'musuh', 'jagoo', 'gakk', 'suu']","[('yangg',), ('bot',), ('musuh',), ('jagoo',), ('gakk',), ('suu',)]"
"['sinya', 'penuh', 'ngeleh', 'tolol', 'tolol', 'asu']","[('sinya',), ('penuh',), ('ngeleh',), ('tolol',), ('tolol',), ('asu',)]"
"['jelek', 'ls', 'buruk']","[('jelek',), ('ls',), ('buruk',)]"
"['babi', 'stak', 'epik', 'babi', 'klonnga', 'musuh', 'full', 'mitik', 'begok']","[('babi',), ('stak',), ('epik',), ('babi',), ('klonnga',), ('musuh',), ('full',), ('mitik',), ('begok',)]"
"['punya', 'hati', 'jelas', 'menang', 'kalah', 'ngilangin', 'stres']","[('punya',), ('hati',), ('jelas',), ('menang',), ('kalah',), ('ngilangin',), ('stres',)]"
"['lawan', 'menang', 'kalah', 'apapa', 'masalah']","[('lawan',), ('menang',), ('kalah',), ('apapa',), ('masalah',)]"
"['buruk', 'merah', 'pdhl', 'nonton', 'yt', 'roblox', 'lancar', 'jaya', 'buruk', 'ubah']","[('buruk',), ('merah',), ('pdhl',), ('nonton',), ('yt',), ('roblox',), ('lancar',), ('jaya',), ('buruk',), ('ubah',)]"
"['porno', 'rusak', 'mental', 'pikir']","[('porno',), ('rusak',), ('mental',), ('pikir',)]"
"['kagak', 'adil', 'kontol', 'asu']","[('kagak',), ('adil',), ('kontol',), ('asu',)]"
"['gamek', 'ontol', 'lag', 'ngentod']","[('gamek',), ('ontol',), ('lag',), ('ngentod',)]"
"['woy', 'musnah']","[('woy',), ('musnah',)]"
"['tahu', 'jika', 'tagih', 'sportif', 'curang', 'curang', 'beri', 'teman', 'komputer', 'sendiri', 'nickname', 'hampir', 'biasa', 'angkanyakalau', 'laku', 'curang', 'tagih', 'salah', 'justru', 'hapus']","[('tahu',), ('jika',), ('tagih',), ('sportif',), ('curang',), ('curang',), ('beri',), ('teman',), ('komputer',), ('sendiri',), ('nickname',), ('hampir',), ('biasa',), ('angkanyakalau',), ('laku',), ('curang',), ('tagih',), ('salah',), ('justru',), ('hapus',)]"
"['kontol', 'anjing']","[('kontol',), ('anjing',)]"
['mantap'],"[('mantap',)]"
"['kasi', 'baik', 'muntun', 'jgan', 'kasi', 'gelap', 'lahh']","[('kasi',), ('baik',), ('muntun',), ('jgan',), ('kasi',), ('gelap',), ('lahh',)]"
"['bane', 'mohon', 'sesuikan']","[('bane',), ('mohon',), ('sesuikan',)]"
"['hehh', 'bagus', 'capek', 'bintang', 'bagus', 'kau', 'bagus', 'kau', 'bintang']","[('hehh',), ('bagus',), ('capek',), ('bintang',), ('bagus',), ('kau',), ('bagus',), ('kau',), ('bintang',)]"
"['masalah', 'imbang', 'total', 'tanding', 'k', 'ketemu', 'sampai', 'kocak', 'rusak']","[('masalah',), ('imbang',), ('total',), ('tanding',), ('k',), ('ketemu',), ('sampai',), ('kocak',), ('rusak',)]"
"['yey', 'ws', 'smaa', 'mimin', 'syg', 'mimin']","[('yey',), ('ws',), ('smaa',), ('mimin',), ('syg',), ('mimin',)]"
"['akun', 'kena', 'ban']","[('akun',), ('kena',), ('ban',)]"
"['bagus', 'tolong', 'baik', 'machmaking', 'sampah', 'mythic', 'masa', 'ketemu', 'sedang', 'pihak', 'lawan', 'mythic', 'tolong', 'baik', 'machmaking', 'adil']","[('bagus',), ('tolong',), ('baik',), ('machmaking',), ('sampah',), ('mythic',), ('masa',), ('ketemu',), ('sedang',), ('pihak',), ('lawan',), ('mythic',), ('tolong',), ('baik',), ('machmaking',), ('adil',)]"
"['seru', 'santai']","[('seru',), ('santai',)]"
"['bodoh', 'rusak', 'tolo', 'tolo']","[('bodoh',), ('rusak',), ('tolo',), ('tolo',)]"
['busuk'],"[('busuk',)]"
"['culas', 'busuk', 'wajar', 'ketemu', 'musuh', 'buruk', 'gerak', 'mati', 'langsung', 'lancar']","[('culas',), ('busuk',), ('wajar',), ('ketemu',), ('musuh',), ('buruk',), ('gerak',), ('mati',), ('langsung',), ('lancar',)]"
"['akun', 'hubung', 'sudah', 'beberapa', 'coba', 'tetap', 'hubung', 'tolong', 'arah']","[('akun',), ('hubung',), ('sudah',), ('beberapa',), ('coba',), ('tetap',), ('hubung',), ('tolong',), ('arah',)]"
"['wah', 'gmnya', 'bagus', 'gerafiknya', 'bagus', 'derak', 'bananyak', 'coba', 'banyak', 'darak', 'jamin', 'alam', 'seta', 'seson']","[('wah',), ('gmnya',), ('bagus',), ('gerafiknya',), ('bagus',), ('derak',), ('bananyak',), ('coba',), ('banyak',), ('darak',), ('jamin',), ('alam',), ('seta',), ('seson',)]"
['oke'],"[('oke',)]"
['lacur'],"[('lacur',)]"
"['ko', 'makin', 'ngeselin', 'yaa', 'lag', 'parah', 'merah', 'gerak', 'tar', 'jalan', 'sndiri', 'bunuh', 'ngeselin', 'banget', 'asli', 'buka', 'yt', 'kualitas', 'hd', 'ttp', 'jalan']","[('ko',), ('makin',), ('ngeselin',), ('yaa',), ('lag',), ('parah',), ('merah',), ('gerak',), ('tar',), ('jalan',), ('sndiri',), ('bunuh',), ('ngeselin',), ('banget',), ('asli',), ('buka',), ('yt',), ('kualitas',), ('hd',), ('ttp',), ('jalan',)]"
"['musuh', 'imbang', 'adil', 'seru']","[('musuh',), ('imbang',), ('adil',), ('seru',)]"
"['selesai', 'draf', 'selalu', 'lag', 'parah', 'bagus']","[('selesai',), ('draf',), ('selalu',), ('lag',), ('parah',), ('bagus',)]"
"['bagus', 'suka', 'role', 'guna', 'role', 'role', 'dapt']","[('bagus',), ('suka',), ('role',), ('guna',), ('role',), ('role',), ('dapt',)]"
"['sinyal', 'bagus', 'support', 'ngk', 'gerak']","[('sinyal',), ('bagus',), ('support',), ('ngk',), ('gerak',)]"
"['fedder', 'ngk', 'imbang']","[('fedder',), ('ngk',), ('imbang',)]"
"['buruk', 'benar', 'masa', 'musuh', 'sulit', 'keras', 'trol', 'feeder', 'mana', 'suka', 'lag', 'tibatiba', 'makin', 'makin', 'parah']","[('buruk',), ('benar',), ('masa',), ('musuh',), ('sulit',), ('keras',), ('trol',), ('feeder',), ('mana',), ('suka',), ('lag',), ('tibatiba',), ('makin',), ('makin',), ('parah',)]"
"['anjing', 'cape', 'cape', 'naekin', 'ketemu', 'epic', 'muluu']","[('anjing',), ('cape',), ('cape',), ('naekin',), ('ketemu',), ('epic',), ('muluu',)]"
"['hei', 'beri', 'jangan', 'duo', 'trio', 'tolol', 'duotrio', 'tolol']","[('hei',), ('beri',), ('jangan',), ('duo',), ('trio',), ('tolol',), ('duotrio',), ('tolol',)]"
"['sinyal', 'full', 'hijau', 'aneh', 'lag', 'parah', 'sampai', 'kira', 'afk', 'benar', 'benar', 'rugi']","[('sinyal',), ('full',), ('hijau',), ('aneh',), ('lag',), ('parah',), ('sampai',), ('kira',), ('afk',), ('benar',), ('benar',), ('rugi',)]"
"['lag', 'ngentod']","[('lag',), ('ngentod',)]"
"['matching', 'gajelas']","[('matching',), ('gajelas',)]"
"['biasa', 'gelap', 'pasti', 'jumping', 'sinyal', 'oke']","[('biasa',), ('gelap',), ('pasti',), ('jumping',), ('sinyal',), ('oke',)]"
['kontoll'],"[('kontoll',)]"
"['baik', 'noh', 'bug']","[('baik',), ('noh',), ('bug',)]"
"['bug', 'coba', 'report', 'masalah', 'atas', 'balas', 'report']","[('bug',), ('coba',), ('report',), ('masalah',), ('atas',), ('balas',), ('report',)]"
"['kasi', 'musuh', 'sm', 'musuh', 'jago', 'gabisa']","[('kasi',), ('musuh',), ('sm',), ('musuh',), ('jago',), ('gabisa',)]"
"['ngilangin', 'stres', 'ehh', 'tambah', 'stres', 'gaush', 'gila', 'ntr']","[('ngilangin',), ('stres',), ('ehh',), ('tambah',), ('stres',), ('gaush',), ('gila',), ('ntr',)]"
['buruk'],"[('buruk',)]"
"['ganti', 'akun', 'cuma', 'arah', 'pusat', 'akun', 'ikut', 'arah', 'customer', 'servis', 'emosi', 'kadang', 'kode', 'verifikasi', 'salah', 'ganti', 'akun', 'email', 'google', 'sudah', 'benar', 'masukin']","[('ganti',), ('akun',), ('cuma',), ('arah',), ('pusat',), ('akun',), ('ikut',), ('arah',), ('customer',), ('servis',), ('emosi',), ('kadang',), ('kode',), ('verifikasi',), ('salah',), ('ganti',), ('akun',), ('email',), ('google',), ('sudah',), ('benar',), ('masukin',)]"
"['kenapa', 'suara', 'hiro', 'dalam', 'ngak', 'hilang']","[('kenapa',), ('suara',), ('hiro',), ('dalam',), ('ngak',), ('hilang',)]"
"['mikir', 'susah', 'komunikasi', 'gelap', 'aneh']","[('mikir',), ('susah',), ('komunikasi',), ('gelap',), ('aneh',)]"
['good'],"[('good',)]"
"['kenapa', 'sekarang', 'selesai', 'yapping', 'bujang', 'bungkam', 'timkukuat']","[('kenapa',), ('sekarang',), ('selesai',), ('yapping',), ('bujang',), ('bungkam',), ('timkukuat',)]"
"['yatempiyatu', 'asu', 'ngekei', 'goblog', 'kabeh', 'meh', 'munggah', 'mitik', 'e', 'angel', 'e', 'asu', 'jembot']","[('yatempiyatu',), ('asu',), ('ngekei',), ('goblog',), ('kabeh',), ('meh',), ('munggah',), ('mitik',), ('e',), ('angel',), ('e',), ('asu',), ('jembot',)]"
"['jelas', 'makin', 'lama', 'makin', 'hilang', 'sampah']","[('jelas',), ('makin',), ('lama',), ('makin',), ('hilang',), ('sampah',)]"
"['sudah', 'session', 'makin', 'njng', 'moontonnya', 'menang', 'lanjut', 'jangan', 'harap', 'menang', 'darksystemnya', 'ngotak', 'developer', 'selalu', 'binatang', 'buruk', 'su', 'sampai', 'kapan', 'imbang', 'dalam']","[('sudah',), ('session',), ('makin',), ('njng',), ('moontonnya',), ('menang',), ('lanjut',), ('jangan',), ('harap',), ('menang',), ('darksystemnya',), ('ngotak',), ('developer',), ('selalu',), ('binatang',), ('buruk',), ('su',), ('sampai',), ('kapan',), ('imbang',), ('dalam',)]"
['lawak'],"[('lawak',)]"
"['lot', 'baru', 'rang', 'kredit', 'skor', 'babi', 'kau', 'gelap', 'parah']","[('lot',), ('baru',), ('rang',), ('kredit',), ('skor',), ('babi',), ('kau',), ('gelap',), ('parah',)]"
"['menang', 'kalah', 'sampai', 'lima']","[('menang',), ('kalah',), ('sampai',), ('lima',)]"
"['peerbaiki', 'sinyal', 'jngan', 'banyak', 'event']","[('peerbaiki',), ('sinyal',), ('jngan',), ('banyak',), ('event',)]"
"['seru', 'tantang', 'sukapake', 'lancelot']","[('seru',), ('tantang',), ('sukapake',), ('lancelot',)]"
['normal'],"[('normal',)]"
"['makin', 'server', 'lag', 'anj']","[('makin',), ('server',), ('lag',), ('anj',)]"
"['kenapa', 'kalahh', 'teruss', 'ton', 'capemonton', 'kasi', 'apaa', 'kenapa', 'susang', 'benget', 'keluar', 'legendsmonton', 'gamau', 'lose', 'cape']","[('kenapa',), ('kalahh',), ('teruss',), ('ton',), ('capemonton',), ('kasi',), ('apaa',), ('kenapa',), ('susang',), ('benget',), ('keluar',), ('legendsmonton',), ('gamau',), ('lose',), ('cape',)]"
"['lag', 'ping', 'merah', 'busuk']","[('lag',), ('ping',), ('merah',), ('busuk',)]"
"['manajemen', 'milih', 'seluruh', 'cuma', 'indonesia', 'internetnya', 'lambat', 'paksa', 'semua', 'kentang', 'lag', 'brutal', 'pilih', 'mana', 'momen', 'penting', 'tentu', 'menang', 'buah']","[('manajemen',), ('milih',), ('seluruh',), ('cuma',), ('indonesia',), ('internetnya',), ('lambat',), ('paksa',), ('semua',), ('kentang',), ('lag',), ('brutal',), ('pilih',), ('mana',), ('momen',), ('penting',), ('tentu',), ('menang',), ('buah',)]"
"['pokimai', 'masuk', 'akal', 'sedang', 'musuh', 'jago', 'poqi']","[('pokimai',), ('masuk',), ('akal',), ('sedang',), ('musuh',), ('jago',), ('poqi',)]"
"['binatang', 'beri', 'hapus', 'banyak', 'bug', 'update', 'sekian', 'wasalam']","[('binatang',), ('beri',), ('hapus',), ('banyak',), ('bug',), ('update',), ('sekian',), ('wasalam',)]"
['aneh'],"[('aneh',)]"
"['seru', 'banget', 'sudah', 'th', 'bosen', 'bosen']","[('seru',), ('banget',), ('sudah',), ('th',), ('bosen',), ('bosen',)]"
"['season', 'kemarin', 'cuam', 'puterputer', 'menang', 'kalah', 'naik', 'enggak', 'turun', 'enggak', 'stuck', 'situ', 'macth', 'mvp', 'kalah', 'menang', 'mvp', 'privilege']","[('season',), ('kemarin',), ('cuam',), ('puterputer',), ('menang',), ('kalah',), ('naik',), ('enggak',), ('turun',), ('enggak',), ('stuck',), ('situ',), ('macth',), ('mvp',), ('kalah',), ('menang',), ('mvp',), ('privilege',)]"
"['sekrang', 'ngasi', 'tolol', 'semua']","[('sekrang',), ('ngasi',), ('tolol',), ('semua',)]"
"['like', 'it']","[('like',), ('it',)]"
"['rusak', 'masalah']","[('rusak',), ('masalah',)]"
"['jelas', 'd', 'kurang', 'kredit', 'skor', 'ngga', 'ngapa', 'ngapain']","[('jelas',), ('d',), ('kurang',), ('kredit',), ('skor',), ('ngga',), ('ngapa',), ('ngapain',)]"
"['suka', 'lag', 'karuan', 'pen', 'lag', 'bagus', 'tolong', 'jangan', 'rusak', 'nyaman']","[('suka',), ('lag',), ('karuan',), ('pen',), ('lag',), ('bagus',), ('tolong',), ('jangan',), ('rusak',), ('nyaman',)]"
"['gemm', 'jembot', 'kontol', 'asu', 'tempek', 'keok', 'akeh', 'gelap', 'coknasu']","[('gemm',), ('jembot',), ('kontol',), ('asu',), ('tempek',), ('keok',), ('akeh',), ('gelap',), ('coknasu',)]"
"['kikir', 'bgst', 'ajg', 'losstreak']","[('kikir',), ('bgst',), ('ajg',), ('losstreak',)]"
"['bagus', 'ngotak', 'kadang', 'siyal', 'jelek', 'pus', 'dpet', 'musuh', 'jago', 'semua', 'sendiri', 'jelek', 'lgi', 'pusreng', 'dpet', 'musuh', 'jgo', 'semua']","[('bagus',), ('ngotak',), ('kadang',), ('siyal',), ('jelek',), ('pus',), ('dpet',), ('musuh',), ('jago',), ('semua',), ('sendiri',), ('jelek',), ('lgi',), ('pusreng',), ('dpet',), ('musuh',), ('jgo',), ('semua',)]"
"['tolong', 'musuh', 'padan', 'masa', 'ex', 'ketemu', 'musuh', 'ex', 'imo', 'semua', 'adil', 'padan']","[('tolong',), ('musuh',), ('padan',), ('masa',), ('ex',), ('ketemu',), ('musuh',), ('ex',), ('imo',), ('semua',), ('adil',), ('padan',)]"
['buruk'],"[('buruk',)]"
"['beri', 'adil', 'adil', 'banyak', 'meng', 'troll', 'jika', 'role', 'sengsara', 'jika', 'troll', 'ranking', 'kena', 'lindung', 'kasihan', 'orng', 'lain', 'troll', 'turun']","[('beri',), ('adil',), ('adil',), ('banyak',), ('meng',), ('troll',), ('jika',), ('role',), ('sengsara',), ('jika',), ('troll',), ('ranking',), ('kena',), ('lindung',), ('kasihan',), ('orng',), ('lain',), ('troll',), ('turun',)]"
['tae'],"[('tae',)]"
"['punya', 'bocil', 'minimal', 'waras', 'lol']","[('punya',), ('bocil',), ('minimal',), ('waras',), ('lol',)]"
"['jelek', 'mending', 'hapus', 'darksistem', 'semua', 'musuh', 'jago', 'adil', 'jelek', 'usah', 'mainin', 'usak', 'otak']","[('jelek',), ('mending',), ('hapus',), ('darksistem',), ('semua',), ('musuh',), ('jago',), ('adil',), ('jelek',), ('usah',), ('mainin',), ('usak',), ('otak',)]"
"['gblok', 'alam', 'romawi', 'glory', 'guobloknya', 'berapa', 'gblok', 'profil', 'tolol', 'parah', 'matchnya', 'anjeng']","[('gblok',), ('alam',), ('romawi',), ('glory',), ('guobloknya',), ('berapa',), ('gblok',), ('profil',), ('tolol',), ('parah',), ('matchnya',), ('anjeng',)]"
"['saranin', 'sabar', 'setip', 'tisu', 'jangan', 'otak', 'stres', 'lama', 'lama', 'kesel', 'jugaa', 'rusak']","[('saranin',), ('sabar',), ('setip',), ('tisu',), ('jangan',), ('otak',), ('stres',), ('lama',), ('lama',), ('kesel',), ('jugaa',), ('rusak',)]"
"['kait', 'rusak', 'ngotak', 'sedikit']","[('kait',), ('rusak',), ('ngotak',), ('sedikit',)]"
"['gm', 'taik', 'tol', 'semuaa', 'kasi', 'ajingg', 'binatang', 'ngsi', 'kontoll', 'anjing']","[('gm',), ('taik',), ('tol',), ('semuaa',), ('kasi',), ('ajingg',), ('binatang',), ('ngsi',), ('kontoll',), ('anjing',)]"
"['rusak', 'tres', 'ngk', 'adil', 'lolot', 'mending', 'pindah', 'king', 'lebih', 'tarik', 'lebih', 'adil', 'beri', 'lawan', 'sesuai', 'mampu', 'sendiri', 'beda', 'beri', 'musuh', 'ngak', 'imbang', 'sendiri', 'tambah', 'sekarang', 'sendiri', 'mati', 'pasti', 'langsung', 'ripot', 'kurang', 'kredit', 'kor', 'ngak', 'kasi', 'layer', 'buruk']","[('rusak',), ('tres',), ('ngk',), ('adil',), ('lolot',), ('mending',), ('pindah',), ('king',), ('lebih',), ('tarik',), ('lebih',), ('adil',), ('beri',), ('lawan',), ('sesuai',), ('mampu',), ('sendiri',), ('beda',), ('beri',), ('musuh',), ('ngak',), ('imbang',), ('sendiri',), ('tambah',), ('sekarang',), ('sendiri',), ('mati',), ('pasti',), ('langsung',), ('ripot',), ('kurang',), ('kredit',), ('kor',), ('ngak',), ('kasi',), ('layer',), ('buruk',)]"
"['bagus', 'grafik', 'sudah', 'gabisa', 'sekarang']","[('bagus',), ('grafik',), ('sudah',), ('gabisa',), ('sekarang',)]"
['kotl'],"[('kotl',)]"
"['pesan', 'buka', 'beri', 'langgar', 'tanpa', 'lihat', 'mentulusuri', 'tolong', 'perbaikin', 'belum', 'ambil', 'tindak']","[('pesan',), ('buka',), ('beri',), ('langgar',), ('tanpa',), ('lihat',), ('mentulusuri',), ('tolong',), ('perbaikin',), ('belum',), ('ambil',), ('tindak',)]"
"['ketemu', 'gajelas']","[('ketemu',), ('gajelas',)]"
['dongo'],"[('dongo',)]"
"['settingan', 'banyak', 'bot', 'kalah', 'moga', 'cepat', 'bangkrut', 'aamiin']","[('settingan',), ('banyak',), ('bot',), ('kalah',), ('moga',), ('cepat',), ('bangkrut',), ('aamiin',)]"
"['gaje', 'lama', 'season', 'isi', 'banyak', 'maksa', 'sedang', 'musuh', 'renk', 'tinggi', 'glory', 'renk', 'tinggi', 'epic', 'mawi', 'username', 'fadil', 'elek', 'lama', 'season', 'pernah', 'ws']","[('gaje',), ('lama',), ('season',), ('isi',), ('banyak',), ('maksa',), ('sedang',), ('musuh',), ('renk',), ('tinggi',), ('glory',), ('renk',), ('tinggi',), ('epic',), ('mawi',), ('username',), ('fadil',), ('elek',), ('lama',), ('season',), ('pernah',), ('ws',)]"
['oke'],"[('oke',)]"
"['lain', 'jali', 'kasi', 'waras', 'sedikit', 'jn', 'ngetrol', 'mikir', 'napa', 'org', 'improve', 'dr', 'skill', 'kasi', 'gt', 'org', 'mentok', 'lawak']","[('lain',), ('jali',), ('kasi',), ('waras',), ('sedikit',), ('jn',), ('ngetrol',), ('mikir',), ('napa',), ('org',), ('improve',), ('dr',), ('skill',), ('kasi',), ('gt',), ('org',), ('mentok',), ('lawak',)]"
"['sudah', 'apus', 'beri', 'gprnah', 'benar']","[('sudah',), ('apus',), ('beri',), ('gprnah',), ('benar',)]"
"['skin', 'gratis', 'jangan', 'trial', 'herobadang', 'helcrut', 'semuahero', 'gratis', 'nanti', 'bintang', 'suka', 'pasang', 'hapymod']","[('skin',), ('gratis',), ('jangan',), ('trial',), ('herobadang',), ('helcrut',), ('semuahero',), ('gratis',), ('nanti',), ('bintang',), ('suka',), ('pasang',), ('hapymod',)]"
"['bagus', 'beri', 'diamond', 'beri', 'bintang', 'cukup']","[('bagus',), ('beri',), ('diamond',), ('beri',), ('bintang',), ('cukup',)]"
"['usah', 'ngekil', 'ges', 'mending', 'assist', 'cape', 'cape', 'kill', 'ngepush', 'kalah', 'punya', 'assist', 'lebih', 'banyak', 'mvp', 'mati', 'banyak', 'dia']","[('usah',), ('ngekil',), ('ges',), ('mending',), ('assist',), ('cape',), ('cape',), ('kill',), ('ngepush',), ('kalah',), ('punya',), ('assist',), ('lebih',), ('banyak',), ('mvp',), ('mati',), ('banyak',), ('dia',)]"
['pepek'],"[('pepek',)]"
"['banyak', 'darksistem']","[('banyak',), ('darksistem',)]"
"['seru', 'tolong', 'imbang']","[('seru',), ('tolong',), ('imbang',)]"
['kontol'],"[('kontol',)]"
[],[]
"['parah', 'banget', 'ngebug', 'oke', 'plus', 'tia', 'sentuh', 'kena', 'afk', 'baik']","[('parah',), ('banget',), ('ngebug',), ('oke',), ('plus',), ('tia',), ('sentuh',), ('kena',), ('afk',), ('baik',)]"
"['klok', 'bot', 'musuh', 'jugak', 'bot', 'bot', 'musuh', 'gg', 'tololtolong', 'ituh', 'lobi', 'bnerin', 'mles']","[('klok',), ('bot',), ('musuh',), ('jugak',), ('bot',), ('bot',), ('musuh',), ('gg',), ('tololtolong',), ('ituh',), ('lobi',), ('bnerin',), ('mles',)]"
"['ngotak', 'sedikit', 'lawan', 'imbang', 'pasti', 'pindah', 'tolong', 'baik', 'napa', 'lawan', 'ngotak', 'senang', 'senang', 'imbang', 'lawan', 'alhasil', 'lose', 'streakkecewa', 'berat']","[('ngotak',), ('sedikit',), ('lawan',), ('imbang',), ('pasti',), ('pindah',), ('tolong',), ('baik',), ('napa',), ('lawan',), ('ngotak',), ('senang',), ('senang',), ('imbang',), ('lawan',), ('alhasil',), ('lose',), ('streakkecewa',), ('berat',)]"
"['grafik', 'bagus', 'banget', 'ngasi', 'curang', 'keye']","[('grafik',), ('bagus',), ('banget',), ('ngasi',), ('curang',), ('keye',)]"
"['asu', 'celeng', 'lol']","[('asu',), ('celeng',), ('lol',)]"
"['sampah', 'naik', 'buruk', 'kyk', 'gitu']","[('sampah',), ('naik',), ('buruk',), ('kyk',), ('gitu',)]"
"['hapus', 'play', 'store', 'beberapa', 'selalu', 'baik']","[('hapus',), ('play',), ('store',), ('beberapa',), ('selalu',), ('baik',)]"
"['banyak', 'satu', 'banyak', 'ngadu', 'admin', 'parah', 'banyak', 'atur']","[('banyak',), ('satu',), ('banyak',), ('ngadu',), ('admin',), ('parah',), ('banyak',), ('atur',)]"
"['tolol', 'banyak', 'benar', 'gelap', 'tolol']","[('tolol',), ('banyak',), ('benar',), ('gelap',), ('tolol',)]"
"['scam', 'recommended', 'selalu', 'gabisa', 'nyeleneh', 'musuh', 'jago', 'padan', 'daya', 'punya', 'party', 'gimana', 'ngembangin', 'skill', 'rata', 'gabisa']","[('scam',), ('recommended',), ('selalu',), ('gabisa',), ('nyeleneh',), ('musuh',), ('jago',), ('padan',), ('daya',), ('punya',), ('party',), ('gimana',), ('ngembangin',), ('skill',), ('rata',), ('gabisa',)]"
"['selalu', 'lag', 'walau', 'baik']","[('selalu',), ('lag',), ('walau',), ('baik',)]"
"['tolong', 'baik', 'sudah', 'terlalu', 'lag']","[('tolong',), ('baik',), ('sudah',), ('terlalu',), ('lag',)]"
['taek'],"[('taek',)]"
['mantap'],"[('mantap',)]"
"['selesai', 'draft', 'selalu', 'patah', 'patah', 'sempat', 'ganti', 'build', 'build', 'rekomendasi', 'belum', 'update', 'lancar', 'lancar', 'sekarang', 'kenapa', 'menggangu', 'errorlag', 'selesai', 'draft', 'sinyal', 'bagus', 'bintang', 'satu', 'update', 'sekarang', 'sudah', 'fiks', 'baru', 'bintang']","[('selesai',), ('draft',), ('selalu',), ('patah',), ('patah',), ('sempat',), ('ganti',), ('build',), ('build',), ('rekomendasi',), ('belum',), ('update',), ('lancar',), ('lancar',), ('sekarang',), ('kenapa',), ('menggangu',), ('errorlag',), ('selesai',), ('draft',), ('sinyal',), ('bagus',), ('bintang',), ('satu',), ('update',), ('sekarang',), ('sudah',), ('fiks',), ('baru',), ('bintang',)]"
"['tolol', 'ge', 'updet', 'mas', 'salah', 'lag', 'hijau', 'sinyal', 'ko', 'lag', 'rusak', 'jangan', 'diem', 'tangung', 'jawab']","[('tolol',), ('ge',), ('updet',), ('mas',), ('salah',), ('lag',), ('hijau',), ('sinyal',), ('ko',), ('lag',), ('rusak',), ('jangan',), ('diem',), ('tangung',), ('jawab',)]"
['cool'],"[('cool',)]"
['best'],"[('best',)]"
['kontol'],"[('kontol',)]"
"['rusak', 'lag', 'ping', 'jumping', 'kaga', 'jelas']","[('rusak',), ('lag',), ('ping',), ('jumping',), ('kaga',), ('jelas',)]"
"['bro', 'puas', 'permainin', 'menang', 'kala', 'ajing', 'musu', 'lol', 'jan', 'mityik', 'gaem', 'lol']","[('bro',), ('puas',), ('permainin',), ('menang',), ('kala',), ('ajing',), ('musu',), ('lol',), ('jan',), ('mityik',), ('gaem',), ('lol',)]"
"['lag', 'lobby', 'aman', 'nyaman']","[('lag',), ('lobby',), ('aman',), ('nyaman',)]"
"['woy', 'sinyal', 'lag', 'make', 'wifi', 'lohh', 'make', 'bagus', 'lag', 'banget', 'lag', 'sampai', 'gerak']","[('woy',), ('sinyal',), ('lag',), ('make',), ('wifi',), ('lohh',), ('make',), ('bagus',), ('lag',), ('banget',), ('lag',), ('sampai',), ('gerak',)]"
"['minimal', 'tolong', 'pernah', 'menang', 'sujud', 'kantor', 'jilat', 'kaki', 'karyawanmu', 'biar', 'ws', 'tolong', 'minimal', 'frustasi', 'pernah', 'ws', 'kawan', 'pindah', 'ff', 'gara', 'gara', 'ls', 'ah', 'percuma', 'ngomong', 'notice']","[('minimal',), ('tolong',), ('pernah',), ('menang',), ('sujud',), ('kantor',), ('jilat',), ('kaki',), ('karyawanmu',), ('biar',), ('ws',), ('tolong',), ('minimal',), ('frustasi',), ('pernah',), ('ws',), ('kawan',), ('pindah',), ('ff',), ('gara',), ('gara',), ('ls',), ('ah',), ('percuma',), ('ngomong',), ('notice',)]"
['yeah'],"[('yeah',)]"
"['kacau', 'stabil']","[('kacau',), ('stabil',)]"
"['update', 'patch', 'nalah', 'tambah', 'busuk', 'super', 'busuk', 'drafting', 'lag', 'aman', 'notif', 'putus', 'sampai', 'masuk', 'menit', 'update', 'patch', 'bukan', 'makin', 'baik', 'makin', 'busuk']","[('update',), ('patch',), ('nalah',), ('tambah',), ('busuk',), ('super',), ('busuk',), ('drafting',), ('lag',), ('aman',), ('notif',), ('putus',), ('sampai',), ('masuk',), ('menit',), ('update',), ('patch',), ('bukan',), ('makin',), ('baik',), ('makin',), ('busuk',)]"
"['gelap', 'semua', 'anjng']","[('gelap',), ('semua',), ('anjng',)]"
"['pilih', 'lawan', 'terlalu', 'adil', 'selalu', 'ngerti', 'balik', 'lawan', 'semua', 'terlalu', 'adil', 'bab']","[('pilih',), ('lawan',), ('terlalu',), ('adil',), ('selalu',), ('ngerti',), ('balik',), ('lawan',), ('semua',), ('terlalu',), ('adil',), ('bab',)]"
"['penarngetan', 'bebas', 'tetap', 'kunci', 'musuh', 'hapus']","[('penarngetan',), ('bebas',), ('tetap',), ('kunci',), ('musuh',), ('hapus',)]"
"['seru', 'suka', 'moga', 'makin', 'bagus']","[('seru',), ('suka',), ('moga',), ('makin',), ('bagus',)]"
"['bagus', 'cocok', 'milik', 'sifat', 'mudah', 'marah', 'bantu', 'tenang', 'diri', 'hati', 'tolong', 'baik', 'bagi', 'imbang', 'biar', 'senang']","[('bagus',), ('cocok',), ('milik',), ('sifat',), ('mudah',), ('marah',), ('bantu',), ('tenang',), ('diri',), ('hati',), ('tolong',), ('baik',), ('bagi',), ('imbang',), ('biar',), ('senang',)]"
"['buruk', 'buka', 'ping', 'selalu', 'merah', 'lag', 'parah', 'buka', 'aplikasi', 'lain', 'lancar']","[('buruk',), ('buka',), ('ping',), ('selalu',), ('merah',), ('lag',), ('parah',), ('buka',), ('aplikasi',), ('lain',), ('lancar',)]"
"['buruk', 'kalah', 'nurun', 'satu', 'bintang', 'naik', 'bintang', 'satu', 'lindung', 'tai']","[('buruk',), ('kalah',), ('nurun',), ('satu',), ('bintang',), ('naik',), ('bintang',), ('satu',), ('lindung',), ('tai',)]"
"['kontol', 'bujang', 'anjingg', 'bagus', 'cepek', 'lose', 'ngentot', 'anjiing']","[('kontol',), ('bujang',), ('anjingg',), ('bagus',), ('cepek',), ('lose',), ('ngentot',), ('anjiing',)]"
"['kecewa', 'imbang', 'chat', 'dalam', 'anggap', 'kasar', 'semua', 'batas', 'teman', 'imbang', 'anggap', 'salah', 'chat', 'lebih', 'kurang', 'credit', 'score']","[('kecewa',), ('imbang',), ('chat',), ('dalam',), ('anggap',), ('kasar',), ('semua',), ('batas',), ('teman',), ('imbang',), ('anggap',), ('salah',), ('chat',), ('lebih',), ('kurang',), ('credit',), ('score',)]"
"['mith', 'please']","[('mith',), ('please',)]"
"['jelek', 'ashu', 'pagi', 'sampai', 'sore', 'buka', 'bintang', 'naik', 'lose', 'gajelas', 'mas', 'monnton', 'kasi', 'imbang', 'ashu', 'buka', 'daak', 'kasi', 'sedang', 'musuh', 'kairi', 'ashu', 'uninstall', 'kwuonthol']","[('jelek',), ('ashu',), ('pagi',), ('sampai',), ('sore',), ('buka',), ('bintang',), ('naik',), ('lose',), ('gajelas',), ('mas',), ('monnton',), ('kasi',), ('imbang',), ('ashu',), ('buka',), ('daak',), ('kasi',), ('sedang',), ('musuh',), ('kairi',), ('ashu',), ('uninstall',), ('kwuonthol',)]"
"['masa', 'ganti', 'pp', 'keluar', 'lobby', 'sendiri', 'sinyalperangkat', 'tdk', 'kendala', 'kocak', 'bintang', 'no', 'recommend']","[('masa',), ('ganti',), ('pp',), ('keluar',), ('lobby',), ('sendiri',), ('sinyalperangkat',), ('tdk',), ('kendala',), ('kocak',), ('bintang',), ('no',), ('recommend',)]"
"['kasi', 'benar', 'masa', 'ketemu', 'tolol', 'sudah', 'season', 'ketemu', 'tolol', 'sumpah']","[('kasi',), ('benar',), ('masa',), ('ketemu',), ('tolol',), ('sudah',), ('season',), ('ketemu',), ('tolol',), ('sumpah',)]"
"['parah', 'lag', 'stabil', 'emosi']","[('parah',), ('lag',), ('stabil',), ('emosi',)]"
"['bagus', 'selalu', 'lag', 'patah', 'patah', 'rusak', 'rusak', 'rusakk', 'mending', 'uninstal', 'pindah']","[('bagus',), ('selalu',), ('lag',), ('patah',), ('patah',), ('rusak',), ('rusak',), ('rusakk',), ('mending',), ('uninstal',), ('pindah',)]"
"['rusak', 'lag', 'banget', 'sial']","[('rusak',), ('lag',), ('banget',), ('sial',)]"
"['pasti', 'sinyal', 'langsung', 'merah', 'tolong', 'd', 'baik', 'tolong', 'baik', 'parah']","[('pasti',), ('sinyal',), ('langsung',), ('merah',), ('tolong',), ('d',), ('baik',), ('tolong',), ('baik',), ('parah',)]"
"['adill', 'cok', 'mitikk', 'musuh', 'glory', 'rata', 'sedang', 'campur', 'biadab']","[('adill',), ('cok',), ('mitikk',), ('musuh',), ('glory',), ('rata',), ('sedang',), ('campur',), ('biadab',)]"
"['update', 'makin', 'tolol', 'bapuk']","[('update',), ('makin',), ('tolol',), ('bapuk',)]"
"['banyak', 'gelap', 'malasin']","[('banyak',), ('gelap',), ('malasin',)]"
"['sinyal', 'bagus', 'ping', 'merah', 'tolong', 'baik']","[('sinyal',), ('bagus',), ('ping',), ('merah',), ('tolong',), ('baik',)]"
['adil'],"[('adil',)]"
"['makin', 'makin', 'lag', 'parah', 'pdhl', 'bagus']","[('makin',), ('makin',), ('lag',), ('parah',), ('pdhl',), ('bagus',)]"
"['kuota', 'banyak', 'wifi', 'jga', 'oke', 'stak', 'afk', 'kesel', 'banget', 'dlu', 'bgtu', 'mls']","[('kuota',), ('banyak',), ('wifi',), ('jga',), ('oke',), ('stak',), ('afk',), ('kesel',), ('banget',), ('dlu',), ('bgtu',), ('mls',)]"
"['keluh', 'kagak', 'benar', 'adil', 'baik', 'jelek', 'banget', 'sumpah', 'dengerin', 'keluh', 'mu', 'baik', 'tolong', 'banget']","[('keluh',), ('kagak',), ('benar',), ('adil',), ('baik',), ('jelek',), ('banget',), ('sumpah',), ('dengerin',), ('keluh',), ('mu',), ('baik',), ('tolong',), ('banget',)]"
"['ping', 'selalu', 'buruk', 'aneh', 'banget']","[('ping',), ('selalu',), ('buruk',), ('aneh',), ('banget',)]"
['buruk'],"[('buruk',)]"
"['montong', 'kurang', 'ngiclik', 'licik', 'lag']","[('montong',), ('kurang',), ('ngiclik',), ('licik',), ('lag',)]"
"['sinyal', 'bagus', 'henti', 'suka', 'henti', 'tolong', 'baik', 'bug', 'muntun']","[('sinyal',), ('bagus',), ('henti',), ('suka',), ('henti',), ('tolong',), ('baik',), ('bug',), ('muntun',)]"
['taik'],"[('taik',)]"
"['aneh', 'temuin', 'party', 'makin', 'lama', 'makin', 'aneh']","[('aneh',), ('temuin',), ('party',), ('makin',), ('lama',), ('makin',), ('aneh',)]"
"['buruk', 'kenapa', 'update', 'ping', 'stabil', 'benar', 'gara', 'gara', 'ping', 'stabil', 'rusak', 'lahh', 'tai']","[('buruk',), ('kenapa',), ('update',), ('ping',), ('stabil',), ('benar',), ('gara',), ('gara',), ('ping',), ('stabil',), ('rusak',), ('lahh',), ('tai',)]"
"['perbaikin', 'freze', 'sinyal', 'aman', 'ko', 'freze', 'berkalikali', 'ganggu', 'alam']","[('perbaikin',), ('freze',), ('sinyal',), ('aman',), ('ko',), ('freze',), ('berkalikali',), ('ganggu',), ('alam',)]"
"['asu', 'teman', 'naik', 'naik', 'teman', 'bot', 'adil']","[('asu',), ('teman',), ('naik',), ('naik',), ('teman',), ('bot',), ('adil',)]"
"['taii', 'lain', 'tuju', 'senangsenang', 'gilastres', 'gila', 'isi', 'gelap', 'semua', 'bintang', 'lima', 'deteksi', 'tolong']","[('taii',), ('lain',), ('tuju',), ('senangsenang',), ('gilastres',), ('gila',), ('isi',), ('gelap',), ('semua',), ('bintang',), ('lima',), ('deteksi',), ('tolong',)]"
"['banyak', 'layer', 'buruk', 'beri', 'derak', 'malas', 'hati', 'hancur', 'anak', 'yatim', 'para', 'bilang', 'bapak', 'sono', 'bapak']","[('banyak',), ('layer',), ('buruk',), ('beri',), ('derak',), ('malas',), ('hati',), ('hancur',), ('anak',), ('yatim',), ('para',), ('bilang',), ('bapak',), ('sono',), ('bapak',)]"
"['bosan', 'lag', 'lag', 'lag', 'dn', 'lag', 'sinyak', 'stbil', 'wifi', 'parah', 'total', 'mending', 'ganti', 'pindah']","[('bosan',), ('lag',), ('lag',), ('lag',), ('dn',), ('lag',), ('sinyak',), ('stbil',), ('wifi',), ('parah',), ('total',), ('mending',), ('ganti',), ('pindah',)]"
"['kompak', 'jng', 'pilihin', 'busuk', 'kurang', 'sekolah', 'masa', 'sinyal', 'merah', 'anggap', 'afk', 'gimana']","[('kompak',), ('jng',), ('pilihin',), ('busuk',), ('kurang',), ('sekolah',), ('masa',), ('sinyal',), ('merah',), ('anggap',), ('afk',), ('gimana',)]"
"['percumah', 'menang', 'menang', 'kalah', 'ting', 'satu', 'bot']","[('percumah',), ('menang',), ('menang',), ('kalah',), ('ting',), ('satu',), ('bot',)]"
"['kenapa', 'sudah', 'makin', 'lama', 'makin', 'jelek', 'lag', 'lag', 'jelas', 'dalam', 'tanding', 'patah', 'patah', 'tibatiba', 'afk', 'patah', 'patah', 'mending', 'brawl', 'clasic', 'patah', 'patah', 'aplikasi', 'makin', 'lama', 'makin', 'berat', 'makin', 'patah', 'patah', 'tolong', 'baik', 'sedikit', 'ringan', 'jangan', 'terlalu', 'berat', 'kasi', 'pengunaan', 'ram', 'kecil', 'tanggap', 'ubah', 'mending', 'pindah']","[('kenapa',), ('sudah',), ('makin',), ('lama',), ('makin',), ('jelek',), ('lag',), ('lag',), ('jelas',), ('dalam',), ('tanding',), ('patah',), ('patah',), ('tibatiba',), ('afk',), ('patah',), ('patah',), ('mending',), ('brawl',), ('clasic',), ('patah',), ('patah',), ('aplikasi',), ('makin',), ('lama',), ('makin',), ('berat',), ('makin',), ('patah',), ('patah',), ('tolong',), ('baik',), ('sedikit',), ('ringan',), ('jangan',), ('terlalu',), ('berat',), ('kasi',), ('pengunaan',), ('ram',), ('kecil',), ('tanggap',), ('ubah',), ('mending',), ('pindah',)]"
"['buruk', 'binatang', 'baik', 'bug', 'sinyal', 'mu']","[('buruk',), ('binatang',), ('baik',), ('bug',), ('sinyal',), ('mu',)]"
"['halo', 'mas', 'muntun', 'tolong', 'jago', 'cape', 'gendong', 'pasti', 'menang', 'kalah', 'menang', 'kalah', 'percaya', 'akun', 'sutsujinkw', 'pindah', 'terimakasih']","[('halo',), ('mas',), ('muntun',), ('tolong',), ('jago',), ('cape',), ('gendong',), ('pasti',), ('menang',), ('kalah',), ('menang',), ('kalah',), ('percaya',), ('akun',), ('sutsujinkw',), ('pindah',), ('terimakasih',)]"
"['lag', 'banyak', 'emperor']","[('lag',), ('banyak',), ('emperor',)]"
"['mohon', 'baik', 'eror', 'bnyk', 'gelap']","[('mohon',), ('baik',), ('eror',), ('bnyk',), ('gelap',)]"
"['ban', 'akun', 'lama', 'dri', 'defeet', 'mllu']","[('ban',), ('akun',), ('lama',), ('dri',), ('defeet',), ('mllu',)]"
"['lag', 'server', 'bug', 'ui', 'lag', 'server', 'speed', 'on', 'lag', 'gerak', 'speed', 'off', 'lag', 'gerak', 'bug', 'ui', 'bug', 'tanding', 'draft', 'pasuk', 'tanding']","[('lag',), ('server',), ('bug',), ('ui',), ('lag',), ('server',), ('speed',), ('on',), ('lag',), ('gerak',), ('speed',), ('off',), ('lag',), ('gerak',), ('bug',), ('ui',), ('bug',), ('tanding',), ('draft',), ('pasuk',), ('tanding',)]"
"['ap', 'anjing']","[('ap',), ('anjing',)]"
"['maaf', 'hapus', 'males', 'beban', 'teman', 'lama', 'pensi', 'terimakasih', 'banyak', 'nemenin', 'mungkin', 'nanti', 'kapankapan']","[('maaf',), ('hapus',), ('males',), ('beban',), ('teman',), ('lama',), ('pensi',), ('terimakasih',), ('banyak',), ('nemenin',), ('mungkin',), ('nanti',), ('kapankapan',)]"
"['banyak', 'gelap']","[('banyak',), ('gelap',)]"
"['orng', 'baru', 'pertama', 'mending', 'usah', 'happy', 'tenang', 'gan', 'stres', 'pusing']","[('orng',), ('baru',), ('pertama',), ('mending',), ('usah',), ('happy',), ('tenang',), ('gan',), ('stres',), ('pusing',)]"
"['ketemu', 'gelap', 'mana', 'mana', 'jelas']","[('ketemu',), ('gelap',), ('mana',), ('mana',), ('jelas',)]"
"['tolol', 'kalah']","[('tolol',), ('kalah',)]"
"['rusak', 'lol']","[('rusak',), ('lol',)]"
"['stres', 'isi', 'gelap', 'swmua']","[('stres',), ('isi',), ('gelap',), ('swmua',)]"
"['makin', 'update', 'makin', 'lag', 'jelas', 'loogin', 'sampai', 'gerak', 'lancar', 'tetap', 'ngaruh', 'sekian', 'terimakasih', 'gaji']","[('makin',), ('update',), ('makin',), ('lag',), ('jelas',), ('loogin',), ('sampai',), ('gerak',), ('lancar',), ('tetap',), ('ngaruh',), ('sekian',), ('terimakasih',), ('gaji',)]"
"['adil', 'dalam', 'pilih', 'bot', 'semua', 'sedang', 'musuh', 'jago', 'jago']","[('adil',), ('dalam',), ('pilih',), ('bot',), ('semua',), ('sedang',), ('musuh',), ('jago',), ('jago',)]"
"['adill', 'dalam', 'bagi', 'banyak', 'gelap', 'musuh', 'gg', 'bot']","[('adill',), ('dalam',), ('bagi',), ('banyak',), ('gelap',), ('musuh',), ('gg',), ('bot',)]"
"['sinyal', 'hilang', 'mati', 'sinyal', 'pull', 'tolong', 'baik', 'sudah', 'baik', 'bintang', 'naikin', 'bintang', 'lima']","[('sinyal',), ('hilang',), ('mati',), ('sinyal',), ('pull',), ('tolong',), ('baik',), ('sudah',), ('baik',), ('bintang',), ('naikin',), ('bintang',), ('lima',)]"
"['percuma', 'update', 'cape', 'sumpah', 'bot', 'musuh', 'sakit', 'banya', 'buuf', 'buka', 'update', 'makin', 'bagus', 'mah', 'makin', 'parah', 'dasar', 'gaje', 'lol']","[('percuma',), ('update',), ('cape',), ('sumpah',), ('bot',), ('musuh',), ('sakit',), ('banya',), ('buuf',), ('buka',), ('update',), ('makin',), ('bagus',), ('mah',), ('makin',), ('parah',), ('dasar',), ('gaje',), ('lol',)]"
"['grafik', 'bagus', 'tetapi', 'jangan', 'mainin', 'samsung', 'oppo']","[('grafik',), ('bagus',), ('tetapi',), ('jangan',), ('mainin',), ('samsung',), ('oppo',)]"
"['sial', 'ajg', 'kasi', 'teman', 'draksistem']","[('sial',), ('ajg',), ('kasi',), ('teman',), ('draksistem',)]"
"['beres', 'lek', 'sinyal', 'pin', 'bagus', 'gerak', 'jelek', 'buruk']","[('beres',), ('lek',), ('sinyal',), ('pin',), ('bagus',), ('gerak',), ('jelek',), ('buruk',)]"
"['banyak', 'gelap', 'minimal', 'banget', 'mvp', 'turun', 'bintang', 'lebih', 'baik', 'kalah', 'mvp', 'bintang', 'bayangin', 'gendong', 'gendong', 'ujung', 'ujung', 'kalah', 'aneh', 'gendong', 'rugi', 'bahkan', 'ngerti']","[('banyak',), ('gelap',), ('minimal',), ('banget',), ('mvp',), ('turun',), ('bintang',), ('lebih',), ('baik',), ('kalah',), ('mvp',), ('bintang',), ('bayangin',), ('gendong',), ('gendong',), ('ujung',), ('ujung',), ('kalah',), ('aneh',), ('gendong',), ('rugi',), ('bahkan',), ('ngerti',)]"
"['nek', 'ngekeii', 'genah', 'tel', 'gatel']","[('nek',), ('ngekeii',), ('genah',), ('tel',), ('gatel',)]"
"['tolong', 'koneksi', 'diperbaikigua', 'kalah', 'gara', 'koneksi', 'stabil']","[('tolong',), ('koneksi',), ('diperbaikigua',), ('kalah',), ('gara',), ('koneksi',), ('stabil',)]"
"['elek', 'masa', 'sinyal', 'ijo', 'lag', 'niat', 'bintang', 'lawak', 'sinyal', 'perhati', 'su']","[('elek',), ('masa',), ('sinyal',), ('ijo',), ('lag',), ('niat',), ('bintang',), ('lawak',), ('sinyal',), ('perhati',), ('su',)]"
"['hama', 'draft', 'bug', 'hama', 'jelas', 'hama']","[('hama',), ('draft',), ('bug',), ('hama',), ('jelas',), ('hama',)]"
"['lag', 'ping', 'jumping', 'sinyal', 'bagus']","[('lag',), ('ping',), ('jumping',), ('sinyal',), ('bagus',)]"
"['tolong', 'masa', 'lag', 'trs', 'tadi']","[('tolong',), ('masa',), ('lag',), ('trs',), ('tadi',)]"
"['bug', 'sinyal', 'bner']","[('bug',), ('sinyal',), ('bner',)]"
"['tolong', 'sinyal', 'rusak', 'iya', 'loby', 'sinyal', 'hijau', 'trs', 'dalam', 'sinyal', 'merah', 'kuning', 'beri', 'bintang', 'lima', 'bukan', 'rekomendasitapi', 'biar', 'komenan', 'lihat', 'tindak', 'lanjut', 'meryport', 'jelasjelas', 'mangganggu', 'kog', 'kena', 'pelanggaranini', 'adi', 'banget', 'sinyal', 'lag', 'buka', 'pemberitahuan', 'sinyal', 'setabil', 'kog', 'malh', 'afk', 'gimana', 'maksud', 'minimal', 'adil']","[('tolong',), ('sinyal',), ('rusak',), ('iya',), ('loby',), ('sinyal',), ('hijau',), ('trs',), ('dalam',), ('sinyal',), ('merah',), ('kuning',), ('beri',), ('bintang',), ('lima',), ('bukan',), ('rekomendasitapi',), ('biar',), ('komenan',), ('lihat',), ('tindak',), ('lanjut',), ('meryport',), ('jelasjelas',), ('mangganggu',), ('kog',), ('kena',), ('pelanggaranini',), ('adi',), ('banget',), ('sinyal',), ('lag',), ('buka',), ('pemberitahuan',), ('sinyal',), ('setabil',), ('kog',), ('malh',), ('afk',), ('gimana',), ('maksud',), ('minimal',), ('adil',)]"
"['he', 'kena', 'afk', 'gara', 'sinyal', 'd', 'berhentiin', 'paket', 'unlimited', 'edition', 'tolong', 'd', 'baik', 'bagus', 'kog']","[('he',), ('kena',), ('afk',), ('gara',), ('sinyal',), ('d',), ('berhentiin',), ('paket',), ('unlimited',), ('edition',), ('tolong',), ('d',), ('baik',), ('bagus',), ('kog',)]"
"['sinyal', 'jelek']","[('sinyal',), ('jelek',)]"
"['ngasi', 'benar', 'dr', 'kemarin', 'sesoen', 'sampai', 'sekarang', 'jls', 'sudah', 'mabar', 'epic', 'klau', 'org', 'komen', 'tanggap', 'tondasar', 'jls']","[('ngasi',), ('benar',), ('dr',), ('kemarin',), ('sesoen',), ('sampai',), ('sekarang',), ('jls',), ('sudah',), ('mabar',), ('epic',), ('klau',), ('org',), ('komen',), ('tanggap',), ('tondasar',), ('jls',)]"
"['iqoo', 'neo', 'chipset', 'snapdragon', 'gen', 'masa', 'iya', 'panas', 'sedikit', 'langsung', 'redup', 'cerah', 'redup', 'sudah', 'beberapa', 'report', 'tetapi', 'solusi']","[('iqoo',), ('neo',), ('chipset',), ('snapdragon',), ('gen',), ('masa',), ('iya',), ('panas',), ('sedikit',), ('langsung',), ('redup',), ('cerah',), ('redup',), ('sudah',), ('beberapa',), ('report',), ('tetapi',), ('solusi',)]"
"['gim', 'seru']","[('gim',), ('seru',)]"
"['bagus', 'patah', 'jelas']","[('bagus',), ('patah',), ('jelas',)]"
"['ngasi', 'musuh', 'pandang', 'capek', 'jir', 'push', 'naik', 'turun', 'naik', 'turun', 'kapan', 'imonya', 'kompak', 'musuh', 'turun', 'imo', 'semua', 'epik', 'kelar', 'kelar', 'capek', 'jirr']","[('ngasi',), ('musuh',), ('pandang',), ('capek',), ('jir',), ('push',), ('naik',), ('turun',), ('naik',), ('turun',), ('kapan',), ('imonya',), ('kompak',), ('musuh',), ('turun',), ('imo',), ('semua',), ('epik',), ('kelar',), ('kelar',), ('capek',), ('jirr',)]"
"['bug', 'mu', 'rusak', 'jing']","[('bug',), ('mu',), ('rusak',), ('jing',)]"
"['buruk', 'dunia']","[('buruk',), ('dunia',)]"
"['selalu', 'buruk', 'hijau', 'buruk']","[('selalu',), ('buruk',), ('hijau',), ('buruk',)]"
"['sumpah', 'tambah', 'lama', 'tambah', 'benar', 'kasi', 'teman', 'imbang', 'jangan', 'berat']","[('sumpah',), ('tambah',), ('lama',), ('tambah',), ('benar',), ('kasi',), ('teman',), ('imbang',), ('jangan',), ('berat',)]"
"['tolol', 'adil', 'kikir', 'buruk', 'moga', 'hapus', 'playstore']","[('tolol',), ('adil',), ('kikir',), ('buruk',), ('moga',), ('hapus',), ('playstore',)]"
"['tolol', 'banyak', 'draksistem']","[('tolol',), ('banyak',), ('draksistem',)]"
"['walaupun', 'kesal', 'favorit']","[('walaupun',), ('kesal',), ('favorit',)]"
"['games', 'skrng', 'bantak', 'bocil']","[('games',), ('skrng',), ('bantak',), ('bocil',)]"
"['minimal', 'starlight', 'member', 'bug', 'ngestak', 'lv', 'dri', 'lalu', 'tolong', 'rusak', 'minimal', 'gaji', 'minggu']","[('minimal',), ('starlight',), ('member',), ('bug',), ('ngestak',), ('lv',), ('dri',), ('lalu',), ('tolong',), ('rusak',), ('minimal',), ('gaji',), ('minggu',)]"
"['musuh', 'imbang']","[('musuh',), ('imbang',)]"
"['lag', 'suka', 'maju', 'maju', 'sendiri', 'enk']","[('lag',), ('suka',), ('maju',), ('maju',), ('sendiri',), ('enk',)]"
['cocok'],"[('cocok',)]"
"['baru', 'tulis', 'ulas', 'lama', 'berapa', 'report', 'after', 'kirain', 'sendiri', 'rasain', 'inbalance', 'nyata', 'banyak', 'kasus', 'tinggal', 'setia']","[('baru',), ('tulis',), ('ulas',), ('lama',), ('berapa',), ('report',), ('after',), ('kirain',), ('sendiri',), ('rasain',), ('inbalance',), ('nyata',), ('banyak',), ('kasus',), ('tinggal',), ('setia',)]"
"['buruk', 'asli', 'bagus']","[('buruk',), ('asli',), ('bagus',)]"
"['mohon', 'atas', 'imbang', 'draft', 'pilih', 'role']","[('mohon',), ('atas',), ('imbang',), ('draft',), ('pilih',), ('role',)]"
"['knapa', 'bngt', 'lag', 'sendiri', 'bukan', 'cuma', 'sya', 'kena', 'kena', 'pdahal', 'sinyal', 'lancar', 'pubg', 'pernah', 'kya']","[('knapa',), ('bngt',), ('lag',), ('sendiri',), ('bukan',), ('cuma',), ('sya',), ('kena',), ('kena',), ('pdahal',), ('sinyal',), ('lancar',), ('pubg',), ('pernah',), ('kya',)]"
"['senang', 'stres', 'lumayan', 'kecuali', 'gelap']","[('senang',), ('stres',), ('lumayan',), ('kecuali',), ('gelap',)]"
"['bosen', 'kalah', 'mending', 'ajar']","[('bosen',), ('kalah',), ('mending',), ('ajar',)]"
"['kontl', 'su', 'isi', 'gelap', 'jan', 'donlod', 'ges', 'gl']","[('kontl',), ('su',), ('isi',), ('gelap',), ('jan',), ('donlod',), ('ges',), ('gl',)]"
"['sinyal', 'hilang', 'habis', 'tu', 'draf', 'lag', 'banget', 'mending', 'fix', 'ngurusin', 'update', 'rusak']","[('sinyal',), ('hilang',), ('habis',), ('tu',), ('draf',), ('lag',), ('banget',), ('mending',), ('fix',), ('ngurusin',), ('update',), ('rusak',)]"
"['baik', 'bug', 'bukan', 'skin', 'keluar', 'wifi', 'rumah', 'oke', 'bug', 'bosen', 'jika', 'bug']","[('baik',), ('bug',), ('bukan',), ('skin',), ('keluar',), ('wifi',), ('rumah',), ('oke',), ('bug',), ('bosen',), ('jika',), ('bug',)]"
"['kenapa', 'baik', 'lag', 'banget', 'tolong', 'rusak', 'susah', 'mood']","[('kenapa',), ('baik',), ('lag',), ('banget',), ('tolong',), ('rusak',), ('susah',), ('mood',)]"
"['lag', 'parah', 'bagus', 'becus', 'cepet', 'rusak', 'pindah', 'rasain']","[('lag',), ('parah',), ('bagus',), ('becus',), ('cepet',), ('rusak',), ('pindah',), ('rasain',)]"
['rusak'],"[('rusak',)]"
"['tolong', 'ubah', 'selalu', 'lain', 'alam', 'format', 'biasa', 'dua', 'imbang', 'beberapa', 'duo', 'trio', 'beda', 'beda', 'saling', 'kenal', 'baru', 'kenal', 'bahkan', 'kenal', 'satu', 'lainbiasanya', 'duotrio', 'suatu', 'dominasi', 'tetapi', 'duotrio', 'satu', 'kompak', 'akibat', 'ketidakseimbangan', 'rusak', 'alam']","[('tolong',), ('ubah',), ('selalu',), ('lain',), ('alam',), ('format',), ('biasa',), ('dua',), ('imbang',), ('beberapa',), ('duo',), ('trio',), ('beda',), ('beda',), ('saling',), ('kenal',), ('baru',), ('kenal',), ('bahkan',), ('kenal',), ('satu',), ('lainbiasanya',), ('duotrio',), ('suatu',), ('dominasi',), ('tetapi',), ('duotrio',), ('satu',), ('kompak',), ('akibat',), ('ketidakseimbangan',), ('rusak',), ('alam',)]"
"['ketemu', 'gelap', 'sudah', 'gendong', 'capek', 'juang', 'gabisa', 'bahkan', 'musuh', 'jago', 'banget', 'mohon', 'baik']","[('ketemu',), ('gelap',), ('sudah',), ('gendong',), ('capek',), ('juang',), ('gabisa',), ('bahkan',), ('musuh',), ('jago',), ('banget',), ('mohon',), ('baik',)]"
"['woy', 'server', 'masalah', 'rusak', 'masa', 'sinyal', 'full', 'langsung', 'ping', 'down', 'aneh', 'banget', 'lama', 'lama']","[('woy',), ('server',), ('masalah',), ('rusak',), ('masa',), ('sinyal',), ('full',), ('langsung',), ('ping',), ('down',), ('aneh',), ('banget',), ('lama',), ('lama',)]"
"['los', 'hapus']","[('los',), ('hapus',)]"
['buruk'],"[('buruk',)]"
['kntl'],"[('kntl',)]"
"['rusak', 'kg', 'tenang', 'lag', 'banget', 'lancar', 'lag', 'parah', 'gimana']","[('rusak',), ('kg',), ('tenang',), ('lag',), ('banget',), ('lancar',), ('lag',), ('parah',), ('gimana',)]"
"['ganguan', 'maet', 'engga', 'jelas']","[('ganguan',), ('maet',), ('engga',), ('jelas',)]"
"['suka', 'legends', 'tolong', 'mooton', 'kurang', 'gelap', 'jago', 'troll', 'musuh', 'jago', 'semua', 'hadeh']","[('suka',), ('legends',), ('tolong',), ('mooton',), ('kurang',), ('gelap',), ('jago',), ('troll',), ('musuh',), ('jago',), ('semua',), ('hadeh',)]"
"['buruk', 'banyak', 'bugkebanyakan', 'draksistem']","[('buruk',), ('banyak',), ('bugkebanyakan',), ('draksistem',)]"
"['logika', 'rendah']","[('logika',), ('rendah',)]"
"['baik', 'kadang', 'gemplay', 'lag', 'jaringanya', 'bagus', 'aduh', 'rugi', 'ginj']","[('baik',), ('kadang',), ('gemplay',), ('lag',), ('jaringanya',), ('bagus',), ('aduh',), ('rugi',), ('ginj',)]"
"['he', 'monnton', 'kasihh', 'benar', 'ngapa', 'tadi', 'benar', 'serius', 'ngetroll', 'gimana', 'nyusahin', 'gwe', 'imbang', 'laahh', 'udhh', 'susah', 'susah', 'mlh', 'kena', 'trol', 'publik', 'kentang', 'kapan', 'lite', 'gwe', 'sudah', 'kuat', 'nihh']","[('he',), ('monnton',), ('kasihh',), ('benar',), ('ngapa',), ('tadi',), ('benar',), ('serius',), ('ngetroll',), ('gimana',), ('nyusahin',), ('gwe',), ('imbang',), ('laahh',), ('udhh',), ('susah',), ('susah',), ('mlh',), ('kena',), ('trol',), ('publik',), ('kentang',), ('kapan',), ('lite',), ('gwe',), ('sudah',), ('kuat',), ('nihh',)]"
"['musuh', 'susah', 'banget']","[('musuh',), ('susah',), ('banget',)]"
"['makin', 'makin', 'jelas', 'ijoo', 'nglag', 'taii']","[('makin',), ('makin',), ('jelas',), ('ijoo',), ('nglag',), ('taii',)]"
"['makin', 'lama', 'makin', 'cacat', 'servernya', 'masa', 'kecepetan', 'wifi', 'mbs', 'lag', 'sampai', 'laen', 'lancar', 'lancar', 'ajaa', 'banyak', 'makan', 'skin', 'guna']","[('makin',), ('lama',), ('makin',), ('cacat',), ('servernya',), ('masa',), ('kecepetan',), ('wifi',), ('mbs',), ('lag',), ('sampai',), ('laen',), ('lancar',), ('lancar',), ('ajaa',), ('banyak',), ('makan',), ('skin',), ('guna',)]"
"['tres', 'banyak', 'gelap']","[('tres',), ('banyak',), ('gelap',)]"
"['tolol', 'anj']","[('tolol',), ('anj',)]"
"['sinyal', 'ijo', 'pencet', 'merahapaan', 'sudah', 'ping', 'bagus']","[('sinyal',), ('ijo',), ('pencet',), ('merahapaan',), ('sudah',), ('ping',), ('bagus',)]"
"['nambah', 'stres', 'jelas', 'semua', 'sedikit', 'sedikit', 'menang', 'sedikit', 'sedikit', 'kalah', 'gitu', 'sampai', 'semua', 'pindah', 'roblox']","[('nambah',), ('stres',), ('jelas',), ('semua',), ('sedikit',), ('sedikit',), ('menang',), ('sedikit',), ('sedikit',), ('kalah',), ('gitu',), ('sampai',), ('semua',), ('pindah',), ('roblox',)]"
"['lain', 'winstreak', 'gausah', 'busuk', 'musuh', 'jago', 'napa', 'minimal', 'gitu', 'napa', 'lose', 'streak', 'jing', 'sudah', 'capek', 'hadepin', 'tel']","[('lain',), ('winstreak',), ('gausah',), ('busuk',), ('musuh',), ('jago',), ('napa',), ('minimal',), ('gitu',), ('napa',), ('lose',), ('streak',), ('jing',), ('sudah',), ('capek',), ('hadepin',), ('tel',)]"
"['do', 'nt', 'this', 'because', 'it', 'not', 'good', 'for', 'your', 'health']","[('do',), ('nt',), ('this',), ('because',), ('it',), ('not',), ('good',), ('for',), ('your',), ('health',)]"
"['baik', 'bug', 'kocak', 'aneh', 'banget', 'sosmed', 'yt', 'semua', 'lancar', 'jarngan', 'naik', 'turun', 'aneh', 'banget', 'kocak']","[('baik',), ('bug',), ('kocak',), ('aneh',), ('banget',), ('sosmed',), ('yt',), ('semua',), ('lancar',), ('jarngan',), ('naik',), ('turun',), ('aneh',), ('banget',), ('kocak',)]"
"['seru', 'tambah', 'kenang']","[('seru',), ('tambah',), ('kenang',)]"
"['tolong', 'hapus', 'bag', 'gelek', 'sinyal', 'lancar', 'aplikasi', 'lain', 'lancar', 'buwat', 'lag', 'brawel', 'lag', 'reng', 'lag', 'banget']","[('tolong',), ('hapus',), ('bag',), ('gelek',), ('sinyal',), ('lancar',), ('aplikasi',), ('lain',), ('lancar',), ('buwat',), ('lag',), ('brawel',), ('lag',), ('reng',), ('lag',), ('banget',)]"
"['lag', 'bangett', 'kl', 'bapuk']","[('lag',), ('bangett',), ('kl',), ('bapuk',)]"
"['bagus', 'tolong', 'sudah', 'beri', 'musuh', 'susah', 'sampah', 'jangan', 'lag', 'bagus', 'ijo', 'paket', 'banyak', 'lag', 'jln', 'tempat', 'tolong', 'keluh', 'tolong', 'banget', 'usah', 'lag', 'lag', 'segala', 'sudah', 'beri', 'mach', 'susah', 'yaudah', 'jangan', 'tambah', 'lag', 'nambah', 'cape', 'lawan', 'musuh', 'gendong', 'lag', 'coba', 'tolong', 'baik']","[('bagus',), ('tolong',), ('sudah',), ('beri',), ('musuh',), ('susah',), ('sampah',), ('jangan',), ('lag',), ('bagus',), ('ijo',), ('paket',), ('banyak',), ('lag',), ('jln',), ('tempat',), ('tolong',), ('keluh',), ('tolong',), ('banget',), ('usah',), ('lag',), ('lag',), ('segala',), ('sudah',), ('beri',), ('mach',), ('susah',), ('yaudah',), ('jangan',), ('tambah',), ('lag',), ('nambah',), ('cape',), ('lawan',), ('musuh',), ('gendong',), ('lag',), ('coba',), ('tolong',), ('baik',)]"
"['mungkin', 'iri', 'baru', 'win', 'musuh', 'jago', 'bego', 'ulangin', 'sampai', 'bintang', 'habis', 'smph']","[('mungkin',), ('iri',), ('baru',), ('win',), ('musuh',), ('jago',), ('bego',), ('ulangin',), ('sampai',), ('bintang',), ('habis',), ('smph',)]"
['monyet'],"[('monyet',)]"
"['sudah', 'susah', 'susah', 'kode', 'redem', 'emot', 'sudah', 'lihat', 'kena', 'izin', 'sudah', 'capet']","[('sudah',), ('susah',), ('susah',), ('kode',), ('redem',), ('emot',), ('sudah',), ('lihat',), ('kena',), ('izin',), ('sudah',), ('capet',)]"
"['lawak', 'sekarang', 'becus', 'dalam', 'tangan', 'akun', 'komputer']","[('lawak',), ('sekarang',), ('becus',), ('dalam',), ('tangan',), ('akun',), ('komputer',)]"
"['banyak', 'gelap', 'komtol']","[('banyak',), ('gelap',), ('komtol',)]"
"['hallo', 'support', 'sedikit', 'keluh', 'habis', 'update', 'patch', 'baru', 'device', 'redmi', 'note', 'pro', 'lag', 'parah', 'last', 'semua', 'sudah', 'heromenyiapkan', 'tanding', 'sangking', 'lag', 'parah', 'costum', 'emblem', 'belum', 'belum', 'update', 'peta', 'patch', 'baru', 'aman', 'rugi', 'dalam', 'tempur', 'terkadang', 'detik', 'sudah', 'jalan', 'baru', 'masuk', 'tanding', 'sudah', 'coba', 'device', 'nyata', 'terimakasih']","[('hallo',), ('support',), ('sedikit',), ('keluh',), ('habis',), ('update',), ('patch',), ('baru',), ('device',), ('redmi',), ('note',), ('pro',), ('lag',), ('parah',), ('last',), ('semua',), ('sudah',), ('heromenyiapkan',), ('tanding',), ('sangking',), ('lag',), ('parah',), ('costum',), ('emblem',), ('belum',), ('belum',), ('update',), ('peta',), ('patch',), ('baru',), ('aman',), ('rugi',), ('dalam',), ('tempur',), ('terkadang',), ('detik',), ('sudah',), ('jalan',), ('baru',), ('masuk',), ('tanding',), ('sudah',), ('coba',), ('device',), ('nyata',), ('terimakasih',)]"
"['banyak', 'draksistem', 'mumet', 'das']","[('banyak',), ('draksistem',), ('mumet',), ('das',)]"
"['sinyal', 'bagus', 'lag']","[('sinyal',), ('bagus',), ('lag',)]"
['bagus'],"[('bagus',)]"
"['parah', 'kasi', 'darksistem', 'makin', 'lama', 'makin', 'males']","[('parah',), ('kasi',), ('darksistem',), ('makin',), ('lama',), ('makin',), ('males',)]"
"['kenapa', 'season', 'makin', 'buruk', 'bagus', 'buka', 'apk', 'lain', 'lancar', 'lag', 'banget', 'diem', 'lobby', 'kadang', 'muter', 'muter', 'draft', 'detik', 'akhir', 'selalu', 'lag', 'ping', 'ijo', 'pdhl', 'lag', 'banget', 'tbtb', 'ping', 'merah', 'season', 'belum', 'lancar', 'entah', 'kentang', 'sudah', 'kuat', 'gmn', 'tolong', 'baik', 'jangan', 'sedikit', 'sedikit', 'pikirin', 'cuma', 'revamp', 'revamp']","[('kenapa',), ('season',), ('makin',), ('buruk',), ('bagus',), ('buka',), ('apk',), ('lain',), ('lancar',), ('lag',), ('banget',), ('diem',), ('lobby',), ('kadang',), ('muter',), ('muter',), ('draft',), ('detik',), ('akhir',), ('selalu',), ('lag',), ('ping',), ('ijo',), ('pdhl',), ('lag',), ('banget',), ('tbtb',), ('ping',), ('merah',), ('season',), ('belum',), ('lancar',), ('entah',), ('kentang',), ('sudah',), ('kuat',), ('gmn',), ('tolong',), ('baik',), ('jangan',), ('sedikit',), ('sedikit',), ('pikirin',), ('cuma',), ('revamp',), ('revamp',)]"
"['suka', 'cocok', 'stabil', 'wifi', 'kemarin', 'jelek', 'kenapa', 'napa', 'lag', 'mls']","[('suka',), ('cocok',), ('stabil',), ('wifi',), ('kemarin',), ('jelek',), ('kenapa',), ('napa',), ('lag',), ('mls',)]"
"['taik', 'lag', 'lag', 'jelas', 'j', 'ng']","[('taik',), ('lag',), ('lag',), ('jelas',), ('j',), ('ng',)]"
"['banyak', 'gelap', 'sistemm', 'beri', 'winstreak']","[('banyak',), ('gelap',), ('sistemm',), ('beri',), ('winstreak',)]"
['gajee'],"[('gajee',)]"
"['ajg', 'kntl', 'bab', 'kmk', 'mmk', 'geje', 'mending', 'tutup', 'have', 'fun', 'bukan', 'stres', 'sok', 'beri', 'ingat', 'baik', 'kau', 'baru', 'beri', 'ingat', 'dongok']","[('ajg',), ('kntl',), ('bab',), ('kmk',), ('mmk',), ('geje',), ('mending',), ('tutup',), ('have',), ('fun',), ('bukan',), ('stres',), ('sok',), ('beri',), ('ingat',), ('baik',), ('kau',), ('baru',), ('beri',), ('ingat',), ('dongok',)]"
"['karana', 'banyak', 'drk']","[('karana',), ('banyak',), ('drk',)]"
"['bagus', 'lansia']","[('bagus',), ('lansia',)]"
"['bagus', 'suka', 'kolo', 'mabar', 'buruk', 'suka']","[('bagus',), ('suka',), ('kolo',), ('mabar',), ('buruk',), ('suka',)]"
"['hama', 'gampang', 'bobol', 'banyak', 'cheater', 'server', 'urus', 'masalah', 'pernah', 'benar', 'guna', 'dev']","[('hama',), ('gampang',), ('bobol',), ('banyak',), ('cheater',), ('server',), ('urus',), ('masalah',), ('pernah',), ('benar',), ('guna',), ('dev',)]"
"['aneh', 'server', 'adil', 'niat', 'pen', 'hilangin', 'cape', 'lose', 'server', 'buruk']","[('aneh',), ('server',), ('adil',), ('niat',), ('pen',), ('hilangin',), ('cape',), ('lose',), ('server',), ('buruk',)]"
"['tolol', 'kalah', 'ton', 'kalah', 'rating']","[('tolol',), ('kalah',), ('ton',), ('kalah',), ('rating',)]"
"['resah', 'masyarakat', 'stres', 'kepala', 'uda', 'jago', 'labih', 'parah', 'musuh', 'luar', 'logika']","[('resah',), ('masyarakat',), ('stres',), ('kepala',), ('uda',), ('jago',), ('labih',), ('parah',), ('musuh',), ('luar',), ('logika',)]"
"['sudah', 'sekarang', 'mangkin', 'lag']","[('sudah',), ('sekarang',), ('mangkin',), ('lag',)]"
"['guna', 'jelass', 'pilih', 'jng', 'donwload', 'nanti', 'nyesel']","[('guna',), ('jelass',), ('pilih',), ('jng',), ('donwload',), ('nanti',), ('nyesel',)]"
"['rusak', 'cacat', 'banyak', 'gelap']","[('rusak',), ('cacat',), ('banyak',), ('gelap',)]"
['bagus'],"[('bagus',)]"
"['perhatiin', 'makin', 'rusak', 'wifi', 'ping', 'lompat', 'gaje', 'bngt', 'sumpah', 'mood']","[('perhatiin',), ('makin',), ('rusak',), ('wifi',), ('ping',), ('lompat',), ('gaje',), ('bngt',), ('sumpah',), ('mood',)]"
"['tolong', 'jelas', 'draksistem', 'semua', 'smpai', 'lostrek']","[('tolong',), ('jelas',), ('draksistem',), ('semua',), ('smpai',), ('lostrek',)]"
"['ubah', 'maka', 'nilai', 'ubah']","[('ubah',), ('maka',), ('nilai',), ('ubah',)]"
"['makin', 'rajalela', 'pakek', 'cheat', 'kena', 'report', 'banyak', 'ngecheat', 'kadang', 'report', 'nick', 'name', 'barusan', 'ngecheat', 'jg', 'hilang', 'hasil', 'pertngdingan', 'jg', 'hilang', 'aneh', 'bintang', 'tetap', 'hilang', 'report', 'percuma', 'gubris', 'tetap', 'lepas']","[('makin',), ('rajalela',), ('pakek',), ('cheat',), ('kena',), ('report',), ('banyak',), ('ngecheat',), ('kadang',), ('report',), ('nick',), ('name',), ('barusan',), ('ngecheat',), ('jg',), ('hilang',), ('hasil',), ('pertngdingan',), ('jg',), ('hilang',), ('aneh',), ('bintang',), ('tetap',), ('hilang',), ('report',), ('percuma',), ('gubris',), ('tetap',), ('lepas',)]"
"['bang', 'resale', 'angela', 'cc', 'pls', 'nnti', 'rate', 'bintang']","[('bang',), ('resale',), ('angela',), ('cc',), ('pls',), ('nnti',), ('rate',), ('bintang',)]"
"['sinyal', 'jelek']","[('sinyal',), ('jelek',)]"
"['kenapa', 'sekarang', 'beda', 'riel', 'adu', 'jago', 'sekarang', 'lebih', 'adu', 'gelap', 'muntun', 'rame', 'jngn', 'gelap', 'kurang', 'senang', 'sulit', 'bagus', 'terlalu', 'banyak', 'ngetrol', 'pesan', 'jika', 'rame', 'hilang', 'gelap']","[('kenapa',), ('sekarang',), ('beda',), ('riel',), ('adu',), ('jago',), ('sekarang',), ('lebih',), ('adu',), ('gelap',), ('muntun',), ('rame',), ('jngn',), ('gelap',), ('kurang',), ('senang',), ('sulit',), ('bagus',), ('terlalu',), ('banyak',), ('ngetrol',), ('pesan',), ('jika',), ('rame',), ('hilang',), ('gelap',)]"
"['bagus', 'baik', 'bug', 'begitu', 'bug', 'langsung', 'rusak', 'mantap']","[('bagus',), ('baik',), ('bug',), ('begitu',), ('bug',), ('langsung',), ('rusak',), ('mantap',)]"
"['dongo', 'kadang', 'susah', 'swap', 'akun']","[('dongo',), ('kadang',), ('susah',), ('swap',), ('akun',)]"
"['pliss', 'selalu', 'update', 'moga', 'rezeki', 'lancar', 'amin']","[('pliss',), ('selalu',), ('update',), ('moga',), ('rezeki',), ('lancar',), ('amin',)]"
"['masa', 'kalah', 'baru', 'update', 'kalah', 'line', 'gimana', 'exp', 'bosen', 'ken', 'leni', 'lain', 'gimana', 'buruk', 'gimana']","[('masa',), ('kalah',), ('baru',), ('update',), ('kalah',), ('line',), ('gimana',), ('exp',), ('bosen',), ('ken',), ('leni',), ('lain',), ('gimana',), ('buruk',), ('gimana',)]"
"['update', 'makin', 'jelek', 'loading', 'lama', 'full', 'draft', 'lag', 'malas', 'ngepush', 'tolong', 'baik']","[('update',), ('makin',), ('jelek',), ('loading',), ('lama',), ('full',), ('draft',), ('lag',), ('malas',), ('ngepush',), ('tolong',), ('baik',)]"
['buruk'],"[('buruk',)]"
"['beri', 'lawan', 'imbang', 'tolol']","[('beri',), ('lawan',), ('imbang',), ('tolol',)]"
"['selalu', 'jelek', 'lag', 'pernah', 'online', 'lain', 'sekarang', 'sudah', 'jelek', 'jelek', 'menit', 'mending', 'lain']","[('selalu',), ('jelek',), ('lag',), ('pernah',), ('online',), ('lain',), ('sekarang',), ('sudah',), ('jelek',), ('jelek',), ('menit',), ('mending',), ('lain',)]"
"['sekarang', 'seru', 'hampir', 'stres', 'gara', 'gara', 'gimana', 'stres', 'menang', 'kalah', 'berkalikali', 'bahkan', 'itung', 'lose']","[('sekarang',), ('seru',), ('hampir',), ('stres',), ('gara',), ('gara',), ('gimana',), ('stres',), ('menang',), ('kalah',), ('berkalikali',), ('bahkan',), ('itung',), ('lose',)]"
"['anjeng', 'isi', 'hewan', 'hewan', 'patek']","[('anjeng',), ('isi',), ('hewan',), ('hewan',), ('patek',)]"
"['makin', 'buruk', 'bagus', 'dalam', 'sinyalerah']","[('makin',), ('buruk',), ('bagus',), ('dalam',), ('sinyalerah',)]"
['mantap'],"[('mantap',)]"
"['sinyal', 'tolong', 'baik']","[('sinyal',), ('tolong',), ('baik',)]"
"['update', 'bug', 'lag', 'kgk', 'rusak', 'lol']","[('update',), ('bug',), ('lag',), ('kgk',), ('rusak',), ('lol',)]"
"['update', 'kemarin', 'makin', 'gajelas', 'lag', 'wifi', 'bagus', 'lag', 'ngekah', 'ping', 'an', 'lag', 'banget', 'ketemu', 'musuh', 'lag', 'ketemu', 'lancar', 'jangan', 'bagus', 'taoi', 'bik']","[('update',), ('kemarin',), ('makin',), ('gajelas',), ('lag',), ('wifi',), ('bagus',), ('lag',), ('ngekah',), ('ping',), ('an',), ('lag',), ('banget',), ('ketemu',), ('musuh',), ('lag',), ('ketemu',), ('lancar',), ('jangan',), ('bagus',), ('taoi',), ('bik',)]"
"['makin', 'makin', 'gajelas', 'ijo', 'ngelegngefreze', 'bug', 'akhir', 'draft']","[('makin',), ('makin',), ('gajelas',), ('ijo',), ('ngelegngefreze',), ('bug',), ('akhir',), ('draft',)]"
['oh'],"[('oh',)]"
"['gjls', 'lag', 'bagus', 'isi', 'draksistem', 'semua']","[('gjls',), ('lag',), ('bagus',), ('isi',), ('draksistem',), ('semua',)]"
"['mkin', 'ksni', 'mkin', 'rusak', 'tu', 'server', 'ajg']","[('mkin',), ('ksni',), ('mkin',), ('rusak',), ('tu',), ('server',), ('ajg',)]"
"['plagiat', 'tolol']","[('plagiat',), ('tolol',)]"
"['bagus', 'banget']","[('bagus',), ('banget',)]"
"['lag', 'ngehe']","[('lag',), ('ngehe',)]"
"['bug', 'seta', 'update', 'baru', 'lag', 'ngelekan']","[('bug',), ('seta',), ('update',), ('baru',), ('lag',), ('ngelekan',)]"
"['tambah', 'berat', 'kentang']","[('tambah',), ('berat',), ('kentang',)]"
"['tambah', 'transfer', 'bp', 'diamond']","[('tambah',), ('transfer',), ('bp',), ('diamond',)]"
"['jangan', 'rusak', 'otak', 'jangan']","[('jangan',), ('rusak',), ('otak',), ('jangan',)]"
"['anjur', 'suka', 'lag', 'jangan', 'instal', 'sedikit']","[('anjur',), ('suka',), ('lag',), ('jangan',), ('instal',), ('sedikit',)]"
['ngotak'],"[('ngotak',)]"
"['ex', 'glory', 'bahkan', 'gapernah', 'musik']","[('ex',), ('glory',), ('bahkan',), ('gapernah',), ('musik',)]"
['stres'],"[('stres',)]"
"['gila', 'muak', 'ditrol', 'publik', 'dongo', 'jung', 'tb', 'neh', 'mending', 'jung', 'assassin']","[('gila',), ('muak',), ('ditrol',), ('publik',), ('dongo',), ('jung',), ('tb',), ('neh',), ('mending',), ('jung',), ('assassin',)]"
"['beri', 'gapernah', 'beres', 'usang']","[('beri',), ('gapernah',), ('beres',), ('usang',)]"
"['apasih', 'sedikit', 'sedikit', 'defeat', 'sedikit', 'sedikit', 'defeat', 'menang', 'lag', 'ping', 'merah', 'kalah', 'developer', 'asu', 'gapernah', 'benar']","[('apasih',), ('sedikit',), ('sedikit',), ('defeat',), ('sedikit',), ('sedikit',), ('defeat',), ('menang',), ('lag',), ('ping',), ('merah',), ('kalah',), ('developer',), ('asu',), ('gapernah',), ('benar',)]"
"['mana', 'sinyal', 'buruk', 'luar', 'ruang', 'ko', 'sudah', 'luar', 'tetap', 'lag', 'bulan']","[('mana',), ('sinyal',), ('buruk',), ('luar',), ('ruang',), ('ko',), ('sudah',), ('luar',), ('tetap',), ('lag',), ('bulan',)]"
"['gelap', 'dh', 'hapus']","[('gelap',), ('dh',), ('hapus',)]"
"['emosimain', 'trio', 'duomawi']","[('emosimain',), ('trio',), ('duomawi',)]"
"['systemnya', 'jelek']","[('systemnya',), ('jelek',)]"
"['sumpah', 'parah', 'benar', 'lag', 'sinyal', 'bagus', 'kuota', 'gede', 'wifi', 'kenceng', 'heran', 'sudah', 'babi', 'kesel']","[('sumpah',), ('parah',), ('benar',), ('lag',), ('sinyal',), ('bagus',), ('kuota',), ('gede',), ('wifi',), ('kenceng',), ('heran',), ('sudah',), ('babi',), ('kesel',)]"
"['paling', 'tolol', 'panjang', 'masa', 'paling', 'banyak']","[('paling',), ('tolol',), ('panjang',), ('masa',), ('paling',), ('banyak',)]"
"['report', 'langgan', 'cuma', 'tenang', 'bukan', 'tindak']","[('report',), ('langgan',), ('cuma',), ('tenang',), ('bukan',), ('tindak',)]"
"['punya', 'buka', 'akun', 'sudah', 'kait']","[('punya',), ('buka',), ('akun',), ('sudah',), ('kait',)]"
"['parah', 'sesaon', 'skrng', 'kalah', 'menang', 'lemah', 'semua', 'musuh', 'jagokompak', 'banding', 'klassic', 'parah', 'bobot', 'adil', 'jangan', 'pernah', 'donwload', 'parah', 'manusiawi', 'duo', 'ketemu', 'mushh', 'trio', 'kadang', 'duo', 'dua', 'musuh', 'sedang', 'cuma', 'satu', 'duo', 'lihat', 'buruk', 'sengaja', 'akun', 'lose', 'biar', 'susah', 'naik']","[('parah',), ('sesaon',), ('skrng',), ('kalah',), ('menang',), ('lemah',), ('semua',), ('musuh',), ('jagokompak',), ('banding',), ('klassic',), ('parah',), ('bobot',), ('adil',), ('jangan',), ('pernah',), ('donwload',), ('parah',), ('manusiawi',), ('duo',), ('ketemu',), ('mushh',), ('trio',), ('kadang',), ('duo',), ('dua',), ('musuh',), ('sedang',), ('cuma',), ('satu',), ('duo',), ('lihat',), ('buruk',), ('sengaja',), ('akun',), ('lose',), ('biar',), ('susah',), ('naik',)]"
"['gemm', 'banyak', 'gelap', 'sistemm', 'asu']","[('gemm',), ('banyak',), ('gelap',), ('sistemm',), ('asu',)]"
"['biasa', 'dalam', 'bila', 'menang', 'kenya', 'merah', 'report', 'ingat', 'afk', 'potong', 'kredit', 'skor', 'dasar', 'punya', 'atitude', 'senang', 'ujungujungnya', 'hukum', 'tuju', 'afk', 'lebih', 'kejar', 'tinggal', 'assu', 'tibatiba', 'potong', 'kredit', 'skor', 'babi']","[('biasa',), ('dalam',), ('bila',), ('menang',), ('kenya',), ('merah',), ('report',), ('ingat',), ('afk',), ('potong',), ('kredit',), ('skor',), ('dasar',), ('punya',), ('atitude',), ('senang',), ('ujungujungnya',), ('hukum',), ('tuju',), ('afk',), ('lebih',), ('kejar',), ('tinggal',), ('assu',), ('tibatiba',), ('potong',), ('kredit',), ('skor',), ('babi',)]"
"['bagus', 'dha']","[('bagus',), ('dha',)]"
"['seru', 'stres', 'stuck', 'epik']","[('seru',), ('stres',), ('stuck',), ('epik',)]"
['adil'],"[('adil',)]"
"['reapot', 'gara', 'gara', 'cheat', 'kagak', 'cheat']","[('reapot',), ('gara',), ('gara',), ('cheat',), ('kagak',), ('cheat',)]"
"['makin', 'lama', 'chet', 'makin', 'banyak', 'utama', 'cheat', 'lag']","[('makin',), ('lama',), ('chet',), ('makin',), ('banyak',), ('utama',), ('cheat',), ('lag',)]"
['bagus'],"[('bagus',)]"
"['buruk', 'mending', 'epep', 'gelap']","[('buruk',), ('mending',), ('epep',), ('gelap',)]"
"['update', 'lag', 'parah', 'lag', 'sinyal', 'bagus', 'wifi', 'tolong', 'baik', 'cepat']","[('update',), ('lag',), ('parah',), ('lag',), ('sinyal',), ('bagus',), ('wifi',), ('tolong',), ('baik',), ('cepat',)]"
"['seru', 'asik']","[('seru',), ('asik',)]"
['rusak'],"[('rusak',)]"
"['baik', 'tambah', 'lag', 'frame', 'drop', 'semenjak', 'update', 'wifidata', 'bagus']","[('baik',), ('tambah',), ('lag',), ('frame',), ('drop',), ('semenjak',), ('update',), ('wifidata',), ('bagus',)]"
"['teammatch', 'imbang', 'lh', 'kala']","[('teammatch',), ('imbang',), ('lh',), ('kala',)]"
"['tantang', 'seru', 'emosi', 'seru', 'rate', 'bintang', 'yng', 'mabar', 'nick', 'name', 'coba', 'tabak', 'siapa', 'sorry', 'namany', 'keliru', 'arigato']","[('tantang',), ('seru',), ('emosi',), ('seru',), ('rate',), ('bintang',), ('yng',), ('mabar',), ('nick',), ('name',), ('coba',), ('tabak',), ('siapa',), ('sorry',), ('namany',), ('keliru',), ('arigato',)]"
"['menang', 'kalah', 'banyak', 'ngetrol']","[('menang',), ('kalah',), ('banyak',), ('ngetrol',)]"
"['jangn', 'emosi', 'sinyal', 'bagus', 'lag', 'lag', 'parah', 'getak', 'sinyal', 'bagus', 'kuning', 'merah', 'lag']","[('jangn',), ('emosi',), ('sinyal',), ('bagus',), ('lag',), ('lag',), ('parah',), ('getak',), ('sinyal',), ('bagus',), ('kuning',), ('merah',), ('lag',)]"
"['sya', 'tdak', 'pus', 'gemes', 'tambah', 'parah', 'jarigan', 'nga', 'stabil', 'loby', 'bagus', 'merah', 'apdep', 'terlalalu', 'nga', 'jelas', 'baget']","[('sya',), ('tdak',), ('pus',), ('gemes',), ('tambah',), ('parah',), ('jarigan',), ('nga',), ('stabil',), ('loby',), ('bagus',), ('merah',), ('apdep',), ('terlalalu',), ('nga',), ('jelas',), ('baget',)]"
['mantap'],"[('mantap',)]"
"['gelap', 'gj']","[('gelap',), ('gj',)]"
"['bintang', 'naik', 'turun']","[('bintang',), ('naik',), ('turun',)]"
"['oke', 'bos']","[('oke',), ('bos',)]"
