userName,content,appVersion,content_clean,tokenized,filtered_tokens,stopwords_removed,stemmed_tokens,slang_replaced,label,self_trained_label
muhammad hkim,pamaniyasarusakali,,pamaniyasarusakali,['pamaniyasarusakali'],['pamaniyasarusakali'],['pamaniyasarusakali'],['pamaniyasarusakali'],['pamaniyasarusakali'],,negative
hilman dewa,nggak ada otak,2.1.18.11201,nggak ada otak,"['nggak', 'ada', 'otak']","['nggak', 'ada', 'otak']",['otak'],"['nggak', 'ada', 'otak']","['tidak', 'ada', 'otak']",,positive
WILLY SUBAGJA,sang at bail game mi ini,,sang at bail game mi ini,"['sang', 'at', 'bail', 'game', 'mi', 'ini']","['sang', 'at', 'bail', 'game', 'mi', 'ini']","['sang', 'at', 'bail', 'mi']","['sang', 'at', 'bail', 'game', 'mi', 'ini']","['sang', 'at', 'bail', 'game', 'mi', 'ini']",,negative
Wardatul Firdausiyah,kasih timgak tau amin,,kasih timgak tau amin,"['kasih', 'timgak', 'tau', 'amin']","['kasih', 'timgak', 'tau', 'amin']","['timgak', 'amin']","['kasih', 'timgak', 'tau', 'amin']","['kasih', 'timgak', 'tau', 'amin']",,negative
Mariana,haji,2.1.18.11201,haji,['haji'],['haji'],['haji'],['haji'],['haji'],,negative
maftah syukrianda,tolong jaringan diperbaiki...masak signyal full mainnya patah2...,2.1.18.11201,tolong jaringan diperbaiki...masak signyal full mainnya patah2...,"['tolong', 'jaringan', 'diperbaiki', '...', 'masak', 'signyal', 'full', 'mainnya', 'patah2', '...']","['tolong', 'jaringan', 'diperbaiki', 'masak', 'signyal', 'full', 'mainnya', 'patah']","['tolong', 'baik', 'signyal', 'full', 'patah']","['tolong', 'jaring', 'baik', 'masak', 'signyal', 'full', 'main', 'patah']","['tolong', 'jaring', 'baik', 'masak', 'signyal', 'full', 'main', 'patah']",,negative
Andi Riko,"uda lama maen game ini, sekarang sekarang sering nge lag gejalas bahkan sampe ngga gerak hero,padahal sinyal bagus wifi bagus.. tolong moonton server ny di perbaiki lagi, klo masi ngga ada perbaikan,dengan hormat saya uninstal",2.1.18.11201,"uda lama maen game ini, sekarang sekarang sering nge lag gejalas bahkan sampe ngga gerak hero,padahal sinyal bagus wifi bagus.. tolong moonton server ny di perbaiki lagi, klo masi ngga ada perbaikan,dengan hormat saya uninstal","['uda', 'lama', 'maen', 'game', 'ini', ',', 'sekarang', 'sekarang', 'sering', 'nge', 'lag', 'gejalas', 'bahkan', 'sampe', 'ngga', 'gerak', 'hero', ',', 'padahal', 'sinyal', 'bagus', 'wifi', 'bagus', '..', 'tolong', 'moonton', 'server', 'ny', 'di', 'perbaiki', 'lagi', ',', 'klo', 'masi', 'ngga', 'ada', 'perbaikan', ',', 'dengan', 'hormat', 'saya', 'uninstal']","['uda', 'lama', 'maen', 'game', 'ini', 'sekarang', 'sekarang', 'sering', 'nge', 'lag', 'gejalas', 'bahkan', 'sampe', 'ngga', 'gerak', 'hero', 'padahal', 'sinyal', 'bagus', 'wifi', 'bagus', 'tolong', 'moonton', 'server', 'ny', 'di', 'perbaiki', 'lagi', 'klo', 'masi', 'ngga', 'ada', 'perbaikan', 'dengan', 'hormat', 'saya', 'uninstal']","['uda', 'lama', 'sekarang', 'sekarang', 'lag', 'gejalas', 'bahkan', 'sampai', 'ngga', 'gerak', 'sinyal', 'bagus', 'wifi', 'bagus', 'tolong', 'server', 'baik', 'mas', 'ngga', 'baik', 'hormat', 'uninstal']","['uda', 'lama', 'maen', 'game', 'ini', 'sekarang', 'sekarang', 'sering', 'nge', 'lag', 'gejalas', 'bahkan', 'sampe', 'ngga', 'gerak', 'hero', 'padahal', 'sinyal', 'bagus', 'wifi', 'bagus', 'tolong', 'moonton', 'server', 'ny', 'di', 'baik', 'lagi', 'klo', 'mas', 'ngga', 'ada', 'baik', 'dengan', 'hormat', 'saya', 'uninstal']","['uda', 'lama', 'main', 'game', 'ini', 'sekarang', 'sekarang', 'sering', 'nge', 'lag', 'gejalas', 'bahkan', 'sampai', 'ngga', 'gerak', 'hero', 'padahal', 'sinyal', 'bagus', 'wifi', 'bagus', 'tolong', 'moonton', 'server', 'nya', 'di', 'baik', 'lagi', 'kalau', 'mas', 'ngga', 'ada', 'baik', 'dengan', 'hormat', 'aku', 'uninstal']",,negative
Rendra Hermateja,makin tidak devices friendly setiap detik ke 13 sampai 0 frame drop 1 fps per 5 detik parah alhasil tidak bisa mengganti emblem dan battle spell. bayangkan di suruh fast respon cuma dikasih waktu 2 detik. chipset SD 732g kurang kah?,2.1.18.11201,makin tidak devices friendly setiap detik ke 13 sampai 0 frame drop 1 fps per 5 detik parah alhasil tidak bisa mengganti emblem dan battle spell. bayangkan di suruh fast respon cuma dikasih waktu 2 detik. chipset sd 732g kurang kah?,"['makin', 'tidak', 'devices', 'friendly', 'setiap', 'detik', 'ke', '13', 'sampai', '0', 'frame', 'drop', '1', 'fps', 'per', '5', 'detik', 'parah', 'alhasil', 'tidak', 'bisa', 'mengganti', 'emblem', 'dan', 'battle', 'spell', '.', 'bayangkan', 'di', 'suruh', 'fast', 'respon', 'cuma', 'dikasih', 'waktu', '2', 'detik', '.', 'chipset', 'sd', '732g', 'kurang', 'kah', '?']","['makin', 'tidak', 'devices', 'friendly', 'setiap', 'detik', 'ke', 'sampai', 'frame', 'drop', 'fps', 'per', 'detik', 'parah', 'alhasil', 'tidak', 'bisa', 'mengganti', 'emblem', 'dan', 'battle', 'spell', 'bayangkan', 'di', 'suruh', 'fast', 'respon', 'cuma', 'dikasih', 'waktu', 'detik', 'chipset', 'sd', 'g', 'kurang', 'kah']","['makin', 'devices', 'friendly', 'detik', 'sampai', 'frame', 'drop', 'fps', 'per', 'detik', 'parah', 'alhasil', 'ganti', 'emblem', 'battle', 'spell', 'bayang', 'suruh', 'fast', 'respon', 'cuma', 'detik', 'chipset', 'sd', 'kurang', 'kah']","['makin', 'tidak', 'devices', 'friendly', 'tiap', 'detik', 'ke', 'sampai', 'frame', 'drop', 'fps', 'per', 'detik', 'parah', 'alhasil', 'tidak', 'bisa', 'ganti', 'emblem', 'dan', 'battle', 'spell', 'bayang', 'di', 'suruh', 'fast', 'respon', 'cuma', 'kasih', 'waktu', 'detik', 'chipset', 'sd', 'g', 'kurang', 'kah']","['makin', 'tidak', 'devices', 'friendly', 'tiap', 'detik', 'ke', 'sampai', 'frame', 'drop', 'fps', 'per', 'detik', 'parah', 'alhasil', 'tidak', 'bisa', 'ganti', 'emblem', 'dan', 'battle', 'spell', 'bayang', 'di', 'suruh', 'fast', 'respon', 'cuma', 'kasih', 'waktu', 'detik', 'chipset', 'sd', 'tidak', 'kurang', 'kah']",,negative
Aboy Tampan,"makin kesini makin ga jelas,,sering lag juga selalu di kasih kalah beruntun dapat tim jelek terus",1.9.99.10932,"makin kesini makin ga jelas,,sering lag juga selalu di kasih kalah beruntun dapat tim jelek terus","['makin', 'kesini', 'makin', 'ga', 'jelas', ',', ',sering', 'lag', 'juga', 'selalu', 'di', 'kasih', 'kalah', 'beruntun', 'dapat', 'tim', 'jelek', 'terus']","['makin', 'kesini', 'makin', 'ga', 'jelas', 'sering', 'lag', 'juga', 'selalu', 'di', 'kasih', 'kalah', 'beruntun', 'dapat', 'tim', 'jelek', 'terus']","['makin', 'makin', 'jelas', 'lag', 'selalu', 'kalah', 'untun', 'jelek']","['makin', 'kesini', 'makin', 'ga', 'jelas', 'sering', 'lag', 'juga', 'selalu', 'di', 'kasih', 'kalah', 'untun', 'dapat', 'tim', 'jelek', 'terus']","['makin', 'kesini', 'makin', 'tidak', 'jelas', 'sering', 'lag', 'juga', 'selalu', 'di', 'kasih', 'kalah', 'untun', 'dapat', 'team', 'jelek', 'terus']",,negative
Nurcah Yadi,jadi jelek sekarang ml ngga bisa buat hp android,1.9.33.10117,jadi jelek sekarang ml ngga bisa buat hp android,"['jadi', 'jelek', 'sekarang', 'ml', 'ngga', 'bisa', 'buat', 'hp', 'android']","['jadi', 'jelek', 'sekarang', 'ml', 'ngga', 'bisa', 'buat', 'hp', 'android']","['jelek', 'sekarang', 'ngga', 'android']","['jadi', 'jelek', 'sekarang', 'ml', 'ngga', 'bisa', 'buat', 'hp', 'android']","['jadi', 'jelek', 'sekarang', 'ml', 'ngga', 'bisa', 'buat', 'hp', 'android']",,negative
Fadil Al-Kahfi,👍👍,2.1.18.11201,👍👍,['👍👍'],[],[],[],[],,negative
Nucnuc 212,"game nya dark sistem ,",2.1.18.11201,"game nya dark sistem ,","['game', 'nya', 'dark', 'sistem', ',']","['game', 'nya', 'dark', 'sistem']",['gelap'],"['game', 'nya', 'dark', 'sistem']","['game', 'nya', 'gelap', 'sistem']",,negative
Dede Rosidin,game ciga bagong ayna sia t bisa ngajawab pertanyaan aing..kana jaringan aing sia di jieun berem..najis ayna mah aing kudu maen deui game ieu,2.1.18.11201,game ciga bagong ayna sia t bisa ngajawab pertanyaan aing..kana jaringan aing sia di jieun berem..najis ayna mah aing kudu maen deui game ieu,"['game', 'ciga', 'bagong', 'ayna', 'sia', 't', 'bisa', 'ngajawab', 'pertanyaan', 'aing', '..', 'kana', 'jaringan', 'aing', 'sia', 'di', 'jieun', 'berem', '..', 'najis', 'ayna', 'mah', 'aing', 'kudu', 'maen', 'deui', 'game', 'ieu']","['game', 'ciga', 'bagong', 'ayna', 'sia', 't', 'bisa', 'ngajawab', 'pertanyaan', 'aing', 'kana', 'jaringan', 'aing', 'sia', 'di', 'jieun', 'berem', 'najis', 'ayna', 'mah', 'aing', 'kudu', 'maen', 'deui', 'game', 'ieu']","['ciga', 'bagong', 'ayna', 'sia', 't', 'ngajawab', 'tanya', 'aing', 'kana', 'aing', 'sia', 'jieun', 'rem', 'najis', 'ayna', 'mah', 'aing', 'kudu', 'deui', 'ieu']","['game', 'ciga', 'bagong', 'ayna', 'sia', 't', 'bisa', 'ngajawab', 'tanya', 'aing', 'kana', 'jaring', 'aing', 'sia', 'di', 'jieun', 'rem', 'najis', 'ayna', 'mah', 'aing', 'kudu', 'maen', 'deui', 'game', 'ieu']","['game', 'ciga', 'bagong', 'ayna', 'sia', 't', 'bisa', 'ngajawab', 'tanya', 'aing', 'kana', 'jaring', 'aing', 'sia', 'di', 'jieun', 'rem', 'najis', 'ayna', 'mah', 'aing', 'kudu', 'main', 'deui', 'game', 'ieu']",,negative
Reski Jpot,"game mkin rusak, suka lag pdhal jringan hijau mnding gk usahhh dowload",2.1.18.11201,"game mkin rusak, suka lag pdhal jringan hijau mnding gk usahhh dowload","['game', 'mkin', 'rusak', ',', 'suka', 'lag', 'pdhal', 'jringan', 'hijau', 'mnding', 'gk', 'usahhh', 'dowload']","['game', 'mkin', 'rusak', 'suka', 'lag', 'pdhal', 'jringan', 'hijau', 'mnding', 'gk', 'usah', 'dowload']","['mkin', 'rusak', 'suka', 'lag', 'pdhal', 'jringan', 'hijau', 'mnding', 'usah', 'dowload']","['game', 'mkin', 'rusak', 'suka', 'lag', 'pdhal', 'jringan', 'hijau', 'mnding', 'gk', 'usah', 'dowload']","['game', 'mkin', 'rusak', 'suka', 'lag', 'pdhal', 'jringan', 'hijau', 'mnding', 'tidak', 'usah', 'dowload']",,negative
MaBaR Seru,game hama,,game hama,"['game', 'hama']","['game', 'hama']",['hama'],"['game', 'hama']","['game', 'hama']",,negative
Surati Surati,"sinyal bagus padahal tapi masih aja ngelag, bikin emosi aja",2.1.18.11201,"sinyal bagus padahal tapi masih aja ngelag, bikin emosi aja","['sinyal', 'bagus', 'padahal', 'tapi', 'masih', 'aja', 'ngelag', ',', 'bikin', 'emosi', 'aja']","['sinyal', 'bagus', 'padahal', 'tapi', 'masih', 'aja', 'ngelag', 'bikin', 'emosi', 'aja']","['sinyal', 'bagus', 'lag', 'emosi']","['sinyal', 'bagus', 'padahal', 'tapi', 'masih', 'aja', 'ngelag', 'bikin', 'emosi', 'aja']","['sinyal', 'bagus', 'padahal', 'tapi', 'masih', 'aja', 'lag', 'bikin', 'emosi', 'aja']",,negative
GONTANG LASO,sering lag padahal pake wifi,2.1.18.11201,sering lag padahal pake wifi,"['sering', 'lag', 'padahal', 'pake', 'wifi']","['sering', 'lag', 'padahal', 'pake', 'wifi']","['lag', 'wifi']","['sering', 'lag', 'padahal', 'pake', 'wifi']","['sering', 'lag', 'padahal', 'pakai', 'wifi']",,negative
Natzhnn,"game ga guna, setiap main jaringan nya jelek, tapi pas nonton yt,ig,tiktok, lancar banget asli ini game ga berguna kntol",1.9.70.10634,"game ga guna, setiap main jaringan nya jelek, tapi pas nonton yt,ig,tiktok, lancar banget asli ini game ga berguna kntol","['game', 'ga', 'guna', ',', 'setiap', 'main', 'jaringan', 'nya', 'jelek', ',', 'tapi', 'pas', 'nonton', 'yt', ',', 'ig', ',', 'tiktok', ',', 'lancar', 'banget', 'asli', 'ini', 'game', 'ga', 'berguna', 'kntol']","['game', 'ga', 'guna', 'setiap', 'main', 'jaringan', 'nya', 'jelek', 'tapi', 'pas', 'nonton', 'yt', 'ig', 'tiktok', 'lancar', 'banget', 'asli', 'ini', 'game', 'ga', 'berguna', 'kntol']","['guna', 'jelek', 'nonton', 'yt', 'ig', 'tiktok', 'lancar', 'banget', 'asli', 'guna', 'kntol']","['game', 'ga', 'guna', 'tiap', 'main', 'jaring', 'nya', 'jelek', 'tapi', 'pas', 'nonton', 'yt', 'ig', 'tiktok', 'lancar', 'banget', 'asli', 'ini', 'game', 'ga', 'guna', 'kntol']","['game', 'tidak', 'guna', 'tiap', 'main', 'jaring', 'nya', 'jelek', 'tapi', 'pas', 'nonton', 'yt', 'ig', 'tiktok', 'lancar', 'banget', 'asli', 'ini', 'game', 'tidak', 'guna', 'kntol']",,negative
Silvan Rizky US,"Gamenya makin burik, tapi yang kagak gw senengin itu ketika rank solo selalu dapet tim feeder seperti bot, gk tahu jenis item sama emblem yang dibutuhkan, terkadang sering dapet tim asal pilih Hero Honor of King jauh lebih seru 🤣",2.1.18.11201,"gamenya makin burik, tapi yang kagak gw senengin itu ketika rank solo selalu dapet tim feeder seperti bot, gk tahu jenis item sama emblem yang dibutuhkan, terkadang sering dapet tim asal pilih hero honor of king jauh lebih seru 🤣","['gamenya', 'makin', 'burik', ',', 'tapi', 'yang', 'kagak', 'gw', 'senengin', 'itu', 'ketika', 'rank', 'solo', 'selalu', 'dapet', 'tim', 'feeder', 'seperti', 'bot', ',', 'gk', 'tahu', 'jenis', 'item', 'sama', 'emblem', 'yang', 'dibutuhkan', ',', 'terkadang', 'sering', 'dapet', 'tim', 'asal', 'pilih', 'hero', 'honor', 'of', 'king', 'jauh', 'lebih', 'seru', '🤣']","['gamenya', 'makin', 'burik', 'tapi', 'yang', 'kagak', 'gw', 'senengin', 'itu', 'ketika', 'rank', 'solo', 'selalu', 'dapet', 'tim', 'feeder', 'seperti', 'bot', 'gk', 'tahu', 'jenis', 'item', 'sama', 'emblem', 'yang', 'dibutuhkan', 'terkadang', 'sering', 'dapet', 'tim', 'asal', 'pilih', 'hero', 'honor', 'of', 'king', 'jauh', 'lebih', 'seru']","['makin', 'buruk', 'kagak', 'senengin', 'selalu', 'feeder', 'bot', 'tahu', 'jenis', 'item', 'emblem', 'butuh', 'terkadang', 'asal', 'pilih', 'king', 'jauh', 'lebih', 'seru']","['gamenya', 'makin', 'burik', 'tapi', 'yang', 'kagak', 'gw', 'senengin', 'itu', 'ketika', 'rank', 'solo', 'selalu', 'dapet', 'tim', 'feeder', 'seperti', 'bot', 'gk', 'tahu', 'jenis', 'item', 'sama', 'emblem', 'yang', 'butuh', 'terkadang', 'sering', 'dapet', 'tim', 'asal', 'pilih', 'hero', 'honor', 'of', 'king', 'jauh', 'lebih', 'seru']","['game', 'makin', 'buruk', 'tapi', 'yang', 'kagak', 'aku', 'senengin', 'itu', 'ketika', 'rank', 'solo', 'selalu', 'dapet', 'team', 'feeder', 'seperti', 'bot', 'tidak', 'tahu', 'jenis', 'item', 'sama', 'emblem', 'yang', 'butuh', 'terkadang', 'sering', 'dapet', 'team', 'asal', 'pilih', 'hero', 'honor', 'of', 'king', 'jauh', 'lebih', 'seru']",,negative
Adli Panggabean,woi kau bagus bagus sikit ngasih tim game t41 timnya 00N semua hapus aja ini game dari play store,2.1.18.11201,woi kau bagus bagus sikit ngasih tim game t41 timnya 00n semua hapus aja ini game dari play store,"['woi', 'kau', 'bagus', 'bagus', 'sikit', 'ngasih', 'tim', 'game', 't41', 'timnya', '00n', 'semua', 'hapus', 'aja', 'ini', 'game', 'dari', 'play', 'store']","['woi', 'kau', 'bagus', 'bagus', 'sikit', 'ngasih', 'tim', 'game', 't', 'timnya', 'n', 'semua', 'hapus', 'aja', 'ini', 'game', 'dari', 'play', 'store']","['buruk', 'kau', 'bagus', 'bagus', 'sikit', 'beri', 't', 'n', 'semua', 'hapus', 'play', 'store']","['woi', 'kau', 'bagus', 'bagus', 'sikit', 'ngasih', 'tim', 'game', 't', 'tim', 'n', 'semua', 'hapus', 'aja', 'ini', 'game', 'dari', 'play', 'store']","['buruk', 'kau', 'bagus', 'bagus', 'sikit', 'beri', 'team', 'game', 't', 'team', 'n', 'semua', 'hapus', 'aja', 'ini', 'game', 'dari', 'play', 'store']",,positive
Rama Pramudya,update season Mulu gak pernah benerin itu jaringan padahal sinyal bagus malah ngelag butut emang,,update season mulu gak pernah benerin itu jaringan padahal sinyal bagus malah ngelag butut emang,"['update', 'season', 'mulu', 'gak', 'pernah', 'benerin', 'itu', 'jaringan', 'padahal', 'sinyal', 'bagus', 'malah', 'ngelag', 'butut', 'emang']","['update', 'season', 'mulu', 'gak', 'pernah', 'benerin', 'itu', 'jaringan', 'padahal', 'sinyal', 'bagus', 'malah', 'ngelag', 'butut', 'emang']","['update', 'season', 'pernah', 'rusak', 'sinyal', 'bagus', 'lag', 'butut']","['update', 'season', 'mulu', 'gak', 'pernah', 'benerin', 'itu', 'jaring', 'padahal', 'sinyal', 'bagus', 'malah', 'ngelag', 'butut', 'emang']","['update', 'season', 'mulu', 'tidak', 'pernah', 'rusak', 'itu', 'jaring', 'padahal', 'sinyal', 'bagus', 'malah', 'lag', 'butut', 'memang']",,negative
Albyan Muhamad,Dikasih kalah mulu sama lawanya di kasih ngeri mulu ml ml lol,2.1.18.11201,dikasih kalah mulu sama lawanya di kasih ngeri mulu ml ml lol,"['dikasih', 'kalah', 'mulu', 'sama', 'lawanya', 'di', 'kasih', 'ngeri', 'mulu', 'ml', 'ml', 'lol']","['dikasih', 'kalah', 'mulu', 'sama', 'lawanya', 'di', 'kasih', 'ngeri', 'mulu', 'ml', 'ml', 'lol']","['kalah', 'lawa', 'ngeri', 'lol']","['kasih', 'kalah', 'mulu', 'sama', 'lawa', 'di', 'kasih', 'ngeri', 'mulu', 'ml', 'ml', 'lol']","['kasih', 'kalah', 'mulu', 'sama', 'lawa', 'di', 'kasih', 'ngeri', 'mulu', 'ml', 'ml', 'lol']",,negative
Salman Albanani,game aneh,2.1.18.11201,game aneh,"['game', 'aneh']","['game', 'aneh']",['aneh'],"['game', 'aneh']","['game', 'aneh']",,negative
Licht Bach,game toksik,,game toksik,"['game', 'toksik']","['game', 'toksik']",['buruk'],"['game', 'toksik']","['game', 'buruk']",,negative
Roni Putra,Saat main sinyal down. Ga pernah di perhatikan saat complain ttg kestabilan sinyal. update terbaru ngelag parah,2.1.18.11201,saat main sinyal down. ga pernah di perhatikan saat complain ttg kestabilan sinyal. update terbaru ngelag parah,"['saat', 'main', 'sinyal', 'down', '.', 'ga', 'pernah', 'di', 'perhatikan', 'saat', 'complain', 'ttg', 'kestabilan', 'sinyal', '.', 'update', 'terbaru', 'ngelag', 'parah']","['saat', 'main', 'sinyal', 'down', 'ga', 'pernah', 'di', 'perhatikan', 'saat', 'complain', 'ttg', 'kestabilan', 'sinyal', 'update', 'terbaru', 'ngelag', 'parah']","['sinyal', 'down', 'pernah', 'perhati', 'complain', 'ttg', 'stabil', 'sinyal', 'update', 'baru', 'lag', 'parah']","['saat', 'main', 'sinyal', 'down', 'ga', 'pernah', 'di', 'perhati', 'saat', 'complain', 'ttg', 'stabil', 'sinyal', 'update', 'baru', 'ngelag', 'parah']","['saat', 'main', 'sinyal', 'down', 'tidak', 'pernah', 'di', 'perhati', 'saat', 'complain', 'ttg', 'stabil', 'sinyal', 'update', 'baru', 'lag', 'parah']",,negative
Hisyam Abdulwahab,"gk jelas ni game selama di update malah makin parah lag nya pdhl hijau sinyalllll tiba tiba msuk ke permainan lagg , afk memang gk jelas",2.1.18.11201,"gk jelas ni game selama di update malah makin parah lag nya pdhl hijau sinyalllll tiba tiba msuk ke permainan lagg , afk memang gk jelas","['gk', 'jelas', 'ni', 'game', 'selama', 'di', 'update', 'malah', 'makin', 'parah', 'lag', 'nya', 'pdhl', 'hijau', 'sinyalllll', 'tiba', 'tiba', 'msuk', 'ke', 'permainan', 'lagg', ',', 'afk', 'memang', 'gk', 'jelas']","['gk', 'jelas', 'ni', 'game', 'selama', 'di', 'update', 'malah', 'makin', 'parah', 'lag', 'nya', 'pdhl', 'hijau', 'sinyal', 'tiba', 'tiba', 'msuk', 'ke', 'permainan', 'lagg', 'afk', 'memang', 'gk', 'jelas']","['jelas', 'lama', 'update', 'makin', 'parah', 'lag', 'pdhl', 'hijau', 'sinyal', 'msuk', 'lagg', 'afk', 'jelas']","['gk', 'jelas', 'ni', 'game', 'lama', 'di', 'update', 'malah', 'makin', 'parah', 'lag', 'nya', 'pdhl', 'hijau', 'sinyal', 'tiba', 'tiba', 'msuk', 'ke', 'main', 'lagg', 'afk', 'memang', 'gk', 'jelas']","['tidak', 'jelas', 'ini', 'game', 'lama', 'di', 'update', 'malah', 'makin', 'parah', 'lag', 'nya', 'pdhl', 'hijau', 'sinyal', 'tiba', 'tiba', 'msuk', 'ke', 'main', 'lagg', 'afk', 'memang', 'tidak', 'jelas']",,negative
Ilham Yahya,Game gaje di glory isi nya tetp banyak draksisitem,,game gaje di glory isi nya tetp banyak draksisitem,"['game', 'gaje', 'di', 'glory', 'isi', 'nya', 'tetp', 'banyak', 'draksisitem']","['game', 'gaje', 'di', 'glory', 'isi', 'nya', 'tetp', 'banyak', 'draksisitem']","['gaje', 'glory', 'isi', 'tetp', 'banyak', 'draksisitem']","['game', 'gaje', 'di', 'glory', 'isi', 'nya', 'tetp', 'banyak', 'draksisitem']","['game', 'gaje', 'di', 'glory', 'isi', 'nya', 'tetp', 'banyak', 'draksisitem']",,negative
Adhitya26 Ferdiansyah,game munafik bego mau win aj di kasih klh dlu wkwk ampas push lama2 cuman stack di lingkaran setan moonton klo kaya gtu trus mending pindah game ketimbang main game kikir cuman stack di rank mawi. minimal klo ngasih team yg imbang dikit biadab masa team musuh pro team gw bot mikir bego mending main ep ep ketimbang main game kikir,2.1.18.11201,game munafik bego mau win aj di kasih klh dlu wkwk ampas push lama2 cuman stack di lingkaran setan moonton klo kaya gtu trus mending pindah game ketimbang main game kikir cuman stack di rank mawi. minimal klo ngasih team yg imbang dikit biadab masa team musuh pro team gw bot mikir bego mending main ep ep ketimbang main game kikir,"['game', 'munafik', 'bego', 'mau', 'win', 'aj', 'di', 'kasih', 'klh', 'dlu', 'wkwk', 'ampas', 'push', 'lama2', 'cuman', 'stack', 'di', 'lingkaran', 'setan', 'moonton', 'klo', 'kaya', 'gtu', 'trus', 'mending', 'pindah', 'game', 'ketimbang', 'main', 'game', 'kikir', 'cuman', 'stack', 'di', 'rank', 'mawi', '.', 'minimal', 'klo', 'ngasih', 'team', 'yg', 'imbang', 'dikit', 'biadab', 'masa', 'team', 'musuh', 'pro', 'team', 'gw', 'bot', 'mikir', 'bego', 'mending', 'main', 'ep', 'ep', 'ketimbang', 'main', 'game', 'kikir']","['game', 'munafik', 'bego', 'mau', 'win', 'aj', 'di', 'kasih', 'klh', 'dlu', 'wkwk', 'ampas', 'push', 'lama', 'cuman', 'stack', 'di', 'lingkaran', 'setan', 'moonton', 'klo', 'kaya', 'gtu', 'trus', 'mending', 'pindah', 'game', 'ketimbang', 'main', 'game', 'kikir', 'cuman', 'stack', 'di', 'rank', 'mawi', 'minimal', 'klo', 'ngasih', 'team', 'yg', 'imbang', 'dikit', 'biadab', 'masa', 'team', 'musuh', 'pro', 'team', 'gw', 'bot', 'mikir', 'bego', 'mending', 'main', 'ep', 'ep', 'ketimbang', 'main', 'game', 'kikir']","['munafik', 'bego', 'win', 'klh', 'dlu', 'wkwk', 'buruk', 'push', 'lama', 'stack', 'lingkar', 'setan', 'gtu', 'mending', 'pindah', 'ketimbang', 'kikir', 'stack', 'mawi', 'minimal', 'beri', 'imbang', 'sedikit', 'biadab', 'masa', 'musuh', 'pro', 'bot', 'mikir', 'bego', 'mending', 'ep', 'ep', 'ketimbang', 'kikir']","['game', 'munafik', 'bego', 'mau', 'win', 'aj', 'di', 'kasih', 'klh', 'dlu', 'wkwk', 'ampas', 'push', 'lama', 'cuman', 'stack', 'di', 'lingkar', 'setan', 'moonton', 'klo', 'kaya', 'gtu', 'trus', 'mending', 'pindah', 'game', 'ketimbang', 'main', 'game', 'kikir', 'cuman', 'stack', 'di', 'rank', 'mawi', 'minimal', 'klo', 'ngasih', 'team', 'yg', 'imbang', 'dikit', 'biadab', 'masa', 'team', 'musuh', 'pro', 'team', 'gw', 'bot', 'mikir', 'bego', 'mending', 'main', 'ep', 'ep', 'ketimbang', 'main', 'game', 'kikir']","['game', 'munafik', 'bego', 'mau', 'win', 'aja', 'di', 'kasih', 'klh', 'dlu', 'wkwk', 'buruk', 'push', 'lama', 'hanya', 'stack', 'di', 'lingkar', 'setan', 'moonton', 'kalau', 'seperti', 'gtu', 'terus', 'mending', 'pindah', 'game', 'ketimbang', 'main', 'game', 'kikir', 'hanya', 'stack', 'di', 'rank', 'mawi', 'minimal', 'kalau', 'beri', 'team', 'yang', 'imbang', 'sedikit', 'biadab', 'masa', 'team', 'musuh', 'pro', 'team', 'aku', 'bot', 'mikir', 'bego', 'mending', 'main', 'ep', 'ep', 'ketimbang', 'main', 'game', 'kikir']",,negative
Rangga Ramadhans,"makin absurb match makingnya,sangat sangat tidak seimbang cuih,sampah staffnya ngga bisa kerja!",2.1.18.11201,"makin absurb match makingnya,sangat sangat tidak seimbang cuih,sampah staffnya ngga bisa kerja!","['makin', 'absurb', 'match', 'makingnya', ',', 'sangat', 'sangat', 'tidak', 'seimbang', 'cuih', ',', 'sampah', 'staffnya', 'ngga', 'bisa', 'kerja', '!']","['makin', 'absurb', 'match', 'makingnya', 'sangat', 'sangat', 'tidak', 'seimbang', 'cuih', 'sampah', 'staffnya', 'ngga', 'bisa', 'kerja']","['makin', 'absurb', 'imbang', 'cuih', 'sampah', 'staffnya', 'ngga', 'kerja']","['makin', 'absurb', 'match', 'making', 'sangat', 'sangat', 'tidak', 'imbang', 'cuih', 'sampah', 'staffnya', 'ngga', 'bisa', 'kerja']","['makin', 'absurb', 'match', 'making', 'sangat', 'sangat', 'tidak', 'imbang', 'cuih', 'sampah', 'staffnya', 'ngga', 'bisa', 'kerja']",,positive
VINZZ KASEP,ga jelas monton ngasih tim ga ngotak mulu gem bikin setres aja,1.7.8.7721,ga jelas monton ngasih tim ga ngotak mulu gem bikin setres aja,"['ga', 'jelas', 'monton', 'ngasih', 'tim', 'ga', 'ngotak', 'mulu', 'gem', 'bikin', 'setres', 'aja']","['ga', 'jelas', 'monton', 'ngasih', 'tim', 'ga', 'ngotak', 'mulu', 'gem', 'bikin', 'setres', 'aja']","['jelas', 'beri', 'ngotak', 'tres']","['ga', 'jelas', 'monton', 'ngasih', 'tim', 'ga', 'ngotak', 'mulu', 'gem', 'bikin', 'tres', 'aja']","['tidak', 'jelas', 'moonton', 'beri', 'team', 'tidak', 'ngotak', 'mulu', 'game', 'bikin', 'tres', 'aja']",,negative
SANSME,"malah makin ngaco ,down trus ,ms naik turuun,gua kasih rating 1 lah",2.1.18.11201,"malah makin ngaco ,down trus ,ms naik turuun,gua kasih rating 1 lah","['malah', 'makin', 'ngaco', ',', 'down', 'trus', ',', 'ms', 'naik', 'turuun', ',', 'gua', 'kasih', 'rating', '1', 'lah']","['malah', 'makin', 'ngaco', 'down', 'trus', 'ms', 'naik', 'turuun', 'gua', 'kasih', 'rating', 'lah']","['makin', 'ngaco', 'down', 'ms', 'naik', 'turuun', 'rating']","['malah', 'makin', 'ngaco', 'down', 'trus', 'ms', 'naik', 'turuun', 'gua', 'kasih', 'rating', 'lah']","['malah', 'makin', 'ngaco', 'down', 'terus', 'ms', 'naik', 'turuun', 'aku', 'kasih', 'rating', 'lah']",,negative
Zaldy Zaldy,"bangke ni game, mending lu urusin tuh masalah bug di ingame daripada ngurusin EVENT dan SKIN MULU. SIA-SIA banyak EVENT ama SKIN klo masalah bug aja gak di urusin. JARINGAN IJO TAPI GAMEPLAY NGELAG ANEH!!!",2.1.18.11201,"bangke ni game, mending lu urusin tuh masalah bug di ingame daripada ngurusin event dan skin mulu. sia-sia banyak event ama skin klo masalah bug aja gak di urusin. jaringan ijo tapi gameplay ngelag aneh!!!","['bangke', 'ni', 'game', ',', 'mending', 'lu', 'urusin', 'tuh', 'masalah', 'bug', 'di', 'ingame', 'daripada', 'ngurusin', 'event', 'dan', 'skin', 'mulu', '.', 'sia-sia', 'banyak', 'event', 'ama', 'skin', 'klo', 'masalah', 'bug', 'aja', 'gak', 'di', 'urusin', '.', 'jaringan', 'ijo', 'tapi', 'gameplay', 'ngelag', 'aneh', '!', '!', '!']","['bangke', 'ni', 'game', 'mending', 'lu', 'urusin', 'tuh', 'masalah', 'bug', 'di', 'ingame', 'daripada', 'ngurusin', 'event', 'dan', 'skin', 'mulu', 'siasia', 'banyak', 'event', 'ama', 'skin', 'klo', 'masalah', 'bug', 'aja', 'gak', 'di', 'urusin', 'jaringan', 'ijo', 'tapi', 'gameplay', 'ngelag', 'aneh']","['bangke', 'mending', 'urusin', 'masalah', 'bug', 'ingame', 'ngurusin', 'event', 'skin', 'siasia', 'banyak', 'event', 'skin', 'masalah', 'bug', 'urusin', 'ijo', 'lag', 'aneh']","['bangke', 'ni', 'game', 'mending', 'lu', 'urusin', 'tuh', 'masalah', 'bug', 'di', 'ingame', 'daripada', 'ngurusin', 'event', 'dan', 'skin', 'mulu', 'siasia', 'banyak', 'event', 'ama', 'skin', 'klo', 'masalah', 'bug', 'aja', 'gak', 'di', 'urusin', 'jaring', 'ijo', 'tapi', 'gameplay', 'ngelag', 'aneh']","['bangke', 'ini', 'game', 'mending', 'kamu', 'urusin', 'tuh', 'masalah', 'bug', 'di', 'ingame', 'daripada', 'ngurusin', 'event', 'dan', 'skin', 'mulu', 'siasia', 'banyak', 'event', 'ama', 'skin', 'kalau', 'masalah', 'bug', 'aja', 'tidak', 'di', 'urusin', 'jaring', 'ijo', 'tapi', 'gameplay', 'lag', 'aneh']",,negative
Ling Moskov,sekarang aneh bet di satuin tim gk bego terus kalo musuhnya op malesin,,sekarang aneh bet di satuin tim gk bego terus kalo musuhnya op malesin,"['sekarang', 'aneh', 'bet', 'di', 'satuin', 'tim', 'gk', 'bego', 'terus', 'kalo', 'musuhnya', 'op', 'malesin']","['sekarang', 'aneh', 'bet', 'di', 'satuin', 'tim', 'gk', 'bego', 'terus', 'kalo', 'musuhnya', 'op', 'malesin']","['sekarang', 'aneh', 'banget', 'satuin', 'bego', 'musuh', 'op', 'malesin']","['sekarang', 'aneh', 'bet', 'di', 'satuin', 'tim', 'gk', 'bego', 'terus', 'kalo', 'musuh', 'op', 'malesin']","['sekarang', 'aneh', 'banget', 'di', 'satuin', 'team', 'tidak', 'bego', 'terus', 'kalau', 'musuh', 'op', 'malesin']",,negative
Raden Arjuna,"bukannya makin bagus, malah makin parah lag-nya ya tau, di setting ada mode speed & peningkatan jaringan. masalah nya setiap kali di aktif-kan selalu ga bisa! suka nonaktif sendiri tiap kali mau nyalain mode speed & peningkatan. ditambah lagi, kira tiap main permasalahan nya di signal sendiri, wifi, data lah. tapi ga! pas di cek signal bar penuh begitupun wifi & data pun pas di tes di youtube & game lain lancar² aj. gimana sih? tolong lah, walau hp merek A03s tapi udah lama lain, perbagus lagi.",2.1.18.11201,"bukannya makin bagus, malah makin parah lag-nya ya tau, di setting ada mode speed & peningkatan jaringan. masalah nya setiap kali di aktif-kan selalu ga bisa! suka nonaktif sendiri tiap kali mau nyalain mode speed & peningkatan. ditambah lagi, kira tiap main permasalahan nya di signal sendiri, wifi, data lah. tapi ga! pas di cek signal bar penuh begitupun wifi & data pun pas di tes di youtube & game lain lancar² aj. gimana sih? tolong lah, walau hp merek a03s tapi udah lama lain, perbagus lagi.","['bukannya', 'makin', 'bagus', ',', 'malah', 'makin', 'parah', 'lag-nya', 'ya', 'tau', ',', 'di', 'setting', 'ada', 'mode', 'speed', '&', 'peningkatan', 'jaringan', '.', 'masalah', 'nya', 'setiap', 'kali', 'di', 'aktif-kan', 'selalu', 'ga', 'bisa', '!', 'suka', 'nonaktif', 'sendiri', 'tiap', 'kali', 'mau', 'nyalain', 'mode', 'speed', '&', 'peningkatan', '.', 'ditambah', 'lagi', ',', 'kira', 'tiap', 'main', 'permasalahan', 'nya', 'di', 'signal', 'sendiri', ',', 'wifi', ',', 'data', 'lah', '.', 'tapi', 'ga', '!', 'pas', 'di', 'cek', 'signal', 'bar', 'penuh', 'begitupun', 'wifi', '&', 'data', 'pun', 'pas', 'di', 'tes', 'di', 'youtube', '&', 'game', 'lain', 'lancar²', 'aj', '.', 'gimana', 'sih', '?', 'tolong', 'lah', ',', 'walau', 'hp', 'merek', 'a03s', 'tapi', 'udah', 'lama', 'lain', ',', 'perbagus', 'lagi', '.']","['bukannya', 'makin', 'bagus', 'malah', 'makin', 'parah', 'lagnya', 'ya', 'tau', 'di', 'setting', 'ada', 'mode', 'speed', 'peningkatan', 'jaringan', 'masalah', 'nya', 'setiap', 'kali', 'di', 'aktifkan', 'selalu', 'ga', 'bisa', 'suka', 'nonaktif', 'sendiri', 'tiap', 'kali', 'mau', 'nyalain', 'mode', 'speed', 'peningkatan', 'ditambah', 'lagi', 'kira', 'tiap', 'main', 'permasalahan', 'nya', 'di', 'signal', 'sendiri', 'wifi', 'data', 'lah', 'tapi', 'ga', 'pas', 'di', 'cek', 'signal', 'bar', 'penuh', 'begitupun', 'wifi', 'data', 'pun', 'pas', 'di', 'tes', 'di', 'youtube', 'game', 'lain', 'lancar', 'aj', 'gimana', 'sih', 'tolong', 'lah', 'walau', 'hp', 'merek', 'as', 'tapi', 'udah', 'lama', 'lain', 'perbagus', 'lagi']","['bukan', 'makin', 'bagus', 'makin', 'parah', 'lagnya', 'setting', 'speed', 'tingkat', 'masalah', 'aktif', 'selalu', 'suka', 'nonaktif', 'sendiri', 'nyalain', 'speed', 'tingkat', 'tambah', 'kira', 'masalah', 'signal', 'sendiri', 'wifi', 'cek', 'signal', 'bar', 'penuh', 'begitu', 'wifi', 'tes', 'youtube', 'lain', 'lancar', 'gimana', 'tolong', 'walau', 'merek', 'as', 'lama', 'lain', 'bagus']","['bukan', 'makin', 'bagus', 'malah', 'makin', 'parah', 'lagnya', 'ya', 'tau', 'di', 'setting', 'ada', 'mode', 'speed', 'tingkat', 'jaring', 'masalah', 'nya', 'tiap', 'kali', 'di', 'aktif', 'selalu', 'ga', 'bisa', 'suka', 'nonaktif', 'sendiri', 'tiap', 'kali', 'mau', 'nyalain', 'mode', 'speed', 'tingkat', 'tambah', 'lagi', 'kira', 'tiap', 'main', 'masalah', 'nya', 'di', 'signal', 'sendiri', 'wifi', 'data', 'lah', 'tapi', 'ga', 'pas', 'di', 'cek', 'signal', 'bar', 'penuh', 'begitu', 'wifi', 'data', 'pun', 'pas', 'di', 'tes', 'di', 'youtube', 'game', 'lain', 'lancar', 'aj', 'gimana', 'sih', 'tolong', 'lah', 'walau', 'hp', 'merek', 'as', 'tapi', 'udah', 'lama', 'lain', 'bagus', 'lagi']","['bukan', 'makin', 'bagus', 'malah', 'makin', 'parah', 'lagnya', 'ya', 'tau', 'di', 'setting', 'ada', 'mode', 'speed', 'tingkat', 'jaring', 'masalah', 'nya', 'tiap', 'kali', 'di', 'aktif', 'selalu', 'tidak', 'bisa', 'suka', 'nonaktif', 'sendiri', 'tiap', 'kali', 'mau', 'nyalain', 'mode', 'speed', 'tingkat', 'tambah', 'lagi', 'kira', 'tiap', 'main', 'masalah', 'nya', 'di', 'signal', 'sendiri', 'wifi', 'data', 'lah', 'tapi', 'tidak', 'pas', 'di', 'cek', 'signal', 'bar', 'penuh', 'begitu', 'wifi', 'data', 'pun', 'pas', 'di', 'tes', 'di', 'youtube', 'game', 'lain', 'lancar', 'aja', 'gimana', 'sih', 'tolong', 'lah', 'walau', 'hp', 'merek', 'as', 'tapi', 'udah', 'lama', 'lain', 'bagus', 'lagi']",,negative
Jerrysetiawan Tawulo,"GAME ANEH UDAH RANK TINGGI MALAH DAPAT TEMEN BOT ANEH BETT, TIM MUSUH PLAYER SEMUA DI TIM SENDIRI MALAH BOTT, BUAY GAME YG SERIUS LAH BODOH",1.9.99.10932,"game aneh udah rank tinggi malah dapat temen bot aneh bett, tim musuh player semua di tim sendiri malah bott, buay game yg serius lah bodoh","['game', 'aneh', 'udah', 'rank', 'tinggi', 'malah', 'dapat', 'temen', 'bot', 'aneh', 'bett', ',', 'tim', 'musuh', 'player', 'semua', 'di', 'tim', 'sendiri', 'malah', 'bott', ',', 'buay', 'game', 'yg', 'serius', 'lah', 'bodoh']","['game', 'aneh', 'udah', 'rank', 'tinggi', 'malah', 'dapat', 'temen', 'bot', 'aneh', 'bett', 'tim', 'musuh', 'player', 'semua', 'di', 'tim', 'sendiri', 'malah', 'bott', 'buay', 'game', 'yg', 'serius', 'lah', 'bodoh']","['aneh', 'tinggi', 'teman', 'bot', 'aneh', 'bett', 'musuh', 'semua', 'sendiri', 'bott', 'buay', 'serius', 'bodoh']","['game', 'aneh', 'udah', 'rank', 'tinggi', 'malah', 'dapat', 'temen', 'bot', 'aneh', 'bett', 'tim', 'musuh', 'player', 'semua', 'di', 'tim', 'sendiri', 'malah', 'bott', 'buay', 'game', 'yg', 'serius', 'lah', 'bodoh']","['game', 'aneh', 'udah', 'rank', 'tinggi', 'malah', 'dapat', 'teman', 'bot', 'aneh', 'bett', 'team', 'musuh', 'player', 'semua', 'di', 'team', 'sendiri', 'malah', 'bott', 'buay', 'game', 'yang', 'serius', 'lah', 'bodoh']",,negative
Mandala Wangi,"JARINGAN DARI DI IN GAME BURUK SEKALI , SAYA PAKAI WIFI YANG BAGUS , APAKAH JARINGAN MOBILE LEGENDS RUSAK ??",,"jaringan dari di in game buruk sekali , saya pakai wifi yang bagus , apakah jaringan mobile legends rusak ??","['jaringan', 'dari', 'di', 'in', 'game', 'buruk', 'sekali', ',', 'saya', 'pakai', 'wifi', 'yang', 'bagus', ',', 'apakah', 'jaringan', 'mobile', 'legends', 'rusak', '?', '?']","['jaringan', 'dari', 'di', 'in', 'game', 'buruk', 'sekali', 'saya', 'pakai', 'wifi', 'yang', 'bagus', 'apakah', 'jaringan', 'mobile', 'legends', 'rusak']","['buruk', 'wifi', 'bagus', 'apakah', 'legends', 'rusak']","['jaring', 'dari', 'di', 'in', 'game', 'buruk', 'sekali', 'saya', 'pakai', 'wifi', 'yang', 'bagus', 'apakah', 'jaring', 'mobile', 'legends', 'rusak']","['jaring', 'dari', 'di', 'in', 'game', 'buruk', 'sekali', 'aku', 'pakai', 'wifi', 'yang', 'bagus', 'apakah', 'jaring', 'mobile', 'legends', 'rusak']",,positive
Fajri Haridharmawan,GAME RUSAK MOONTON...!!!,2.1.18.11201,game rusak moonton...!!!,"['game', 'rusak', 'moonton', '...', '!', '!', '!']","['game', 'rusak', 'moonton']",['rusak'],"['game', 'rusak', 'moonton']","['game', 'rusak', 'moonton']",,negative
Abank Chanil,"coba perbaiki sistem anjg, padahal jaringan bagus kenapa lag terus. bikin emosi aja heran",2.1.18.11201,"coba perbaiki sistem anjg, padahal jaringan bagus kenapa lag terus. bikin emosi aja heran","['coba', 'perbaiki', 'sistem', 'anjg', ',', 'padahal', 'jaringan', 'bagus', 'kenapa', 'lag', 'terus', '.', 'bikin', 'emosi', 'aja', 'heran']","['coba', 'perbaiki', 'sistem', 'anjg', 'padahal', 'jaringan', 'bagus', 'kenapa', 'lag', 'terus', 'bikin', 'emosi', 'aja', 'heran']","['coba', 'baik', 'anjg', 'bagus', 'kenapa', 'lag', 'emosi', 'heran']","['coba', 'baik', 'sistem', 'anjg', 'padahal', 'jaring', 'bagus', 'kenapa', 'lag', 'terus', 'bikin', 'emosi', 'aja', 'heran']","['coba', 'baik', 'sistem', 'anjg', 'padahal', 'jaring', 'bagus', 'kenapa', 'lag', 'terus', 'bikin', 'emosi', 'aja', 'heran']",,negative
Sw Sh hehe,kalah mulu sampe 12X menang pun karna lawan komputer,,kalah mulu sampe 12x menang pun karna lawan komputer,"['kalah', 'mulu', 'sampe', '12x', 'menang', 'pun', 'karna', 'lawan', 'komputer']","['kalah', 'mulu', 'sampe', 'x', 'menang', 'pun', 'karna', 'lawan', 'komputer']","['kalah', 'sampai', 'menang', 'lawan', 'komputer']","['kalah', 'mulu', 'sampe', 'x', 'menang', 'pun', 'karna', 'lawan', 'komputer']","['kalah', 'mulu', 'sampai', 'kali', 'menang', 'pun', 'karena', 'lawan', 'komputer']",,negative
Giga Ogi,game gjls,,game gjls,"['game', 'gjls']","['game', 'gjls']",['gjls'],"['game', 'gjls']","['game', 'gjls']",,negative
amaluddin al waigam,"makin kesini updetan makin tidak jelas, mainnya selalu leg padahal sinyal bagus",1.9.99.10932,"makin kesini updetan makin tidak jelas, mainnya selalu leg padahal sinyal bagus","['makin', 'kesini', 'updetan', 'makin', 'tidak', 'jelas', ',', 'mainnya', 'selalu', 'leg', 'padahal', 'sinyal', 'bagus']","['makin', 'kesini', 'updetan', 'makin', 'tidak', 'jelas', 'mainnya', 'selalu', 'leg', 'padahal', 'sinyal', 'bagus']","['makin', 'updetan', 'makin', 'jelas', 'selalu', 'lag', 'sinyal', 'bagus']","['makin', 'kesini', 'updetan', 'makin', 'tidak', 'jelas', 'main', 'selalu', 'leg', 'padahal', 'sinyal', 'bagus']","['makin', 'kesini', 'updetan', 'makin', 'tidak', 'jelas', 'main', 'selalu', 'lag', 'padahal', 'sinyal', 'bagus']",,negative
Danis Maulana,"game bagus gak kikir, matchmaking seimbang banyak bansos, gacha nya juga wangi, game terbaik :)(wangiin akun gw moontod)saya tambahin 1 bintang lagi kalau saya gacha mendapat aspirant di pola 30(akun saya danish mllll)",2.1.18.11201,"game bagus gak kikir, matchmaking seimbang banyak bansos, gacha nya juga wangi, game terbaik :)(wangiin akun gw moontod)saya tambahin 1 bintang lagi kalau saya gacha mendapat aspirant di pola 30(akun saya danish mllll)","['game', 'bagus', 'gak', 'kikir', ',', 'matchmaking', 'seimbang', 'banyak', 'bansos', ',', 'gacha', 'nya', 'juga', 'wangi', ',', 'game', 'terbaik', ':', ')', '(', 'wangiin', 'akun', 'gw', 'moontod', ')', 'saya', 'tambahin', '1', 'bintang', 'lagi', 'kalau', 'saya', 'gacha', 'mendapat', 'aspirant', 'di', 'pola', '30', '(', 'akun', 'saya', 'danish', 'mllll', ')']","['game', 'bagus', 'gak', 'kikir', 'matchmaking', 'seimbang', 'banyak', 'bansos', 'gacha', 'nya', 'juga', 'wangi', 'game', 'terbaik', 'wangiin', 'akun', 'gw', 'moontod', 'saya', 'tambahin', 'bintang', 'lagi', 'kalau', 'saya', 'gacha', 'mendapat', 'aspirant', 'di', 'pola', 'akun', 'saya', 'danish', 'ml']","['bagus', 'kikir', 'imbang', 'banyak', 'bansos', 'gacha', 'wangi', 'baik', 'wangiin', 'akun', 'moontod', 'tambahin', 'bintang', 'gacha', 'aspirant', 'pola', 'akun', 'danish']","['game', 'bagus', 'gak', 'kikir', 'matchmaking', 'imbang', 'banyak', 'bansos', 'gacha', 'nya', 'juga', 'wangi', 'game', 'baik', 'wangiin', 'akun', 'gw', 'moontod', 'saya', 'tambahin', 'bintang', 'lagi', 'kalau', 'saya', 'gacha', 'dapat', 'aspirant', 'di', 'pola', 'akun', 'saya', 'danish', 'ml']","['game', 'bagus', 'tidak', 'kikir', 'matchmaking', 'imbang', 'banyak', 'bansos', 'gacha', 'nya', 'juga', 'wangi', 'game', 'baik', 'wangiin', 'akun', 'aku', 'moontod', 'aku', 'tambahin', 'bintang', 'lagi', 'kalau', 'aku', 'gacha', 'dapat', 'aspirant', 'di', 'pola', 'akun', 'aku', 'danish', 'ml']",,positive
Ziddan ZiddaN,"sinyal bagus tiba tiba ngeleg lah mentok loby lah patah patah hp udh bagus ram nya besar, kebanyakan ini itu monton jadi performa permainan ga asik",2.1.18.11201,"sinyal bagus tiba tiba ngeleg lah mentok loby lah patah patah hp udh bagus ram nya besar, kebanyakan ini itu monton jadi performa permainan ga asik","['sinyal', 'bagus', 'tiba', 'tiba', 'ngeleg', 'lah', 'mentok', 'loby', 'lah', 'patah', 'patah', 'hp', 'udh', 'bagus', 'ram', 'nya', 'besar', ',', 'kebanyakan', 'ini', 'itu', 'monton', 'jadi', 'performa', 'permainan', 'ga', 'asik']","['sinyal', 'bagus', 'tiba', 'tiba', 'ngeleg', 'lah', 'mentok', 'loby', 'lah', 'patah', 'patah', 'hp', 'udh', 'bagus', 'ram', 'nya', 'besar', 'kebanyakan', 'ini', 'itu', 'monton', 'jadi', 'performa', 'permainan', 'ga', 'asik']","['sinyal', 'bagus', 'lag', 'mentok', 'loby', 'patah', 'patah', 'sudah', 'bagus', 'ram', 'besar', 'banyak', 'performa', 'asik']","['sinyal', 'bagus', 'tiba', 'tiba', 'ngeleg', 'lah', 'mentok', 'loby', 'lah', 'patah', 'patah', 'hp', 'udh', 'bagus', 'ram', 'nya', 'besar', 'banyak', 'ini', 'itu', 'monton', 'jadi', 'performa', 'main', 'ga', 'asik']","['sinyal', 'bagus', 'tiba', 'tiba', 'lag', 'lah', 'mentok', 'loby', 'lah', 'patah', 'patah', 'hp', 'sudah', 'bagus', 'ram', 'nya', 'besar', 'banyak', 'ini', 'itu', 'moonton', 'jadi', 'performa', 'main', 'tidak', 'asik']",,negative
Wahyu Kurniawantpm113,"game sampah monton tolol, banyak bocah dan tim random acak ga jelas tolol, game terburuk",,"game sampah monton tolol, banyak bocah dan tim random acak ga jelas tolol, game terburuk","['game', 'sampah', 'monton', 'tolol', ',', 'banyak', 'bocah', 'dan', 'tim', 'random', 'acak', 'ga', 'jelas', 'tolol', ',', 'game', 'terburuk']","['game', 'sampah', 'monton', 'tolol', 'banyak', 'bocah', 'dan', 'tim', 'random', 'acak', 'ga', 'jelas', 'tolol', 'game', 'terburuk']","['sampah', 'tolol', 'banyak', 'bocah', 'random', 'acak', 'jelas', 'tolol', 'buruk']","['game', 'sampah', 'monton', 'tolol', 'banyak', 'bocah', 'dan', 'tim', 'random', 'acak', 'ga', 'jelas', 'tolol', 'game', 'buruk']","['game', 'sampah', 'moonton', 'tolol', 'banyak', 'bocah', 'dan', 'team', 'random', 'acak', 'tidak', 'jelas', 'tolol', 'game', 'buruk']",,negative
Zulfan Azzaki,Montoon kontol,,montoon kontol,"['montoon', 'kontol']","['montoon', 'kontol']",['kontol'],"['montoon', 'kontol']","['moonton', 'kontol']",,negative
masitoh iim,"cocok untuk menghilangkan strees,tapi gw strees main game ini",1.8.20.8941,"cocok untuk menghilangkan strees,tapi gw strees main game ini","['cocok', 'untuk', 'menghilangkan', 'strees', ',', 'tapi', 'gw', 'strees', 'main', 'game', 'ini']","['cocok', 'untuk', 'menghilangkan', 'strees', 'tapi', 'gw', 'strees', 'main', 'game', 'ini']","['cocok', 'hilang', 'strees', 'strees']","['cocok', 'untuk', 'hilang', 'strees', 'tapi', 'gw', 'strees', 'main', 'game', 'ini']","['cocok', 'untuk', 'hilang', 'strees', 'tapi', 'aku', 'strees', 'main', 'game', 'ini']",,neutral
MUH SUKRI,game pembuat stresssssssssssss,2.1.18.11201,game pembuat stresssssssssssss,"['game', 'pembuat', 'stresssssssssssss']","['game', 'pembuat', 'stres']",['stres'],"['game', 'buat', 'stres']","['game', 'buat', 'stres']",,negative
Adost,Main solo ketemu party 5 game aneh memang game busuk busuk,2.1.18.11201,main solo ketemu party 5 game aneh memang game busuk busuk,"['main', 'solo', 'ketemu', 'party', '5', 'game', 'aneh', 'memang', 'game', 'busuk', 'busuk']","['main', 'solo', 'ketemu', 'party', 'game', 'aneh', 'memang', 'game', 'busuk', 'busuk']","['ketemu', 'party', 'aneh', 'busuk', 'busuk']","['main', 'solo', 'ketemu', 'party', 'game', 'aneh', 'memang', 'game', 'busuk', 'busuk']","['main', 'solo', 'ketemu', 'party', 'game', 'aneh', 'memang', 'game', 'busuk', 'busuk']",,negative
Dewi Dextro,"monton babi macth making di tier epic ke atas tdk adil tuk solo Player😤😤😤 lose streak trus, percuma klo dpt MVP klo cuman tuk kalah doang, dasar sistem anjinggggg",2.1.18.11201,"monton babi macth making di tier epic ke atas tdk adil tuk solo player😤😤😤 lose streak trus, percuma klo dpt mvp klo cuman tuk kalah doang, dasar sistem anjinggggg","['monton', 'babi', 'macth', 'making', 'di', 'tier', 'epic', 'ke', 'atas', 'tdk', 'adil', 'tuk', 'solo', 'player😤😤😤', 'lose', 'streak', 'trus', ',', 'percuma', 'klo', 'dpt', 'mvp', 'klo', 'cuman', 'tuk', 'kalah', 'doang', ',', 'dasar', 'sistem', 'anjinggggg']","['monton', 'babi', 'macth', 'making', 'di', 'tier', 'epic', 'ke', 'atas', 'tdk', 'adil', 'tuk', 'solo', 'player', 'lose', 'streak', 'trus', 'percuma', 'klo', 'dpt', 'mvp', 'klo', 'cuman', 'tuk', 'kalah', 'doang', 'dasar', 'sistem', 'anjing']","['babi', 'macth', 'tier', 'epic', 'atas', 'tdk', 'adil', 'tuk', 'lose', 'streak', 'percuma', 'mvp', 'tuk', 'kalah', 'dasar', 'anjing']","['monton', 'babi', 'macth', 'making', 'di', 'tier', 'epic', 'ke', 'atas', 'tdk', 'adil', 'tuk', 'solo', 'player', 'lose', 'streak', 'trus', 'percuma', 'klo', 'dpt', 'mvp', 'klo', 'cuman', 'tuk', 'kalah', 'doang', 'dasar', 'sistem', 'anjing']","['moonton', 'babi', 'macth', 'making', 'di', 'tier', 'epic', 'ke', 'atas', 'tdk', 'adil', 'tuk', 'solo', 'player', 'lose', 'streak', 'terus', 'percuma', 'kalau', 'dapat', 'mvp', 'kalau', 'hanya', 'tuk', 'kalah', 'hanya', 'dasar', 'sistem', 'anjing']",,negative
hairani ery,game jamet g mau login bedahal wifi lancar dasar ml burik mending main ff,,game jamet g mau login bedahal wifi lancar dasar ml burik mending main ff,"['game', 'jamet', 'g', 'mau', 'login', 'bedahal', 'wifi', 'lancar', 'dasar', 'ml', 'burik', 'mending', 'main', 'ff']","['game', 'jamet', 'g', 'mau', 'login', 'bedahal', 'wifi', 'lancar', 'dasar', 'ml', 'burik', 'mending', 'main', 'ff']","['jamet', 'bedahal', 'wifi', 'lancar', 'dasar', 'buruk', 'mending', 'ff']","['game', 'jamet', 'g', 'mau', 'login', 'bedahal', 'wifi', 'lancar', 'dasar', 'ml', 'burik', 'mending', 'main', 'ff']","['game', 'jamet', 'tidak', 'mau', 'login', 'bedahal', 'wifi', 'lancar', 'dasar', 'ml', 'buruk', 'mending', 'main', 'ff']",,negative
Farel Septiana,woi monton jangan kasih gua tim dark sistem Mulu dong dari tadi udh lose trik 29 kali yang ada gua pensi nih,2.1.18.11201,woi monton jangan kasih gua tim dark sistem mulu dong dari tadi udh lose trik 29 kali yang ada gua pensi nih,"['woi', 'monton', 'jangan', 'kasih', 'gua', 'tim', 'dark', 'sistem', 'mulu', 'dong', 'dari', 'tadi', 'udh', 'lose', 'trik', '29', 'kali', 'yang', 'ada', 'gua', 'pensi', 'nih']","['woi', 'monton', 'jangan', 'kasih', 'gua', 'tim', 'dark', 'sistem', 'mulu', 'dong', 'dari', 'tadi', 'udh', 'lose', 'trik', 'kali', 'yang', 'ada', 'gua', 'pensi', 'nih']","['buruk', 'jangan', 'gelap', 'tadi', 'sudah', 'lose', 'trik', 'pensi']","['woi', 'monton', 'jangan', 'kasih', 'gua', 'tim', 'dark', 'sistem', 'mulu', 'dong', 'dari', 'tadi', 'udh', 'lose', 'trik', 'kali', 'yang', 'ada', 'gua', 'pensi', 'nih']","['buruk', 'moonton', 'jangan', 'kasih', 'aku', 'team', 'gelap', 'sistem', 'mulu', 'dong', 'dari', 'tadi', 'sudah', 'lose', 'trik', 'kali', 'yang', 'ada', 'aku', 'pensi', 'nih']",,negative
M. Fakhri,"apa coba ni game, lag simulator.. udah pake wifi plus data, peningkatan jaringan udah aktif semua.. masih aja ngelag",2.1.18.11201,"apa coba ni game, lag simulator.. udah pake wifi plus data, peningkatan jaringan udah aktif semua.. masih aja ngelag","['apa', 'coba', 'ni', 'game', ',', 'lag', 'simulator', '..', 'udah', 'pake', 'wifi', 'plus', 'data', ',', 'peningkatan', 'jaringan', 'udah', 'aktif', 'semua', '..', 'masih', 'aja', 'ngelag']","['apa', 'coba', 'ni', 'game', 'lag', 'simulator', 'udah', 'pake', 'wifi', 'plus', 'data', 'peningkatan', 'jaringan', 'udah', 'aktif', 'semua', 'masih', 'aja', 'ngelag']","['coba', 'lag', 'simulator', 'wifi', 'plus', 'tingkat', 'aktif', 'semua', 'lag']","['apa', 'coba', 'ni', 'game', 'lag', 'simulator', 'udah', 'pake', 'wifi', 'plus', 'data', 'tingkat', 'jaring', 'udah', 'aktif', 'semua', 'masih', 'aja', 'ngelag']","['apa', 'coba', 'ini', 'game', 'lag', 'simulator', 'udah', 'pakai', 'wifi', 'plus', 'data', 'tingkat', 'jaring', 'udah', 'aktif', 'semua', 'masih', 'aja', 'lag']",,negative
Vinnn Pray,"game rusak habis update lag mulu trus kalo main solo tim ny suka ngetroll,game rusak.",2.1.18.11201,"game rusak habis update lag mulu trus kalo main solo tim ny suka ngetroll,game rusak.","['game', 'rusak', 'habis', 'update', 'lag', 'mulu', 'trus', 'kalo', 'main', 'solo', 'tim', 'ny', 'suka', 'ngetroll', ',', 'game', 'rusak', '.']","['game', 'rusak', 'habis', 'update', 'lag', 'mulu', 'trus', 'kalo', 'main', 'solo', 'tim', 'ny', 'suka', 'ngetroll', 'game', 'rusak']","['rusak', 'habis', 'update', 'lag', 'suka', 'ngetroll', 'rusak']","['game', 'rusak', 'habis', 'update', 'lag', 'mulu', 'trus', 'kalo', 'main', 'solo', 'tim', 'ny', 'suka', 'ngetroll', 'game', 'rusak']","['game', 'rusak', 'habis', 'update', 'lag', 'mulu', 'terus', 'kalau', 'main', 'solo', 'team', 'nya', 'suka', 'ngetroll', 'game', 'rusak']",,negative
Edi Saputra,"ngelag parah setelah update project next, setiap buka event atau pas draft pick akhir itu ngelag nya ga wajar, kadang loading in game malah stuck ga jelass!!!!!!!",2.1.18.11201,"ngelag parah setelah update project next, setiap buka event atau pas draft pick akhir itu ngelag nya ga wajar, kadang loading in game malah stuck ga jelass!!!!!!!","['ngelag', 'parah', 'setelah', 'update', 'project', 'next', ',', 'setiap', 'buka', 'event', 'atau', 'pas', 'draft', 'pick', 'akhir', 'itu', 'ngelag', 'nya', 'ga', 'wajar', ',', 'kadang', 'loading', 'in', 'game', 'malah', 'stuck', 'ga', 'jelass', '!', '!', '!', '!', '!', '!', '!']","['ngelag', 'parah', 'setelah', 'update', 'project', 'next', 'setiap', 'buka', 'event', 'atau', 'pas', 'draft', 'pick', 'akhir', 'itu', 'ngelag', 'nya', 'ga', 'wajar', 'kadang', 'loading', 'in', 'game', 'malah', 'stuck', 'ga', 'jelass']","['lag', 'parah', 'update', 'project', 'next', 'buka', 'event', 'draft', 'akhir', 'lag', 'wajar', 'kadang', 'loading', 'stuck', 'jelass']","['ngelag', 'parah', 'telah', 'update', 'project', 'next', 'tiap', 'buka', 'event', 'atau', 'pas', 'draft', 'pick', 'akhir', 'itu', 'ngelag', 'nya', 'ga', 'wajar', 'kadang', 'loading', 'in', 'game', 'malah', 'stuck', 'ga', 'jelass']","['lag', 'parah', 'telah', 'update', 'project', 'next', 'tiap', 'buka', 'event', 'atau', 'pas', 'draft', 'pick', 'akhir', 'itu', 'lag', 'nya', 'tidak', 'wajar', 'kadang', 'loading', 'in', 'game', 'malah', 'stuck', 'tidak', 'jelass']",,negative
Awen Adis saputra,min perbaiki sinyal nya min lag bgt pas main ml beta,,min perbaiki sinyal nya min lag bgt pas main ml beta,"['min', 'perbaiki', 'sinyal', 'nya', 'min', 'lag', 'bgt', 'pas', 'main', 'ml', 'beta']","['min', 'perbaiki', 'sinyal', 'nya', 'min', 'lag', 'bgt', 'pas', 'main', 'ml', 'beta']","['minimal', 'baik', 'sinyal', 'minimal', 'lag', 'banget', 'beta']","['min', 'baik', 'sinyal', 'nya', 'min', 'lag', 'bgt', 'pas', 'main', 'ml', 'beta']","['minimal', 'baik', 'sinyal', 'nya', 'minimal', 'lag', 'banget', 'pas', 'main', 'ml', 'beta']",,negative
Larry Lobster,"APALAHH MONTON SIGNAL HIJAU TAPI LAG SEOLAH GA ADA KOUTA MANA PAS MOMENT KRUSIAL WAR LATE GAME,YA LOSE AKIBAT NI PING GA BENER",2.1.18.11201,"apalahh monton signal hijau tapi lag seolah ga ada kouta mana pas moment krusial war late game,ya lose akibat ni ping ga bener","['apalahh', 'monton', 'signal', 'hijau', 'tapi', 'lag', 'seolah', 'ga', 'ada', 'kouta', 'mana', 'pas', 'moment', 'krusial', 'war', 'late', 'game', ',', 'ya', 'lose', 'akibat', 'ni', 'ping', 'ga', 'bener']","['apalahh', 'monton', 'signal', 'hijau', 'tapi', 'lag', 'seolah', 'ga', 'ada', 'kouta', 'mana', 'pas', 'moment', 'krusial', 'war', 'late', 'game', 'ya', 'lose', 'akibat', 'ni', 'ping', 'ga', 'bener']","['apalahh', 'signal', 'hijau', 'lag', 'olah', 'kouta', 'mana', 'moment', 'krusial', 'late', 'lose', 'akibat', 'ping', 'benar']","['apalahh', 'monton', 'signal', 'hijau', 'tapi', 'lag', 'olah', 'ga', 'ada', 'kouta', 'mana', 'pas', 'moment', 'krusial', 'war', 'late', 'game', 'ya', 'lose', 'akibat', 'ni', 'ping', 'ga', 'bener']","['apalahh', 'moonton', 'signal', 'hijau', 'tapi', 'lag', 'olah', 'tidak', 'ada', 'kouta', 'mana', 'pas', 'moment', 'krusial', 'war', 'late', 'game', 'ya', 'lose', 'akibat', 'ini', 'ping', 'tidak', 'benar']",,negative
Sebastian Cannavaro,he memeq gw user mm sat ngapa kasih exp Mulu meq,2.1.18.11201,he memeq gw user mm sat ngapa kasih exp mulu meq,"['he', 'memeq', 'gw', 'user', 'mm', 'sat', 'ngapa', 'kasih', 'exp', 'mulu', 'meq']","['he', 'memeq', 'gw', 'user', 'mm', 'sat', 'ngapa', 'kasih', 'exp', 'mulu', 'meq']","['he', 'memeq', 'user', 'mm', 'sat', 'ngapa', 'exp', 'meq']","['he', 'memeq', 'gw', 'user', 'mm', 'sat', 'ngapa', 'kasih', 'exp', 'mulu', 'meq']","['he', 'memeq', 'aku', 'user', 'mm', 'sat', 'ngapa', 'kasih', 'exp', 'mulu', 'meq']",,negative
Rich Ard,game jelek drak sistem,,game jelek drak sistem,"['game', 'jelek', 'drak', 'sistem']","['game', 'jelek', 'drak', 'sistem']","['jelek', 'gelap']","['game', 'jelek', 'drak', 'sistem']","['game', 'jelek', 'gelap', 'sistem']",,negative
Rizky Alifh Maulana,"moontn kyk t411 , sering lag Bett jaringan , padahal jaringan hijau , dahh itu ajaa lahh",2.1.18.11201,"moontn kyk t411 , sering lag bett jaringan , padahal jaringan hijau , dahh itu ajaa lahh","['moontn', 'kyk', 't411', ',', 'sering', 'lag', 'bett', 'jaringan', ',', 'padahal', 'jaringan', 'hijau', ',', 'dahh', 'itu', 'ajaa', 'lahh']","['moontn', 'kyk', 't', 'sering', 'lag', 'bett', 'jaringan', 'padahal', 'jaringan', 'hijau', 'dahh', 'itu', 'ajaa', 'lahh']","['moontn', 'kyk', 't', 'lag', 'bett', 'hijau', 'dahh', 'ajaa', 'lahh']","['moontn', 'kyk', 't', 'sering', 'lag', 'bett', 'jaring', 'padahal', 'jaring', 'hijau', 'dahh', 'itu', 'ajaa', 'lahh']","['moontn', 'kyk', 't', 'sering', 'lag', 'bett', 'jaring', 'padahal', 'jaring', 'hijau', 'dahh', 'itu', 'ajaa', 'lahh']",,negative
Dika Saputra,"tolongg diperbaiki lagi game nya moonton saya sering sekali ngestack di 30% terus,dan karena masalah itu saya sering kali afk gara gara masalah itu,sepertinya itu saja yang bisa saya sampaikan jika ada kesalahan mohon dikoreksi ya teman teman🙏🏻",2.1.18.11201,"tolongg diperbaiki lagi game nya moonton saya sering sekali ngestack di 30% terus,dan karena masalah itu saya sering kali afk gara gara masalah itu,sepertinya itu saja yang bisa saya sampaikan jika ada kesalahan mohon dikoreksi ya teman teman🙏🏻","['tolongg', 'diperbaiki', 'lagi', 'game', 'nya', 'moonton', 'saya', 'sering', 'sekali', 'ngestack', 'di', '30', '%', 'terus', ',', 'dan', 'karena', 'masalah', 'itu', 'saya', 'sering', 'kali', 'afk', 'gara', 'gara', 'masalah', 'itu', ',', 'sepertinya', 'itu', 'saja', 'yang', 'bisa', 'saya', 'sampaikan', 'jika', 'ada', 'kesalahan', 'mohon', 'dikoreksi', 'ya', 'teman', 'teman🙏🏻']","['tolongg', 'diperbaiki', 'lagi', 'game', 'nya', 'moonton', 'saya', 'sering', 'sekali', 'ngestack', 'di', 'terus', 'dan', 'karena', 'masalah', 'itu', 'saya', 'sering', 'kali', 'afk', 'gara', 'gara', 'masalah', 'itu', 'sepertinya', 'itu', 'saja', 'yang', 'bisa', 'saya', 'sampaikan', 'jika', 'ada', 'kesalahan', 'mohon', 'dikoreksi', 'ya', 'teman', 'teman']","['tolongg', 'baik', 'ngestack', 'masalah', 'afk', 'gara', 'gara', 'masalah', 'sampai', 'jika', 'salah', 'mohon', 'koreksi', 'teman', 'teman']","['tolongg', 'baik', 'lagi', 'game', 'nya', 'moonton', 'saya', 'sering', 'sekali', 'ngestack', 'di', 'terus', 'dan', 'karena', 'masalah', 'itu', 'saya', 'sering', 'kali', 'afk', 'gara', 'gara', 'masalah', 'itu', 'seperti', 'itu', 'saja', 'yang', 'bisa', 'saya', 'sampai', 'jika', 'ada', 'salah', 'mohon', 'koreksi', 'ya', 'teman', 'teman']","['tolongg', 'baik', 'lagi', 'game', 'nya', 'moonton', 'aku', 'sering', 'sekali', 'ngestack', 'di', 'terus', 'dan', 'karena', 'masalah', 'itu', 'aku', 'sering', 'kali', 'afk', 'gara', 'gara', 'masalah', 'itu', 'seperti', 'itu', 'saja', 'yang', 'bisa', 'aku', 'sampai', 'jika', 'ada', 'salah', 'mohon', 'koreksi', 'ya', 'teman', 'teman']",,negative
jq7l1wypu,Game rusak,2.1.18.11201,game rusak,"['game', 'rusak']","['game', 'rusak']",['rusak'],"['game', 'rusak']","['game', 'rusak']",,negative
Briyan Ramadhani,"update kali ini busuk,mau main harus nunggu delay dulu",1.9.42.10341,"update kali ini busuk,mau main harus nunggu delay dulu","['update', 'kali', 'ini', 'busuk', ',', 'mau', 'main', 'harus', 'nunggu', 'delay', 'dulu']","['update', 'kali', 'ini', 'busuk', 'mau', 'main', 'harus', 'nunggu', 'delay', 'dulu']","['update', 'busuk', 'nunggu', 'delay']","['update', 'kali', 'ini', 'busuk', 'mau', 'main', 'harus', 'nunggu', 'delay', 'dulu']","['update', 'kali', 'ini', 'busuk', 'mau', 'main', 'harus', 'nunggu', 'delay', 'dulu']",,negative
timbul wati,GAME SAMPAH. KALAH TERUS,2.1.18.11201,game sampah. kalah terus,"['game', 'sampah', '.', 'kalah', 'terus']","['game', 'sampah', 'kalah', 'terus']","['sampah', 'kalah']","['game', 'sampah', 'kalah', 'terus']","['game', 'sampah', 'kalah', 'terus']",,negative
Ibrahim Lukman,game kikir kalah sama HOK,2.1.18.11201,game kikir kalah sama hok,"['game', 'kikir', 'kalah', 'sama', 'hok']","['game', 'kikir', 'kalah', 'sama', 'hok']","['kikir', 'kalah']","['game', 'kikir', 'kalah', 'sama', 'hok']","['game', 'kikir', 'kalah', 'sama', 'hok']",,negative
Adithya Sukma,"kalo kasih tim yg bener anj, masa gw solo ketemu tim trio random yg tolol, trus lawan nya partyaan berlima",2.1.18.11201,"kalo kasih tim yg bener anj, masa gw solo ketemu tim trio random yg tolol, trus lawan nya partyaan berlima","['kalo', 'kasih', 'tim', 'yg', 'bener', 'anj', ',', 'masa', 'gw', 'solo', 'ketemu', 'tim', 'trio', 'random', 'yg', 'tolol', ',', 'trus', 'lawan', 'nya', 'partyaan', 'berlima']","['kalo', 'kasih', 'tim', 'yg', 'bener', 'anj', 'masa', 'gw', 'solo', 'ketemu', 'tim', 'trio', 'random', 'yg', 'tolol', 'trus', 'lawan', 'nya', 'partyaan', 'berlima']","['benar', 'anj', 'masa', 'ketemu', 'trio', 'random', 'tolol', 'lawan', 'partyaan', 'lima']","['kalo', 'kasih', 'tim', 'yg', 'bener', 'anj', 'masa', 'gw', 'solo', 'ketemu', 'tim', 'trio', 'random', 'yg', 'tolol', 'trus', 'lawan', 'nya', 'partyaan', 'lima']","['kalau', 'kasih', 'team', 'yang', 'benar', 'anj', 'masa', 'aku', 'solo', 'ketemu', 'team', 'trio', 'random', 'yang', 'tolol', 'terus', 'lawan', 'nya', 'partyaan', 'lima']",,negative
Bagas Samudra,"jangan dowload ml kalau ga mau ketemu beban, moonton anjgggggggggg kaasih gw tim yang beban mulu, gw cape bangsatttttt",2.1.18.11201,"jangan dowload ml kalau ga mau ketemu beban, moonton anjgggggggggg kaasih gw tim yang beban mulu, gw cape bangsatttttt","['jangan', 'dowload', 'ml', 'kalau', 'ga', 'mau', 'ketemu', 'beban', ',', 'moonton', 'anjgggggggggg', 'kaasih', 'gw', 'tim', 'yang', 'beban', 'mulu', ',', 'gw', 'cape', 'bangsatttttt']","['jangan', 'dowload', 'ml', 'kalau', 'ga', 'mau', 'ketemu', 'beban', 'moonton', 'anjg', 'kaasih', 'gw', 'tim', 'yang', 'beban', 'mulu', 'gw', 'cape', 'bangsat']","['jangan', 'dowload', 'ketemu', 'beban', 'anjg', 'kaasih', 'beban', 'cape', 'bangsat']","['jangan', 'dowload', 'ml', 'kalau', 'ga', 'mau', 'ketemu', 'beban', 'moonton', 'anjg', 'kaasih', 'gw', 'tim', 'yang', 'beban', 'mulu', 'gw', 'cape', 'bangsat']","['jangan', 'dowload', 'ml', 'kalau', 'tidak', 'mau', 'ketemu', 'beban', 'moonton', 'anjg', 'kaasih', 'aku', 'team', 'yang', 'beban', 'mulu', 'aku', 'cape', 'bangsat']",,negative
Agil Pandu,udah main 30menit+ terus kalah gak dapet bintang gak dapet perlindungan mmr nya turun padahal mainnya dah bagus game asu asu gak kayak hok ml gak asu burik,2.1.18.11201,udah main 30menit+ terus kalah gak dapet bintang gak dapet perlindungan mmr nya turun padahal mainnya dah bagus game asu asu gak kayak hok ml gak asu burik,"['udah', 'main', '30menit+', 'terus', 'kalah', 'gak', 'dapet', 'bintang', 'gak', 'dapet', 'perlindungan', 'mmr', 'nya', 'turun', 'padahal', 'mainnya', 'dah', 'bagus', 'game', 'asu', 'asu', 'gak', 'kayak', 'hok', 'ml', 'gak', 'asu', 'burik']","['udah', 'main', 'menit', 'terus', 'kalah', 'gak', 'dapet', 'bintang', 'gak', 'dapet', 'perlindungan', 'mmr', 'nya', 'turun', 'padahal', 'mainnya', 'dah', 'bagus', 'game', 'asu', 'asu', 'gak', 'kayak', 'hok', 'ml', 'gak', 'asu', 'burik']","['menit', 'kalah', 'bintang', 'lindung', 'mmr', 'turun', 'sudah', 'bagus', 'asu', 'asu', 'asu', 'buruk']","['udah', 'main', 'menit', 'terus', 'kalah', 'gak', 'dapet', 'bintang', 'gak', 'dapet', 'lindung', 'mmr', 'nya', 'turun', 'padahal', 'main', 'dah', 'bagus', 'game', 'asu', 'asu', 'gak', 'kayak', 'hok', 'ml', 'gak', 'asu', 'burik']","['udah', 'main', 'menit', 'terus', 'kalah', 'tidak', 'dapet', 'bintang', 'tidak', 'dapet', 'lindung', 'mmr', 'nya', 'turun', 'padahal', 'main', 'sudah', 'bagus', 'game', 'asu', 'asu', 'tidak', 'seperti', 'hok', 'ml', 'tidak', 'asu', 'buruk']",,negative
David Jovian,Cuma ngehabisin paketan Yang di dapet malah semua tim afk gausah di download,2.1.18.11201,cuma ngehabisin paketan yang di dapet malah semua tim afk gausah di download,"['cuma', 'ngehabisin', 'paketan', 'yang', 'di', 'dapet', 'malah', 'semua', 'tim', 'afk', 'gausah', 'di', 'download']","['cuma', 'ngehabisin', 'paketan', 'yang', 'di', 'dapet', 'malah', 'semua', 'tim', 'afk', 'gausah', 'di', 'download']","['cuma', 'ngehabisin', 'paket', 'semua', 'afk', 'gausah']","['cuma', 'ngehabisin', 'paket', 'yang', 'di', 'dapet', 'malah', 'semua', 'tim', 'afk', 'gausah', 'di', 'download']","['cuma', 'ngehabisin', 'paket', 'yang', 'di', 'dapet', 'malah', 'semua', 'team', 'afk', 'gausah', 'di', 'download']",,negative
deden _k,goreng patut ngeleg wae,2.1.18.11201,goreng patut ngeleg wae,"['goreng', 'patut', 'ngeleg', 'wae']","['goreng', 'patut', 'ngeleg', 'wae']","['goreng', 'patut', 'lag', 'wae']","['goreng', 'patut', 'ngeleg', 'wae']","['goreng', 'patut', 'lag', 'wae']",,negative
Muhamad Ridwan,"game terburuk yg pernah saya mainkan , ngeleg, gabisa gerak , tolong di perbaiki , jika tidak di perbaiki , mending di hapus saja gane rusak ini",2.1.18.11201,"game terburuk yg pernah saya mainkan , ngeleg, gabisa gerak , tolong di perbaiki , jika tidak di perbaiki , mending di hapus saja gane rusak ini","['game', 'terburuk', 'yg', 'pernah', 'saya', 'mainkan', ',', 'ngeleg', ',', 'gabisa', 'gerak', ',', 'tolong', 'di', 'perbaiki', ',', 'jika', 'tidak', 'di', 'perbaiki', ',', 'mending', 'di', 'hapus', 'saja', 'gane', 'rusak', 'ini']","['game', 'terburuk', 'yg', 'pernah', 'saya', 'mainkan', 'ngeleg', 'gabisa', 'gerak', 'tolong', 'di', 'perbaiki', 'jika', 'tidak', 'di', 'perbaiki', 'mending', 'di', 'hapus', 'saja', 'gane', 'rusak', 'ini']","['buruk', 'pernah', 'lag', 'gabisa', 'gerak', 'tolong', 'baik', 'jika', 'baik', 'mending', 'hapus', 'gane', 'rusak']","['game', 'buruk', 'yg', 'pernah', 'saya', 'main', 'ngeleg', 'gabisa', 'gerak', 'tolong', 'di', 'baik', 'jika', 'tidak', 'di', 'baik', 'mending', 'di', 'hapus', 'saja', 'gane', 'rusak', 'ini']","['game', 'buruk', 'yang', 'pernah', 'aku', 'main', 'lag', 'gabisa', 'gerak', 'tolong', 'di', 'baik', 'jika', 'tidak', 'di', 'baik', 'mending', 'di', 'hapus', 'saja', 'gane', 'rusak', 'ini']",,negative
Muhammad Irsan,"banyak team gak jelas, mending pakai sistem poin, yang bintang coklat poinnya berkurang paling banyak, yang MVP point tidak berkurang, seharian main masa banyak kalahnya dari pada menangnya, tinggal nunggu waktu aja kalau ada game baru gak bakalan ML laku",2.1.18.11201,"banyak team gak jelas, mending pakai sistem poin, yang bintang coklat poinnya berkurang paling banyak, yang mvp point tidak berkurang, seharian main masa banyak kalahnya dari pada menangnya, tinggal nunggu waktu aja kalau ada game baru gak bakalan ml laku","['banyak', 'team', 'gak', 'jelas', ',', 'mending', 'pakai', 'sistem', 'poin', ',', 'yang', 'bintang', 'coklat', 'poinnya', 'berkurang', 'paling', 'banyak', ',', 'yang', 'mvp', 'point', 'tidak', 'berkurang', ',', 'seharian', 'main', 'masa', 'banyak', 'kalahnya', 'dari', 'pada', 'menangnya', ',', 'tinggal', 'nunggu', 'waktu', 'aja', 'kalau', 'ada', 'game', 'baru', 'gak', 'bakalan', 'ml', 'laku']","['banyak', 'team', 'gak', 'jelas', 'mending', 'pakai', 'sistem', 'poin', 'yang', 'bintang', 'coklat', 'poinnya', 'berkurang', 'paling', 'banyak', 'yang', 'mvp', 'point', 'tidak', 'berkurang', 'seharian', 'main', 'masa', 'banyak', 'kalahnya', 'dari', 'pada', 'menangnya', 'tinggal', 'nunggu', 'waktu', 'aja', 'kalau', 'ada', 'game', 'baru', 'gak', 'bakalan', 'ml', 'laku']","['banyak', 'jelas', 'mending', 'poin', 'bintang', 'coklat', 'poin', 'kurang', 'paling', 'banyak', 'mvp', 'point', 'kurang', 'masa', 'banyak', 'kalah', 'menang', 'tinggal', 'nunggu', 'baru', 'laku']","['banyak', 'team', 'gak', 'jelas', 'mending', 'pakai', 'sistem', 'poin', 'yang', 'bintang', 'coklat', 'poin', 'kurang', 'paling', 'banyak', 'yang', 'mvp', 'point', 'tidak', 'kurang', 'hari', 'main', 'masa', 'banyak', 'kalah', 'dari', 'pada', 'menang', 'tinggal', 'nunggu', 'waktu', 'aja', 'kalau', 'ada', 'game', 'baru', 'gak', 'bakal', 'ml', 'laku']","['banyak', 'team', 'tidak', 'jelas', 'mending', 'pakai', 'sistem', 'poin', 'yang', 'bintang', 'coklat', 'poin', 'kurang', 'paling', 'banyak', 'yang', 'mvp', 'point', 'tidak', 'kurang', 'hari', 'main', 'masa', 'banyak', 'kalah', 'dari', 'pada', 'menang', 'tinggal', 'nunggu', 'waktu', 'aja', 'kalau', 'ada', 'game', 'baru', 'tidak', 'bakal', 'ml', 'laku']",,negative
alif hudha,game kikir,1.9.93.10904,game kikir,"['game', 'kikir']","['game', 'kikir']",['kikir'],"['game', 'kikir']","['game', 'kikir']",,negative
Main Game,"min tolong punya ku gk bisa masuk lobby padahal sinyal ok tiba-tiba gm nya bilang gini:""mohon maaf gagal menyambungkan periksa jangan"" padahal jaringan ku baguss min tolong di baless min🙏🙏",,"min tolong punya ku gk bisa masuk lobby padahal sinyal ok tiba-tiba gm nya bilang gini:""mohon maaf gagal menyambungkan periksa jangan"" padahal jaringan ku baguss min tolong di baless min🙏🙏","['min', 'tolong', 'punya', 'ku', 'gk', 'bisa', 'masuk', 'lobby', 'padahal', 'sinyal', 'ok', 'tiba-tiba', 'gm', 'nya', 'bilang', 'gini', ':', ""''"", 'mohon', 'maaf', 'gagal', 'menyambungkan', 'periksa', 'jangan', ""''"", 'padahal', 'jaringan', 'ku', 'baguss', 'min', 'tolong', 'di', 'baless', 'min🙏🙏']","['min', 'tolong', 'punya', 'ku', 'gk', 'bisa', 'masuk', 'lobby', 'padahal', 'sinyal', 'ok', 'tibatiba', 'gm', 'nya', 'bilang', 'gini', 'mohon', 'maaf', 'gagal', 'menyambungkan', 'periksa', 'jangan', 'padahal', 'jaringan', 'ku', 'baguss', 'min', 'tolong', 'di', 'baless', 'min']","['minimal', 'tolong', 'punya', 'masuk', 'lobby', 'sinyal', 'oke', 'tibatiba', 'gm', 'bilang', 'mohon', 'maaf', 'gagal', 'sambung', 'periksa', 'jangan', 'bagus', 'minimal', 'tolong', 'baless', 'minimal']","['min', 'tolong', 'punya', 'ku', 'gk', 'bisa', 'masuk', 'lobby', 'padahal', 'sinyal', 'ok', 'tibatiba', 'gm', 'nya', 'bilang', 'gin', 'mohon', 'maaf', 'gagal', 'sambung', 'periksa', 'jangan', 'padahal', 'jaring', 'ku', 'baguss', 'min', 'tolong', 'di', 'baless', 'min']","['minimal', 'tolong', 'punya', 'ku', 'tidak', 'bisa', 'masuk', 'lobby', 'padahal', 'sinyal', 'oke', 'tibatiba', 'gm', 'nya', 'bilang', 'game', 'mohon', 'maaf', 'gagal', 'sambung', 'periksa', 'jangan', 'padahal', 'jaring', 'ku', 'bagus', 'minimal', 'tolong', 'di', 'baless', 'minimal']",,negative
I nyoman Krisna yadnya,ini game apasih ga jelas bngt gua cuman afk sebentar trs balik lgi masih kena peringatan afk,,ini game apasih ga jelas bngt gua cuman afk sebentar trs balik lgi masih kena peringatan afk,"['ini', 'game', 'apasih', 'ga', 'jelas', 'bngt', 'gua', 'cuman', 'afk', 'sebentar', 'trs', 'balik', 'lgi', 'masih', 'kena', 'peringatan', 'afk']","['ini', 'game', 'apasih', 'ga', 'jelas', 'bngt', 'gua', 'cuman', 'afk', 'sebentar', 'trs', 'balik', 'lgi', 'masih', 'kena', 'peringatan', 'afk']","['apasih', 'jelas', 'bngt', 'afk', 'sebentar', 'trs', 'balik', 'lgi', 'kena', 'ingat', 'afk']","['ini', 'game', 'apasih', 'ga', 'jelas', 'bngt', 'gua', 'cuman', 'afk', 'sebentar', 'trs', 'balik', 'lgi', 'masih', 'kena', 'ingat', 'afk']","['ini', 'game', 'apasih', 'tidak', 'jelas', 'bngt', 'aku', 'hanya', 'afk', 'sebentar', 'trs', 'balik', 'lgi', 'masih', 'kena', 'ingat', 'afk']",,negative
Rvldi ipall,"GAME RUSAKK NGASIH TIM YANG GA SEIMBANG LAWAKK , MANA JARINGAN SERING NGELAG",2.1.18.11201,"game rusakk ngasih tim yang ga seimbang lawakk , mana jaringan sering ngelag","['game', 'rusakk', 'ngasih', 'tim', 'yang', 'ga', 'seimbang', 'lawakk', ',', 'mana', 'jaringan', 'sering', 'ngelag']","['game', 'rusakk', 'ngasih', 'tim', 'yang', 'ga', 'seimbang', 'lawakk', 'mana', 'jaringan', 'sering', 'ngelag']","['rusakk', 'beri', 'imbang', 'lawakk', 'mana', 'lag']","['game', 'rusakk', 'ngasih', 'tim', 'yang', 'ga', 'imbang', 'lawakk', 'mana', 'jaring', 'sering', 'ngelag']","['game', 'rusakk', 'beri', 'team', 'yang', 'tidak', 'imbang', 'lawakk', 'mana', 'jaring', 'sering', 'lag']",,negative
Muhammad afif Afif,"makin kesini gamenya buriq banget asli sumpah mending kalian unistall aja dehh, game yang gua mainin 6 tahun lamanya semakain jelek aja, masa jaringan bagus kok nggak bisa gerak, skill sama analognya nggak bisa di pencet, terutama di bagian analog kadang mencet sendiri, jadi nggak bisa reccal, udah vakum gw main game ini",,"makin kesini gamenya buriq banget asli sumpah mending kalian unistall aja dehh, game yang gua mainin 6 tahun lamanya semakain jelek aja, masa jaringan bagus kok nggak bisa gerak, skill sama analognya nggak bisa di pencet, terutama di bagian analog kadang mencet sendiri, jadi nggak bisa reccal, udah vakum gw main game ini","['makin', 'kesini', 'gamenya', 'buriq', 'banget', 'asli', 'sumpah', 'mending', 'kalian', 'unistall', 'aja', 'dehh', ',', 'game', 'yang', 'gua', 'mainin', '6', 'tahun', 'lamanya', 'semakain', 'jelek', 'aja', ',', 'masa', 'jaringan', 'bagus', 'kok', 'nggak', 'bisa', 'gerak', ',', 'skill', 'sama', 'analognya', 'nggak', 'bisa', 'di', 'pencet', ',', 'terutama', 'di', 'bagian', 'analog', 'kadang', 'mencet', 'sendiri', ',', 'jadi', 'nggak', 'bisa', 'reccal', ',', 'udah', 'vakum', 'gw', 'main', 'game', 'ini']","['makin', 'kesini', 'gamenya', 'buriq', 'banget', 'asli', 'sumpah', 'mending', 'kalian', 'unistall', 'aja', 'dehh', 'game', 'yang', 'gua', 'mainin', 'tahun', 'lamanya', 'semakain', 'jelek', 'aja', 'masa', 'jaringan', 'bagus', 'kok', 'nggak', 'bisa', 'gerak', 'skill', 'sama', 'analognya', 'nggak', 'bisa', 'di', 'pencet', 'terutama', 'di', 'bagian', 'analog', 'kadang', 'mencet', 'sendiri', 'jadi', 'nggak', 'bisa', 'reccal', 'udah', 'vakum', 'gw', 'main', 'game', 'ini']","['makin', 'buriq', 'banget', 'asli', 'sumpah', 'mending', 'unistall', 'dehh', 'mainin', 'lama', 'semakain', 'jelek', 'masa', 'bagus', 'gerak', 'skill', 'analog', 'pencet', 'utama', 'bagi', 'analog', 'kadang', 'mencet', 'sendiri', 'reccal', 'vakum']","['makin', 'kesini', 'gamenya', 'buriq', 'banget', 'asli', 'sumpah', 'mending', 'kalian', 'unistall', 'aja', 'dehh', 'game', 'yang', 'gua', 'mainin', 'tahun', 'lama', 'semakain', 'jelek', 'aja', 'masa', 'jaring', 'bagus', 'kok', 'nggak', 'bisa', 'gerak', 'skill', 'sama', 'analog', 'nggak', 'bisa', 'di', 'pencet', 'utama', 'di', 'bagi', 'analog', 'kadang', 'mencet', 'sendiri', 'jadi', 'nggak', 'bisa', 'reccal', 'udah', 'vakum', 'gw', 'main', 'game', 'ini']","['makin', 'kesini', 'game', 'buriq', 'banget', 'asli', 'sumpah', 'mending', 'kalian', 'unistall', 'aja', 'dehh', 'game', 'yang', 'aku', 'mainin', 'tahun', 'lama', 'semakain', 'jelek', 'aja', 'masa', 'jaring', 'bagus', 'kok', 'tidak', 'bisa', 'gerak', 'skill', 'sama', 'analog', 'tidak', 'bisa', 'di', 'pencet', 'utama', 'di', 'bagi', 'analog', 'kadang', 'mencet', 'sendiri', 'jadi', 'tidak', 'bisa', 'reccal', 'udah', 'vakum', 'aku', 'main', 'game', 'ini']",,negative
Motor Vario,game bangsat,2.1.18.11201,game bangsat,"['game', 'bangsat']","['game', 'bangsat']",['bangsat'],"['game', 'bangsat']","['game', 'bangsat']",,negative
lutfi,game nya bisa bikin stress dan juga game nya banyak drak sistem di epik game ini sangat sangat buruk jangan sampai anak kecil men dawlod nya karena bisa ngerusakin hp,1.9.99.10932,game nya bisa bikin stress dan juga game nya banyak drak sistem di epik game ini sangat sangat buruk jangan sampai anak kecil men dawlod nya karena bisa ngerusakin hp,"['game', 'nya', 'bisa', 'bikin', 'stress', 'dan', 'juga', 'game', 'nya', 'banyak', 'drak', 'sistem', 'di', 'epik', 'game', 'ini', 'sangat', 'sangat', 'buruk', 'jangan', 'sampai', 'anak', 'kecil', 'men', 'dawlod', 'nya', 'karena', 'bisa', 'ngerusakin', 'hp']","['game', 'nya', 'bisa', 'bikin', 'stress', 'dan', 'juga', 'game', 'nya', 'banyak', 'drak', 'sistem', 'di', 'epik', 'game', 'ini', 'sangat', 'sangat', 'buruk', 'jangan', 'sampai', 'anak', 'kecil', 'men', 'dawlod', 'nya', 'karena', 'bisa', 'ngerusakin', 'hp']","['stres', 'banyak', 'gelap', 'epik', 'buruk', 'jangan', 'sampai', 'anak', 'kecil', 'men', 'dawlod', 'ngerusakin']","['game', 'nya', 'bisa', 'bikin', 'stress', 'dan', 'juga', 'game', 'nya', 'banyak', 'drak', 'sistem', 'di', 'epik', 'game', 'ini', 'sangat', 'sangat', 'buruk', 'jangan', 'sampai', 'anak', 'kecil', 'men', 'dawlod', 'nya', 'karena', 'bisa', 'ngerusakin', 'hp']","['game', 'nya', 'bisa', 'bikin', 'stres', 'dan', 'juga', 'game', 'nya', 'banyak', 'gelap', 'sistem', 'di', 'epik', 'game', 'ini', 'sangat', 'sangat', 'buruk', 'jangan', 'sampai', 'anak', 'kecil', 'men', 'dawlod', 'nya', 'karena', 'bisa', 'ngerusakin', 'hp']",,negative
Muslim firmansyah safei,"semakin hari semakin ga jelas ini montoon..loststeak sampe 8x ditroll,kadang² game leg dan mengakibatkan keluar game sendiri ketika masuk langsung AFK..payah ga bisa memilah milih",2.1.18.11201,"semakin hari semakin ga jelas ini montoon..loststeak sampe 8x ditroll,kadang² game leg dan mengakibatkan keluar game sendiri ketika masuk langsung afk..payah ga bisa memilah milih","['semakin', 'hari', 'semakin', 'ga', 'jelas', 'ini', 'montoon', '..', 'loststeak', 'sampe', '8x', 'ditroll', ',', 'kadang²', 'game', 'leg', 'dan', 'mengakibatkan', 'keluar', 'game', 'sendiri', 'ketika', 'masuk', 'langsung', 'afk', '..', 'payah', 'ga', 'bisa', 'memilah', 'milih']","['semakin', 'hari', 'semakin', 'ga', 'jelas', 'ini', 'montoon', 'loststeak', 'sampe', 'x', 'ditroll', 'kadang', 'game', 'leg', 'dan', 'mengakibatkan', 'keluar', 'game', 'sendiri', 'ketika', 'masuk', 'langsung', 'afk', 'payah', 'ga', 'bisa', 'memilah', 'milih']","['makin', 'makin', 'jelas', 'loststeak', 'sampai', 'ditroll', 'kadang', 'lag', 'akibat', 'keluar', 'sendiri', 'masuk', 'langsung', 'afk', 'payah', 'mem', 'milih']","['makin', 'hari', 'makin', 'ga', 'jelas', 'ini', 'montoon', 'loststeak', 'sampe', 'x', 'ditroll', 'kadang', 'game', 'leg', 'dan', 'akibat', 'keluar', 'game', 'sendiri', 'ketika', 'masuk', 'langsung', 'afk', 'payah', 'ga', 'bisa', 'mem', 'milih']","['makin', 'hari', 'makin', 'tidak', 'jelas', 'ini', 'moonton', 'loststeak', 'sampai', 'kali', 'ditroll', 'kadang', 'game', 'lag', 'dan', 'akibat', 'keluar', 'game', 'sendiri', 'ketika', 'masuk', 'langsung', 'afk', 'payah', 'tidak', 'bisa', 'mem', 'milih']",,negative
Ainur Rahman,"selalu di kasih tim yang tolol"" sama admin . masa main 8x gw MVP tp defeat mulu . kasih tim yg mantep gw mind biar gak gendong bocil"" tolol .",2.1.18.11201,"selalu di kasih tim yang tolol"" sama admin . masa main 8x gw mvp tp defeat mulu . kasih tim yg mantep gw mind biar gak gendong bocil"" tolol .","['selalu', 'di', 'kasih', 'tim', 'yang', 'tolol', ""''"", 'sama', 'admin', '.', 'masa', 'main', '8x', 'gw', 'mvp', 'tp', 'defeat', 'mulu', '.', 'kasih', 'tim', 'yg', 'mantep', 'gw', 'mind', 'biar', 'gak', 'gendong', 'bocil', ""''"", 'tolol', '.']","['selalu', 'di', 'kasih', 'tim', 'yang', 'tolol', 'sama', 'admin', 'masa', 'main', 'x', 'gw', 'mvp', 'tp', 'defeat', 'mulu', 'kasih', 'tim', 'yg', 'mantep', 'gw', 'mind', 'biar', 'gak', 'gendong', 'bocil', 'tolol']","['selalu', 'tolol', 'admin', 'masa', 'mvp', 'defeat', 'mantep', 'mind', 'biar', 'gendong', 'bocil', 'tolol']","['selalu', 'di', 'kasih', 'tim', 'yang', 'tolol', 'sama', 'admin', 'masa', 'main', 'x', 'gw', 'mvp', 'tp', 'defeat', 'mulu', 'kasih', 'tim', 'yg', 'mantep', 'gw', 'mind', 'biar', 'gak', 'gendong', 'bocil', 'tolol']","['selalu', 'di', 'kasih', 'team', 'yang', 'tolol', 'sama', 'admin', 'masa', 'main', 'kali', 'aku', 'mvp', 'tapi', 'defeat', 'mulu', 'kasih', 'team', 'yang', 'mantep', 'aku', 'mind', 'biar', 'tidak', 'gendong', 'bocil', 'tolol']",,negative
early ryan,banyak dark sistem,1.9.93.10904,banyak dark sistem,"['banyak', 'dark', 'sistem']","['banyak', 'dark', 'sistem']","['banyak', 'gelap']","['banyak', 'dark', 'sistem']","['banyak', 'gelap', 'sistem']",,negative
Visual Data,"woy ini setiap main leg mulu, sampe crash di dalam pertandingan. benerin lol",2.1.18.11201,"woy ini setiap main leg mulu, sampe crash di dalam pertandingan. benerin lol","['woy', 'ini', 'setiap', 'main', 'leg', 'mulu', ',', 'sampe', 'crash', 'di', 'dalam', 'pertandingan', '.', 'benerin', 'lol']","['woy', 'ini', 'setiap', 'main', 'leg', 'mulu', 'sampe', 'crash', 'di', 'dalam', 'pertandingan', 'benerin', 'lol']","['woy', 'lag', 'sampai', 'crash', 'dalam', 'tanding', 'rusak', 'lol']","['woy', 'ini', 'tiap', 'main', 'leg', 'mulu', 'sampe', 'crash', 'di', 'dalam', 'tanding', 'benerin', 'lol']","['woy', 'ini', 'tiap', 'main', 'lag', 'mulu', 'sampai', 'crash', 'di', 'dalam', 'tanding', 'rusak', 'lol']",,negative
Arjun Tandai,Game rusak setan,2.1.18.11201,game rusak setan,"['game', 'rusak', 'setan']","['game', 'rusak', 'setan']","['rusak', 'setan']","['game', 'rusak', 'setan']","['game', 'rusak', 'setan']",,negative
Dwi Uchi,game membingungkan tidak di sarankan di bawah umur !!!,2.1.18.11201,game membingungkan tidak di sarankan di bawah umur !!!,"['game', 'membingungkan', 'tidak', 'di', 'sarankan', 'di', 'bawah', 'umur', '!', '!', '!']","['game', 'membingungkan', 'tidak', 'di', 'sarankan', 'di', 'bawah', 'umur']","['bingung', 'saran', 'bawah', 'umur']","['game', 'bingung', 'tidak', 'di', 'saran', 'di', 'bawah', 'umur']","['game', 'bingung', 'tidak', 'di', 'saran', 'di', 'bawah', 'umur']",,negative
bulat Bulat,jngn main game ini la rusak. sinyal nya parah x,2.1.20.11202,jngn main game ini la rusak. sinyal nya parah x,"['jngn', 'main', 'game', 'ini', 'la', 'rusak', '.', 'sinyal', 'nya', 'parah', 'x']","['jngn', 'main', 'game', 'ini', 'la', 'rusak', 'sinyal', 'nya', 'parah', 'x']","['jngn', 'rusak', 'sinyal', 'parah']","['jngn', 'main', 'game', 'ini', 'la', 'rusak', 'sinyal', 'nya', 'parah', 'x']","['jngn', 'main', 'game', 'ini', 'la', 'rusak', 'sinyal', 'nya', 'parah', 'kali']",,negative
Andhika Reyvana,najiiiiiiiisssss kalah terus!!!!!!,,najiiiiiiiisssss kalah terus!!!!!!,"['najiiiiiiiisssss', 'kalah', 'terus', '!', '!', '!', '!', '!', '!']","['najis', 'kalah', 'terus']","['najis', 'kalah']","['najis', 'kalah', 'terus']","['najis', 'kalah', 'terus']",,negative
Angga Pradana,"busuk sekali ini game skin makin banyak kualitas game turun, yang bener aja dong pas ingame stuck gak bisa digerakkan sinyal hijau 37",2.1.18.11201,"busuk sekali ini game skin makin banyak kualitas game turun, yang bener aja dong pas ingame stuck gak bisa digerakkan sinyal hijau 37","['busuk', 'sekali', 'ini', 'game', 'skin', 'makin', 'banyak', 'kualitas', 'game', 'turun', ',', 'yang', 'bener', 'aja', 'dong', 'pas', 'ingame', 'stuck', 'gak', 'bisa', 'digerakkan', 'sinyal', 'hijau', '37']","['busuk', 'sekali', 'ini', 'game', 'skin', 'makin', 'banyak', 'kualitas', 'game', 'turun', 'yang', 'bener', 'aja', 'dong', 'pas', 'ingame', 'stuck', 'gak', 'bisa', 'digerakkan', 'sinyal', 'hijau']","['busuk', 'skin', 'makin', 'banyak', 'kualitas', 'turun', 'benar', 'ingame', 'stuck', 'gerak', 'sinyal', 'hijau']","['busuk', 'sekali', 'ini', 'game', 'skin', 'makin', 'banyak', 'kualitas', 'game', 'turun', 'yang', 'bener', 'aja', 'dong', 'pas', 'ingame', 'stuck', 'gak', 'bisa', 'gerak', 'sinyal', 'hijau']","['busuk', 'sekali', 'ini', 'game', 'skin', 'makin', 'banyak', 'kualitas', 'game', 'turun', 'yang', 'benar', 'aja', 'dong', 'pas', 'ingame', 'stuck', 'tidak', 'bisa', 'gerak', 'sinyal', 'hijau']",,negative
luci morintoh,"Game gubluk dikasih tim lolot, Dev Kikir Cuma mikirin uang uang melulu, Collab melulu, Setidaknya kasih Team yang kayak bener mainya! malah dikasih player skill Warrior, sia sia main ranked tapi Team nya kek Asu, tolong dong montoon tingkatkan lagi sistem nya jgn notice Mulu uang player sistem g pernah diurus, dah gitu Player yang main Troll biasanya g kena hukum, HARUSNYA DI BAN SETIDAKNYA 20 TAHUN! 🤬",2.1.18.11201,"game gubluk dikasih tim lolot, dev kikir cuma mikirin uang uang melulu, collab melulu, setidaknya kasih team yang kayak bener mainya! malah dikasih player skill warrior, sia sia main ranked tapi team nya kek asu, tolong dong montoon tingkatkan lagi sistem nya jgn notice mulu uang player sistem g pernah diurus, dah gitu player yang main troll biasanya g kena hukum, harusnya di ban setidaknya 20 tahun! 🤬","['game', 'gubluk', 'dikasih', 'tim', 'lolot', ',', 'dev', 'kikir', 'cuma', 'mikirin', 'uang', 'uang', 'melulu', ',', 'collab', 'melulu', ',', 'setidaknya', 'kasih', 'team', 'yang', 'kayak', 'bener', 'mainya', '!', 'malah', 'dikasih', 'player', 'skill', 'warrior', ',', 'sia', 'sia', 'main', 'ranked', 'tapi', 'team', 'nya', 'kek', 'asu', ',', 'tolong', 'dong', 'montoon', 'tingkatkan', 'lagi', 'sistem', 'nya', 'jgn', 'notice', 'mulu', 'uang', 'player', 'sistem', 'g', 'pernah', 'diurus', ',', 'dah', 'gitu', 'player', 'yang', 'main', 'troll', 'biasanya', 'g', 'kena', 'hukum', ',', 'harusnya', 'di', 'ban', 'setidaknya', '20', 'tahun', '!', '🤬']","['game', 'gubluk', 'dikasih', 'tim', 'lolot', 'dev', 'kikir', 'cuma', 'mikirin', 'uang', 'uang', 'melulu', 'collab', 'melulu', 'setidaknya', 'kasih', 'team', 'yang', 'kayak', 'bener', 'mainya', 'malah', 'dikasih', 'player', 'skill', 'warrior', 'sia', 'sia', 'main', 'ranked', 'tapi', 'team', 'nya', 'kek', 'asu', 'tolong', 'dong', 'montoon', 'tingkatkan', 'lagi', 'sistem', 'nya', 'jgn', 'notice', 'mulu', 'uang', 'player', 'sistem', 'g', 'pernah', 'diurus', 'dah', 'gitu', 'player', 'yang', 'main', 'troll', 'biasanya', 'g', 'kena', 'hukum', 'harusnya', 'di', 'ban', 'setidaknya', 'tahun']","['gubluk', 'lolot', 'dev', 'kikir', 'cuma', 'mikirin', 'uang', 'uang', 'melulu', 'collab', 'melulu', 'benar', 'mai', 'skill', 'warrior', 'sia', 'sia', 'ranked', 'asu', 'tolong', 'tingkat', 'jgn', 'notice', 'uang', 'pernah', 'urus', 'sudah', 'gitu', 'troll', 'biasa', 'kena', 'hukum', 'ban']","['game', 'gubluk', 'kasih', 'tim', 'lolot', 'dev', 'kikir', 'cuma', 'mikirin', 'uang', 'uang', 'melulu', 'collab', 'melulu', 'tidak', 'kasih', 'team', 'yang', 'kayak', 'bener', 'mai', 'malah', 'kasih', 'player', 'skill', 'warrior', 'sia', 'sia', 'main', 'ranked', 'tapi', 'team', 'nya', 'kek', 'asu', 'tolong', 'dong', 'montoon', 'tingkat', 'lagi', 'sistem', 'nya', 'jgn', 'notice', 'mulu', 'uang', 'player', 'sistem', 'g', 'pernah', 'urus', 'dah', 'gitu', 'player', 'yang', 'main', 'troll', 'biasa', 'g', 'kena', 'hukum', 'harus', 'di', 'ban', 'tidak', 'tahun']","['game', 'gubluk', 'kasih', 'team', 'lolot', 'dev', 'kikir', 'cuma', 'mikirin', 'uang', 'uang', 'melulu', 'collab', 'melulu', 'tidak', 'kasih', 'team', 'yang', 'seperti', 'benar', 'mai', 'malah', 'kasih', 'player', 'skill', 'warrior', 'sia', 'sia', 'main', 'ranked', 'tapi', 'team', 'nya', 'seperti', 'asu', 'tolong', 'dong', 'moonton', 'tingkat', 'lagi', 'sistem', 'nya', 'jgn', 'notice', 'mulu', 'uang', 'player', 'sistem', 'tidak', 'pernah', 'urus', 'sudah', 'gitu', 'player', 'yang', 'main', 'troll', 'biasa', 'tidak', 'kena', 'hukum', 'harus', 'di', 'ban', 'tidak', 'tahun']",,negative
Luxury Bath,we pontoon klo gua jago tuh timnya kasi jago juga donk,2.1.18.11201,we pontoon klo gua jago tuh timnya kasi jago juga donk,"['we', 'pontoon', 'klo', 'gua', 'jago', 'tuh', 'timnya', 'kasi', 'jago', 'juga', 'donk']","['we', 'pontoon', 'klo', 'gua', 'jago', 'tuh', 'timnya', 'kasi', 'jago', 'juga', 'donk']","['we', 'pontoon', 'jago', 'kasi', 'jago', 'donk']","['we', 'pontoon', 'klo', 'gua', 'jago', 'tuh', 'tim', 'kasi', 'jago', 'juga', 'donk']","['we', 'pontoon', 'kalau', 'aku', 'jago', 'tuh', 'team', 'kasi', 'jago', 'juga', 'donk']",,negative
Fredias Agutin,INI KENAPA LAGI MONTOON WOY...... SINYAL HIJAU PING 10-20 MS BISA2 NYA MENYAMBUNGKAN PERANGKAT MONTOON BABI UPDATE GAGAL PALAH DI RILIS TOLOL,2.1.18.11201,ini kenapa lagi montoon woy...... sinyal hijau ping 10-20 ms bisa2 nya menyambungkan perangkat montoon babi update gagal palah di rilis tolol,"['ini', 'kenapa', 'lagi', 'montoon', 'woy', '......', 'sinyal', 'hijau', 'ping', '10-20', 'ms', 'bisa2', 'nya', 'menyambungkan', 'perangkat', 'montoon', 'babi', 'update', 'gagal', 'palah', 'di', 'rilis', 'tolol']","['ini', 'kenapa', 'lagi', 'montoon', 'woy', 'sinyal', 'hijau', 'ping', 'ms', 'bisa', 'nya', 'menyambungkan', 'perangkat', 'montoon', 'babi', 'update', 'gagal', 'palah', 'di', 'rilis', 'tolol']","['kenapa', 'woy', 'sinyal', 'hijau', 'ping', 'ms', 'sambung', 'perangkat', 'babi', 'update', 'gagal', 'palah', 'rilis', 'tolol']","['ini', 'kenapa', 'lagi', 'montoon', 'woy', 'sinyal', 'hijau', 'ping', 'ms', 'bisa', 'nya', 'sambung', 'perangkat', 'montoon', 'babi', 'update', 'gagal', 'palah', 'di', 'rilis', 'tolol']","['ini', 'kenapa', 'lagi', 'moonton', 'woy', 'sinyal', 'hijau', 'ping', 'ms', 'bisa', 'nya', 'sambung', 'perangkat', 'moonton', 'babi', 'update', 'gagal', 'palah', 'di', 'rilis', 'tolol']",,negative
kayzen hayato,"oke teruntuk moonton, tolong banget ya beri player solo di rank kasih aja musuh sama sama solo, bukan malah solo ketemu musuh duo apalagi trio juga, itu benar benar menyusahkan untuk player solo, tolong banget ya sistem nya diperbarui lagi, terimakasih.",,"oke teruntuk moonton, tolong banget ya beri player solo di rank kasih aja musuh sama sama solo, bukan malah solo ketemu musuh duo apalagi trio juga, itu benar benar menyusahkan untuk player solo, tolong banget ya sistem nya diperbarui lagi, terimakasih.","['oke', 'teruntuk', 'moonton', ',', 'tolong', 'banget', 'ya', 'beri', 'player', 'solo', 'di', 'rank', 'kasih', 'aja', 'musuh', 'sama', 'sama', 'solo', ',', 'bukan', 'malah', 'solo', 'ketemu', 'musuh', 'duo', 'apalagi', 'trio', 'juga', ',', 'itu', 'benar', 'benar', 'menyusahkan', 'untuk', 'player', 'solo', ',', 'tolong', 'banget', 'ya', 'sistem', 'nya', 'diperbarui', 'lagi', ',', 'terimakasih', '.']","['oke', 'teruntuk', 'moonton', 'tolong', 'banget', 'ya', 'beri', 'player', 'solo', 'di', 'rank', 'kasih', 'aja', 'musuh', 'sama', 'sama', 'solo', 'bukan', 'malah', 'solo', 'ketemu', 'musuh', 'duo', 'apalagi', 'trio', 'juga', 'itu', 'benar', 'benar', 'menyusahkan', 'untuk', 'player', 'solo', 'tolong', 'banget', 'ya', 'sistem', 'nya', 'diperbarui', 'lagi', 'terimakasih']","['oke', 'tolong', 'banget', 'beri', 'musuh', 'bukan', 'ketemu', 'musuh', 'duo', 'trio', 'benar', 'benar', 'susah', 'tolong', 'banget', 'baru', 'terimakasih']","['oke', 'untuk', 'moonton', 'tolong', 'banget', 'ya', 'beri', 'player', 'solo', 'di', 'rank', 'kasih', 'aja', 'musuh', 'sama', 'sama', 'solo', 'bukan', 'malah', 'solo', 'ketemu', 'musuh', 'duo', 'apalagi', 'trio', 'juga', 'itu', 'benar', 'benar', 'susah', 'untuk', 'player', 'solo', 'tolong', 'banget', 'ya', 'sistem', 'nya', 'baru', 'lagi', 'terimakasih']","['oke', 'untuk', 'moonton', 'tolong', 'banget', 'ya', 'beri', 'player', 'solo', 'di', 'rank', 'kasih', 'aja', 'musuh', 'sama', 'sama', 'solo', 'bukan', 'malah', 'solo', 'ketemu', 'musuh', 'duo', 'apalagi', 'trio', 'juga', 'itu', 'benar', 'benar', 'susah', 'untuk', 'player', 'solo', 'tolong', 'banget', 'ya', 'sistem', 'nya', 'baru', 'lagi', 'terimakasih']",,neutral
Irwan ar,"oyy monton buat game yang jelsas dikit napa. kebiasan, sinyal gw bagus' aja tapi kadang tiba' pin gw 295 gabisa gerak monton, plislah monton defeat itu menyakitkan, itu kejadiannya sering loh. klw dibandingkan sama game HOK atau ff ga ada yang kaya gitu lancar' aja tuh gw main giliran main ml malah ga bisah gerak kocak makanya gw yakin itu gamenya yang bermasalah bukan sinyal gw ingat ya monton itu terjadi bukan sekali tapi SERINGGG!!!! ⚠",1.9.99.10932,"oyy monton buat game yang jelsas dikit napa. kebiasan, sinyal gw bagus' aja tapi kadang tiba' pin gw 295 gabisa gerak monton, plislah monton defeat itu menyakitkan, itu kejadiannya sering loh. klw dibandingkan sama game hok atau ff ga ada yang kaya gitu lancar' aja tuh gw main giliran main ml malah ga bisah gerak kocak makanya gw yakin itu gamenya yang bermasalah bukan sinyal gw ingat ya monton itu terjadi bukan sekali tapi seringgg!!!! ⚠","['oyy', 'monton', 'buat', 'game', 'yang', 'jelsas', 'dikit', 'napa', '.', 'kebiasan', ',', 'sinyal', 'gw', 'bagus', ""'"", 'aja', 'tapi', 'kadang', 'tiba', ""'"", 'pin', 'gw', '295', 'gabisa', 'gerak', 'monton', ',', 'plislah', 'monton', 'defeat', 'itu', 'menyakitkan', ',', 'itu', 'kejadiannya', 'sering', 'loh', '.', 'klw', 'dibandingkan', 'sama', 'game', 'hok', 'atau', 'ff', 'ga', 'ada', 'yang', 'kaya', 'gitu', 'lancar', ""'"", 'aja', 'tuh', 'gw', 'main', 'giliran', 'main', 'ml', 'malah', 'ga', 'bisah', 'gerak', 'kocak', 'makanya', 'gw', 'yakin', 'itu', 'gamenya', 'yang', 'bermasalah', 'bukan', 'sinyal', 'gw', 'ingat', 'ya', 'monton', 'itu', 'terjadi', 'bukan', 'sekali', 'tapi', 'seringgg', '!', '!', '!', '!', '⚠']","['oyy', 'monton', 'buat', 'game', 'yang', 'jelsas', 'dikit', 'napa', 'kebiasan', 'sinyal', 'gw', 'bagus', 'aja', 'tapi', 'kadang', 'tiba', 'pin', 'gw', 'gabisa', 'gerak', 'monton', 'plislah', 'monton', 'defeat', 'itu', 'menyakitkan', 'itu', 'kejadiannya', 'sering', 'loh', 'klw', 'dibandingkan', 'sama', 'game', 'hok', 'atau', 'ff', 'ga', 'ada', 'yang', 'kaya', 'gitu', 'lancar', 'aja', 'tuh', 'gw', 'main', 'giliran', 'main', 'ml', 'malah', 'ga', 'bisah', 'gerak', 'kocak', 'makanya', 'gw', 'yakin', 'itu', 'gamenya', 'yang', 'bermasalah', 'bukan', 'sinyal', 'gw', 'ingat', 'ya', 'monton', 'itu', 'terjadi', 'bukan', 'sekali', 'tapi', 'sering']","['oyy', 'jelsas', 'sedikit', 'napa', 'bias', 'sinyal', 'bagus', 'kadang', 'pin', 'gabisa', 'gerak', 'plislah', 'defeat', 'sakit', 'klw', 'banding', 'ff', 'gitu', 'lancar', 'bisah', 'gerak', 'kocak', 'makanya', 'yakin', 'masalah', 'bukan', 'sinyal', 'ingat', 'bukan']","['oyy', 'monton', 'buat', 'game', 'yang', 'jelsas', 'dikit', 'napa', 'bias', 'sinyal', 'gw', 'bagus', 'aja', 'tapi', 'kadang', 'tiba', 'pin', 'gw', 'gabisa', 'gerak', 'monton', 'plislah', 'monton', 'defeat', 'itu', 'sakit', 'itu', 'jadi', 'sering', 'loh', 'klw', 'banding', 'sama', 'game', 'hok', 'atau', 'ff', 'ga', 'ada', 'yang', 'kaya', 'gitu', 'lancar', 'aja', 'tuh', 'gw', 'main', 'gilir', 'main', 'ml', 'malah', 'ga', 'bisah', 'gerak', 'kocak', 'makanya', 'gw', 'yakin', 'itu', 'gamenya', 'yang', 'masalah', 'bukan', 'sinyal', 'gw', 'ingat', 'ya', 'monton', 'itu', 'jadi', 'bukan', 'sekali', 'tapi', 'sering']","['oyy', 'moonton', 'buat', 'game', 'yang', 'jelsas', 'sedikit', 'napa', 'bias', 'sinyal', 'aku', 'bagus', 'aja', 'tapi', 'kadang', 'tiba', 'pin', 'aku', 'gabisa', 'gerak', 'moonton', 'plislah', 'moonton', 'defeat', 'itu', 'sakit', 'itu', 'jadi', 'sering', 'loh', 'klw', 'banding', 'sama', 'game', 'hok', 'atau', 'ff', 'tidak', 'ada', 'yang', 'seperti', 'gitu', 'lancar', 'aja', 'tuh', 'aku', 'main', 'gilir', 'main', 'ml', 'malah', 'tidak', 'bisah', 'gerak', 'kocak', 'makanya', 'aku', 'yakin', 'itu', 'game', 'yang', 'masalah', 'bukan', 'sinyal', 'aku', 'ingat', 'ya', 'moonton', 'itu', 'jadi', 'bukan', 'sekali', 'tapi', 'sering']",,negative
Angga Dwi Saputra,ini gk ada event lg apa. bosen main rank trs. dibuat sering lg lah event game lainnya,2.1.18.11201,ini gk ada event lg apa. bosen main rank trs. dibuat sering lg lah event game lainnya,"['ini', 'gk', 'ada', 'event', 'lg', 'apa', '.', 'bosen', 'main', 'rank', 'trs', '.', 'dibuat', 'sering', 'lg', 'lah', 'event', 'game', 'lainnya']","['ini', 'gk', 'ada', 'event', 'lg', 'apa', 'bosen', 'main', 'rank', 'trs', 'dibuat', 'sering', 'lg', 'lah', 'event', 'game', 'lainnya']","['event', 'lg', 'bosen', 'trs', 'lg', 'event', 'lain']","['ini', 'gk', 'ada', 'event', 'lg', 'apa', 'bosen', 'main', 'rank', 'trs', 'buat', 'sering', 'lg', 'lah', 'event', 'game', 'lain']","['ini', 'tidak', 'ada', 'event', 'lg', 'apa', 'bosen', 'main', 'rank', 'trs', 'buat', 'sering', 'lg', 'lah', 'event', 'game', 'lain']",,negative
Ziro Leonardo,game yang bikin otak saya yang awal nya normal jadi strees,,game yang bikin otak saya yang awal nya normal jadi strees,"['game', 'yang', 'bikin', 'otak', 'saya', 'yang', 'awal', 'nya', 'normal', 'jadi', 'strees']","['game', 'yang', 'bikin', 'otak', 'saya', 'yang', 'awal', 'nya', 'normal', 'jadi', 'strees']","['otak', 'normal', 'strees']","['game', 'yang', 'bikin', 'otak', 'saya', 'yang', 'awal', 'nya', 'normal', 'jadi', 'strees']","['game', 'yang', 'bikin', 'otak', 'aku', 'yang', 'awal', 'nya', 'normal', 'jadi', 'strees']",,positive
Mario Riski,"jangan main game ini game ini curang, musuhnya player timnya komputer",2.1.18.11201,"jangan main game ini game ini curang, musuhnya player timnya komputer","['jangan', 'main', 'game', 'ini', 'game', 'ini', 'curang', ',', 'musuhnya', 'player', 'timnya', 'komputer']","['jangan', 'main', 'game', 'ini', 'game', 'ini', 'curang', 'musuhnya', 'player', 'timnya', 'komputer']","['jangan', 'curang', 'musuh', 'komputer']","['jangan', 'main', 'game', 'ini', 'game', 'ini', 'curang', 'musuh', 'player', 'tim', 'komputer']","['jangan', 'main', 'game', 'ini', 'game', 'ini', 'curang', 'musuh', 'player', 'team', 'komputer']",,negative
Muhammad Alam,game rusak,2.1.18.11201,game rusak,"['game', 'rusak']","['game', 'rusak']",['rusak'],"['game', 'rusak']","['game', 'rusak']",,negative
Widam L,"selalu dapat tim beban, sengaja troll, dark system tiap solo rank. susah naik rank kalau kayak gini mulu tiap match tahay lah moonton",,"selalu dapat tim beban, sengaja troll, dark system tiap solo rank. susah naik rank kalau kayak gini mulu tiap match tahay lah moonton","['selalu', 'dapat', 'tim', 'beban', ',', 'sengaja', 'troll', ',', 'dark', 'system', 'tiap', 'solo', 'rank', '.', 'susah', 'naik', 'rank', 'kalau', 'kayak', 'gini', 'mulu', 'tiap', 'match', 'tahay', 'lah', 'moonton']","['selalu', 'dapat', 'tim', 'beban', 'sengaja', 'troll', 'dark', 'system', 'tiap', 'solo', 'rank', 'susah', 'naik', 'rank', 'kalau', 'kayak', 'gini', 'mulu', 'tiap', 'match', 'tahay', 'lah', 'moonton']","['selalu', 'beban', 'sengaja', 'troll', 'gelap', 'susah', 'naik', 'tahay']","['selalu', 'dapat', 'tim', 'beban', 'sengaja', 'troll', 'dark', 'system', 'tiap', 'solo', 'rank', 'susah', 'naik', 'rank', 'kalau', 'kayak', 'gin', 'mulu', 'tiap', 'match', 'tahay', 'lah', 'moonton']","['selalu', 'dapat', 'team', 'beban', 'sengaja', 'troll', 'gelap', 'sistem', 'tiap', 'solo', 'rank', 'susah', 'naik', 'rank', 'kalau', 'seperti', 'game', 'mulu', 'tiap', 'match', 'tahay', 'lah', 'moonton']",,negative
ZULFAN,"ML mau bangkrut?, kok hero baru di paksa beli pakai diamond",2.1.18.11201,"ml mau bangkrut?, kok hero baru di paksa beli pakai diamond","['ml', 'mau', 'bangkrut', '?', ',', 'kok', 'hero', 'baru', 'di', 'paksa', 'beli', 'pakai', 'diamond']","['ml', 'mau', 'bangkrut', 'kok', 'hero', 'baru', 'di', 'paksa', 'beli', 'pakai', 'diamond']","['bangkrut', 'baru', 'paksa', 'diamond']","['ml', 'mau', 'bangkrut', 'kok', 'hero', 'baru', 'di', 'paksa', 'beli', 'pakai', 'diamond']","['ml', 'mau', 'bangkrut', 'kok', 'hero', 'baru', 'di', 'paksa', 'beli', 'pakai', 'diamond']",,negative
Noel Herbert Septian Hutapea,"BUAT BRAWL 6 SLOT, AKU JUGA MAIN",2.1.18.11201,"buat brawl 6 slot, aku juga main","['buat', 'brawl', '6', 'slot', ',', 'aku', 'juga', 'main']","['buat', 'brawl', 'slot', 'aku', 'juga', 'main']","['brawl', 'slot']","['buat', 'brawl', 'slot', 'aku', 'juga', 'main']","['buat', 'brawl', 'slot', 'aku', 'juga', 'main']",,negative
Aril Kopior,pejuang solo gua ANJ!!!!!!!!!!!,1.9.99.10932,pejuang solo gua anj!!!!!!!!!!!,"['pejuang', 'solo', 'gua', 'anj', '!', '!', '!', '!', '!', '!', '!', '!', '!', '!', '!']","['pejuang', 'solo', 'gua', 'anj']","['juang', 'anj']","['juang', 'solo', 'gua', 'anj']","['juang', 'solo', 'aku', 'anj']",,negative
Muhammad Rizki,stiap lagi war ngestak pdhl jaringan mh aman tolong segera di perbaiki montoon,2.1.18.11201,stiap lagi war ngestak pdhl jaringan mh aman tolong segera di perbaiki montoon,"['stiap', 'lagi', 'war', 'ngestak', 'pdhl', 'jaringan', 'mh', 'aman', 'tolong', 'segera', 'di', 'perbaiki', 'montoon']","['stiap', 'lagi', 'war', 'ngestak', 'pdhl', 'jaringan', 'mh', 'aman', 'tolong', 'segera', 'di', 'perbaiki', 'montoon']","['stiap', 'ngestak', 'pdhl', 'mh', 'aman', 'tolong', 'segera', 'baik']","['stiap', 'lagi', 'war', 'ngestak', 'pdhl', 'jaring', 'mh', 'aman', 'tolong', 'segera', 'di', 'baik', 'montoon']","['stiap', 'lagi', 'war', 'ngestak', 'pdhl', 'jaring', 'mh', 'aman', 'tolong', 'segera', 'di', 'baik', 'moonton']",,negative
KHOLILLU ROHMAN,"dari season awal aku main baru kali ini gua ngomong kalo monton itu jaringan paling parah, gua sndiri tipikal g pernah komplen.. emng kalo tim mau dpt kalah pasti ada aja jaringan lag.. tim ku semua lag parah musuh pasti gg parah keterlaluan monton jgn donlod game ini udah burik",2.1.18.11201,"dari season awal aku main baru kali ini gua ngomong kalo monton itu jaringan paling parah, gua sndiri tipikal g pernah komplen.. emng kalo tim mau dpt kalah pasti ada aja jaringan lag.. tim ku semua lag parah musuh pasti gg parah keterlaluan monton jgn donlod game ini udah burik","['dari', 'season', 'awal', 'aku', 'main', 'baru', 'kali', 'ini', 'gua', 'ngomong', 'kalo', 'monton', 'itu', 'jaringan', 'paling', 'parah', ',', 'gua', 'sndiri', 'tipikal', 'g', 'pernah', 'komplen', '..', 'emng', 'kalo', 'tim', 'mau', 'dpt', 'kalah', 'pasti', 'ada', 'aja', 'jaringan', 'lag', '..', 'tim', 'ku', 'semua', 'lag', 'parah', 'musuh', 'pasti', 'gg', 'parah', 'keterlaluan', 'monton', 'jgn', 'donlod', 'game', 'ini', 'udah', 'burik']","['dari', 'season', 'awal', 'aku', 'main', 'baru', 'kali', 'ini', 'gua', 'ngomong', 'kalo', 'monton', 'itu', 'jaringan', 'paling', 'parah', 'gua', 'sndiri', 'tipikal', 'g', 'pernah', 'komplen', 'emng', 'kalo', 'tim', 'mau', 'dpt', 'kalah', 'pasti', 'ada', 'aja', 'jaringan', 'lag', 'tim', 'ku', 'semua', 'lag', 'parah', 'musuh', 'pasti', 'gg', 'parah', 'keterlaluan', 'monton', 'jgn', 'donlod', 'game', 'ini', 'udah', 'burik']","['season', 'baru', 'ngomong', 'paling', 'parah', 'sndiri', 'tipikal', 'pernah', 'komplen', 'emng', 'kalah', 'pasti', 'lag', 'semua', 'lag', 'parah', 'musuh', 'pasti', 'gg', 'parah', 'terlalu', 'jgn', 'donlod', 'buruk']","['dari', 'season', 'awal', 'aku', 'main', 'baru', 'kali', 'ini', 'gua', 'ngomong', 'kalo', 'monton', 'itu', 'jaring', 'paling', 'parah', 'gua', 'sndiri', 'tipikal', 'g', 'pernah', 'komplen', 'emng', 'kalo', 'tim', 'mau', 'dpt', 'kalah', 'pasti', 'ada', 'aja', 'jaring', 'lag', 'tim', 'ku', 'semua', 'lag', 'parah', 'musuh', 'pasti', 'gg', 'parah', 'terlalu', 'monton', 'jgn', 'donlod', 'game', 'ini', 'udah', 'burik']","['dari', 'season', 'awal', 'aku', 'main', 'baru', 'kali', 'ini', 'aku', 'ngomong', 'kalau', 'moonton', 'itu', 'jaring', 'paling', 'parah', 'aku', 'sndiri', 'tipikal', 'tidak', 'pernah', 'komplen', 'emng', 'kalau', 'team', 'mau', 'dapat', 'kalah', 'pasti', 'ada', 'aja', 'jaring', 'lag', 'team', 'ku', 'semua', 'lag', 'parah', 'musuh', 'pasti', 'gg', 'parah', 'terlalu', 'moonton', 'jgn', 'donlod', 'game', 'ini', 'udah', 'buruk']",,negative
As Reggawan,selalu lag dan tibaba mati perbaiki dong,2.1.18.11201,selalu lag dan tibaba mati perbaiki dong,"['selalu', 'lag', 'dan', 'tibaba', 'mati', 'perbaiki', 'dong']","['selalu', 'lag', 'dan', 'tibaba', 'mati', 'perbaiki', 'dong']","['selalu', 'lag', 'tibaba', 'mati', 'baik']","['selalu', 'lag', 'dan', 'tibaba', 'mati', 'baik', 'dong']","['selalu', 'lag', 'dan', 'tibaba', 'mati', 'baik', 'dong']",,negative
Faisal maulana,masa jaringan full dan baik malah lag sendiri seperti ada yg error. jadi tolong di perbaiki,,masa jaringan full dan baik malah lag sendiri seperti ada yg error. jadi tolong di perbaiki,"['masa', 'jaringan', 'full', 'dan', 'baik', 'malah', 'lag', 'sendiri', 'seperti', 'ada', 'yg', 'error', '.', 'jadi', 'tolong', 'di', 'perbaiki']","['masa', 'jaringan', 'full', 'dan', 'baik', 'malah', 'lag', 'sendiri', 'seperti', 'ada', 'yg', 'error', 'jadi', 'tolong', 'di', 'perbaiki']","['masa', 'full', 'baik', 'lag', 'sendiri', 'error', 'tolong', 'baik']","['masa', 'jaring', 'full', 'dan', 'baik', 'malah', 'lag', 'sendiri', 'seperti', 'ada', 'yg', 'error', 'jadi', 'tolong', 'di', 'baik']","['masa', 'jaring', 'full', 'dan', 'baik', 'malah', 'lag', 'sendiri', 'seperti', 'ada', 'yang', 'error', 'jadi', 'tolong', 'di', 'baik']",,negative
Tiar他,banyak banyak istighfar,1.8.58.9312,banyak banyak istighfar,"['banyak', 'banyak', 'istighfar']","['banyak', 'banyak', 'istighfar']","['banyak', 'banyak', 'istighfar']","['banyak', 'banyak', 'istighfar']","['banyak', 'banyak', 'istighfar']",,negative
aa Molet,game haram naik turun naik turun kayak asu dapet tim kayak komputer mulu,,game haram naik turun naik turun kayak asu dapet tim kayak komputer mulu,"['game', 'haram', 'naik', 'turun', 'naik', 'turun', 'kayak', 'asu', 'dapet', 'tim', 'kayak', 'komputer', 'mulu']","['game', 'haram', 'naik', 'turun', 'naik', 'turun', 'kayak', 'asu', 'dapet', 'tim', 'kayak', 'komputer', 'mulu']","['haram', 'naik', 'turun', 'naik', 'turun', 'asu', 'komputer']","['game', 'haram', 'naik', 'turun', 'naik', 'turun', 'kayak', 'asu', 'dapet', 'tim', 'kayak', 'komputer', 'mulu']","['game', 'haram', 'naik', 'turun', 'naik', 'turun', 'seperti', 'asu', 'dapet', 'team', 'seperti', 'komputer', 'mulu']",,negative
Muhamad Ersan,APALAH INI TEMAN SELALU DARK SISTEM DAN JARINGAN SELALU NGELAG PADAHAL PAS BUKA YOUTUBE BAGUS BAGUS AJA SETIAP MAIN TEMAN DARK SISTEM LAH ITULAH INILAH AHKKKK MOONTON YANG BENERLAH KASIH GW TIM YANG GG DAN PRO PLAYER GW RATING GAME INI SATU BINTANG KARENA MUSUH GG SEDANGKAN TIM GW BOT APALAH POKOKNYA KASIH GW TIM YANG BISA MAEN PENJOKI KEK PROPLAYER KEK TOP GLOBAL KEK!!!!!!!,2.1.18.11201,apalah ini teman selalu dark sistem dan jaringan selalu ngelag padahal pas buka youtube bagus bagus aja setiap main teman dark sistem lah itulah inilah ahkkkk moonton yang benerlah kasih gw tim yang gg dan pro player gw rating game ini satu bintang karena musuh gg sedangkan tim gw bot apalah pokoknya kasih gw tim yang bisa maen penjoki kek proplayer kek top global kek!!!!!!!,"['apalah', 'ini', 'teman', 'selalu', 'dark', 'sistem', 'dan', 'jaringan', 'selalu', 'ngelag', 'padahal', 'pas', 'buka', 'youtube', 'bagus', 'bagus', 'aja', 'setiap', 'main', 'teman', 'dark', 'sistem', 'lah', 'itulah', 'inilah', 'ahkkkk', 'moonton', 'yang', 'benerlah', 'kasih', 'gw', 'tim', 'yang', 'gg', 'dan', 'pro', 'player', 'gw', 'rating', 'game', 'ini', 'satu', 'bintang', 'karena', 'musuh', 'gg', 'sedangkan', 'tim', 'gw', 'bot', 'apalah', 'pokoknya', 'kasih', 'gw', 'tim', 'yang', 'bisa', 'maen', 'penjoki', 'kek', 'proplayer', 'kek', 'top', 'global', 'kek', '!', '!', '!', '!', '!', '!', '!']","['apalah', 'ini', 'teman', 'selalu', 'dark', 'sistem', 'dan', 'jaringan', 'selalu', 'ngelag', 'padahal', 'pas', 'buka', 'youtube', 'bagus', 'bagus', 'aja', 'setiap', 'main', 'teman', 'dark', 'sistem', 'lah', 'itulah', 'inilah', 'ahk', 'moonton', 'yang', 'benerlah', 'kasih', 'gw', 'tim', 'yang', 'gg', 'dan', 'pro', 'player', 'gw', 'rating', 'game', 'ini', 'satu', 'bintang', 'karena', 'musuh', 'gg', 'sedangkan', 'tim', 'gw', 'bot', 'apalah', 'pokoknya', 'kasih', 'gw', 'tim', 'yang', 'bisa', 'maen', 'penjoki', 'kek', 'proplayer', 'kek', 'top', 'global', 'kek']","['teman', 'selalu', 'gelap', 'selalu', 'lag', 'buka', 'youtube', 'bagus', 'bagus', 'teman', 'gelap', 'ahk', 'benar', 'gg', 'pro', 'rating', 'satu', 'bintang', 'musuh', 'gg', 'sedang', 'bot', 'pokok', 'joki', 'proplayer', 'top', 'global']","['apa', 'ini', 'teman', 'selalu', 'dark', 'sistem', 'dan', 'jaring', 'selalu', 'ngelag', 'padahal', 'pas', 'buka', 'youtube', 'bagus', 'bagus', 'aja', 'tiap', 'main', 'teman', 'dark', 'sistem', 'lah', 'itu', 'ini', 'ahk', 'moonton', 'yang', 'benerlah', 'kasih', 'gw', 'tim', 'yang', 'gg', 'dan', 'pro', 'player', 'gw', 'rating', 'game', 'ini', 'satu', 'bintang', 'karena', 'musuh', 'gg', 'sedang', 'tim', 'gw', 'bot', 'apa', 'pokok', 'kasih', 'gw', 'tim', 'yang', 'bisa', 'maen', 'joki', 'kek', 'proplayer', 'kek', 'top', 'global', 'kek']","['apa', 'ini', 'teman', 'selalu', 'gelap', 'sistem', 'dan', 'jaring', 'selalu', 'lag', 'padahal', 'pas', 'buka', 'youtube', 'bagus', 'bagus', 'aja', 'tiap', 'main', 'teman', 'gelap', 'sistem', 'lah', 'itu', 'ini', 'ahk', 'moonton', 'yang', 'benar', 'kasih', 'aku', 'team', 'yang', 'gg', 'dan', 'pro', 'player', 'aku', 'rating', 'game', 'ini', 'satu', 'bintang', 'karena', 'musuh', 'gg', 'sedang', 'team', 'aku', 'bot', 'apa', 'pokok', 'kasih', 'aku', 'team', 'yang', 'bisa', 'main', 'joki', 'seperti', 'proplayer', 'seperti', 'top', 'global', 'seperti']",,negative
Apriyanto Apriyanto,"update sekarang sering freeze AL hasil jadi lose streak, padahal sebelum update lancar , sangat mengecewakan!!!!",,"update sekarang sering freeze al hasil jadi lose streak, padahal sebelum update lancar , sangat mengecewakan!!!!","['update', 'sekarang', 'sering', 'freeze', 'al', 'hasil', 'jadi', 'lose', 'streak', ',', 'padahal', 'sebelum', 'update', 'lancar', ',', 'sangat', 'mengecewakan', '!', '!', '!', '!']","['update', 'sekarang', 'sering', 'freeze', 'al', 'hasil', 'jadi', 'lose', 'streak', 'padahal', 'sebelum', 'update', 'lancar', 'sangat', 'mengecewakan']","['update', 'sekarang', 'freeze', 'al', 'hasil', 'lose', 'streak', 'belum', 'update', 'lancar', 'kecewa']","['update', 'sekarang', 'sering', 'freeze', 'al', 'hasil', 'jadi', 'lose', 'streak', 'padahal', 'belum', 'update', 'lancar', 'sangat', 'kecewa']","['update', 'sekarang', 'sering', 'freeze', 'al', 'hasil', 'jadi', 'lose', 'streak', 'padahal', 'belum', 'update', 'lancar', 'sangat', 'kecewa']",,negative
Rizky Kurniawan,gamenya cukup seru tapi semakin lama makin berat jadi hpku yang bukan hp gaming gampang panas,2.1.18.11201,gamenya cukup seru tapi semakin lama makin berat jadi hpku yang bukan hp gaming gampang panas,"['gamenya', 'cukup', 'seru', 'tapi', 'semakin', 'lama', 'makin', 'berat', 'jadi', 'hpku', 'yang', 'bukan', 'hp', 'gaming', 'gampang', 'panas']","['gamenya', 'cukup', 'seru', 'tapi', 'semakin', 'lama', 'makin', 'berat', 'jadi', 'hpku', 'yang', 'bukan', 'hp', 'gaming', 'gampang', 'panas']","['cukup', 'seru', 'makin', 'lama', 'makin', 'berat', 'hpku', 'bukan', 'gaming', 'gampang', 'panas']","['gamenya', 'cukup', 'seru', 'tapi', 'makin', 'lama', 'makin', 'berat', 'jadi', 'hpku', 'yang', 'bukan', 'hp', 'gaming', 'gampang', 'panas']","['game', 'cukup', 'seru', 'tapi', 'makin', 'lama', 'makin', 'berat', 'jadi', 'hpku', 'yang', 'bukan', 'hp', 'gaming', 'gampang', 'panas']",,positive
Gembix,musuhnya susah,,musuhnya susah,"['musuhnya', 'susah']","['musuhnya', 'susah']","['musuh', 'susah']","['musuh', 'susah']","['musuh', 'susah']",,negative
FLASHGYD99,atas nama teman saya yaitu Samuel Prabowo mengatakan bahwa jika menggunakan nama samaran dianggap melanggar peraturan di pasal undang-undang,,atas nama teman saya yaitu samuel prabowo mengatakan bahwa jika menggunakan nama samaran dianggap melanggar peraturan di pasal undang-undang,"['atas', 'nama', 'teman', 'saya', 'yaitu', 'samuel', 'prabowo', 'mengatakan', 'bahwa', 'jika', 'menggunakan', 'nama', 'samaran', 'dianggap', 'melanggar', 'peraturan', 'di', 'pasal', 'undang-undang']","['atas', 'nama', 'teman', 'saya', 'yaitu', 'samuel', 'prabowo', 'mengatakan', 'bahwa', 'jika', 'menggunakan', 'nama', 'samaran', 'dianggap', 'melanggar', 'peraturan', 'di', 'pasal', 'undangundang']","['atas', 'teman', 'yaitu', 'samuel', 'prabowo', 'jika', 'guna', 'samar', 'anggap', 'langgar', 'atur', 'pasal', 'undangundang']","['atas', 'nama', 'teman', 'saya', 'yaitu', 'samuel', 'prabowo', 'kata', 'bahwa', 'jika', 'guna', 'nama', 'samar', 'anggap', 'langgar', 'atur', 'di', 'pasal', 'undangundang']","['atas', 'nama', 'teman', 'aku', 'yaitu', 'samuel', 'prabowo', 'kata', 'bahwa', 'jika', 'guna', 'nama', 'samar', 'anggap', 'langgar', 'atur', 'di', 'pasal', 'undangundang']",,positive
Febri Cell,ngerank dapet tim bocil terus,2.1.18.11201,ngerank dapet tim bocil terus,"['ngerank', 'dapet', 'tim', 'bocil', 'terus']","['ngerank', 'dapet', 'tim', 'bocil', 'terus']","['ngerank', 'bocil']","['ngerank', 'dapet', 'tim', 'bocil', 'terus']","['ngerank', 'dapet', 'team', 'bocil', 'terus']",,negative
Angga Wijaya,"fikss, percaya gw, kebanyakan player Mobile Legends Bang Bang pasti banyak ngalamin yang namanya bug skill, sinyal slalu hilang tiba tiba pas di ingame, gw rating b5 tujuannya supaya di baca sama pihak Moonton, bukan sekali dua kali player ML ngalamin kyk begini, bikin performa main jadi turun, dan juga bukan cuma itu, kebanyakan player ML banyak yg pensi hanya karna masalah bgni, contoh nya temen saya, tolong dong developer, perbaiki lagi game nya.... saya dari 1jt lebih player ML, mewakili",2.1.18.11201,"fikss, percaya gw, kebanyakan player mobile legends bang bang pasti banyak ngalamin yang namanya bug skill, sinyal slalu hilang tiba tiba pas di ingame, gw rating b5 tujuannya supaya di baca sama pihak moonton, bukan sekali dua kali player ml ngalamin kyk begini, bikin performa main jadi turun, dan juga bukan cuma itu, kebanyakan player ml banyak yg pensi hanya karna masalah bgni, contoh nya temen saya, tolong dong developer, perbaiki lagi game nya.... saya dari 1jt lebih player ml, mewakili","['fikss', ',', 'percaya', 'gw', ',', 'kebanyakan', 'player', 'mobile', 'legends', 'bang', 'bang', 'pasti', 'banyak', 'ngalamin', 'yang', 'namanya', 'bug', 'skill', ',', 'sinyal', 'slalu', 'hilang', 'tiba', 'tiba', 'pas', 'di', 'ingame', ',', 'gw', 'rating', 'b5', 'tujuannya', 'supaya', 'di', 'baca', 'sama', 'pihak', 'moonton', ',', 'bukan', 'sekali', 'dua', 'kali', 'player', 'ml', 'ngalamin', 'kyk', 'begini', ',', 'bikin', 'performa', 'main', 'jadi', 'turun', ',', 'dan', 'juga', 'bukan', 'cuma', 'itu', ',', 'kebanyakan', 'player', 'ml', 'banyak', 'yg', 'pensi', 'hanya', 'karna', 'masalah', 'bgni', ',', 'contoh', 'nya', 'temen', 'saya', ',', 'tolong', 'dong', 'developer', ',', 'perbaiki', 'lagi', 'game', 'nya', '....', 'saya', 'dari', '1jt', 'lebih', 'player', 'ml', ',', 'mewakili']","['fikss', 'percaya', 'gw', 'kebanyakan', 'player', 'mobile', 'legends', 'bang', 'bang', 'pasti', 'banyak', 'ngalamin', 'yang', 'namanya', 'bug', 'skill', 'sinyal', 'slalu', 'hilang', 'tiba', 'tiba', 'pas', 'di', 'ingame', 'gw', 'rating', 'b', 'tujuannya', 'supaya', 'di', 'baca', 'sama', 'pihak', 'moonton', 'bukan', 'sekali', 'dua', 'kali', 'player', 'ml', 'ngalamin', 'kyk', 'begini', 'bikin', 'performa', 'main', 'jadi', 'turun', 'dan', 'juga', 'bukan', 'cuma', 'itu', 'kebanyakan', 'player', 'ml', 'banyak', 'yg', 'pensi', 'hanya', 'karna', 'masalah', 'bgni', 'contoh', 'nya', 'temen', 'saya', 'tolong', 'dong', 'developer', 'perbaiki', 'lagi', 'game', 'nya', 'saya', 'dari', 'jt', 'lebih', 'player', 'ml', 'mewakili']","['fikss', 'percaya', 'banyak', 'legends', 'bang', 'bang', 'pasti', 'banyak', 'ngalamin', 'bug', 'skill', 'sinyal', 'slalu', 'hilang', 'ingame', 'rating', 'b', 'tuju', 'pihak', 'bukan', 'dua', 'ngalamin', 'kyk', 'begini', 'performa', 'turun', 'bukan', 'cuma', 'banyak', 'banyak', 'pensi', 'masalah', 'bgni', 'contoh', 'teman', 'tolong', 'developer', 'baik', 'jt', 'lebih', 'wakil']","['fikss', 'percaya', 'gw', 'banyak', 'player', 'mobile', 'legends', 'bang', 'bang', 'pasti', 'banyak', 'ngalamin', 'yang', 'nama', 'bug', 'skill', 'sinyal', 'slalu', 'hilang', 'tiba', 'tiba', 'pas', 'di', 'ingame', 'gw', 'rating', 'b', 'tuju', 'supaya', 'di', 'baca', 'sama', 'pihak', 'moonton', 'bukan', 'sekali', 'dua', 'kali', 'player', 'ml', 'ngalamin', 'kyk', 'begini', 'bikin', 'performa', 'main', 'jadi', 'turun', 'dan', 'juga', 'bukan', 'cuma', 'itu', 'banyak', 'player', 'ml', 'banyak', 'yg', 'pensi', 'hanya', 'karna', 'masalah', 'bgni', 'contoh', 'nya', 'temen', 'saya', 'tolong', 'dong', 'developer', 'baik', 'lagi', 'game', 'nya', 'saya', 'dari', 'jt', 'lebih', 'player', 'ml', 'wakil']","['fikss', 'percaya', 'aku', 'banyak', 'player', 'mobile', 'legends', 'bang', 'bang', 'pasti', 'banyak', 'ngalamin', 'yang', 'nama', 'bug', 'skill', 'sinyal', 'slalu', 'hilang', 'tiba', 'tiba', 'pas', 'di', 'ingame', 'aku', 'rating', 'b', 'tuju', 'supaya', 'di', 'baca', 'sama', 'pihak', 'moonton', 'bukan', 'sekali', 'dua', 'kali', 'player', 'ml', 'ngalamin', 'kyk', 'begini', 'bikin', 'performa', 'main', 'jadi', 'turun', 'dan', 'juga', 'bukan', 'cuma', 'itu', 'banyak', 'player', 'ml', 'banyak', 'yang', 'pensi', 'hanya', 'karena', 'masalah', 'bgni', 'contoh', 'nya', 'teman', 'aku', 'tolong', 'dong', 'developer', 'baik', 'lagi', 'game', 'nya', 'aku', 'dari', 'jt', 'lebih', 'player', 'ml', 'wakil']",,negative
aisyah new,sangat memuaskan GK tolong dark sistem di kurangin,1.9.68.10631,sangat memuaskan gk tolong dark sistem di kurangin,"['sangat', 'memuaskan', 'gk', 'tolong', 'dark', 'sistem', 'di', 'kurangin']","['sangat', 'memuaskan', 'gk', 'tolong', 'dark', 'sistem', 'di', 'kurangin']","['muas', 'tolong', 'gelap', 'rangin']","['sangat', 'muas', 'gk', 'tolong', 'dark', 'sistem', 'di', 'rangin']","['sangat', 'muas', 'tidak', 'tolong', 'gelap', 'sistem', 'di', 'rangin']",,positive
Dedi Iskandar,game nya jelek banyak yg ewean harus di hapus game kaya gini,2.1.18.11201,game nya jelek banyak yg ewean harus di hapus game kaya gini,"['game', 'nya', 'jelek', 'banyak', 'yg', 'ewean', 'harus', 'di', 'hapus', 'game', 'kaya', 'gini']","['game', 'nya', 'jelek', 'banyak', 'yg', 'ewean', 'harus', 'di', 'hapus', 'game', 'kaya', 'gini']","['jelek', 'banyak', 'ewean', 'hapus']","['game', 'nya', 'jelek', 'banyak', 'yg', 'ewean', 'harus', 'di', 'hapus', 'game', 'kaya', 'gin']","['game', 'nya', 'jelek', 'banyak', 'yang', 'ewean', 'harus', 'di', 'hapus', 'game', 'seperti', 'game']",,negative
Putra Alfatih,"saya punya kendala, yaitu saat asik bermain, tiba² sinyal hilang dan menampilkan teks ""menghubungkan kembali ke pertandingan"" seperti pada umumnya, tapi padahal kuota saya masih aktif dan ping masih hijau (sekitar 25-40ms) entah knp mlbb saat ini makin berat di hp kentang dan sinyal makin kacau. semoga lain waktu bisa lebih baik lagi💪",1.9.99.10932,"saya punya kendala, yaitu saat asik bermain, tiba² sinyal hilang dan menampilkan teks ""menghubungkan kembali ke pertandingan"" seperti pada umumnya, tapi padahal kuota saya masih aktif dan ping masih hijau (sekitar 25-40ms) entah knp mlbb saat ini makin berat di hp kentang dan sinyal makin kacau. semoga lain waktu bisa lebih baik lagi💪","['saya', 'punya', 'kendala', ',', 'yaitu', 'saat', 'asik', 'bermain', ',', 'tiba²', 'sinyal', 'hilang', 'dan', 'menampilkan', 'teks', '``', 'menghubungkan', 'kembali', 'ke', 'pertandingan', ""''"", 'seperti', 'pada', 'umumnya', ',', 'tapi', 'padahal', 'kuota', 'saya', 'masih', 'aktif', 'dan', 'ping', 'masih', 'hijau', '(', 'sekitar', '25-40ms', ')', 'entah', 'knp', 'mlbb', 'saat', 'ini', 'makin', 'berat', 'di', 'hp', 'kentang', 'dan', 'sinyal', 'makin', 'kacau', '.', 'semoga', 'lain', 'waktu', 'bisa', 'lebih', 'baik', 'lagi💪']","['saya', 'punya', 'kendala', 'yaitu', 'saat', 'asik', 'bermain', 'tiba', 'sinyal', 'hilang', 'dan', 'menampilkan', 'teks', 'menghubungkan', 'kembali', 'ke', 'pertandingan', 'seperti', 'pada', 'umumnya', 'tapi', 'padahal', 'kuota', 'saya', 'masih', 'aktif', 'dan', 'ping', 'masih', 'hijau', 'sekitar', 'ms', 'entah', 'knp', 'mlbb', 'saat', 'ini', 'makin', 'berat', 'di', 'hp', 'kentang', 'dan', 'sinyal', 'makin', 'kacau', 'semoga', 'lain', 'waktu', 'bisa', 'lebih', 'baik', 'lagi']","['punya', 'kendala', 'yaitu', 'asik', 'sinyal', 'hilang', 'tampil', 'teks', 'hubung', 'tanding', 'umum', 'kuota', 'aktif', 'ping', 'hijau', 'sekitar', 'ms', 'entah', 'knp', 'makin', 'berat', 'kentang', 'sinyal', 'makin', 'kacau', 'moga', 'lain', 'lebih', 'baik']","['saya', 'punya', 'kendala', 'yaitu', 'saat', 'asik', 'main', 'tiba', 'sinyal', 'hilang', 'dan', 'tampil', 'teks', 'hubung', 'kembali', 'ke', 'tanding', 'seperti', 'pada', 'umum', 'tapi', 'padahal', 'kuota', 'saya', 'masih', 'aktif', 'dan', 'ping', 'masih', 'hijau', 'sekitar', 'ms', 'entah', 'knp', 'mlbb', 'saat', 'ini', 'makin', 'berat', 'di', 'hp', 'kentang', 'dan', 'sinyal', 'makin', 'kacau', 'moga', 'lain', 'waktu', 'bisa', 'lebih', 'baik', 'lagi']","['aku', 'punya', 'kendala', 'yaitu', 'saat', 'asik', 'main', 'tiba', 'sinyal', 'hilang', 'dan', 'tampil', 'teks', 'hubung', 'kembali', 'ke', 'tanding', 'seperti', 'pada', 'umum', 'tapi', 'padahal', 'kuota', 'aku', 'masih', 'aktif', 'dan', 'ping', 'masih', 'hijau', 'sekitar', 'ms', 'entah', 'knp', 'mlbb', 'saat', 'ini', 'makin', 'berat', 'di', 'hp', 'kentang', 'dan', 'sinyal', 'makin', 'kacau', 'moga', 'lain', 'waktu', 'bisa', 'lebih', 'baik', 'lagi']",,negative
Komang Sujana,gw main ini game buat represing (menghilangkan stres ) malah nambah. stres apalah ini game kasih lost treak Mulu gw monton emang kon,2.1.18.11201,gw main ini game buat represing (menghilangkan stres ) malah nambah. stres apalah ini game kasih lost treak mulu gw monton emang kon,"['gw', 'main', 'ini', 'game', 'buat', 'represing', '(', 'menghilangkan', 'stres', ')', 'malah', 'nambah', '.', 'stres', 'apalah', 'ini', 'game', 'kasih', 'lost', 'treak', 'mulu', 'gw', 'monton', 'emang', 'kon']","['gw', 'main', 'ini', 'game', 'buat', 'represing', 'menghilangkan', 'stres', 'malah', 'nambah', 'stres', 'apalah', 'ini', 'game', 'kasih', 'lost', 'treak', 'mulu', 'gw', 'monton', 'emang', 'kon']","['represing', 'hilang', 'stres', 'nambah', 'stres', 'lost', 'treak', 'kon']","['gw', 'main', 'ini', 'game', 'buat', 'represing', 'hilang', 'stres', 'malah', 'nambah', 'stres', 'apa', 'ini', 'game', 'kasih', 'lost', 'treak', 'mulu', 'gw', 'monton', 'emang', 'kon']","['aku', 'main', 'ini', 'game', 'buat', 'represing', 'hilang', 'stres', 'malah', 'nambah', 'stres', 'apa', 'ini', 'game', 'kasih', 'lost', 'treak', 'mulu', 'aku', 'moonton', 'memang', 'kon']",,negative
Rizki Ox's,game tolol ga jelas,2.1.18.11201,game tolol ga jelas,"['game', 'tolol', 'ga', 'jelas']","['game', 'tolol', 'ga', 'jelas']","['tolol', 'jelas']","['game', 'tolol', 'ga', 'jelas']","['game', 'tolol', 'tidak', 'jelas']",,negative
Zaza Freya,"woi monton sinyal bbenerin woi, dari kematen setelah update skin kolektor,di in game sinyal mendadak hilang dan lping di atas 200 ,, begini mulu, lama banyak yang uninstal mlbb nya, gara2 sinyal hilang jadi lostreak njing",,"woi monton sinyal bbenerin woi, dari kematen setelah update skin kolektor,di in game sinyal mendadak hilang dan lping di atas 200 ,, begini mulu, lama banyak yang uninstal mlbb nya, gara2 sinyal hilang jadi lostreak njing","['woi', 'monton', 'sinyal', 'bbenerin', 'woi', ',', 'dari', 'kematen', 'setelah', 'update', 'skin', 'kolektor', ',', 'di', 'in', 'game', 'sinyal', 'mendadak', 'hilang', 'dan', 'lping', 'di', 'atas', '200', ',', ',', 'begini', 'mulu', ',', 'lama', 'banyak', 'yang', 'uninstal', 'mlbb', 'nya', ',', 'gara2', 'sinyal', 'hilang', 'jadi', 'lostreak', 'njing']","['woi', 'monton', 'sinyal', 'bbenerin', 'woi', 'dari', 'kematen', 'setelah', 'update', 'skin', 'kolektor', 'di', 'in', 'game', 'sinyal', 'mendadak', 'hilang', 'dan', 'lping', 'di', 'atas', 'begini', 'mulu', 'lama', 'banyak', 'yang', 'uninstal', 'mlbb', 'nya', 'gara', 'sinyal', 'hilang', 'jadi', 'lostreak', 'njing']","['buruk', 'sinyal', 'rusak', 'buruk', 'kematen', 'update', 'skin', 'kolektor', 'sinyal', 'dadak', 'hilang', 'lping', 'atas', 'begini', 'lama', 'banyak', 'uninstal', 'gara', 'sinyal', 'hilang', 'lostreak', 'njing']","['woi', 'monton', 'sinyal', 'bbenerin', 'woi', 'dari', 'kematen', 'telah', 'update', 'skin', 'kolektor', 'di', 'in', 'game', 'sinyal', 'dadak', 'hilang', 'dan', 'lping', 'di', 'atas', 'begini', 'mulu', 'lama', 'banyak', 'yang', 'uninstal', 'mlbb', 'nya', 'gara', 'sinyal', 'hilang', 'jadi', 'lostreak', 'njing']","['buruk', 'moonton', 'sinyal', 'rusak', 'buruk', 'dari', 'kematen', 'telah', 'update', 'skin', 'kolektor', 'di', 'in', 'game', 'sinyal', 'dadak', 'hilang', 'dan', 'lping', 'di', 'atas', 'begini', 'mulu', 'lama', 'banyak', 'yang', 'uninstal', 'mlbb', 'nya', 'gara', 'sinyal', 'hilang', 'jadi', 'lostreak', 'njing']",,negative
Romelah Rofki,"ini game emng kek t41 si bukanya bikin seneng,malah bikin stres",,"ini game emng kek t41 si bukanya bikin seneng,malah bikin stres","['ini', 'game', 'emng', 'kek', 't41', 'si', 'bukanya', 'bikin', 'seneng', ',', 'malah', 'bikin', 'stres']","['ini', 'game', 'emng', 'kek', 't', 'si', 'bukanya', 'bikin', 'seneng', 'malah', 'bikin', 'stres']","['emng', 't', 'buka', 'neng', 'stres']","['ini', 'game', 'emng', 'kek', 't', 'si', 'buka', 'bikin', 'neng', 'malah', 'bikin', 'stres']","['ini', 'game', 'emng', 'seperti', 't', 'si', 'buka', 'bikin', 'neng', 'malah', 'bikin', 'stres']",,negative
Om Aden,"tolong jangan kasih gw tim darksistem semua anj,,,gw pen mythic glory cok moonton liatt komennnn gw",2.1.18.11201,"tolong jangan kasih gw tim darksistem semua anj,,,gw pen mythic glory cok moonton liatt komennnn gw","['tolong', 'jangan', 'kasih', 'gw', 'tim', 'darksistem', 'semua', 'anj', ',', ',', ',', 'gw', 'pen', 'mythic', 'glory', 'cok', 'moonton', 'liatt', 'komennnn', 'gw']","['tolong', 'jangan', 'kasih', 'gw', 'tim', 'darksistem', 'semua', 'anj', 'gw', 'pen', 'mythic', 'glory', 'cok', 'moonton', 'liatt', 'komen', 'gw']","['tolong', 'jangan', 'darksistem', 'semua', 'anj', 'pen', 'mythic', 'glory', 'cok', 'liatt', 'komen']","['tolong', 'jangan', 'kasih', 'gw', 'tim', 'darksistem', 'semua', 'anj', 'gw', 'pen', 'mythic', 'glory', 'cok', 'moonton', 'liatt', 'komen', 'gw']","['tolong', 'jangan', 'kasih', 'aku', 'team', 'darksistem', 'semua', 'anj', 'aku', 'pen', 'mythic', 'glory', 'cok', 'moonton', 'liatt', 'komen', 'aku']",,negative
Bily Yusufi,eh moonton apa apaan tiap awal match ngeleg ngeleg pas mid game baru ga ngeleg ya gimana ga kalah kalo awal match nya udah di dominasi duluan ama musuh,2.1.18.11201,eh moonton apa apaan tiap awal match ngeleg ngeleg pas mid game baru ga ngeleg ya gimana ga kalah kalo awal match nya udah di dominasi duluan ama musuh,"['eh', 'moonton', 'apa', 'apaan', 'tiap', 'awal', 'match', 'ngeleg', 'ngeleg', 'pas', 'mid', 'game', 'baru', 'ga', 'ngeleg', 'ya', 'gimana', 'ga', 'kalah', 'kalo', 'awal', 'match', 'nya', 'udah', 'di', 'dominasi', 'duluan', 'ama', 'musuh']","['eh', 'moonton', 'apa', 'apaan', 'tiap', 'awal', 'match', 'ngeleg', 'ngeleg', 'pas', 'mid', 'game', 'baru', 'ga', 'ngeleg', 'ya', 'gimana', 'ga', 'kalah', 'kalo', 'awal', 'match', 'nya', 'udah', 'di', 'dominasi', 'duluan', 'ama', 'musuh']","['lag', 'lag', 'mid', 'baru', 'lag', 'gimana', 'kalah', 'dominasi', 'duluan', 'musuh']","['eh', 'moonton', 'apa', 'apa', 'tiap', 'awal', 'match', 'ngeleg', 'ngeleg', 'pas', 'mid', 'game', 'baru', 'ga', 'ngeleg', 'ya', 'gimana', 'ga', 'kalah', 'kalo', 'awal', 'match', 'nya', 'udah', 'di', 'dominasi', 'duluan', 'ama', 'musuh']","['eh', 'moonton', 'apa', 'apa', 'tiap', 'awal', 'match', 'lag', 'lag', 'pas', 'mid', 'game', 'baru', 'tidak', 'lag', 'ya', 'gimana', 'tidak', 'kalah', 'kalau', 'awal', 'match', 'nya', 'udah', 'di', 'dominasi', 'duluan', 'ama', 'musuh']",,negative
Yogo Saputro,malah makin parah lag nya,2.1.18.11201,malah makin parah lag nya,"['malah', 'makin', 'parah', 'lag', 'nya']","['malah', 'makin', 'parah', 'lag', 'nya']","['makin', 'parah', 'lag']","['malah', 'makin', 'parah', 'lag', 'nya']","['malah', 'makin', 'parah', 'lag', 'nya']",,negative
Dirga Dirga,nggak jelas dikasih dark sistem mulu,2.1.18.11201,nggak jelas dikasih dark sistem mulu,"['nggak', 'jelas', 'dikasih', 'dark', 'sistem', 'mulu']","['nggak', 'jelas', 'dikasih', 'dark', 'sistem', 'mulu']","['jelas', 'gelap']","['nggak', 'jelas', 'kasih', 'dark', 'sistem', 'mulu']","['tidak', 'jelas', 'kasih', 'gelap', 'sistem', 'mulu']",,negative
Anwar rifai,minimal kalo nyepin gak pernah hoki ya kasih win strikk lah monton . ngasih tim kaya komputer semua anj,2.1.18.11201,minimal kalo nyepin gak pernah hoki ya kasih win strikk lah monton . ngasih tim kaya komputer semua anj,"['minimal', 'kalo', 'nyepin', 'gak', 'pernah', 'hoki', 'ya', 'kasih', 'win', 'strikk', 'lah', 'monton', '.', 'ngasih', 'tim', 'kaya', 'komputer', 'semua', 'anj']","['minimal', 'kalo', 'nyepin', 'gak', 'pernah', 'hoki', 'ya', 'kasih', 'win', 'strikk', 'lah', 'monton', 'ngasih', 'tim', 'kaya', 'komputer', 'semua', 'anj']","['minimal', 'nyepin', 'pernah', 'hoki', 'win', 'strikk', 'beri', 'komputer', 'semua', 'anj']","['minimal', 'kalo', 'nyepin', 'gak', 'pernah', 'hoki', 'ya', 'kasih', 'win', 'strikk', 'lah', 'monton', 'ngasih', 'tim', 'kaya', 'komputer', 'semua', 'anj']","['minimal', 'kalau', 'nyepin', 'tidak', 'pernah', 'hoki', 'ya', 'kasih', 'win', 'strikk', 'lah', 'moonton', 'beri', 'team', 'seperti', 'komputer', 'semua', 'anj']",,negative
Akthar Bilqis Humaira Rabi,bagi skin dong moonton🙏😂,2.1.18.11201,bagi skin dong moonton🙏😂,"['bagi', 'skin', 'dong', 'moonton🙏😂']","['bagi', 'skin', 'dong', 'moonton']","['bagi', 'skin']","['bagi', 'skin', 'dong', 'moonton']","['bagi', 'skin', 'dong', 'moonton']",,positive
Alfin Prasetya,"moonton asuuu di kasih lag terus padahal udh pakek wifi+paket dataa, tolol babii game haramm",2.1.18.11201,"moonton asuuu di kasih lag terus padahal udh pakek wifi+paket dataa, tolol babii game haramm","['moonton', 'asuuu', 'di', 'kasih', 'lag', 'terus', 'padahal', 'udh', 'pakek', 'wifi+paket', 'dataa', ',', 'tolol', 'babii', 'game', 'haramm']","['moonton', 'asu', 'di', 'kasih', 'lag', 'terus', 'padahal', 'udh', 'pakek', 'wifipaket', 'dataa', 'tolol', 'babii', 'game', 'haramm']","['asu', 'lag', 'sudah', 'pakek', 'wifipaket', 'dataa', 'tolol', 'babi', 'haramm']","['moonton', 'asu', 'di', 'kasih', 'lag', 'terus', 'padahal', 'udh', 'pakek', 'wifipaket', 'dataa', 'tolol', 'babi', 'game', 'haramm']","['moonton', 'asu', 'di', 'kasih', 'lag', 'terus', 'padahal', 'sudah', 'pakek', 'wifipaket', 'dataa', 'tolol', 'babi', 'game', 'haramm']",,negative
Deden Suryana,bisa gak sihh jaringan gede tapi leg tolollll,2.1.18.11201,bisa gak sihh jaringan gede tapi leg tolollll,"['bisa', 'gak', 'sihh', 'jaringan', 'gede', 'tapi', 'leg', 'tolollll']","['bisa', 'gak', 'sihh', 'jaringan', 'gede', 'tapi', 'leg', 'tolol']","['sihh', 'gede', 'lag', 'tolol']","['bisa', 'gak', 'sihh', 'jaring', 'gede', 'tapi', 'leg', 'tolol']","['bisa', 'tidak', 'sihh', 'jaring', 'gede', 'tapi', 'lag', 'tolol']",,negative
WHYU TXSAS,game nya tolol sekali co,,game nya tolol sekali co,"['game', 'nya', 'tolol', 'sekali', 'co']","['game', 'nya', 'tolol', 'sekali', 'co']","['tolol', 'co']","['game', 'nya', 'tolol', 'sekali', 'co']","['game', 'nya', 'tolol', 'sekali', 'co']",,negative
Aggie Fajar,"kalau match making yang benar milih nya lawan nya 5 team sendiri 4 ga seimbang bukan 5vs 5 rank, Yang AFk.jangan beban di ranked benahi match making 5vs 5 sepadan mau menang mau kalah urusan nanti rank saya turun ketemu player dark sistem 4 vs 5 lalu 3 vs 5 , player dark sistem dimainkan montoon, bukan ga bisa main , kalau kalah fear 5 vs 5 gapapa ini tidak classic ketemu player dark sistem 4 vs 5 di rank sama,",2.1.18.11201,"kalau match making yang benar milih nya lawan nya 5 team sendiri 4 ga seimbang bukan 5vs 5 rank, yang afk.jangan beban di ranked benahi match making 5vs 5 sepadan mau menang mau kalah urusan nanti rank saya turun ketemu player dark sistem 4 vs 5 lalu 3 vs 5 , player dark sistem dimainkan montoon, bukan ga bisa main , kalau kalah fear 5 vs 5 gapapa ini tidak classic ketemu player dark sistem 4 vs 5 di rank sama,","['kalau', 'match', 'making', 'yang', 'benar', 'milih', 'nya', 'lawan', 'nya', '5', 'team', 'sendiri', '4', 'ga', 'seimbang', 'bukan', '5vs', '5', 'rank', ',', 'yang', 'afk.jangan', 'beban', 'di', 'ranked', 'benahi', 'match', 'making', '5vs', '5', 'sepadan', 'mau', 'menang', 'mau', 'kalah', 'urusan', 'nanti', 'rank', 'saya', 'turun', 'ketemu', 'player', 'dark', 'sistem', '4', 'vs', '5', 'lalu', '3', 'vs', '5', ',', 'player', 'dark', 'sistem', 'dimainkan', 'montoon', ',', 'bukan', 'ga', 'bisa', 'main', ',', 'kalau', 'kalah', 'fear', '5', 'vs', '5', 'gapapa', 'ini', 'tidak', 'classic', 'ketemu', 'player', 'dark', 'sistem', '4', 'vs', '5', 'di', 'rank', 'sama', ',']","['kalau', 'match', 'making', 'yang', 'benar', 'milih', 'nya', 'lawan', 'nya', 'team', 'sendiri', 'ga', 'seimbang', 'bukan', 'vs', 'rank', 'yang', 'afkjangan', 'beban', 'di', 'ranked', 'benahi', 'match', 'making', 'vs', 'sepadan', 'mau', 'menang', 'mau', 'kalah', 'urusan', 'nanti', 'rank', 'saya', 'turun', 'ketemu', 'player', 'dark', 'sistem', 'vs', 'lalu', 'vs', 'player', 'dark', 'sistem', 'dimainkan', 'montoon', 'bukan', 'ga', 'bisa', 'main', 'kalau', 'kalah', 'fear', 'vs', 'gapapa', 'ini', 'tidak', 'classic', 'ketemu', 'player', 'dark', 'sistem', 'vs', 'di', 'rank', 'sama']","['benar', 'milih', 'lawan', 'sendiri', 'imbang', 'bukan', 'vs', 'afkjangan', 'beban', 'ranked', 'benah', 'vs', 'padan', 'menang', 'kalah', 'urus', 'nanti', 'turun', 'ketemu', 'gelap', 'vs', 'lalu', 'vs', 'gelap', 'bukan', 'kalah', 'fear', 'vs', 'gapapa', 'classic', 'ketemu', 'gelap', 'vs']","['kalau', 'match', 'making', 'yang', 'benar', 'milih', 'nya', 'lawan', 'nya', 'team', 'sendiri', 'ga', 'imbang', 'bukan', 'vs', 'rank', 'yang', 'afkjangan', 'beban', 'di', 'ranked', 'benah', 'match', 'making', 'vs', 'padan', 'mau', 'menang', 'mau', 'kalah', 'urus', 'nanti', 'rank', 'saya', 'turun', 'ketemu', 'player', 'dark', 'sistem', 'vs', 'lalu', 'vs', 'player', 'dark', 'sistem', 'main', 'montoon', 'bukan', 'ga', 'bisa', 'main', 'kalau', 'kalah', 'fear', 'vs', 'gapapa', 'ini', 'tidak', 'classic', 'ketemu', 'player', 'dark', 'sistem', 'vs', 'di', 'rank', 'sama']","['kalau', 'match', 'making', 'yang', 'benar', 'milih', 'nya', 'lawan', 'nya', 'team', 'sendiri', 'tidak', 'imbang', 'bukan', 'vs', 'rank', 'yang', 'afkjangan', 'beban', 'di', 'ranked', 'benah', 'match', 'making', 'vs', 'padan', 'mau', 'menang', 'mau', 'kalah', 'urus', 'nanti', 'rank', 'aku', 'turun', 'ketemu', 'player', 'gelap', 'sistem', 'vs', 'lalu', 'vs', 'player', 'gelap', 'sistem', 'main', 'moonton', 'bukan', 'tidak', 'bisa', 'main', 'kalau', 'kalah', 'fear', 'vs', 'gapapa', 'ini', 'tidak', 'classic', 'ketemu', 'player', 'gelap', 'sistem', 'vs', 'di', 'rank', 'sama']",,negative
Angkasa Tripangga,sampah,,sampah,['sampah'],['sampah'],['sampah'],['sampah'],['sampah'],,negative
DuDa Berkelas,redy,2.1.18.11201,redy,['redy'],['redy'],['redy'],['redy'],['redy'],,negative
Restukasep Hamuddd,saya kasih bintang 5 bukan karna bagus tapi jelek soalnya ml makin sekarang makin ngebug masa di loby jadi warna ungu dan waktu draf pick suka ngelag di tambah kalo jaringan bagus juga suka ngelag mulu,2.1.18.11201,saya kasih bintang 5 bukan karna bagus tapi jelek soalnya ml makin sekarang makin ngebug masa di loby jadi warna ungu dan waktu draf pick suka ngelag di tambah kalo jaringan bagus juga suka ngelag mulu,"['saya', 'kasih', 'bintang', '5', 'bukan', 'karna', 'bagus', 'tapi', 'jelek', 'soalnya', 'ml', 'makin', 'sekarang', 'makin', 'ngebug', 'masa', 'di', 'loby', 'jadi', 'warna', 'ungu', 'dan', 'waktu', 'draf', 'pick', 'suka', 'ngelag', 'di', 'tambah', 'kalo', 'jaringan', 'bagus', 'juga', 'suka', 'ngelag', 'mulu']","['saya', 'kasih', 'bintang', 'bukan', 'karna', 'bagus', 'tapi', 'jelek', 'soalnya', 'ml', 'makin', 'sekarang', 'makin', 'ngebug', 'masa', 'di', 'loby', 'jadi', 'warna', 'ungu', 'dan', 'waktu', 'draf', 'pick', 'suka', 'ngelag', 'di', 'tambah', 'kalo', 'jaringan', 'bagus', 'juga', 'suka', 'ngelag', 'mulu']","['bintang', 'bukan', 'bagus', 'jelek', 'makin', 'sekarang', 'makin', 'ngebug', 'masa', 'loby', 'warna', 'ungu', 'draf', 'suka', 'lag', 'tambah', 'bagus', 'suka', 'lag']","['saya', 'kasih', 'bintang', 'bukan', 'karna', 'bagus', 'tapi', 'jelek', 'soal', 'ml', 'makin', 'sekarang', 'makin', 'ngebug', 'masa', 'di', 'loby', 'jadi', 'warna', 'ungu', 'dan', 'waktu', 'draf', 'pick', 'suka', 'ngelag', 'di', 'tambah', 'kalo', 'jaring', 'bagus', 'juga', 'suka', 'ngelag', 'mulu']","['aku', 'kasih', 'bintang', 'bukan', 'karena', 'bagus', 'tapi', 'jelek', 'soal', 'ml', 'makin', 'sekarang', 'makin', 'ngebug', 'masa', 'di', 'loby', 'jadi', 'warna', 'ungu', 'dan', 'waktu', 'draf', 'pick', 'suka', 'lag', 'di', 'tambah', 'kalau', 'jaring', 'bagus', 'juga', 'suka', 'lag', 'mulu']",,positive
Priyo Sakti,gk bisa dipencet menghubungkan akun ke wanya,2.1.18.11201,gk bisa dipencet menghubungkan akun ke wanya,"['gk', 'bisa', 'dipencet', 'menghubungkan', 'akun', 'ke', 'wanya']","['gk', 'bisa', 'dipencet', 'menghubungkan', 'akun', 'ke', 'wanya']","['pencet', 'hubung', 'akun', 'wanya']","['gk', 'bisa', 'pencet', 'hubung', 'akun', 'ke', 'wanya']","['tidak', 'bisa', 'pencet', 'hubung', 'akun', 'ke', 'wanya']",,negative
Ardo Duka,kalau game ini bisa offline aku kasih bintang lima karna aku biasanya pakai hotspot tetangga terus kalau ngelek aku marah pukul hp jadi gitu lah,2.1.18.11201,kalau game ini bisa offline aku kasih bintang lima karna aku biasanya pakai hotspot tetangga terus kalau ngelek aku marah pukul hp jadi gitu lah,"['kalau', 'game', 'ini', 'bisa', 'offline', 'aku', 'kasih', 'bintang', 'lima', 'karna', 'aku', 'biasanya', 'pakai', 'hotspot', 'tetangga', 'terus', 'kalau', 'ngelek', 'aku', 'marah', 'pukul', 'hp', 'jadi', 'gitu', 'lah']","['kalau', 'game', 'ini', 'bisa', 'offline', 'aku', 'kasih', 'bintang', 'lima', 'karna', 'aku', 'biasanya', 'pakai', 'hotspot', 'tetangga', 'terus', 'kalau', 'ngelek', 'aku', 'marah', 'pukul', 'hp', 'jadi', 'gitu', 'lah']","['offline', 'bintang', 'lima', 'biasa', 'hotspot', 'tetangga', 'lag', 'marah', 'pukul', 'gitu']","['kalau', 'game', 'ini', 'bisa', 'offline', 'aku', 'kasih', 'bintang', 'lima', 'karna', 'aku', 'biasa', 'pakai', 'hotspot', 'tetangga', 'terus', 'kalau', 'ngelek', 'aku', 'marah', 'pukul', 'hp', 'jadi', 'gitu', 'lah']","['kalau', 'game', 'ini', 'bisa', 'offline', 'aku', 'kasih', 'bintang', 'lima', 'karena', 'aku', 'biasa', 'pakai', 'hotspot', 'tetangga', 'terus', 'kalau', 'lag', 'aku', 'marah', 'pukul', 'hp', 'jadi', 'gitu', 'lah']",,negative
Emil Mafazi,Terlalu banyak pemain yang pakai jasa joki jadi banyak yang menjadi beban solo ranked dan ripot tidak pernah berhasil walaupun skornya 0 11 1 dark system nya udah kacau,2.1.18.11201,terlalu banyak pemain yang pakai jasa joki jadi banyak yang menjadi beban solo ranked dan ripot tidak pernah berhasil walaupun skornya 0 11 1 dark system nya udah kacau,"['terlalu', 'banyak', 'pemain', 'yang', 'pakai', 'jasa', 'joki', 'jadi', 'banyak', 'yang', 'menjadi', 'beban', 'solo', 'ranked', 'dan', 'ripot', 'tidak', 'pernah', 'berhasil', 'walaupun', 'skornya', '0', '11', '1', 'dark', 'system', 'nya', 'udah', 'kacau']","['terlalu', 'banyak', 'pemain', 'yang', 'pakai', 'jasa', 'joki', 'jadi', 'banyak', 'yang', 'menjadi', 'beban', 'solo', 'ranked', 'dan', 'ripot', 'tidak', 'pernah', 'berhasil', 'walaupun', 'skornya', 'dark', 'system', 'nya', 'udah', 'kacau']","['terlalu', 'banyak', 'jasa', 'joki', 'banyak', 'beban', 'ranked', 'ripot', 'pernah', 'hasil', 'walaupun', 'skor', 'gelap', 'kacau']","['terlalu', 'banyak', 'main', 'yang', 'pakai', 'jasa', 'joki', 'jadi', 'banyak', 'yang', 'jadi', 'beban', 'solo', 'ranked', 'dan', 'ripot', 'tidak', 'pernah', 'hasil', 'walaupun', 'skor', 'dark', 'system', 'nya', 'udah', 'kacau']","['terlalu', 'banyak', 'main', 'yang', 'pakai', 'jasa', 'joki', 'jadi', 'banyak', 'yang', 'jadi', 'beban', 'solo', 'ranked', 'dan', 'ripot', 'tidak', 'pernah', 'hasil', 'walaupun', 'skor', 'gelap', 'sistem', 'nya', 'udah', 'kacau']",,neutral
Taufik Taufik,Montoon babi kasih tim yang benar,2.1.18.11201,montoon babi kasih tim yang benar,"['montoon', 'babi', 'kasih', 'tim', 'yang', 'benar']","['montoon', 'babi', 'kasih', 'tim', 'yang', 'benar']","['babi', 'benar']","['montoon', 'babi', 'kasih', 'tim', 'yang', 'benar']","['moonton', 'babi', 'kasih', 'team', 'yang', 'benar']",,negative
Odie Ublag,dark sistem mlu..gmn x. bikin mles maen nya aja hpus juga ni ganti game,1.4.87.5292,dark sistem mlu..gmn x. bikin mles maen nya aja hpus juga ni ganti game,"['dark', 'sistem', 'mlu', '..', 'gmn', 'x.', 'bikin', 'mles', 'maen', 'nya', 'aja', 'hpus', 'juga', 'ni', 'ganti', 'game']","['dark', 'sistem', 'mlu', 'gmn', 'x', 'bikin', 'mles', 'maen', 'nya', 'aja', 'hpus', 'juga', 'ni', 'ganti', 'game']","['gelap', 'mlu', 'gmn', 'mles', 'hpus', 'ganti']","['dark', 'sistem', 'mlu', 'gmn', 'x', 'bikin', 'mles', 'maen', 'nya', 'aja', 'hpus', 'juga', 'ni', 'ganti', 'game']","['gelap', 'sistem', 'mlu', 'gmn', 'kali', 'bikin', 'mles', 'main', 'nya', 'aja', 'hpus', 'juga', 'ini', 'ganti', 'game']",,negative
Yoni Baskoro,parah bener ini...selalu leg saat main...pdahal bgus sinyal... kebanyakan bug nie... tolong perbaiki dong dan perhatikan,2.1.18.11201,parah bener ini...selalu leg saat main...pdahal bgus sinyal... kebanyakan bug nie... tolong perbaiki dong dan perhatikan,"['parah', 'bener', 'ini', '...', 'selalu', 'leg', 'saat', 'main', '...', 'pdahal', 'bgus', 'sinyal', '...', 'kebanyakan', 'bug', 'nie', '...', 'tolong', 'perbaiki', 'dong', 'dan', 'perhatikan']","['parah', 'bener', 'ini', 'selalu', 'leg', 'saat', 'main', 'pdahal', 'bgus', 'sinyal', 'kebanyakan', 'bug', 'nie', 'tolong', 'perbaiki', 'dong', 'dan', 'perhatikan']","['parah', 'benar', 'selalu', 'lag', 'pdahal', 'bgus', 'sinyal', 'banyak', 'bug', 'nie', 'tolong', 'baik', 'perhati']","['parah', 'bener', 'ini', 'selalu', 'leg', 'saat', 'main', 'pdahal', 'bgus', 'sinyal', 'banyak', 'bug', 'nie', 'tolong', 'baik', 'dong', 'dan', 'perhati']","['parah', 'benar', 'ini', 'selalu', 'lag', 'saat', 'main', 'pdahal', 'bgus', 'sinyal', 'banyak', 'bug', 'nie', 'tolong', 'baik', 'dong', 'dan', 'perhati']",,negative
Ruslan,saya kombeck,,saya kombeck,"['saya', 'kombeck']","['saya', 'kombeck']",['kombeck'],"['saya', 'kombeck']","['aku', 'kombeck']",,positive
Raffi Setiyono,"kenapaa ini sinyalnyaa ,, sinyal bagus lag mulu ahh,, benerin napa",2.1.18.11201,"kenapaa ini sinyalnyaa ,, sinyal bagus lag mulu ahh,, benerin napa","['kenapaa', 'ini', 'sinyalnyaa', ',', ',', 'sinyal', 'bagus', 'lag', 'mulu', 'ahh', ',', ',', 'benerin', 'napa']","['kenapaa', 'ini', 'sinyalnyaa', 'sinyal', 'bagus', 'lag', 'mulu', 'ahh', 'benerin', 'napa']","['kenapaa', 'sinyalnyaa', 'sinyal', 'bagus', 'lag', 'ahh', 'rusak', 'napa']","['kenapaa', 'ini', 'sinyalnyaa', 'sinyal', 'bagus', 'lag', 'mulu', 'ahh', 'benerin', 'napa']","['kenapaa', 'ini', 'sinyalnyaa', 'sinyal', 'bagus', 'lag', 'mulu', 'ahh', 'rusak', 'napa']",,negative
ASPEK HUKUK NEGARA ADALAH,Tolong kurangin MB mlbb,,tolong kurangin mb mlbb,"['tolong', 'kurangin', 'mb', 'mlbb']","['tolong', 'kurangin', 'mb', 'mlbb']","['tolong', 'rangin', 'mb']","['tolong', 'rangin', 'mb', 'mlbb']","['tolong', 'rangin', 'mb', 'mlbb']",,positive
Irpan RM,"oii moonton awas aja kalo misalkan magic core di reset setiap 3 bulan gua sumpahin lu , lagian lu pasti blunder ml pasti makin sepi nanti gara"" hal ini",1.9.70.10634,"oii moonton awas aja kalo misalkan magic core di reset setiap 3 bulan gua sumpahin lu , lagian lu pasti blunder ml pasti makin sepi nanti gara"" hal ini","['oii', 'moonton', 'awas', 'aja', 'kalo', 'misalkan', 'magic', 'core', 'di', 'reset', 'setiap', '3', 'bulan', 'gua', 'sumpahin', 'lu', ',', 'lagian', 'lu', 'pasti', 'blunder', 'ml', 'pasti', 'makin', 'sepi', 'nanti', 'gara', ""''"", 'hal', 'ini']","['oii', 'moonton', 'awas', 'aja', 'kalo', 'misalkan', 'magic', 'core', 'di', 'reset', 'setiap', 'bulan', 'gua', 'sumpahin', 'lu', 'lagian', 'lu', 'pasti', 'blunder', 'ml', 'pasti', 'makin', 'sepi', 'nanti', 'gara', 'hal', 'ini']","['oii', 'awas', 'misal', 'magic', 'core', 'reset', 'bulan', 'sumpahin', 'pasti', 'blunder', 'pasti', 'makin', 'sepi', 'nanti', 'gara', 'hal']","['oii', 'moonton', 'awas', 'aja', 'kalo', 'misal', 'magic', 'core', 'di', 'reset', 'tiap', 'bulan', 'gua', 'sumpahin', 'lu', 'lagi', 'lu', 'pasti', 'blunder', 'ml', 'pasti', 'makin', 'sepi', 'nanti', 'gara', 'hal', 'ini']","['oii', 'moonton', 'awas', 'aja', 'kalau', 'misal', 'magic', 'core', 'di', 'reset', 'tiap', 'bulan', 'aku', 'sumpahin', 'kamu', 'lagi', 'kamu', 'pasti', 'blunder', 'ml', 'pasti', 'makin', 'sepi', 'nanti', 'gara', 'hal', 'ini']",,negative
Agung Putra ramadhan,Akun saya kenapa ya ? udah di kaitin ke suatu dari salah satu opsi tapi pas login ke game nya akun nya tiba² ilang dan ga ada di bind nya,1.9.42.10341,akun saya kenapa ya ? udah di kaitin ke suatu dari salah satu opsi tapi pas login ke game nya akun nya tiba² ilang dan ga ada di bind nya,"['akun', 'saya', 'kenapa', 'ya', '?', 'udah', 'di', 'kaitin', 'ke', 'suatu', 'dari', 'salah', 'satu', 'opsi', 'tapi', 'pas', 'login', 'ke', 'game', 'nya', 'akun', 'nya', 'tiba²', 'ilang', 'dan', 'ga', 'ada', 'di', 'bind', 'nya']","['akun', 'saya', 'kenapa', 'ya', 'udah', 'di', 'kaitin', 'ke', 'suatu', 'dari', 'salah', 'satu', 'opsi', 'tapi', 'pas', 'login', 'ke', 'game', 'nya', 'akun', 'nya', 'tiba', 'ilang', 'dan', 'ga', 'ada', 'di', 'bind', 'nya']","['akun', 'kenapa', 'kaitin', 'suatu', 'salah', 'satu', 'opsi', 'akun', 'ilang', 'bind']","['akun', 'saya', 'kenapa', 'ya', 'udah', 'di', 'kaitin', 'ke', 'suatu', 'dari', 'salah', 'satu', 'opsi', 'tapi', 'pas', 'login', 'ke', 'game', 'nya', 'akun', 'nya', 'tiba', 'ilang', 'dan', 'ga', 'ada', 'di', 'bind', 'nya']","['akun', 'aku', 'kenapa', 'ya', 'udah', 'di', 'kaitin', 'ke', 'suatu', 'dari', 'salah', 'satu', 'opsi', 'tapi', 'pas', 'login', 'ke', 'game', 'nya', 'akun', 'nya', 'tiba', 'ilang', 'dan', 'tidak', 'ada', 'di', 'bind', 'nya']",,negative
Ahmad fir Firdaus,sekarang kok mudah sih ngelek loding lama padahal udah pakai wifi tapi kok gak masuk terus kalau udah masuk malah di kasih afk mohon bantuannya ya pak moonton 🙏,2.1.18.11201,sekarang kok mudah sih ngelek loding lama padahal udah pakai wifi tapi kok gak masuk terus kalau udah masuk malah di kasih afk mohon bantuannya ya pak moonton 🙏,"['sekarang', 'kok', 'mudah', 'sih', 'ngelek', 'loding', 'lama', 'padahal', 'udah', 'pakai', 'wifi', 'tapi', 'kok', 'gak', 'masuk', 'terus', 'kalau', 'udah', 'masuk', 'malah', 'di', 'kasih', 'afk', 'mohon', 'bantuannya', 'ya', 'pak', 'moonton', '🙏']","['sekarang', 'kok', 'mudah', 'sih', 'ngelek', 'loding', 'lama', 'padahal', 'udah', 'pakai', 'wifi', 'tapi', 'kok', 'gak', 'masuk', 'terus', 'kalau', 'udah', 'masuk', 'malah', 'di', 'kasih', 'afk', 'mohon', 'bantuannya', 'ya', 'pak', 'moonton']","['sekarang', 'mudah', 'lag', 'loding', 'lama', 'wifi', 'masuk', 'masuk', 'afk', 'mohon', 'bantu', 'pak']","['sekarang', 'kok', 'mudah', 'sih', 'ngelek', 'loding', 'lama', 'padahal', 'udah', 'pakai', 'wifi', 'tapi', 'kok', 'gak', 'masuk', 'terus', 'kalau', 'udah', 'masuk', 'malah', 'di', 'kasih', 'afk', 'mohon', 'bantu', 'ya', 'pak', 'moonton']","['sekarang', 'kok', 'mudah', 'sih', 'lag', 'loding', 'lama', 'padahal', 'udah', 'pakai', 'wifi', 'tapi', 'kok', 'tidak', 'masuk', 'terus', 'kalau', 'udah', 'masuk', 'malah', 'di', 'kasih', 'afk', 'mohon', 'bantu', 'ya', 'pak', 'moonton']",,negative
Susana Susanti,karna game ini harus mermerlukan jaringan luar biasa,,karna game ini harus mermerlukan jaringan luar biasa,"['karna', 'game', 'ini', 'harus', 'mermerlukan', 'jaringan', 'luar', 'biasa']","['karna', 'game', 'ini', 'harus', 'mermerlukan', 'jaringan', 'luar', 'biasa']","['mermerlukan', 'luar', 'biasa']","['karna', 'game', 'ini', 'harus', 'mermerlukan', 'jaring', 'luar', 'biasa']","['karena', 'game', 'ini', 'harus', 'mermerlukan', 'jaring', 'luar', 'biasa']",,negative
Alfarrzhiee,"Sistem matchmakingnya ngawur. High Rank Mythical Glory tinggi ketemu satu tim sama High Rank Legend, Mythic, dan Mythical Honor bintang 30. Maen solo Rank, ketemu nya trio. Tolong perhatikan lagi Moonton, padahal udah bagus gamenya.",2.1.18.11201,"sistem matchmakingnya ngawur. high rank mythical glory tinggi ketemu satu tim sama high rank legend, mythic, dan mythical honor bintang 30. maen solo rank, ketemu nya trio. tolong perhatikan lagi moonton, padahal udah bagus gamenya.","['sistem', 'matchmakingnya', 'ngawur', '.', 'high', 'rank', 'mythical', 'glory', 'tinggi', 'ketemu', 'satu', 'tim', 'sama', 'high', 'rank', 'legend', ',', 'mythic', ',', 'dan', 'mythical', 'honor', 'bintang', '30.', 'maen', 'solo', 'rank', ',', 'ketemu', 'nya', 'trio', '.', 'tolong', 'perhatikan', 'lagi', 'moonton', ',', 'padahal', 'udah', 'bagus', 'gamenya', '.']","['sistem', 'matchmakingnya', 'ngawur', 'high', 'rank', 'mythical', 'glory', 'tinggi', 'ketemu', 'satu', 'tim', 'sama', 'high', 'rank', 'legend', 'mythic', 'dan', 'mythical', 'honor', 'bintang', 'maen', 'solo', 'rank', 'ketemu', 'nya', 'trio', 'tolong', 'perhatikan', 'lagi', 'moonton', 'padahal', 'udah', 'bagus', 'gamenya']","['ngawur', 'high', 'mythical', 'glory', 'tinggi', 'ketemu', 'satu', 'high', 'mythic', 'mythical', 'bintang', 'ketemu', 'trio', 'tolong', 'perhati', 'bagus']","['sistem', 'matchmakingnya', 'ngawur', 'high', 'rank', 'mythical', 'glory', 'tinggi', 'ketemu', 'satu', 'tim', 'sama', 'high', 'rank', 'legend', 'mythic', 'dan', 'mythical', 'honor', 'bintang', 'maen', 'solo', 'rank', 'ketemu', 'nya', 'trio', 'tolong', 'perhati', 'lagi', 'moonton', 'padahal', 'udah', 'bagus', 'gamenya']","['sistem', 'matchmaking', 'ngawur', 'high', 'rank', 'mythical', 'glory', 'tinggi', 'ketemu', 'satu', 'team', 'sama', 'high', 'rank', 'legend', 'mythic', 'dan', 'mythical', 'honor', 'bintang', 'main', 'solo', 'rank', 'ketemu', 'nya', 'trio', 'tolong', 'perhati', 'lagi', 'moonton', 'padahal', 'udah', 'bagus', 'game']",,negative
Miftah Dares,anjg,2.1.18.11201,anjg,['anjg'],['anjg'],['anjg'],['anjg'],['anjg'],,negative
Fauzan Adima,simpel aja sering dapat tim gc jelas spell retri Mala ngpus minion kecewa banget,2.1.20.11202,simpel aja sering dapat tim gc jelas spell retri mala ngpus minion kecewa banget,"['simpel', 'aja', 'sering', 'dapat', 'tim', 'gc', 'jelas', 'spell', 'retri', 'mala', 'ngpus', 'minion', 'kecewa', 'banget']","['simpel', 'aja', 'sering', 'dapat', 'tim', 'gc', 'jelas', 'spell', 'retri', 'mala', 'ngpus', 'minion', 'kecewa', 'banget']","['simpel', 'gc', 'jelas', 'spell', 'retri', 'mala', 'ngpus', 'minion', 'kecewa', 'banget']","['simpel', 'aja', 'sering', 'dapat', 'tim', 'gc', 'jelas', 'spell', 'retri', 'mala', 'ngpus', 'minion', 'kecewa', 'banget']","['simpel', 'aja', 'sering', 'dapat', 'team', 'gc', 'jelas', 'spell', 'retri', 'mala', 'ngpus', 'minion', 'kecewa', 'banget']",,negative
Asni Aprizal,game rusak,2.1.18.11201,game rusak,"['game', 'rusak']","['game', 'rusak']",['rusak'],"['game', 'rusak']","['game', 'rusak']",,negative
Risna Juliani,tidak di sarankan untuk bermain solo di game ini..! sistem matchnya sangat buruk untuk player solo.,2.1.18.11201,tidak di sarankan untuk bermain solo di game ini..! sistem matchnya sangat buruk untuk player solo.,"['tidak', 'di', 'sarankan', 'untuk', 'bermain', 'solo', 'di', 'game', 'ini', '..', '!', 'sistem', 'matchnya', 'sangat', 'buruk', 'untuk', 'player', 'solo', '.']","['tidak', 'di', 'sarankan', 'untuk', 'bermain', 'solo', 'di', 'game', 'ini', 'sistem', 'matchnya', 'sangat', 'buruk', 'untuk', 'player', 'solo']","['saran', 'matchnya', 'buruk']","['tidak', 'di', 'saran', 'untuk', 'main', 'solo', 'di', 'game', 'ini', 'sistem', 'matchnya', 'sangat', 'buruk', 'untuk', 'player', 'solo']","['tidak', 'di', 'saran', 'untuk', 'main', 'solo', 'di', 'game', 'ini', 'sistem', 'matchnya', 'sangat', 'buruk', 'untuk', 'player', 'solo']",,neutral
Yakun Fa,game bikin strees karena relog nya pun lama kAli udah jelek banyak update emang game moba jelek,,game bikin strees karena relog nya pun lama kali udah jelek banyak update emang game moba jelek,"['game', 'bikin', 'strees', 'karena', 'relog', 'nya', 'pun', 'lama', 'kali', 'udah', 'jelek', 'banyak', 'update', 'emang', 'game', 'moba', 'jelek']","['game', 'bikin', 'strees', 'karena', 'relog', 'nya', 'pun', 'lama', 'kali', 'udah', 'jelek', 'banyak', 'update', 'emang', 'game', 'moba', 'jelek']","['strees', 'relog', 'lama', 'jelek', 'banyak', 'update', 'jelek']","['game', 'bikin', 'strees', 'karena', 'relog', 'nya', 'pun', 'lama', 'kali', 'udah', 'jelek', 'banyak', 'update', 'emang', 'game', 'moba', 'jelek']","['game', 'bikin', 'strees', 'karena', 'relog', 'nya', 'pun', 'lama', 'kali', 'udah', 'jelek', 'banyak', 'update', 'memang', 'game', 'moba', 'jelek']",,negative
Ahmad Wahied,nyusahin,2.1.18.11201,nyusahin,['nyusahin'],['nyusahin'],['nyusahin'],['nyusahin'],['nyusahin'],,negative
Nyanyong,"makasi montoon,saya sudah bermain game ini selama 7 tahun game yang sangat menghibur dan kadang² saya stress main game ini banyak kalah,dark systemnya tapi gapapa game ini bagus kok cuman ada beberapa bug saat ada update tan itu aja terimakasih",2.1.18.11201,"makasi montoon,saya sudah bermain game ini selama 7 tahun game yang sangat menghibur dan kadang² saya stress main game ini banyak kalah,dark systemnya tapi gapapa game ini bagus kok cuman ada beberapa bug saat ada update tan itu aja terimakasih","['makasi', 'montoon', ',', 'saya', 'sudah', 'bermain', 'game', 'ini', 'selama', '7', 'tahun', 'game', 'yang', 'sangat', 'menghibur', 'dan', 'kadang²', 'saya', 'stress', 'main', 'game', 'ini', 'banyak', 'kalah', ',', 'dark', 'systemnya', 'tapi', 'gapapa', 'game', 'ini', 'bagus', 'kok', 'cuman', 'ada', 'beberapa', 'bug', 'saat', 'ada', 'update', 'tan', 'itu', 'aja', 'terimakasih']","['makasi', 'montoon', 'saya', 'sudah', 'bermain', 'game', 'ini', 'selama', 'tahun', 'game', 'yang', 'sangat', 'menghibur', 'dan', 'kadang', 'saya', 'stress', 'main', 'game', 'ini', 'banyak', 'kalah', 'dark', 'systemnya', 'tapi', 'gapapa', 'game', 'ini', 'bagus', 'kok', 'cuman', 'ada', 'beberapa', 'bug', 'saat', 'ada', 'update', 'tan', 'itu', 'aja', 'terimakasih']","['makas', 'sudah', 'lama', 'hibur', 'kadang', 'stres', 'banyak', 'kalah', 'gelap', 'systemnya', 'gapapa', 'bagus', 'beberapa', 'bug', 'update', 'tan', 'terimakasih']","['makas', 'montoon', 'saya', 'sudah', 'main', 'game', 'ini', 'lama', 'tahun', 'game', 'yang', 'sangat', 'hibur', 'dan', 'kadang', 'saya', 'stress', 'main', 'game', 'ini', 'banyak', 'kalah', 'dark', 'systemnya', 'tapi', 'gapapa', 'game', 'ini', 'bagus', 'kok', 'cuman', 'ada', 'beberapa', 'bug', 'saat', 'ada', 'update', 'tan', 'itu', 'aja', 'terimakasih']","['makas', 'moonton', 'aku', 'sudah', 'main', 'game', 'ini', 'lama', 'tahun', 'game', 'yang', 'sangat', 'hibur', 'dan', 'kadang', 'aku', 'stres', 'main', 'game', 'ini', 'banyak', 'kalah', 'gelap', 'systemnya', 'tapi', 'gapapa', 'game', 'ini', 'bagus', 'kok', 'hanya', 'ada', 'beberapa', 'bug', 'saat', 'ada', 'update', 'tan', 'itu', 'aja', 'terimakasih']",,positive
Pascol Ezy,bisa bintang 0 nggak sih game ampas tiap main dapet tim kayak ee semua,2.1.18.11201,bisa bintang 0 nggak sih game ampas tiap main dapet tim kayak ee semua,"['bisa', 'bintang', '0', 'nggak', 'sih', 'game', 'ampas', 'tiap', 'main', 'dapet', 'tim', 'kayak', 'ee', 'semua']","['bisa', 'bintang', 'nggak', 'sih', 'game', 'ampas', 'tiap', 'main', 'dapet', 'tim', 'kayak', 'ee', 'semua']","['bintang', 'buruk', 'ee', 'semua']","['bisa', 'bintang', 'nggak', 'sih', 'game', 'ampas', 'tiap', 'main', 'dapet', 'tim', 'kayak', 'ee', 'semua']","['bisa', 'bintang', 'tidak', 'sih', 'game', 'buruk', 'tiap', 'main', 'dapet', 'team', 'seperti', 'ee', 'semua']",,negative
Muzapar,geme baga buang² waktu sja,2.1.18.11201,geme baga buang² waktu sja,"['geme', 'baga', 'buang²', 'waktu', 'sja']","['geme', 'baga', 'buang', 'waktu', 'sja']","['baga', 'buang', 'sja']","['geme', 'baga', 'buang', 'waktu', 'sja']","['game', 'baga', 'buang', 'waktu', 'sja']",,negative
faiq fatahilah,"monton ta1. akun orang di ban sembarangan ta1,4su",2.1.18.11201,"monton ta1. akun orang di ban sembarangan ta1,4su","['monton', 'ta1', '.', 'akun', 'orang', 'di', 'ban', 'sembarangan', 'ta1,4su']","['monton', 'ta', 'akun', 'orang', 'di', 'ban', 'sembarangan', 'tasu']","['ta', 'akun', 'ban', 'sembarang', 'tasu']","['monton', 'ta', 'akun', 'orang', 'di', 'ban', 'sembarang', 'tasu']","['moonton', 'ta', 'akun', 'orang', 'di', 'ban', 'sembarang', 'tasu']",,negative
Alpin san,"woi yg benerlaa anjg ngasi tim bapuk benere asuu asu, boikot ml aja anjg",,"woi yg benerlaa anjg ngasi tim bapuk benere asuu asu, boikot ml aja anjg","['woi', 'yg', 'benerlaa', 'anjg', 'ngasi', 'tim', 'bapuk', 'benere', 'asuu', 'asu', ',', 'boikot', 'ml', 'aja', 'anjg']","['woi', 'yg', 'benerlaa', 'anjg', 'ngasi', 'tim', 'bapuk', 'benere', 'asuu', 'asu', 'boikot', 'ml', 'aja', 'anjg']","['buruk', 'benar', 'anjg', 'ngasi', 'bapuk', 'benar', 'asuu', 'asu', 'boikot', 'anjg']","['woi', 'yg', 'benerlaa', 'anjg', 'ngasi', 'tim', 'bapuk', 'benere', 'asuu', 'asu', 'boikot', 'ml', 'aja', 'anjg']","['buruk', 'yang', 'benar', 'anjg', 'ngasi', 'team', 'bapuk', 'benar', 'asuu', 'asu', 'boikot', 'ml', 'aja', 'anjg']",,negative
Nando SinagaJr04,Main Game ini Makin Stres KoontOl😠😡😤🤬🤬,2.1.18.11201,main game ini makin stres koontol😠😡😤🤬🤬,"['main', 'game', 'ini', 'makin', 'stres', 'koontol😠😡😤🤬🤬']","['main', 'game', 'ini', 'makin', 'stres', 'koontol']","['makin', 'stres', 'koontol']","['main', 'game', 'ini', 'makin', 'stres', 'koontol']","['main', 'game', 'ini', 'makin', 'stres', 'koontol']",,negative
La Nina,game sepi matching sampe 2 menit ga dapet2,2.1.18.11201,game sepi matching sampe 2 menit ga dapet2,"['game', 'sepi', 'matching', 'sampe', '2', 'menit', 'ga', 'dapet2']","['game', 'sepi', 'matching', 'sampe', 'menit', 'ga', 'dapet']","['sepi', 'matching', 'sampai', 'menit']","['game', 'sepi', 'matching', 'sampe', 'menit', 'ga', 'dapet']","['game', 'sepi', 'matching', 'sampai', 'menit', 'tidak', 'dapet']",,negative
Xiao Yan,game taik,,game taik,"['game', 'taik']","['game', 'taik']",['taik'],"['game', 'taik']","['game', 'taik']",,negative
Yogi Ramadhan,"Yang bener lah montoon masa glory ketemunya sama legend gtu aneh bngtt,",,"yang bener lah montoon masa glory ketemunya sama legend gtu aneh bngtt,","['yang', 'bener', 'lah', 'montoon', 'masa', 'glory', 'ketemunya', 'sama', 'legend', 'gtu', 'aneh', 'bngtt', ',']","['yang', 'bener', 'lah', 'montoon', 'masa', 'glory', 'ketemunya', 'sama', 'legend', 'gtu', 'aneh', 'bngtt']","['benar', 'masa', 'glory', 'ketemu', 'gtu', 'aneh', 'bngtt']","['yang', 'bener', 'lah', 'montoon', 'masa', 'glory', 'ketemu', 'sama', 'legend', 'gtu', 'aneh', 'bngtt']","['yang', 'benar', 'lah', 'moonton', 'masa', 'glory', 'ketemu', 'sama', 'legend', 'gtu', 'aneh', 'bngtt']",,negative
Braja Musti,"PERCUMA ADA PENGATURAN DRAFT PICK. Beberapa kali gua dpt tim gak seimbang, banyak yg feed/troll. Makin mls main MLBB klo gini.",1.9.64.10601,"percuma ada pengaturan draft pick. beberapa kali gua dpt tim gak seimbang, banyak yg feed/troll. makin mls main mlbb klo gini.","['percuma', 'ada', 'pengaturan', 'draft', 'pick', '.', 'beberapa', 'kali', 'gua', 'dpt', 'tim', 'gak', 'seimbang', ',', 'banyak', 'yg', 'feed/troll', '.', 'makin', 'mls', 'main', 'mlbb', 'klo', 'gini', '.']","['percuma', 'ada', 'pengaturan', 'draft', 'pick', 'beberapa', 'kali', 'gua', 'dpt', 'tim', 'gak', 'seimbang', 'banyak', 'yg', 'feedtroll', 'makin', 'mls', 'main', 'mlbb', 'klo', 'gini']","['percuma', 'atur', 'draft', 'beberapa', 'imbang', 'banyak', 'feedtroll', 'makin', 'mls']","['percuma', 'ada', 'atur', 'draft', 'pick', 'beberapa', 'kali', 'gua', 'dpt', 'tim', 'gak', 'imbang', 'banyak', 'yg', 'feedtroll', 'makin', 'mls', 'main', 'mlbb', 'klo', 'gin']","['percuma', 'ada', 'atur', 'draft', 'pick', 'beberapa', 'kali', 'aku', 'dapat', 'team', 'tidak', 'imbang', 'banyak', 'yang', 'feedtroll', 'makin', 'mls', 'main', 'mlbb', 'kalau', 'game']",,negative
Ballxx Pratama,kasih bintang 2 gw jg udh uninstall karna jaringan sering hilang saat war padahal sinyal full,1.9.64.10601,kasih bintang 2 gw jg udh uninstall karna jaringan sering hilang saat war padahal sinyal full,"['kasih', 'bintang', '2', 'gw', 'jg', 'udh', 'uninstall', 'karna', 'jaringan', 'sering', 'hilang', 'saat', 'war', 'padahal', 'sinyal', 'full']","['kasih', 'bintang', 'gw', 'jg', 'udh', 'uninstall', 'karna', 'jaringan', 'sering', 'hilang', 'saat', 'war', 'padahal', 'sinyal', 'full']","['bintang', 'jg', 'sudah', 'uninstall', 'hilang', 'sinyal', 'full']","['kasih', 'bintang', 'gw', 'jg', 'udh', 'uninstall', 'karna', 'jaring', 'sering', 'hilang', 'saat', 'war', 'padahal', 'sinyal', 'full']","['kasih', 'bintang', 'aku', 'jg', 'sudah', 'uninstall', 'karena', 'jaring', 'sering', 'hilang', 'saat', 'war', 'padahal', 'sinyal', 'full']",,negative
Galih Saepul Rifqi,"Opsi report setelah pertandingan itu sama sekali gak berguna selain untuk yang AFK. Ayolah, meskipun yang main mendapatkan medal gold, kalau mainnya bapuk, banyak mati, gak mau push tower, dan sebagainya yang menyebabkan kekalahan ya wajib ditindak. kalau gini ceritanya, lebih bagus HoK kemana-mana dalam hal menindak player.",,"opsi report setelah pertandingan itu sama sekali gak berguna selain untuk yang afk. ayolah, meskipun yang main mendapatkan medal gold, kalau mainnya bapuk, banyak mati, gak mau push tower, dan sebagainya yang menyebabkan kekalahan ya wajib ditindak. kalau gini ceritanya, lebih bagus hok kemana-mana dalam hal menindak player.","['opsi', 'report', 'setelah', 'pertandingan', 'itu', 'sama', 'sekali', 'gak', 'berguna', 'selain', 'untuk', 'yang', 'afk', '.', 'ayolah', ',', 'meskipun', 'yang', 'main', 'mendapatkan', 'medal', 'gold', ',', 'kalau', 'mainnya', 'bapuk', ',', 'banyak', 'mati', ',', 'gak', 'mau', 'push', 'tower', ',', 'dan', 'sebagainya', 'yang', 'menyebabkan', 'kekalahan', 'ya', 'wajib', 'ditindak', '.', 'kalau', 'gini', 'ceritanya', ',', 'lebih', 'bagus', 'hok', 'kemana-mana', 'dalam', 'hal', 'menindak', 'player', '.']","['opsi', 'report', 'setelah', 'pertandingan', 'itu', 'sama', 'sekali', 'gak', 'berguna', 'selain', 'untuk', 'yang', 'afk', 'ayolah', 'meskipun', 'yang', 'main', 'mendapatkan', 'medal', 'gold', 'kalau', 'mainnya', 'bapuk', 'banyak', 'mati', 'gak', 'mau', 'push', 'tower', 'dan', 'sebagainya', 'yang', 'menyebabkan', 'kekalahan', 'ya', 'wajib', 'ditindak', 'kalau', 'gini', 'ceritanya', 'lebih', 'bagus', 'hok', 'kemanamana', 'dalam', 'hal', 'menindak', 'player']","['opsi', 'report', 'tanding', 'guna', 'selain', 'afk', 'ayo', 'meski', 'medal', 'gold', 'bapuk', 'banyak', 'mati', 'push', 'tower', 'bagai', 'sebab', 'kalah', 'wajib', 'tindak', 'cerita', 'lebih', 'bagus', 'kemanamana', 'dalam', 'hal', 'tindak']","['opsi', 'report', 'telah', 'tanding', 'itu', 'sama', 'sekali', 'gak', 'guna', 'selain', 'untuk', 'yang', 'afk', 'ayo', 'meski', 'yang', 'main', 'dapat', 'medal', 'gold', 'kalau', 'main', 'bapuk', 'banyak', 'mati', 'gak', 'mau', 'push', 'tower', 'dan', 'bagai', 'yang', 'sebab', 'kalah', 'ya', 'wajib', 'tindak', 'kalau', 'gin', 'cerita', 'lebih', 'bagus', 'hok', 'kemanamana', 'dalam', 'hal', 'tindak', 'player']","['opsi', 'report', 'telah', 'tanding', 'itu', 'sama', 'sekali', 'tidak', 'guna', 'selain', 'untuk', 'yang', 'afk', 'ayo', 'meski', 'yang', 'main', 'dapat', 'medal', 'gold', 'kalau', 'main', 'bapuk', 'banyak', 'mati', 'tidak', 'mau', 'push', 'tower', 'dan', 'bagai', 'yang', 'sebab', 'kalah', 'ya', 'wajib', 'tindak', 'kalau', 'game', 'cerita', 'lebih', 'bagus', 'hok', 'kemanamana', 'dalam', 'hal', 'tindak', 'player']",,neutral
Angga Pee Wee,Terlalu banyak akun bot game apa ini,2.1.18.11201,terlalu banyak akun bot game apa ini,"['terlalu', 'banyak', 'akun', 'bot', 'game', 'apa', 'ini']","['terlalu', 'banyak', 'akun', 'bot', 'game', 'apa', 'ini']","['terlalu', 'banyak', 'akun', 'bot']","['terlalu', 'banyak', 'akun', 'bot', 'game', 'apa', 'ini']","['terlalu', 'banyak', 'akun', 'bot', 'game', 'apa', 'ini']",,negative
Jae Jae,jaringan buruk ml saat ini,,jaringan buruk ml saat ini,"['jaringan', 'buruk', 'ml', 'saat', 'ini']","['jaringan', 'buruk', 'ml', 'saat', 'ini']",['buruk'],"['jaring', 'buruk', 'ml', 'saat', 'ini']","['jaring', 'buruk', 'ml', 'saat', 'ini']",,negative
Muhammad Aulia Nasution,"tolonglah perbaiki bug bug yang ada di In game jangan event sama patch aja yang di urusin tapi, bug bug di dalam game di biarin aja kek mana player player pada pensi kek gini",2.1.18.11201,"tolonglah perbaiki bug bug yang ada di in game jangan event sama patch aja yang di urusin tapi, bug bug di dalam game di biarin aja kek mana player player pada pensi kek gini","['tolonglah', 'perbaiki', 'bug', 'bug', 'yang', 'ada', 'di', 'in', 'game', 'jangan', 'event', 'sama', 'patch', 'aja', 'yang', 'di', 'urusin', 'tapi', ',', 'bug', 'bug', 'di', 'dalam', 'game', 'di', 'biarin', 'aja', 'kek', 'mana', 'player', 'player', 'pada', 'pensi', 'kek', 'gini']","['tolonglah', 'perbaiki', 'bug', 'bug', 'yang', 'ada', 'di', 'in', 'game', 'jangan', 'event', 'sama', 'patch', 'aja', 'yang', 'di', 'urusin', 'tapi', 'bug', 'bug', 'di', 'dalam', 'game', 'di', 'biarin', 'aja', 'kek', 'mana', 'player', 'player', 'pada', 'pensi', 'kek', 'gini']","['tolong', 'baik', 'bug', 'bug', 'jangan', 'event', 'patch', 'urusin', 'bug', 'bug', 'dalam', 'biarin', 'mana', 'pensi']","['tolong', 'baik', 'bug', 'bug', 'yang', 'ada', 'di', 'in', 'game', 'jangan', 'event', 'sama', 'patch', 'aja', 'yang', 'di', 'urusin', 'tapi', 'bug', 'bug', 'di', 'dalam', 'game', 'di', 'biarin', 'aja', 'kek', 'mana', 'player', 'player', 'pada', 'pensi', 'kek', 'gin']","['tolong', 'baik', 'bug', 'bug', 'yang', 'ada', 'di', 'in', 'game', 'jangan', 'event', 'sama', 'patch', 'aja', 'yang', 'di', 'urusin', 'tapi', 'bug', 'bug', 'di', 'dalam', 'game', 'di', 'biarin', 'aja', 'seperti', 'mana', 'player', 'player', 'pada', 'pensi', 'seperti', 'game']",,negative
Nani,"Dongo mentang"" Hero mau peringkat global dikasih kawan bot lose terus",2.1.18.11201,"dongo mentang"" hero mau peringkat global dikasih kawan bot lose terus","['dongo', 'mentang', ""''"", 'hero', 'mau', 'peringkat', 'global', 'dikasih', 'kawan', 'bot', 'lose', 'terus']","['dongo', 'mentang', 'hero', 'mau', 'peringkat', 'global', 'dikasih', 'kawan', 'bot', 'lose', 'terus']","['dongo', 'mentang', 'peringkat', 'global', 'kawan', 'bot', 'lose']","['dongo', 'mentang', 'hero', 'mau', 'peringkat', 'global', 'kasih', 'kawan', 'bot', 'lose', 'terus']","['dongo', 'mentang', 'hero', 'mau', 'peringkat', 'global', 'kasih', 'kawan', 'bot', 'lose', 'terus']",,negative
Ajeng Mulia,"muntun tolong dong ini sinyal/jaringan ny kok jadi jelek gini? padahal paket data masih lancar, pernah pakek wifi juga tapi sinyal ny tetep burik,dan yg bikin kesel knp saat saya lag g bisa gerak teman 1 tim saya lancar jalan,war KLO sinyal saya yg jelek otomatis mereka terlihat lag juga kan di hp saya tapi knp g? dan yg bikin kesel lagi tuh sering terjadi di saat push renk,barw tolong lah muntun, history saya jadi silver, coklat kadang afk💔,g tau knp sejak ab ketelahir jaringan ny jdi burik",2.1.18.11201,"muntun tolong dong ini sinyal/jaringan ny kok jadi jelek gini? padahal paket data masih lancar, pernah pakek wifi juga tapi sinyal ny tetep burik,dan yg bikin kesel knp saat saya lag g bisa gerak teman 1 tim saya lancar jalan,war klo sinyal saya yg jelek otomatis mereka terlihat lag juga kan di hp saya tapi knp g? dan yg bikin kesel lagi tuh sering terjadi di saat push renk,barw tolong lah muntun, history saya jadi silver, coklat kadang afk💔,g tau knp sejak ab ketelahir jaringan ny jdi burik","['muntun', 'tolong', 'dong', 'ini', 'sinyal/jaringan', 'ny', 'kok', 'jadi', 'jelek', 'gini', '?', 'padahal', 'paket', 'data', 'masih', 'lancar', ',', 'pernah', 'pakek', 'wifi', 'juga', 'tapi', 'sinyal', 'ny', 'tetep', 'burik', ',', 'dan', 'yg', 'bikin', 'kesel', 'knp', 'saat', 'saya', 'lag', 'g', 'bisa', 'gerak', 'teman', '1', 'tim', 'saya', 'lancar', 'jalan', ',', 'war', 'klo', 'sinyal', 'saya', 'yg', 'jelek', 'otomatis', 'mereka', 'terlihat', 'lag', 'juga', 'kan', 'di', 'hp', 'saya', 'tapi', 'knp', 'g', '?', 'dan', 'yg', 'bikin', 'kesel', 'lagi', 'tuh', 'sering', 'terjadi', 'di', 'saat', 'push', 'renk', ',', 'barw', 'tolong', 'lah', 'muntun', ',', 'history', 'saya', 'jadi', 'silver', ',', 'coklat', 'kadang', 'afk💔', ',', 'g', 'tau', 'knp', 'sejak', 'ab', 'ketelahir', 'jaringan', 'ny', 'jdi', 'burik']","['muntun', 'tolong', 'dong', 'ini', 'sinyaljaringan', 'ny', 'kok', 'jadi', 'jelek', 'gini', 'padahal', 'paket', 'data', 'masih', 'lancar', 'pernah', 'pakek', 'wifi', 'juga', 'tapi', 'sinyal', 'ny', 'tetep', 'burik', 'dan', 'yg', 'bikin', 'kesel', 'knp', 'saat', 'saya', 'lag', 'g', 'bisa', 'gerak', 'teman', 'tim', 'saya', 'lancar', 'jalan', 'war', 'klo', 'sinyal', 'saya', 'yg', 'jelek', 'otomatis', 'mereka', 'terlihat', 'lag', 'juga', 'kan', 'di', 'hp', 'saya', 'tapi', 'knp', 'g', 'dan', 'yg', 'bikin', 'kesel', 'lagi', 'tuh', 'sering', 'terjadi', 'di', 'saat', 'push', 'renk', 'barw', 'tolong', 'lah', 'muntun', 'history', 'saya', 'jadi', 'silver', 'coklat', 'kadang', 'afk', 'g', 'tau', 'knp', 'sejak', 'ab', 'ketelahir', 'jaringan', 'ny', 'jdi', 'burik']","['muntun', 'tolong', 'sinyaljaringan', 'jelek', 'paket', 'lancar', 'pernah', 'pakek', 'wifi', 'sinyal', 'tetap', 'buruk', 'kesel', 'knp', 'lag', 'gerak', 'teman', 'lancar', 'jalan', 'sinyal', 'jelek', 'otomatis', 'lihat', 'lag', 'knp', 'kesel', 'push', 'renk', 'barw', 'tolong', 'muntun', 'history', 'silver', 'coklat', 'kadang', 'afk', 'knp', 'sejak', 'ab', 'tahir', 'buruk']","['muntun', 'tolong', 'dong', 'ini', 'sinyaljaringan', 'ny', 'kok', 'jadi', 'jelek', 'gin', 'padahal', 'paket', 'data', 'masih', 'lancar', 'pernah', 'pakek', 'wifi', 'juga', 'tapi', 'sinyal', 'ny', 'tetep', 'burik', 'dan', 'yg', 'bikin', 'kesel', 'knp', 'saat', 'saya', 'lag', 'g', 'bisa', 'gerak', 'teman', 'tim', 'saya', 'lancar', 'jalan', 'war', 'klo', 'sinyal', 'saya', 'yg', 'jelek', 'otomatis', 'mereka', 'lihat', 'lag', 'juga', 'kan', 'di', 'hp', 'saya', 'tapi', 'knp', 'g', 'dan', 'yg', 'bikin', 'kesel', 'lagi', 'tuh', 'sering', 'jadi', 'di', 'saat', 'push', 'renk', 'barw', 'tolong', 'lah', 'muntun', 'history', 'saya', 'jadi', 'silver', 'coklat', 'kadang', 'afk', 'g', 'tau', 'knp', 'sejak', 'ab', 'tahir', 'jaring', 'ny', 'jdi', 'burik']","['muntun', 'tolong', 'dong', 'ini', 'sinyaljaringan', 'nya', 'kok', 'jadi', 'jelek', 'game', 'padahal', 'paket', 'data', 'masih', 'lancar', 'pernah', 'pakek', 'wifi', 'juga', 'tapi', 'sinyal', 'nya', 'tetap', 'buruk', 'dan', 'yang', 'bikin', 'kesel', 'knp', 'saat', 'aku', 'lag', 'tidak', 'bisa', 'gerak', 'teman', 'team', 'aku', 'lancar', 'jalan', 'war', 'kalau', 'sinyal', 'aku', 'yang', 'jelek', 'otomatis', 'mereka', 'lihat', 'lag', 'juga', 'kan', 'di', 'hp', 'aku', 'tapi', 'knp', 'tidak', 'dan', 'yang', 'bikin', 'kesel', 'lagi', 'tuh', 'sering', 'jadi', 'di', 'saat', 'push', 'renk', 'barw', 'tolong', 'lah', 'muntun', 'history', 'aku', 'jadi', 'silver', 'coklat', 'kadang', 'afk', 'tidak', 'tau', 'knp', 'sejak', 'ab', 'tahir', 'jaring', 'nya', 'jadi', 'buruk']",,negative
Satin Tisa,banyak bug dan pembagian tim ngasal,2.1.18.11201,banyak bug dan pembagian tim ngasal,"['banyak', 'bug', 'dan', 'pembagian', 'tim', 'ngasal']","['banyak', 'bug', 'dan', 'pembagian', 'tim', 'ngasal']","['banyak', 'bug', 'bagi', 'ngasal']","['banyak', 'bug', 'dan', 'bagi', 'tim', 'ngasal']","['banyak', 'bug', 'dan', 'bagi', 'team', 'ngasal']",,negative
fachray al,banyak dark sistem,2.1.18.11201,banyak dark sistem,"['banyak', 'dark', 'sistem']","['banyak', 'dark', 'sistem']","['banyak', 'gelap']","['banyak', 'dark', 'sistem']","['banyak', 'gelap', 'sistem']",,negative
Ismir Rudini,"gamenya emng seru, kadang bikin stres,seneng sdkit, tapi lebih banyak stres bukanya bahagia, di kasi tim bot semua yang ga ngerti main, menang sekali kalah 3,4x gak ngertii, walaupun player lama"" kolo di giniin terus jadi bosen, terimakasih 8thunny",1.9.8.9833,"gamenya emng seru, kadang bikin stres,seneng sdkit, tapi lebih banyak stres bukanya bahagia, di kasi tim bot semua yang ga ngerti main, menang sekali kalah 3,4x gak ngertii, walaupun player lama"" kolo di giniin terus jadi bosen, terimakasih 8thunny","['gamenya', 'emng', 'seru', ',', 'kadang', 'bikin', 'stres', ',', 'seneng', 'sdkit', ',', 'tapi', 'lebih', 'banyak', 'stres', 'bukanya', 'bahagia', ',', 'di', 'kasi', 'tim', 'bot', 'semua', 'yang', 'ga', 'ngerti', 'main', ',', 'menang', 'sekali', 'kalah', '3,4x', 'gak', 'ngertii', ',', 'walaupun', 'player', 'lama', ""''"", 'kolo', 'di', 'giniin', 'terus', 'jadi', 'bosen', ',', 'terimakasih', '8thunny']","['gamenya', 'emng', 'seru', 'kadang', 'bikin', 'stres', 'seneng', 'sdkit', 'tapi', 'lebih', 'banyak', 'stres', 'bukanya', 'bahagia', 'di', 'kasi', 'tim', 'bot', 'semua', 'yang', 'ga', 'ngerti', 'main', 'menang', 'sekali', 'kalah', 'x', 'gak', 'ngertii', 'walaupun', 'player', 'lama', 'kolo', 'di', 'giniin', 'terus', 'jadi', 'bosen', 'terimakasih', 'thunny']","['emng', 'seru', 'kadang', 'stres', 'neng', 'sdkit', 'lebih', 'banyak', 'stres', 'buka', 'bahagia', 'kasi', 'bot', 'semua', 'ngerti', 'menang', 'kalah', 'ngertii', 'walaupun', 'lama', 'kolo', 'giniin', 'bosen', 'terimakasih', 'thunny']","['gamenya', 'emng', 'seru', 'kadang', 'bikin', 'stres', 'neng', 'sdkit', 'tapi', 'lebih', 'banyak', 'stres', 'buka', 'bahagia', 'di', 'kasi', 'tim', 'bot', 'semua', 'yang', 'ga', 'ngerti', 'main', 'menang', 'sekali', 'kalah', 'x', 'gak', 'ngertii', 'walaupun', 'player', 'lama', 'kolo', 'di', 'giniin', 'terus', 'jadi', 'bosen', 'terimakasih', 'thunny']","['game', 'emng', 'seru', 'kadang', 'bikin', 'stres', 'neng', 'sdkit', 'tapi', 'lebih', 'banyak', 'stres', 'buka', 'bahagia', 'di', 'kasi', 'team', 'bot', 'semua', 'yang', 'tidak', 'ngerti', 'main', 'menang', 'sekali', 'kalah', 'kali', 'tidak', 'ngertii', 'walaupun', 'player', 'lama', 'kolo', 'di', 'giniin', 'terus', 'jadi', 'bosen', 'terimakasih', 'thunny']",,negative
Yuki Ananda,"saya memilih Freya untuk hadiah topup pertama, malah dapat beleric",2.1.18.11201,"saya memilih freya untuk hadiah topup pertama, malah dapat beleric","['saya', 'memilih', 'freya', 'untuk', 'hadiah', 'topup', 'pertama', ',', 'malah', 'dapat', 'beleric']","['saya', 'memilih', 'freya', 'untuk', 'hadiah', 'topup', 'pertama', 'malah', 'dapat', 'beleric']","['pilih', 'freya', 'hadiah', 'topup', 'pertama', 'beleric']","['saya', 'pilih', 'freya', 'untuk', 'hadiah', 'topup', 'pertama', 'malah', 'dapat', 'beleric']","['aku', 'pilih', 'freya', 'untuk', 'hadiah', 'topup', 'pertama', 'malah', 'dapat', 'beleric']",,positive
Asef Fauzan,musuh jago tim dongo capek kali cok ngegendong gendong tu -_-,2.1.18.11201,musuh jago tim dongo capek kali cok ngegendong gendong tu -_-,"['musuh', 'jago', 'tim', 'dongo', 'capek', 'kali', 'cok', 'ngegendong', 'gendong', 'tu', '-_-']","['musuh', 'jago', 'tim', 'dongo', 'capek', 'kali', 'cok', 'ngegendong', 'gendong', 'tu']","['musuh', 'jago', 'dongo', 'capek', 'cok', 'ngegendong', 'gendong', 'tu']","['musuh', 'jago', 'tim', 'dongo', 'capek', 'kali', 'cok', 'ngegendong', 'gendong', 'tu']","['musuh', 'jago', 'team', 'dongo', 'capek', 'kali', 'cok', 'ngegendong', 'gendong', 'tu']",,negative
reyfan Sagita,"tolong montoon perbaiki sinyalnya.ping selalu merah waktu login dan bermain,lelet 🙄",,"tolong montoon perbaiki sinyalnya.ping selalu merah waktu login dan bermain,lelet 🙄","['tolong', 'montoon', 'perbaiki', 'sinyalnya.ping', 'selalu', 'merah', 'waktu', 'login', 'dan', 'bermain', ',', 'lelet', '🙄']","['tolong', 'montoon', 'perbaiki', 'sinyalnyaping', 'selalu', 'merah', 'waktu', 'login', 'dan', 'bermain', 'lelet']","['tolong', 'baik', 'sinyalnyaping', 'selalu', 'merah', 'lelet']","['tolong', 'montoon', 'baik', 'sinyalnyaping', 'selalu', 'merah', 'waktu', 'login', 'dan', 'main', 'lelet']","['tolong', 'moonton', 'baik', 'sinyalnyaping', 'selalu', 'merah', 'waktu', 'login', 'dan', 'main', 'lelet']",,neutral
L.A3.R,Gua gak seneng sama kalah muluk gara gara team nya gak seim bang tolong player nya jangan di sik sa,2.1.18.11201,gua gak seneng sama kalah muluk gara gara team nya gak seim bang tolong player nya jangan di sik sa,"['gua', 'gak', 'seneng', 'sama', 'kalah', 'muluk', 'gara', 'gara', 'team', 'nya', 'gak', 'seim', 'bang', 'tolong', 'player', 'nya', 'jangan', 'di', 'sik', 'sa']","['gua', 'gak', 'seneng', 'sama', 'kalah', 'muluk', 'gara', 'gara', 'team', 'nya', 'gak', 'seim', 'bang', 'tolong', 'player', 'nya', 'jangan', 'di', 'sik', 'sa']","['neng', 'kalah', 'muluk', 'gara', 'gara', 'seim', 'bang', 'tolong', 'jangan', 'sik', 'sa']","['gua', 'gak', 'neng', 'sama', 'kalah', 'muluk', 'gara', 'gara', 'team', 'nya', 'gak', 'seim', 'bang', 'tolong', 'player', 'nya', 'jangan', 'di', 'sik', 'sa']","['aku', 'tidak', 'neng', 'sama', 'kalah', 'muluk', 'gara', 'gara', 'team', 'nya', 'tidak', 'seim', 'bang', 'tolong', 'player', 'nya', 'jangan', 'di', 'sik', 'sa']",,negative
adnan saputra,"game tolol ada aja masalah nya setiap mau login ada tulisan ""ruang penyimpanan habis"" padahal masih banyak tolol nih gimana montonnn tolol bgt sih lu yatim",,"game tolol ada aja masalah nya setiap mau login ada tulisan ""ruang penyimpanan habis"" padahal masih banyak tolol nih gimana montonnn tolol bgt sih lu yatim","['game', 'tolol', 'ada', 'aja', 'masalah', 'nya', 'setiap', 'mau', 'login', 'ada', 'tulisan', '``', 'ruang', 'penyimpanan', 'habis', ""''"", 'padahal', 'masih', 'banyak', 'tolol', 'nih', 'gimana', 'montonnn', 'tolol', 'bgt', 'sih', 'lu', 'yatim']","['game', 'tolol', 'ada', 'aja', 'masalah', 'nya', 'setiap', 'mau', 'login', 'ada', 'tulisan', 'ruang', 'penyimpanan', 'habis', 'padahal', 'masih', 'banyak', 'tolol', 'nih', 'gimana', 'monton', 'tolol', 'bgt', 'sih', 'lu', 'yatim']","['tolol', 'masalah', 'tulis', 'ruang', 'habis', 'banyak', 'tolol', 'gimana', 'tolol', 'banget', 'yatim']","['game', 'tolol', 'ada', 'aja', 'masalah', 'nya', 'tiap', 'mau', 'login', 'ada', 'tulis', 'ruang', 'simpan', 'habis', 'padahal', 'masih', 'banyak', 'tolol', 'nih', 'gimana', 'monton', 'tolol', 'bgt', 'sih', 'lu', 'yatim']","['game', 'tolol', 'ada', 'aja', 'masalah', 'nya', 'tiap', 'mau', 'login', 'ada', 'tulis', 'ruang', 'simpan', 'habis', 'padahal', 'masih', 'banyak', 'tolol', 'nih', 'gimana', 'moonton', 'tolol', 'banget', 'sih', 'kamu', 'yatim']",,negative
Saman Alfarizi,"Hallo Moonton, tolong dong server nya dibenerin, semenjak ada bug border avatar legend alucard jadi lag parah dan ngefrezee, stuck di tampilan utama terus, kalaupun main rank bintangnya gak nambah padahal menang dan gak invalid match.",2.1.18.11201,"hallo moonton, tolong dong server nya dibenerin, semenjak ada bug border avatar legend alucard jadi lag parah dan ngefrezee, stuck di tampilan utama terus, kalaupun main rank bintangnya gak nambah padahal menang dan gak invalid match.","['hallo', 'moonton', ',', 'tolong', 'dong', 'server', 'nya', 'dibenerin', ',', 'semenjak', 'ada', 'bug', 'border', 'avatar', 'legend', 'alucard', 'jadi', 'lag', 'parah', 'dan', 'ngefrezee', ',', 'stuck', 'di', 'tampilan', 'utama', 'terus', ',', 'kalaupun', 'main', 'rank', 'bintangnya', 'gak', 'nambah', 'padahal', 'menang', 'dan', 'gak', 'invalid', 'match', '.']","['hallo', 'moonton', 'tolong', 'dong', 'server', 'nya', 'dibenerin', 'semenjak', 'ada', 'bug', 'border', 'avatar', 'legend', 'alucard', 'jadi', 'lag', 'parah', 'dan', 'ngefrezee', 'stuck', 'di', 'tampilan', 'utama', 'terus', 'kalaupun', 'main', 'rank', 'bintangnya', 'gak', 'nambah', 'padahal', 'menang', 'dan', 'gak', 'invalid', 'match']","['hallo', 'tolong', 'server', 'rusak', 'semenjak', 'bug', 'border', 'avatar', 'alucard', 'lag', 'parah', 'ngefrezee', 'stuck', 'tampil', 'utama', 'kalaupun', 'bintang', 'nambah', 'menang', 'invalid']","['hallo', 'moonton', 'tolong', 'dong', 'server', 'nya', 'dibenerin', 'semenjak', 'ada', 'bug', 'border', 'avatar', 'legend', 'alucard', 'jadi', 'lag', 'parah', 'dan', 'ngefrezee', 'stuck', 'di', 'tampil', 'utama', 'terus', 'kalaupun', 'main', 'rank', 'bintang', 'gak', 'nambah', 'padahal', 'menang', 'dan', 'gak', 'invalid', 'match']","['hallo', 'moonton', 'tolong', 'dong', 'server', 'nya', 'rusak', 'semenjak', 'ada', 'bug', 'border', 'avatar', 'legend', 'alucard', 'jadi', 'lag', 'parah', 'dan', 'ngefrezee', 'stuck', 'di', 'tampil', 'utama', 'terus', 'kalaupun', 'main', 'rank', 'bintang', 'tidak', 'nambah', 'padahal', 'menang', 'dan', 'tidak', 'invalid', 'match']",,negative
M.ripaldo,moonton oah,2.1.18.11201,moonton oah,"['moonton', 'oah']","['moonton', 'oah']",['oah'],"['moonton', 'oah']","['moonton', 'oah']",,negative
farhan night,makin kesini makin aneh drag pick nya dapet team nya ga pernah yg sepadan hero op/meta yg dipake musuh pada jago giliran team yg pake kaya bot malah bisa dibilang jagoan bot tolong dong,1.9.70.10634,makin kesini makin aneh drag pick nya dapet team nya ga pernah yg sepadan hero op/meta yg dipake musuh pada jago giliran team yg pake kaya bot malah bisa dibilang jagoan bot tolong dong,"['makin', 'kesini', 'makin', 'aneh', 'drag', 'pick', 'nya', 'dapet', 'team', 'nya', 'ga', 'pernah', 'yg', 'sepadan', 'hero', 'op/meta', 'yg', 'dipake', 'musuh', 'pada', 'jago', 'giliran', 'team', 'yg', 'pake', 'kaya', 'bot', 'malah', 'bisa', 'dibilang', 'jagoan', 'bot', 'tolong', 'dong']","['makin', 'kesini', 'makin', 'aneh', 'drag', 'pick', 'nya', 'dapet', 'team', 'nya', 'ga', 'pernah', 'yg', 'sepadan', 'hero', 'opmeta', 'yg', 'dipake', 'musuh', 'pada', 'jago', 'giliran', 'team', 'yg', 'pake', 'kaya', 'bot', 'malah', 'bisa', 'dibilang', 'jagoan', 'bot', 'tolong', 'dong']","['makin', 'makin', 'aneh', 'gelap', 'pernah', 'padan', 'opmeta', 'dipake', 'musuh', 'jago', 'bot', 'bilang', 'jago', 'bot', 'tolong']","['makin', 'kesini', 'makin', 'aneh', 'drag', 'pick', 'nya', 'dapet', 'team', 'nya', 'ga', 'pernah', 'yg', 'padan', 'hero', 'opmeta', 'yg', 'dipake', 'musuh', 'pada', 'jago', 'gilir', 'team', 'yg', 'pake', 'kaya', 'bot', 'malah', 'bisa', 'bilang', 'jago', 'bot', 'tolong', 'dong']","['makin', 'kesini', 'makin', 'aneh', 'gelap', 'pick', 'nya', 'dapet', 'team', 'nya', 'tidak', 'pernah', 'yang', 'padan', 'hero', 'opmeta', 'yang', 'dipake', 'musuh', 'pada', 'jago', 'gilir', 'team', 'yang', 'pakai', 'seperti', 'bot', 'malah', 'bisa', 'bilang', 'jago', 'bot', 'tolong', 'dong']",,negative
Novit Abim,no comment,2.1.18.11201,no comment,"['no', 'comment']","['no', 'comment']","['no', 'comment']","['no', 'comment']","['no', 'comment']",,negative
Naon We,ko sekarang jadi susah di buka yh di hp sayah,2.1.18.11201,ko sekarang jadi susah di buka yh di hp sayah,"['ko', 'sekarang', 'jadi', 'susah', 'di', 'buka', 'yh', 'di', 'hp', 'sayah']","['ko', 'sekarang', 'jadi', 'susah', 'di', 'buka', 'yh', 'di', 'hp', 'sayah']","['ko', 'sekarang', 'susah', 'buka', 'yh', 'sayah']","['ko', 'sekarang', 'jadi', 'susah', 'di', 'buka', 'yh', 'di', 'hp', 'sayah']","['ko', 'sekarang', 'jadi', 'susah', 'di', 'buka', 'yh', 'di', 'hp', 'sayah']",,negative
Minecraft Minecraft,Turun kan harga dm,,turun kan harga dm,"['turun', 'kan', 'harga', 'dm']","['turun', 'kan', 'harga', 'dm']","['turun', 'harga', 'dm']","['turun', 'kan', 'harga', 'dm']","['turun', 'kan', 'harga', 'dm']",,negative
Dewa Sadewa,cpe ketemu drak sistem semua pada ga bisa main jadehhh makin hari main banyak drak sistem ada yang kebanyakan ngtik sok jago padahal ga bisa main hadeh hadeh abk semua yang main cpe ge moonton game apalah ini cpe gw udah gendong masih aja ketemu tim abk tolong yang abk ga usah main ke cpe gw dongo semua cpe gendong gw ama tim dongo ajg,,cpe ketemu drak sistem semua pada ga bisa main jadehhh makin hari main banyak drak sistem ada yang kebanyakan ngtik sok jago padahal ga bisa main hadeh hadeh abk semua yang main cpe ge moonton game apalah ini cpe gw udah gendong masih aja ketemu tim abk tolong yang abk ga usah main ke cpe gw dongo semua cpe gendong gw ama tim dongo ajg,"['cpe', 'ketemu', 'drak', 'sistem', 'semua', 'pada', 'ga', 'bisa', 'main', 'jadehhh', 'makin', 'hari', 'main', 'banyak', 'drak', 'sistem', 'ada', 'yang', 'kebanyakan', 'ngtik', 'sok', 'jago', 'padahal', 'ga', 'bisa', 'main', 'hadeh', 'hadeh', 'abk', 'semua', 'yang', 'main', 'cpe', 'ge', 'moonton', 'game', 'apalah', 'ini', 'cpe', 'gw', 'udah', 'gendong', 'masih', 'aja', 'ketemu', 'tim', 'abk', 'tolong', 'yang', 'abk', 'ga', 'usah', 'main', 'ke', 'cpe', 'gw', 'dongo', 'semua', 'cpe', 'gendong', 'gw', 'ama', 'tim', 'dongo', 'ajg']","['cpe', 'ketemu', 'drak', 'sistem', 'semua', 'pada', 'ga', 'bisa', 'main', 'jadeh', 'makin', 'hari', 'main', 'banyak', 'drak', 'sistem', 'ada', 'yang', 'kebanyakan', 'ngtik', 'sok', 'jago', 'padahal', 'ga', 'bisa', 'main', 'hadeh', 'hadeh', 'abk', 'semua', 'yang', 'main', 'cpe', 'ge', 'moonton', 'game', 'apalah', 'ini', 'cpe', 'gw', 'udah', 'gendong', 'masih', 'aja', 'ketemu', 'tim', 'abk', 'tolong', 'yang', 'abk', 'ga', 'usah', 'main', 'ke', 'cpe', 'gw', 'dongo', 'semua', 'cpe', 'gendong', 'gw', 'ama', 'tim', 'dongo', 'ajg']","['cpe', 'ketemu', 'gelap', 'semua', 'jadeh', 'makin', 'banyak', 'gelap', 'banyak', 'ngtik', 'sok', 'jago', 'hadeh', 'hadeh', 'abk', 'semua', 'cpe', 'ge', 'cpe', 'gendong', 'ketemu', 'abk', 'tolong', 'abk', 'usah', 'cpe', 'dongo', 'semua', 'cpe', 'gendong', 'dongo', 'ajg']","['cpe', 'ketemu', 'drak', 'sistem', 'semua', 'pada', 'ga', 'bisa', 'main', 'jadeh', 'makin', 'hari', 'main', 'banyak', 'drak', 'sistem', 'ada', 'yang', 'banyak', 'ngtik', 'sok', 'jago', 'padahal', 'ga', 'bisa', 'main', 'hadeh', 'hadeh', 'abk', 'semua', 'yang', 'main', 'cpe', 'ge', 'moonton', 'game', 'apa', 'ini', 'cpe', 'gw', 'udah', 'gendong', 'masih', 'aja', 'ketemu', 'tim', 'abk', 'tolong', 'yang', 'abk', 'ga', 'usah', 'main', 'ke', 'cpe', 'gw', 'dongo', 'semua', 'cpe', 'gendong', 'gw', 'ama', 'tim', 'dongo', 'ajg']","['cpe', 'ketemu', 'gelap', 'sistem', 'semua', 'pada', 'tidak', 'bisa', 'main', 'jadeh', 'makin', 'hari', 'main', 'banyak', 'gelap', 'sistem', 'ada', 'yang', 'banyak', 'ngtik', 'sok', 'jago', 'padahal', 'tidak', 'bisa', 'main', 'hadeh', 'hadeh', 'abk', 'semua', 'yang', 'main', 'cpe', 'ge', 'moonton', 'game', 'apa', 'ini', 'cpe', 'aku', 'udah', 'gendong', 'masih', 'aja', 'ketemu', 'team', 'abk', 'tolong', 'yang', 'abk', 'tidak', 'usah', 'main', 'ke', 'cpe', 'aku', 'dongo', 'semua', 'cpe', 'gendong', 'aku', 'ama', 'team', 'dongo', 'ajg']",,negative
Parhot Parhot,monton kasi tim yng baguss napa aku capek kalah kontolll,2.1.18.11201,monton kasi tim yng baguss napa aku capek kalah kontolll,"['monton', 'kasi', 'tim', 'yng', 'baguss', 'napa', 'aku', 'capek', 'kalah', 'kontolll']","['monton', 'kasi', 'tim', 'yng', 'baguss', 'napa', 'aku', 'capek', 'kalah', 'kontol']","['kasi', 'yng', 'bagus', 'napa', 'capek', 'kalah', 'kontol']","['monton', 'kasi', 'tim', 'yng', 'baguss', 'napa', 'aku', 'capek', 'kalah', 'kontol']","['moonton', 'kasi', 'team', 'yng', 'bagus', 'napa', 'aku', 'capek', 'kalah', 'kontol']",,negative
Reja Ramdani Taufik,game taiii dapet tim bot mulu mending pada hapus nih game,2.1.18.11201,game taiii dapet tim bot mulu mending pada hapus nih game,"['game', 'taiii', 'dapet', 'tim', 'bot', 'mulu', 'mending', 'pada', 'hapus', 'nih', 'game']","['game', 'tai', 'dapet', 'tim', 'bot', 'mulu', 'mending', 'pada', 'hapus', 'nih', 'game']","['tai', 'bot', 'mending', 'hapus']","['game', 'tai', 'dapet', 'tim', 'bot', 'mulu', 'mending', 'pada', 'hapus', 'nih', 'game']","['game', 'tai', 'dapet', 'team', 'bot', 'mulu', 'mending', 'pada', 'hapus', 'nih', 'game']",,negative
Kenzie TekniK,"masih burik gamenya, ping jaringan tiba2 jadi merah. payah gak ada perubahan gamenya,.",2.1.18.11201,"masih burik gamenya, ping jaringan tiba2 jadi merah. payah gak ada perubahan gamenya,.","['masih', 'burik', 'gamenya', ',', 'ping', 'jaringan', 'tiba2', 'jadi', 'merah', '.', 'payah', 'gak', 'ada', 'perubahan', 'gamenya', ',', '.']","['masih', 'burik', 'gamenya', 'ping', 'jaringan', 'tiba', 'jadi', 'merah', 'payah', 'gak', 'ada', 'perubahan', 'gamenya']","['buruk', 'ping', 'merah', 'payah', 'ubah']","['masih', 'burik', 'gamenya', 'ping', 'jaring', 'tiba', 'jadi', 'merah', 'payah', 'gak', 'ada', 'ubah', 'gamenya']","['masih', 'buruk', 'game', 'ping', 'jaring', 'tiba', 'jadi', 'merah', 'payah', 'tidak', 'ada', 'ubah', 'game']",,negative
Yeppp Liiioo,"benerin tuh game, masak mitic di tabrakin tim legend? miskirkisd",,"benerin tuh game, masak mitic di tabrakin tim legend? miskirkisd","['benerin', 'tuh', 'game', ',', 'masak', 'mitic', 'di', 'tabrakin', 'tim', 'legend', '?', 'miskirkisd']","['benerin', 'tuh', 'game', 'masak', 'mitic', 'di', 'tabrakin', 'tim', 'legend', 'miskirkisd']","['rusak', 'mitic', 'tabrakin', 'miskirkisd']","['benerin', 'tuh', 'game', 'masak', 'mitic', 'di', 'tabrakin', 'tim', 'legend', 'miskirkisd']","['rusak', 'tuh', 'game', 'masak', 'mitic', 'di', 'tabrakin', 'team', 'legend', 'miskirkisd']",,negative
Rendi Bule,"Sehabis abdet malah tambah gak jelas ini gems, jaringan internet sering ilang, mohon untuk segera di perhatikan karena sangat tidak nyaman buat para player",2.1.18.11201,"sehabis abdet malah tambah gak jelas ini gems, jaringan internet sering ilang, mohon untuk segera di perhatikan karena sangat tidak nyaman buat para player","['sehabis', 'abdet', 'malah', 'tambah', 'gak', 'jelas', 'ini', 'gems', ',', 'jaringan', 'internet', 'sering', 'ilang', ',', 'mohon', 'untuk', 'segera', 'di', 'perhatikan', 'karena', 'sangat', 'tidak', 'nyaman', 'buat', 'para', 'player']","['sehabis', 'abdet', 'malah', 'tambah', 'gak', 'jelas', 'ini', 'gems', 'jaringan', 'internet', 'sering', 'ilang', 'mohon', 'untuk', 'segera', 'di', 'perhatikan', 'karena', 'sangat', 'tidak', 'nyaman', 'buat', 'para', 'player']","['habis', 'abdet', 'tambah', 'jelas', 'gems', 'internet', 'ilang', 'mohon', 'segera', 'perhati', 'nyaman', 'para']","['habis', 'abdet', 'malah', 'tambah', 'gak', 'jelas', 'ini', 'gems', 'jaring', 'internet', 'sering', 'ilang', 'mohon', 'untuk', 'segera', 'di', 'perhati', 'karena', 'sangat', 'tidak', 'nyaman', 'buat', 'para', 'player']","['habis', 'abdet', 'malah', 'tambah', 'tidak', 'jelas', 'ini', 'gems', 'jaring', 'internet', 'sering', 'ilang', 'mohon', 'untuk', 'segera', 'di', 'perhati', 'karena', 'sangat', 'tidak', 'nyaman', 'buat', 'para', 'player']",,negative
sunardi wiryoutomo,kasih lah tim yang bener masa dapet tim Layla janggel Mulu kasih tim yang bener baru bintang 5 tim kok beban perasaan giliran tim musuh bagus bagus kasih tim yang agak jago🙏🙏🙏🙏🙏🙏🙏🙏🙏🙏🙏🙏🙏🙏🙏🙏🙏🙏🙏🙏🙏🙏🙏🙏🙏🙏🙏🙏🙏🙏🙏🙏🙏🙏🙏🙏🙏🙏🙏🙏🙏🙏🙏🙏🙏🙏🙏🙏🙏🙏🙏🙏🙏🙏🙏🙏🙏🙏🙏🙏🙏🙏🙏🙏🙏🙏🙏,,kasih lah tim yang bener masa dapet tim layla janggel mulu kasih tim yang bener baru bintang 5 tim kok beban perasaan giliran tim musuh bagus bagus kasih tim yang agak jago🙏🙏🙏🙏🙏🙏🙏🙏🙏🙏🙏🙏🙏🙏🙏🙏🙏🙏🙏🙏🙏🙏🙏🙏🙏🙏🙏🙏🙏🙏🙏🙏🙏🙏🙏🙏🙏🙏🙏🙏🙏🙏🙏🙏🙏🙏🙏🙏🙏🙏🙏🙏🙏🙏🙏🙏🙏🙏🙏🙏🙏🙏🙏🙏🙏🙏🙏,"['kasih', 'lah', 'tim', 'yang', 'bener', 'masa', 'dapet', 'tim', 'layla', 'janggel', 'mulu', 'kasih', 'tim', 'yang', 'bener', 'baru', 'bintang', '5', 'tim', 'kok', 'beban', 'perasaan', 'giliran', 'tim', 'musuh', 'bagus', 'bagus', 'kasih', 'tim', 'yang', 'agak', 'jago🙏🙏🙏🙏🙏🙏🙏🙏🙏🙏🙏🙏🙏🙏🙏🙏🙏🙏🙏🙏🙏🙏🙏🙏🙏🙏🙏🙏🙏🙏🙏🙏🙏🙏🙏🙏🙏🙏🙏🙏🙏🙏🙏🙏🙏🙏🙏🙏🙏🙏🙏🙏🙏🙏🙏🙏🙏🙏🙏🙏🙏🙏🙏🙏🙏🙏🙏']","['kasih', 'lah', 'tim', 'yang', 'bener', 'masa', 'dapet', 'tim', 'layla', 'janggel', 'mulu', 'kasih', 'tim', 'yang', 'bener', 'baru', 'bintang', 'tim', 'kok', 'beban', 'perasaan', 'giliran', 'tim', 'musuh', 'bagus', 'bagus', 'kasih', 'tim', 'yang', 'agak', 'jago']","['benar', 'masa', 'layla', 'janggel', 'benar', 'baru', 'bintang', 'beban', 'asa', 'musuh', 'bagus', 'bagus', 'agak', 'jago']","['kasih', 'lah', 'tim', 'yang', 'bener', 'masa', 'dapet', 'tim', 'layla', 'janggel', 'mulu', 'kasih', 'tim', 'yang', 'bener', 'baru', 'bintang', 'tim', 'kok', 'beban', 'asa', 'gilir', 'tim', 'musuh', 'bagus', 'bagus', 'kasih', 'tim', 'yang', 'agak', 'jago']","['kasih', 'lah', 'team', 'yang', 'benar', 'masa', 'dapet', 'team', 'layla', 'janggel', 'mulu', 'kasih', 'team', 'yang', 'benar', 'baru', 'bintang', 'team', 'kok', 'beban', 'asa', 'gilir', 'team', 'musuh', 'bagus', 'bagus', 'kasih', 'team', 'yang', 'agak', 'jago']",,neutral
Rido Sudarmanto,player fider di ripot masih nunggu dlu aneh bngt montoon mending main epep MONTOON GAME RUSAK #7,2.1.18.11201,player fider di ripot masih nunggu dlu aneh bngt montoon mending main epep montoon game rusak #7,"['player', 'fider', 'di', 'ripot', 'masih', 'nunggu', 'dlu', 'aneh', 'bngt', 'montoon', 'mending', 'main', 'epep', 'montoon', 'game', 'rusak', '#', '7']","['player', 'fider', 'di', 'ripot', 'masih', 'nunggu', 'dlu', 'aneh', 'bngt', 'montoon', 'mending', 'main', 'epep', 'montoon', 'game', 'rusak']","['fider', 'ripot', 'nunggu', 'dlu', 'aneh', 'bngt', 'mending', 'epep', 'rusak']","['player', 'fider', 'di', 'ripot', 'masih', 'nunggu', 'dlu', 'aneh', 'bngt', 'montoon', 'mending', 'main', 'epep', 'montoon', 'game', 'rusak']","['player', 'fider', 'di', 'ripot', 'masih', 'nunggu', 'dlu', 'aneh', 'bngt', 'moonton', 'mending', 'main', 'epep', 'moonton', 'game', 'rusak']",,negative
erlianafatma anantadewi,samakin di update ml semakin busuk sinyal macet sering kejadian tolong prngertiannya,2.1.18.11201,samakin di update ml semakin busuk sinyal macet sering kejadian tolong prngertiannya,"['samakin', 'di', 'update', 'ml', 'semakin', 'busuk', 'sinyal', 'macet', 'sering', 'kejadian', 'tolong', 'prngertiannya']","['samakin', 'di', 'update', 'ml', 'semakin', 'busuk', 'sinyal', 'macet', 'sering', 'kejadian', 'tolong', 'prngertiannya']","['samakin', 'update', 'makin', 'busuk', 'sinyal', 'macet', 'tolong', 'prngertiannya']","['samakin', 'di', 'update', 'ml', 'makin', 'busuk', 'sinyal', 'macet', 'sering', 'jadi', 'tolong', 'prngertiannya']","['samakin', 'di', 'update', 'ml', 'makin', 'busuk', 'sinyal', 'macet', 'sering', 'jadi', 'tolong', 'prngertiannya']",,negative
Ady Ady,"Orang"" yg bermain Sangat buruk tidak rekomendasi!!!!!!! game ini Cocoknya buang di sampah",,"orang"" yg bermain sangat buruk tidak rekomendasi!!!!!!! game ini cocoknya buang di sampah","['orang', ""''"", 'yg', 'bermain', 'sangat', 'buruk', 'tidak', 'rekomendasi', '!', '!', '!', '!', '!', '!', '!', 'game', 'ini', 'cocoknya', 'buang', 'di', 'sampah']","['orang', 'yg', 'bermain', 'sangat', 'buruk', 'tidak', 'rekomendasi', 'game', 'ini', 'cocoknya', 'buang', 'di', 'sampah']","['buruk', 'rekomendasi', 'cocok', 'buang', 'sampah']","['orang', 'yg', 'main', 'sangat', 'buruk', 'tidak', 'rekomendasi', 'game', 'ini', 'cocok', 'buang', 'di', 'sampah']","['orang', 'yang', 'main', 'sangat', 'buruk', 'tidak', 'rekomendasi', 'game', 'ini', 'cocok', 'buang', 'di', 'sampah']",,negative
Heri Adi,"woy monton, kW bikin sistem yg bener lol, kW ngasih tim yg bener ibaratkan tim ku rombongan pascol tim lawan skaylar, tolol kW bikin sistem, udah 13 kali kalah mvp montan capek aku main gem gk normal ini di mitic masih ada hanabi ispayer sama zilong roam tol",1.9.99.10932,"woy monton, kw bikin sistem yg bener lol, kw ngasih tim yg bener ibaratkan tim ku rombongan pascol tim lawan skaylar, tolol kw bikin sistem, udah 13 kali kalah mvp montan capek aku main gem gk normal ini di mitic masih ada hanabi ispayer sama zilong roam tol","['woy', 'monton', ',', 'kw', 'bikin', 'sistem', 'yg', 'bener', 'lol', ',', 'kw', 'ngasih', 'tim', 'yg', 'bener', 'ibaratkan', 'tim', 'ku', 'rombongan', 'pascol', 'tim', 'lawan', 'skaylar', ',', 'tolol', 'kw', 'bikin', 'sistem', ',', 'udah', '13', 'kali', 'kalah', 'mvp', 'montan', 'capek', 'aku', 'main', 'gem', 'gk', 'normal', 'ini', 'di', 'mitic', 'masih', 'ada', 'hanabi', 'ispayer', 'sama', 'zilong', 'roam', 'tol']","['woy', 'monton', 'kw', 'bikin', 'sistem', 'yg', 'bener', 'lol', 'kw', 'ngasih', 'tim', 'yg', 'bener', 'ibaratkan', 'tim', 'ku', 'rombongan', 'pascol', 'tim', 'lawan', 'skaylar', 'tolol', 'kw', 'bikin', 'sistem', 'udah', 'kali', 'kalah', 'mvp', 'montan', 'capek', 'aku', 'main', 'gem', 'gk', 'normal', 'ini', 'di', 'mitic', 'masih', 'ada', 'hanabi', 'ispayer', 'sama', 'zilong', 'roam', 'tol']","['woy', 'kw', 'benar', 'lol', 'kw', 'beri', 'benar', 'ibarat', 'rombong', 'pascol', 'lawan', 'skaylar', 'tolol', 'kw', 'kalah', 'mvp', 'montan', 'capek', 'normal', 'mitic', 'hanabi', 'ispayer', 'zilong', 'roam', 'tol']","['woy', 'monton', 'kw', 'bikin', 'sistem', 'yg', 'bener', 'lol', 'kw', 'ngasih', 'tim', 'yg', 'bener', 'ibarat', 'tim', 'ku', 'rombong', 'pascol', 'tim', 'lawan', 'skaylar', 'tolol', 'kw', 'bikin', 'sistem', 'udah', 'kali', 'kalah', 'mvp', 'montan', 'capek', 'aku', 'main', 'gem', 'gk', 'normal', 'ini', 'di', 'mitic', 'masih', 'ada', 'hanabi', 'ispayer', 'sama', 'zilong', 'roam', 'tol']","['woy', 'moonton', 'kw', 'bikin', 'sistem', 'yang', 'benar', 'lol', 'kw', 'beri', 'team', 'yang', 'benar', 'ibarat', 'team', 'ku', 'rombong', 'pascol', 'team', 'lawan', 'skaylar', 'tolol', 'kw', 'bikin', 'sistem', 'udah', 'kali', 'kalah', 'mvp', 'montan', 'capek', 'aku', 'main', 'game', 'tidak', 'normal', 'ini', 'di', 'mitic', 'masih', 'ada', 'hanabi', 'ispayer', 'sama', 'zilong', 'roam', 'tol']",,negative
neny rianawati,gatel... dapat temen satu team jelek terus.. sistem bosok...maen kalah terus.. kalah mvp terus.. team satu team beban.. tolong di bantu itu yang maen asal asalan di ban.. tidak maen lagi,2.1.18.11201,gatel... dapat temen satu team jelek terus.. sistem bosok...maen kalah terus.. kalah mvp terus.. team satu team beban.. tolong di bantu itu yang maen asal asalan di ban.. tidak maen lagi,"['gatel', '...', 'dapat', 'temen', 'satu', 'team', 'jelek', 'terus', '..', 'sistem', 'bosok', '...', 'maen', 'kalah', 'terus', '..', 'kalah', 'mvp', 'terus', '..', 'team', 'satu', 'team', 'beban', '..', 'tolong', 'di', 'bantu', 'itu', 'yang', 'maen', 'asal', 'asalan', 'di', 'ban', '..', 'tidak', 'maen', 'lagi']","['gatel', 'dapat', 'temen', 'satu', 'team', 'jelek', 'terus', 'sistem', 'bosok', 'maen', 'kalah', 'terus', 'kalah', 'mvp', 'terus', 'team', 'satu', 'team', 'beban', 'tolong', 'di', 'bantu', 'itu', 'yang', 'maen', 'asal', 'asalan', 'di', 'ban', 'tidak', 'maen', 'lagi']","['gatel', 'teman', 'satu', 'jelek', 'buruk', 'kalah', 'kalah', 'mvp', 'satu', 'beban', 'tolong', 'bantu', 'asal', 'asal', 'ban']","['gatel', 'dapat', 'temen', 'satu', 'team', 'jelek', 'terus', 'sistem', 'bosok', 'maen', 'kalah', 'terus', 'kalah', 'mvp', 'terus', 'team', 'satu', 'team', 'beban', 'tolong', 'di', 'bantu', 'itu', 'yang', 'maen', 'asal', 'asal', 'di', 'ban', 'tidak', 'maen', 'lagi']","['gatel', 'dapat', 'teman', 'satu', 'team', 'jelek', 'terus', 'sistem', 'buruk', 'main', 'kalah', 'terus', 'kalah', 'mvp', 'terus', 'team', 'satu', 'team', 'beban', 'tolong', 'di', 'bantu', 'itu', 'yang', 'main', 'asal', 'asal', 'di', 'ban', 'tidak', 'main', 'lagi']",,negative
Herun Rohman,lihat ulasan banyak yg komen bahkan banyak yg mencelah ngak ppa ada yg bot atau kurang faham terhadap game tpi setidaknya dalam se tim dikasih rank yg setara setiap main pasti ada satu tim bodoh klu begini trus bakalan banyak yg pindah ke game sebelah,,lihat ulasan banyak yg komen bahkan banyak yg mencelah ngak ppa ada yg bot atau kurang faham terhadap game tpi setidaknya dalam se tim dikasih rank yg setara setiap main pasti ada satu tim bodoh klu begini trus bakalan banyak yg pindah ke game sebelah,"['lihat', 'ulasan', 'banyak', 'yg', 'komen', 'bahkan', 'banyak', 'yg', 'mencelah', 'ngak', 'ppa', 'ada', 'yg', 'bot', 'atau', 'kurang', 'faham', 'terhadap', 'game', 'tpi', 'setidaknya', 'dalam', 'se', 'tim', 'dikasih', 'rank', 'yg', 'setara', 'setiap', 'main', 'pasti', 'ada', 'satu', 'tim', 'bodoh', 'klu', 'begini', 'trus', 'bakalan', 'banyak', 'yg', 'pindah', 'ke', 'game', 'sebelah']","['lihat', 'ulasan', 'banyak', 'yg', 'komen', 'bahkan', 'banyak', 'yg', 'mencelah', 'ngak', 'ppa', 'ada', 'yg', 'bot', 'atau', 'kurang', 'faham', 'terhadap', 'game', 'tpi', 'setidaknya', 'dalam', 'se', 'tim', 'dikasih', 'rank', 'yg', 'setara', 'setiap', 'main', 'pasti', 'ada', 'satu', 'tim', 'bodoh', 'klu', 'begini', 'trus', 'bakalan', 'banyak', 'yg', 'pindah', 'ke', 'game', 'sebelah']","['lihat', 'ulas', 'banyak', 'komen', 'bahkan', 'banyak', 'celah', 'ngak', 'ppa', 'bot', 'kurang', 'faham', 'hadap', 'dalam', 'se', 'pasti', 'satu', 'bodoh', 'klu', 'begini', 'banyak', 'pindah']","['lihat', 'ulas', 'banyak', 'yg', 'komen', 'bahkan', 'banyak', 'yg', 'celah', 'ngak', 'ppa', 'ada', 'yg', 'bot', 'atau', 'kurang', 'faham', 'hadap', 'game', 'tpi', 'tidak', 'dalam', 'se', 'tim', 'kasih', 'rank', 'yg', 'tara', 'tiap', 'main', 'pasti', 'ada', 'satu', 'tim', 'bodoh', 'klu', 'begini', 'trus', 'bakal', 'banyak', 'yg', 'pindah', 'ke', 'game', 'belah']","['lihat', 'ulas', 'banyak', 'yang', 'komen', 'bahkan', 'banyak', 'yang', 'celah', 'ngak', 'ppa', 'ada', 'yang', 'bot', 'atau', 'kurang', 'faham', 'hadap', 'game', 'tapi', 'tidak', 'dalam', 'se', 'team', 'kasih', 'rank', 'yang', 'tara', 'tiap', 'main', 'pasti', 'ada', 'satu', 'team', 'bodoh', 'klu', 'begini', 'terus', 'bakal', 'banyak', 'yang', 'pindah', 'ke', 'game', 'belah']",,negative
Gonar Rusdilah,nih plis lah abis draft kenapa ngeframe dah terus di pertengahan game suka ngelag,1.9.64.10601,nih plis lah abis draft kenapa ngeframe dah terus di pertengahan game suka ngelag,"['nih', 'plis', 'lah', 'abis', 'draft', 'kenapa', 'ngeframe', 'dah', 'terus', 'di', 'pertengahan', 'game', 'suka', 'ngelag']","['nih', 'plis', 'lah', 'abis', 'draft', 'kenapa', 'ngeframe', 'dah', 'terus', 'di', 'pertengahan', 'game', 'suka', 'ngelag']","['abis', 'draft', 'kenapa', 'ngeframe', 'sudah', 'tengah', 'suka', 'lag']","['nih', 'plis', 'lah', 'abis', 'draft', 'kenapa', 'ngeframe', 'dah', 'terus', 'di', 'tengah', 'game', 'suka', 'ngelag']","['nih', 'plis', 'lah', 'abis', 'draft', 'kenapa', 'ngeframe', 'sudah', 'terus', 'di', 'tengah', 'game', 'suka', 'lag']",,negative
Carson Lawrence,heh monoton kalo ngasih tim yang bener gua maen dari sore nyampe jam 3 subuh gk ada perubahan lah... semakin di update semakin rusak ini game .... ganti nama aja game rusak,2.1.18.11201,heh monoton kalo ngasih tim yang bener gua maen dari sore nyampe jam 3 subuh gk ada perubahan lah... semakin di update semakin rusak ini game .... ganti nama aja game rusak,"['heh', 'monoton', 'kalo', 'ngasih', 'tim', 'yang', 'bener', 'gua', 'maen', 'dari', 'sore', 'nyampe', 'jam', '3', 'subuh', 'gk', 'ada', 'perubahan', 'lah', '...', 'semakin', 'di', 'update', 'semakin', 'rusak', 'ini', 'game', '....', 'ganti', 'nama', 'aja', 'game', 'rusak']","['heh', 'monoton', 'kalo', 'ngasih', 'tim', 'yang', 'bener', 'gua', 'maen', 'dari', 'sore', 'nyampe', 'jam', 'subuh', 'gk', 'ada', 'perubahan', 'lah', 'semakin', 'di', 'update', 'semakin', 'rusak', 'ini', 'game', 'ganti', 'nama', 'aja', 'game', 'rusak']","['heh', 'monoton', 'beri', 'benar', 'sore', 'nyampe', 'subuh', 'ubah', 'makin', 'update', 'makin', 'rusak', 'ganti', 'rusak']","['heh', 'monoton', 'kalo', 'ngasih', 'tim', 'yang', 'bener', 'gua', 'maen', 'dari', 'sore', 'nyampe', 'jam', 'subuh', 'gk', 'ada', 'ubah', 'lah', 'makin', 'di', 'update', 'makin', 'rusak', 'ini', 'game', 'ganti', 'nama', 'aja', 'game', 'rusak']","['heh', 'monoton', 'kalau', 'beri', 'team', 'yang', 'benar', 'aku', 'main', 'dari', 'sore', 'nyampe', 'jam', 'subuh', 'tidak', 'ada', 'ubah', 'lah', 'makin', 'di', 'update', 'makin', 'rusak', 'ini', 'game', 'ganti', 'nama', 'aja', 'game', 'rusak']",,negative
khid khid khid,knpa sekarang jadi sering lag pas lagi main padahal jaringan bagus,1.9.93.10904,knpa sekarang jadi sering lag pas lagi main padahal jaringan bagus,"['knpa', 'sekarang', 'jadi', 'sering', 'lag', 'pas', 'lagi', 'main', 'padahal', 'jaringan', 'bagus']","['knpa', 'sekarang', 'jadi', 'sering', 'lag', 'pas', 'lagi', 'main', 'padahal', 'jaringan', 'bagus']","['knpa', 'sekarang', 'lag', 'bagus']","['knpa', 'sekarang', 'jadi', 'sering', 'lag', 'pas', 'lagi', 'main', 'padahal', 'jaring', 'bagus']","['knpa', 'sekarang', 'jadi', 'sering', 'lag', 'pas', 'lagi', 'main', 'padahal', 'jaring', 'bagus']",,negative
Billy rivelino,sll dpt temen ampas. pdhl musuhnya pro player!! ga jelas!!! uninstall aja bye mobile legend!! 88th main mobile legend ternyata emang bnr2 udah bukan game have fun tp bikin stres..,2.1.18.11201,sll dpt temen ampas. pdhl musuhnya pro player!! ga jelas!!! uninstall aja bye mobile legend!! 88th main mobile legend ternyata emang bnr2 udah bukan game have fun tp bikin stres..,"['sll', 'dpt', 'temen', 'ampas', '.', 'pdhl', 'musuhnya', 'pro', 'player', '!', '!', 'ga', 'jelas', '!', '!', '!', 'uninstall', 'aja', 'bye', 'mobile', 'legend', '!', '!', '88th', 'main', 'mobile', 'legend', 'ternyata', 'emang', 'bnr2', 'udah', 'bukan', 'game', 'have', 'fun', 'tp', 'bikin', 'stres', '..']","['sll', 'dpt', 'temen', 'ampas', 'pdhl', 'musuhnya', 'pro', 'player', 'ga', 'jelas', 'uninstall', 'aja', 'bye', 'mobile', 'legend', 'th', 'main', 'mobile', 'legend', 'ternyata', 'emang', 'bnr', 'udah', 'bukan', 'game', 'have', 'fun', 'tp', 'bikin', 'stres']","['sll', 'teman', 'buruk', 'pdhl', 'musuh', 'pro', 'jelas', 'uninstall', 'bye', 'th', 'nyata', 'bnr', 'bukan', 'have', 'fun', 'stres']","['sll', 'dpt', 'temen', 'ampas', 'pdhl', 'musuh', 'pro', 'player', 'ga', 'jelas', 'uninstall', 'aja', 'bye', 'mobile', 'legend', 'th', 'main', 'mobile', 'legend', 'nyata', 'emang', 'bnr', 'udah', 'bukan', 'game', 'have', 'fun', 'tp', 'bikin', 'stres']","['sll', 'dapat', 'teman', 'buruk', 'pdhl', 'musuh', 'pro', 'player', 'tidak', 'jelas', 'uninstall', 'aja', 'bye', 'mobile', 'legend', 'th', 'main', 'mobile', 'legend', 'nyata', 'memang', 'bnr', 'udah', 'bukan', 'game', 'have', 'fun', 'tapi', 'bikin', 'stres']",,negative
NOPRAN ARDIYANSYAH,gam gak jelas server leg parah masih aja belum di benerin gua main lancar setelah draf pik serfer nya ngelek benerin lah monton Nugini mau nyaingin hok enak lu mundur aja kalo suara pemain lu gak di dengerin benerin lah yg salah dari serfer tuh monton gua udah muak main ngelek ngek begini lama lama pindah juga nanti pemain lu ke hok baru tau rasa lu,2.1.18.11201,gam gak jelas server leg parah masih aja belum di benerin gua main lancar setelah draf pik serfer nya ngelek benerin lah monton nugini mau nyaingin hok enak lu mundur aja kalo suara pemain lu gak di dengerin benerin lah yg salah dari serfer tuh monton gua udah muak main ngelek ngek begini lama lama pindah juga nanti pemain lu ke hok baru tau rasa lu,"['gam', 'gak', 'jelas', 'server', 'leg', 'parah', 'masih', 'aja', 'belum', 'di', 'benerin', 'gua', 'main', 'lancar', 'setelah', 'draf', 'pik', 'serfer', 'nya', 'ngelek', 'benerin', 'lah', 'monton', 'nugini', 'mau', 'nyaingin', 'hok', 'enak', 'lu', 'mundur', 'aja', 'kalo', 'suara', 'pemain', 'lu', 'gak', 'di', 'dengerin', 'benerin', 'lah', 'yg', 'salah', 'dari', 'serfer', 'tuh', 'monton', 'gua', 'udah', 'muak', 'main', 'ngelek', 'ngek', 'begini', 'lama', 'lama', 'pindah', 'juga', 'nanti', 'pemain', 'lu', 'ke', 'hok', 'baru', 'tau', 'rasa', 'lu']","['gam', 'gak', 'jelas', 'server', 'leg', 'parah', 'masih', 'aja', 'belum', 'di', 'benerin', 'gua', 'main', 'lancar', 'setelah', 'draf', 'pik', 'serfer', 'nya', 'ngelek', 'benerin', 'lah', 'monton', 'nugini', 'mau', 'nyaingin', 'hok', 'enak', 'lu', 'mundur', 'aja', 'kalo', 'suara', 'pemain', 'lu', 'gak', 'di', 'dengerin', 'benerin', 'lah', 'yg', 'salah', 'dari', 'serfer', 'tuh', 'monton', 'gua', 'udah', 'muak', 'main', 'ngelek', 'ngek', 'begini', 'lama', 'lama', 'pindah', 'juga', 'nanti', 'pemain', 'lu', 'ke', 'hok', 'baru', 'tau', 'rasa', 'lu']","['gam', 'jelas', 'server', 'lag', 'parah', 'belum', 'rusak', 'lancar', 'draf', 'pik', 'serfer', 'lag', 'rusak', 'nugini', 'nyaingin', 'enak', 'mundur', 'suara', 'dengerin', 'rusak', 'salah', 'serfer', 'muak', 'lag', 'ngek', 'begini', 'lama', 'lama', 'pindah', 'nanti', 'baru']","['gam', 'gak', 'jelas', 'server', 'leg', 'parah', 'masih', 'aja', 'belum', 'di', 'benerin', 'gua', 'main', 'lancar', 'telah', 'draf', 'pik', 'serfer', 'nya', 'ngelek', 'benerin', 'lah', 'monton', 'nugini', 'mau', 'nyaingin', 'hok', 'enak', 'lu', 'mundur', 'aja', 'kalo', 'suara', 'main', 'lu', 'gak', 'di', 'dengerin', 'benerin', 'lah', 'yg', 'salah', 'dari', 'serfer', 'tuh', 'monton', 'gua', 'udah', 'muak', 'main', 'ngelek', 'ngek', 'begini', 'lama', 'lama', 'pindah', 'juga', 'nanti', 'main', 'lu', 'ke', 'hok', 'baru', 'tau', 'rasa', 'lu']","['gam', 'tidak', 'jelas', 'server', 'lag', 'parah', 'masih', 'aja', 'belum', 'di', 'rusak', 'aku', 'main', 'lancar', 'telah', 'draf', 'pik', 'serfer', 'nya', 'lag', 'rusak', 'lah', 'moonton', 'nugini', 'mau', 'nyaingin', 'hok', 'enak', 'kamu', 'mundur', 'aja', 'kalau', 'suara', 'main', 'kamu', 'tidak', 'di', 'dengerin', 'rusak', 'lah', 'yang', 'salah', 'dari', 'serfer', 'tuh', 'moonton', 'aku', 'udah', 'muak', 'main', 'lag', 'ngek', 'begini', 'lama', 'lama', 'pindah', 'juga', 'nanti', 'main', 'kamu', 'ke', 'hok', 'baru', 'tau', 'rasa', 'kamu']",,negative
Martien Willianto,nakin lama signal makin parah....signal lancarr tiba tiba hilang. nge frezz gak jelas.....kebanyak an update skin doank... jaringan gak di perhatiin #unistal ganti game sebelah (merugikan sekali)...kalo bisa bintang minus..gw kasih minus skornya,2.1.18.11201,nakin lama signal makin parah....signal lancarr tiba tiba hilang. nge frezz gak jelas.....kebanyak an update skin doank... jaringan gak di perhatiin #unistal ganti game sebelah (merugikan sekali)...kalo bisa bintang minus..gw kasih minus skornya,"['nakin', 'lama', 'signal', 'makin', 'parah', '....', 'signal', 'lancarr', 'tiba', 'tiba', 'hilang', '.', 'nge', 'frezz', 'gak', 'jelas', '.....', 'kebanyak', 'an', 'update', 'skin', 'doank', '...', 'jaringan', 'gak', 'di', 'perhatiin', '#', 'unistal', 'ganti', 'game', 'sebelah', '(', 'merugikan', 'sekali', ')', '...', 'kalo', 'bisa', 'bintang', 'minus', '..', 'gw', 'kasih', 'minus', 'skornya']","['nakin', 'lama', 'signal', 'makin', 'parah', 'signal', 'lancarr', 'tiba', 'tiba', 'hilang', 'nge', 'frezz', 'gak', 'jelas', 'kebanyak', 'an', 'update', 'skin', 'doank', 'jaringan', 'gak', 'di', 'perhatiin', 'unistal', 'ganti', 'game', 'sebelah', 'merugikan', 'sekali', 'kalo', 'bisa', 'bintang', 'minus', 'gw', 'kasih', 'minus', 'skornya']","['nakin', 'lama', 'signal', 'makin', 'parah', 'signal', 'lancarr', 'hilang', 'frezz', 'jelas', 'banyak', 'an', 'update', 'skin', 'doank', 'perhatiin', 'unistal', 'ganti', 'rugi', 'bintang', 'minus', 'minus', 'skor']","['nakin', 'lama', 'signal', 'makin', 'parah', 'signal', 'lancarr', 'tiba', 'tiba', 'hilang', 'nge', 'frezz', 'gak', 'jelas', 'banyak', 'an', 'update', 'skin', 'doank', 'jaring', 'gak', 'di', 'perhatiin', 'unistal', 'ganti', 'game', 'belah', 'rugi', 'sekali', 'kalo', 'bisa', 'bintang', 'minus', 'gw', 'kasih', 'minus', 'skor']","['nakin', 'lama', 'signal', 'makin', 'parah', 'signal', 'lancarr', 'tiba', 'tiba', 'hilang', 'nge', 'frezz', 'tidak', 'jelas', 'banyak', 'an', 'update', 'skin', 'doank', 'jaring', 'tidak', 'di', 'perhatiin', 'unistal', 'ganti', 'game', 'belah', 'rugi', 'sekali', 'kalau', 'bisa', 'bintang', 'minus', 'aku', 'kasih', 'minus', 'skor']",,negative
Eni Eni,"Mohon dibaca Moonton: Saya sangat bosan kalah ingin rasanya menang, setiap saya menang pasti selanjutnya kalah game ini sangat membosankan jika kalian tidak punya teman Mabar tidak direkomendasikan untuk mendownload game ini dan memainkan game ini",2.1.18.11201,"mohon dibaca moonton: saya sangat bosan kalah ingin rasanya menang, setiap saya menang pasti selanjutnya kalah game ini sangat membosankan jika kalian tidak punya teman mabar tidak direkomendasikan untuk mendownload game ini dan memainkan game ini","['mohon', 'dibaca', 'moonton', ':', 'saya', 'sangat', 'bosan', 'kalah', 'ingin', 'rasanya', 'menang', ',', 'setiap', 'saya', 'menang', 'pasti', 'selanjutnya', 'kalah', 'game', 'ini', 'sangat', 'membosankan', 'jika', 'kalian', 'tidak', 'punya', 'teman', 'mabar', 'tidak', 'direkomendasikan', 'untuk', 'mendownload', 'game', 'ini', 'dan', 'memainkan', 'game', 'ini']","['mohon', 'dibaca', 'moonton', 'saya', 'sangat', 'bosan', 'kalah', 'ingin', 'rasanya', 'menang', 'setiap', 'saya', 'menang', 'pasti', 'selanjutnya', 'kalah', 'game', 'ini', 'sangat', 'membosankan', 'jika', 'kalian', 'tidak', 'punya', 'teman', 'mabar', 'tidak', 'direkomendasikan', 'untuk', 'mendownload', 'game', 'ini', 'dan', 'memainkan', 'game', 'ini']","['mohon', 'bosan', 'kalah', 'menang', 'menang', 'pasti', 'lanjut', 'kalah', 'bosan', 'jika', 'punya', 'teman', 'mabar', 'rekomendasi', 'mendownload']","['mohon', 'baca', 'moonton', 'saya', 'sangat', 'bosan', 'kalah', 'ingin', 'rasa', 'menang', 'tiap', 'saya', 'menang', 'pasti', 'lanjut', 'kalah', 'game', 'ini', 'sangat', 'bosan', 'jika', 'kalian', 'tidak', 'punya', 'teman', 'mabar', 'tidak', 'rekomendasi', 'untuk', 'mendownload', 'game', 'ini', 'dan', 'main', 'game', 'ini']","['mohon', 'baca', 'moonton', 'aku', 'sangat', 'bosan', 'kalah', 'ingin', 'rasa', 'menang', 'tiap', 'aku', 'menang', 'pasti', 'lanjut', 'kalah', 'game', 'ini', 'sangat', 'bosan', 'jika', 'kalian', 'tidak', 'punya', 'teman', 'mabar', 'tidak', 'rekomendasi', 'untuk', 'mendownload', 'game', 'ini', 'dan', 'main', 'game', 'ini']",,positive
RAFI STORY,this game is not fair,,this game is not fair,"['this', 'game', 'is', 'not', 'fair']","['this', 'game', 'is', 'not', 'fair']","['this', 'not', 'fair']","['this', 'game', 'is', 'not', 'fair']","['this', 'game', 'is', 'not', 'fair']",,negative
Zaenal Arifin yellow,semoga monton meningal dunia aminn,2.1.18.11201,semoga monton meningal dunia aminn,"['semoga', 'monton', 'meningal', 'dunia', 'aminn']","['semoga', 'monton', 'meningal', 'dunia', 'aminn']","['moga', 'meningal', 'dunia', 'aminn']","['moga', 'monton', 'meningal', 'dunia', 'aminn']","['moga', 'moonton', 'meningal', 'dunia', 'aminn']",,negative
Mas Adi,"sinyal sekarang buruk, padahal full",2.1.18.11201,"sinyal sekarang buruk, padahal full","['sinyal', 'sekarang', 'buruk', ',', 'padahal', 'full']","['sinyal', 'sekarang', 'buruk', 'padahal', 'full']","['sinyal', 'sekarang', 'buruk', 'full']","['sinyal', 'sekarang', 'buruk', 'padahal', 'full']","['sinyal', 'sekarang', 'buruk', 'padahal', 'full']",,negative
Didi Kurniawan,"saya putuskan untuk berhenti main game ini makin lama makin gak jelas 200 pertandingan dipermainkan di legend 4&5,,dapat tim feeder terus melawan pro player,,tidak dapat hiburan lagi main game ini yang bikin emosi game buruk",1.3.68.3891,"saya putuskan untuk berhenti main game ini makin lama makin gak jelas 200 pertandingan dipermainkan di legend 4&5,,dapat tim feeder terus melawan pro player,,tidak dapat hiburan lagi main game ini yang bikin emosi game buruk","['saya', 'putuskan', 'untuk', 'berhenti', 'main', 'game', 'ini', 'makin', 'lama', 'makin', 'gak', 'jelas', '200', 'pertandingan', 'dipermainkan', 'di', 'legend', '4', '&', '5', ',', ',dapat', 'tim', 'feeder', 'terus', 'melawan', 'pro', 'player', ',', ',tidak', 'dapat', 'hiburan', 'lagi', 'main', 'game', 'ini', 'yang', 'bikin', 'emosi', 'game', 'buruk']","['saya', 'putuskan', 'untuk', 'berhenti', 'main', 'game', 'ini', 'makin', 'lama', 'makin', 'gak', 'jelas', 'pertandingan', 'dipermainkan', 'di', 'legend', 'dapat', 'tim', 'feeder', 'terus', 'melawan', 'pro', 'player', 'tidak', 'dapat', 'hiburan', 'lagi', 'main', 'game', 'ini', 'yang', 'bikin', 'emosi', 'game', 'buruk']","['putus', 'henti', 'makin', 'lama', 'makin', 'jelas', 'tanding', 'feeder', 'lawan', 'pro', 'hibur', 'emosi', 'buruk']","['saya', 'putus', 'untuk', 'henti', 'main', 'game', 'ini', 'makin', 'lama', 'makin', 'gak', 'jelas', 'tanding', 'main', 'di', 'legend', 'dapat', 'tim', 'feeder', 'terus', 'lawan', 'pro', 'player', 'tidak', 'dapat', 'hibur', 'lagi', 'main', 'game', 'ini', 'yang', 'bikin', 'emosi', 'game', 'buruk']","['aku', 'putus', 'untuk', 'henti', 'main', 'game', 'ini', 'makin', 'lama', 'makin', 'tidak', 'jelas', 'tanding', 'main', 'di', 'legend', 'dapat', 'team', 'feeder', 'terus', 'lawan', 'pro', 'player', 'tidak', 'dapat', 'hibur', 'lagi', 'main', 'game', 'ini', 'yang', 'bikin', 'emosi', 'game', 'buruk']",,negative
STFNTOK,game tolol moonton anjg,2.1.18.11201,game tolol moonton anjg,"['game', 'tolol', 'moonton', 'anjg']","['game', 'tolol', 'moonton', 'anjg']","['tolol', 'anjg']","['game', 'tolol', 'moonton', 'anjg']","['game', 'tolol', 'moonton', 'anjg']",,negative
Hafis Alat,game aneh dapet tim kaga pernah bener tolol,2.1.18.11201,game aneh dapet tim kaga pernah bener tolol,"['game', 'aneh', 'dapet', 'tim', 'kaga', 'pernah', 'bener', 'tolol']","['game', 'aneh', 'dapet', 'tim', 'kaga', 'pernah', 'bener', 'tolol']","['aneh', 'kaga', 'pernah', 'benar', 'tolol']","['game', 'aneh', 'dapet', 'tim', 'kaga', 'pernah', 'bener', 'tolol']","['game', 'aneh', 'dapet', 'team', 'kaga', 'pernah', 'benar', 'tolol']",,negative
Ruswandi,games filled with dark systems,2.1.18.11201,games filled with dark systems,"['games', 'filled', 'with', 'dark', 'systems']","['games', 'filled', 'with', 'dark', 'systems']","['games', 'filled', 'with', 'gelap', 'systems']","['games', 'filled', 'with', 'dark', 'systems']","['games', 'filled', 'with', 'gelap', 'systems']",,negative
KST ID,"para streamer PD pindah ke Roblox 🤭🤣🤣, ml auto sepi dan rating y pun drop 3,9",1.9.99.10932,"para streamer pd pindah ke roblox 🤭🤣🤣, ml auto sepi dan rating y pun drop 3,9","['para', 'streamer', 'pd', 'pindah', 'ke', 'roblox', '🤭🤣🤣', ',', 'ml', 'auto', 'sepi', 'dan', 'rating', 'y', 'pun', 'drop', '3,9']","['para', 'streamer', 'pd', 'pindah', 'ke', 'roblox', 'ml', 'auto', 'sepi', 'dan', 'rating', 'y', 'pun', 'drop']","['para', 'streamer', 'pd', 'pindah', 'roblox', 'auto', 'sepi', 'rating', 'y', 'drop']","['para', 'streamer', 'pd', 'pindah', 'ke', 'roblox', 'ml', 'auto', 'sepi', 'dan', 'rating', 'y', 'pun', 'drop']","['para', 'streamer', 'pd', 'pindah', 'ke', 'roblox', 'ml', 'auto', 'sepi', 'dan', 'rating', 'y', 'pun', 'drop']",,negative
Mw 12,punya game ml tapi ngk tau diri tolol amat jadi orang mentang mentang kaya lu tolol saya main ml di kasih tim tolol semua emang game haram,2.1.18.11201,punya game ml tapi ngk tau diri tolol amat jadi orang mentang mentang kaya lu tolol saya main ml di kasih tim tolol semua emang game haram,"['punya', 'game', 'ml', 'tapi', 'ngk', 'tau', 'diri', 'tolol', 'amat', 'jadi', 'orang', 'mentang', 'mentang', 'kaya', 'lu', 'tolol', 'saya', 'main', 'ml', 'di', 'kasih', 'tim', 'tolol', 'semua', 'emang', 'game', 'haram']","['punya', 'game', 'ml', 'tapi', 'ngk', 'tau', 'diri', 'tolol', 'amat', 'jadi', 'orang', 'mentang', 'mentang', 'kaya', 'lu', 'tolol', 'saya', 'main', 'ml', 'di', 'kasih', 'tim', 'tolol', 'semua', 'emang', 'game', 'haram']","['punya', 'ngk', 'diri', 'tolol', 'amat', 'mentang', 'mentang', 'tolol', 'tolol', 'semua', 'haram']","['punya', 'game', 'ml', 'tapi', 'ngk', 'tau', 'diri', 'tolol', 'amat', 'jadi', 'orang', 'mentang', 'mentang', 'kaya', 'lu', 'tolol', 'saya', 'main', 'ml', 'di', 'kasih', 'tim', 'tolol', 'semua', 'emang', 'game', 'haram']","['punya', 'game', 'ml', 'tapi', 'ngk', 'tau', 'diri', 'tolol', 'amat', 'jadi', 'orang', 'mentang', 'mentang', 'seperti', 'kamu', 'tolol', 'aku', 'main', 'ml', 'di', 'kasih', 'team', 'tolol', 'semua', 'memang', 'game', 'haram']",,negative
ENGKU zainuddin,"saya kecewa ama game ini, rasio game saya rusak gara² dipertemukan trus ama player akun baru trus",2.1.18.11201,"saya kecewa ama game ini, rasio game saya rusak gara² dipertemukan trus ama player akun baru trus","['saya', 'kecewa', 'ama', 'game', 'ini', ',', 'rasio', 'game', 'saya', 'rusak', 'gara²', 'dipertemukan', 'trus', 'ama', 'player', 'akun', 'baru', 'trus']","['saya', 'kecewa', 'ama', 'game', 'ini', 'rasio', 'game', 'saya', 'rusak', 'gara', 'dipertemukan', 'trus', 'ama', 'player', 'akun', 'baru', 'trus']","['kecewa', 'rasio', 'rusak', 'gara', 'akun', 'baru']","['saya', 'kecewa', 'ama', 'game', 'ini', 'rasio', 'game', 'saya', 'rusak', 'gara', 'temu', 'trus', 'ama', 'player', 'akun', 'baru', 'trus']","['aku', 'kecewa', 'ama', 'game', 'ini', 'rasio', 'game', 'aku', 'rusak', 'gara', 'temu', 'terus', 'ama', 'player', 'akun', 'baru', 'terus']",,negative
Jaka riya Jaka,saya suka,1.9.99.10932,saya suka,"['saya', 'suka']","['saya', 'suka']",['suka'],"['saya', 'suka']","['aku', 'suka']",,positive
ilham setiana,"GAME ISINYA ORANG TOLOL, ORANG RASIS!!! MATCHING RUSAK!!!! GAME DARI MOONTON GAME IDIOT!!!!",1.9.99.10932,"game isinya orang tolol, orang rasis!!! matching rusak!!!! game dari moonton game idiot!!!!","['game', 'isinya', 'orang', 'tolol', ',', 'orang', 'rasis', '!', '!', '!', 'matching', 'rusak', '!', '!', '!', '!', 'game', 'dari', 'moonton', 'game', 'idiot', '!', '!', '!', '!']","['game', 'isinya', 'orang', 'tolol', 'orang', 'rasis', 'matching', 'rusak', 'game', 'dari', 'moonton', 'game', 'idiot']","['isi', 'tolol', 'ras', 'matching', 'rusak', 'idiot']","['game', 'isi', 'orang', 'tolol', 'orang', 'ras', 'matching', 'rusak', 'game', 'dari', 'moonton', 'game', 'idiot']","['game', 'isi', 'orang', 'tolol', 'orang', 'ras', 'matching', 'rusak', 'game', 'dari', 'moonton', 'game', 'idiot']",,negative
Ita Eko,makin hari makin gak jelas game satu ini ktemu musuh keras kayak abang-abang imo giliran tim kayak pelayer evic smua gak ada yang jelas tiap hari tiap kali main ada-ada aja yang bikin lost trek wr hancur mmr ancur gak ngerti lagi dah sama monton bikin males aja main game ini lama-lama,2.1.18.11201,makin hari makin gak jelas game satu ini ktemu musuh keras kayak abang-abang imo giliran tim kayak pelayer evic smua gak ada yang jelas tiap hari tiap kali main ada-ada aja yang bikin lost trek wr hancur mmr ancur gak ngerti lagi dah sama monton bikin males aja main game ini lama-lama,"['makin', 'hari', 'makin', 'gak', 'jelas', 'game', 'satu', 'ini', 'ktemu', 'musuh', 'keras', 'kayak', 'abang-abang', 'imo', 'giliran', 'tim', 'kayak', 'pelayer', 'evic', 'smua', 'gak', 'ada', 'yang', 'jelas', 'tiap', 'hari', 'tiap', 'kali', 'main', 'ada-ada', 'aja', 'yang', 'bikin', 'lost', 'trek', 'wr', 'hancur', 'mmr', 'ancur', 'gak', 'ngerti', 'lagi', 'dah', 'sama', 'monton', 'bikin', 'males', 'aja', 'main', 'game', 'ini', 'lama-lama']","['makin', 'hari', 'makin', 'gak', 'jelas', 'game', 'satu', 'ini', 'ktemu', 'musuh', 'keras', 'kayak', 'abangabang', 'imo', 'giliran', 'tim', 'kayak', 'pelayer', 'evic', 'smua', 'gak', 'ada', 'yang', 'jelas', 'tiap', 'hari', 'tiap', 'kali', 'main', 'adaada', 'aja', 'yang', 'bikin', 'lost', 'trek', 'wr', 'hancur', 'mmr', 'ancur', 'gak', 'ngerti', 'lagi', 'dah', 'sama', 'monton', 'bikin', 'males', 'aja', 'main', 'game', 'ini', 'lamalama']","['makin', 'makin', 'jelas', 'satu', 'ktemu', 'musuh', 'keras', 'abangabang', 'imo', 'layer', 'evic', 'smua', 'jelas', 'adaada', 'lost', 'trek', 'wr', 'hancur', 'mmr', 'ancur', 'ngerti', 'sudah', 'males', 'lamalama']","['makin', 'hari', 'makin', 'gak', 'jelas', 'game', 'satu', 'ini', 'ktemu', 'musuh', 'keras', 'kayak', 'abangabang', 'imo', 'gilir', 'tim', 'kayak', 'layer', 'evic', 'smua', 'gak', 'ada', 'yang', 'jelas', 'tiap', 'hari', 'tiap', 'kali', 'main', 'adaada', 'aja', 'yang', 'bikin', 'lost', 'trek', 'wr', 'hancur', 'mmr', 'ancur', 'gak', 'ngerti', 'lagi', 'dah', 'sama', 'monton', 'bikin', 'males', 'aja', 'main', 'game', 'ini', 'lamalama']","['makin', 'hari', 'makin', 'tidak', 'jelas', 'game', 'satu', 'ini', 'ktemu', 'musuh', 'keras', 'seperti', 'abangabang', 'imo', 'gilir', 'team', 'seperti', 'layer', 'evic', 'smua', 'tidak', 'ada', 'yang', 'jelas', 'tiap', 'hari', 'tiap', 'kali', 'main', 'adaada', 'aja', 'yang', 'bikin', 'lost', 'trek', 'wr', 'hancur', 'mmr', 'ancur', 'tidak', 'ngerti', 'lagi', 'sudah', 'sama', 'moonton', 'bikin', 'males', 'aja', 'main', 'game', 'ini', 'lamalama']",,negative
Ayanokoji,Lancarkan terus,,lancarkan terus,"['lancarkan', 'terus']","['lancarkan', 'terus']",['lancar'],"['lancar', 'terus']","['lancar', 'terus']",,negative
Andika Wahyu.s,sering terjadi bug bahkan memberi demeg ke musuh 2kali lipat di awal game,2.1.18.11201,sering terjadi bug bahkan memberi demeg ke musuh 2kali lipat di awal game,"['sering', 'terjadi', 'bug', 'bahkan', 'memberi', 'demeg', 'ke', 'musuh', '2kali', 'lipat', 'di', 'awal', 'game']","['sering', 'terjadi', 'bug', 'bahkan', 'memberi', 'demeg', 'ke', 'musuh', 'kali', 'lipat', 'di', 'awal', 'game']","['bug', 'bahkan', 'beri', 'deg', 'musuh', 'lipat']","['sering', 'jadi', 'bug', 'bahkan', 'beri', 'deg', 'ke', 'musuh', 'kali', 'lipat', 'di', 'awal', 'game']","['sering', 'jadi', 'bug', 'bahkan', 'beri', 'deg', 'ke', 'musuh', 'kali', 'lipat', 'di', 'awal', 'game']",,negative
Erzal Zamiwa,sebenernya aku suka banget Mobile legand cuma sekarang line nya di tentukan jadi kurang suka banget punya Hero banyak gak kepakai,1.8.21.8943,sebenernya aku suka banget mobile legand cuma sekarang line nya di tentukan jadi kurang suka banget punya hero banyak gak kepakai,"['sebenernya', 'aku', 'suka', 'banget', 'mobile', 'legand', 'cuma', 'sekarang', 'line', 'nya', 'di', 'tentukan', 'jadi', 'kurang', 'suka', 'banget', 'punya', 'hero', 'banyak', 'gak', 'kepakai']","['sebenernya', 'aku', 'suka', 'banget', 'mobile', 'legand', 'cuma', 'sekarang', 'line', 'nya', 'di', 'tentukan', 'jadi', 'kurang', 'suka', 'banget', 'punya', 'hero', 'banyak', 'gak', 'kepakai']","['sebenernya', 'suka', 'banget', 'legand', 'cuma', 'sekarang', 'line', 'tentu', 'kurang', 'suka', 'banget', 'punya', 'banyak']","['sebenernya', 'aku', 'suka', 'banget', 'mobile', 'legand', 'cuma', 'sekarang', 'line', 'nya', 'di', 'tentu', 'jadi', 'kurang', 'suka', 'banget', 'punya', 'hero', 'banyak', 'gak', 'pakai']","['sebenernya', 'aku', 'suka', 'banget', 'mobile', 'legand', 'cuma', 'sekarang', 'line', 'nya', 'di', 'tentu', 'jadi', 'kurang', 'suka', 'banget', 'punya', 'hero', 'banyak', 'tidak', 'pakai']",,negative
Ardiansyah Dhiyyo,solo selalu dapat tim yg kurang bagus,1.6.10.6671,solo selalu dapat tim yg kurang bagus,"['solo', 'selalu', 'dapat', 'tim', 'yg', 'kurang', 'bagus']","['solo', 'selalu', 'dapat', 'tim', 'yg', 'kurang', 'bagus']","['selalu', 'kurang', 'bagus']","['solo', 'selalu', 'dapat', 'tim', 'yg', 'kurang', 'bagus']","['solo', 'selalu', 'dapat', 'team', 'yang', 'kurang', 'bagus']",,negative
Drearizet,LAGGG BARENG TIMMM PADAHAL BEDA TEMPAT BEDA HP DAN BEDA SINYAL,2.1.18.11201,laggg bareng timmm padahal beda tempat beda hp dan beda sinyal,"['laggg', 'bareng', 'timmm', 'padahal', 'beda', 'tempat', 'beda', 'hp', 'dan', 'beda', 'sinyal']","['lag', 'bareng', 'tim', 'padahal', 'beda', 'tempat', 'beda', 'hp', 'dan', 'beda', 'sinyal']","['lag', 'bareng', 'beda', 'tempat', 'beda', 'beda', 'sinyal']","['lag', 'bareng', 'tim', 'padahal', 'beda', 'tempat', 'beda', 'hp', 'dan', 'beda', 'sinyal']","['lag', 'bareng', 'team', 'padahal', 'beda', 'tempat', 'beda', 'hp', 'dan', 'beda', 'sinyal']",,negative
schdance,game haram,,game haram,"['game', 'haram']","['game', 'haram']",['haram'],"['game', 'haram']","['game', 'haram']",,negative
04-Anil Putra Pratama,NERF CICI COKKKK!!!,2.1.18.11201,nerf cici cokkkk!!!,"['nerf', 'cici', 'cokkkk', '!', '!', '!']","['nerf', 'cici', 'cok']","['nerf', 'cici', 'cok']","['nerf', 'cici', 'cok']","['nerf', 'cici', 'cok']",,negative
Agung Agung sampurno,game pembodohan dan membuat setres pemainyah apdetan terbaru sangat mengecewakan,,game pembodohan dan membuat setres pemainyah apdetan terbaru sangat mengecewakan,"['game', 'pembodohan', 'dan', 'membuat', 'setres', 'pemainyah', 'apdetan', 'terbaru', 'sangat', 'mengecewakan']","['game', 'pembodohan', 'dan', 'membuat', 'setres', 'pemainyah', 'apdetan', 'terbaru', 'sangat', 'mengecewakan']","['bodoh', 'tres', 'pemainyah', 'apdetan', 'baru', 'kecewa']","['game', 'bodoh', 'dan', 'buat', 'tres', 'pemainyah', 'apdetan', 'baru', 'sangat', 'kecewa']","['game', 'bodoh', 'dan', 'buat', 'tres', 'pemainyah', 'apdetan', 'baru', 'sangat', 'kecewa']",,positive
putut prastyo,"tolong optimalkan jaringan.. jaringan bagus tiba"" ngelag .game apa ini..semakin di update semakin perag",1.6.18.6761,"tolong optimalkan jaringan.. jaringan bagus tiba"" ngelag .game apa ini..semakin di update semakin perag","['tolong', 'optimalkan', 'jaringan', '..', 'jaringan', 'bagus', 'tiba', ""''"", 'ngelag', '.game', 'apa', 'ini', '..', 'semakin', 'di', 'update', 'semakin', 'perag']","['tolong', 'optimalkan', 'jaringan', 'jaringan', 'bagus', 'tiba', 'ngelag', 'game', 'apa', 'ini', 'semakin', 'di', 'update', 'semakin', 'perag']","['tolong', 'optimal', 'bagus', 'lag', 'makin', 'update', 'makin', 'perag']","['tolong', 'optimal', 'jaring', 'jaring', 'bagus', 'tiba', 'ngelag', 'game', 'apa', 'ini', 'makin', 'di', 'update', 'makin', 'perag']","['tolong', 'optimal', 'jaring', 'jaring', 'bagus', 'tiba', 'lag', 'game', 'apa', 'ini', 'makin', 'di', 'update', 'makin', 'perag']",,negative
napla napla,"Game ini terlalu berat pangkat masih kecil tapi dapet musuh yang gak seimbang, problem ini tidahanya terjadi di saya saja, dan saya stres bermain game ini, bertemu dengan musuh yang jago dan sudah lama bermain game ini, sedakan saya baru saja main game ini MLBB Indonesia (secepat harus di perbaiki dan harus adil) sebenarnya game ini bagus tapi hanya musuh nya saja yang berat dan menurut saya game ini tidak ada keadilan nya, mohon maaf jika ada perkataan saya yang tidak sopan.🙏 Monton maaf🙏🙏 .",2.1.18.11201,"game ini terlalu berat pangkat masih kecil tapi dapet musuh yang gak seimbang, problem ini tidahanya terjadi di saya saja, dan saya stres bermain game ini, bertemu dengan musuh yang jago dan sudah lama bermain game ini, sedakan saya baru saja main game ini mlbb indonesia (secepat harus di perbaiki dan harus adil) sebenarnya game ini bagus tapi hanya musuh nya saja yang berat dan menurut saya game ini tidak ada keadilan nya, mohon maaf jika ada perkataan saya yang tidak sopan.🙏 monton maaf🙏🙏 .","['game', 'ini', 'terlalu', 'berat', 'pangkat', 'masih', 'kecil', 'tapi', 'dapet', 'musuh', 'yang', 'gak', 'seimbang', ',', 'problem', 'ini', 'tidahanya', 'terjadi', 'di', 'saya', 'saja', ',', 'dan', 'saya', 'stres', 'bermain', 'game', 'ini', ',', 'bertemu', 'dengan', 'musuh', 'yang', 'jago', 'dan', 'sudah', 'lama', 'bermain', 'game', 'ini', ',', 'sedakan', 'saya', 'baru', 'saja', 'main', 'game', 'ini', 'mlbb', 'indonesia', '(', 'secepat', 'harus', 'di', 'perbaiki', 'dan', 'harus', 'adil', ')', 'sebenarnya', 'game', 'ini', 'bagus', 'tapi', 'hanya', 'musuh', 'nya', 'saja', 'yang', 'berat', 'dan', 'menurut', 'saya', 'game', 'ini', 'tidak', 'ada', 'keadilan', 'nya', ',', 'mohon', 'maaf', 'jika', 'ada', 'perkataan', 'saya', 'yang', 'tidak', 'sopan.🙏', 'monton', 'maaf🙏🙏', '.']","['game', 'ini', 'terlalu', 'berat', 'pangkat', 'masih', 'kecil', 'tapi', 'dapet', 'musuh', 'yang', 'gak', 'seimbang', 'problem', 'ini', 'tidahanya', 'terjadi', 'di', 'saya', 'saja', 'dan', 'saya', 'stres', 'bermain', 'game', 'ini', 'bertemu', 'dengan', 'musuh', 'yang', 'jago', 'dan', 'sudah', 'lama', 'bermain', 'game', 'ini', 'sedakan', 'saya', 'baru', 'saja', 'main', 'game', 'ini', 'mlbb', 'indonesia', 'secepat', 'harus', 'di', 'perbaiki', 'dan', 'harus', 'adil', 'sebenarnya', 'game', 'ini', 'bagus', 'tapi', 'hanya', 'musuh', 'nya', 'saja', 'yang', 'berat', 'dan', 'menurut', 'saya', 'game', 'ini', 'tidak', 'ada', 'keadilan', 'nya', 'mohon', 'maaf', 'jika', 'ada', 'perkataan', 'saya', 'yang', 'tidak', 'sopan', 'monton', 'maaf']","['terlalu', 'berat', 'pangkat', 'kecil', 'musuh', 'imbang', 'problem', 'tidahanya', 'stres', 'musuh', 'jago', 'sudah', 'lama', 'sedakan', 'baru', 'indonesia', 'cepat', 'baik', 'adil', 'benar', 'bagus', 'musuh', 'berat', 'adil', 'mohon', 'maaf', 'jika', 'sopan', 'maaf']","['game', 'ini', 'terlalu', 'berat', 'pangkat', 'masih', 'kecil', 'tapi', 'dapet', 'musuh', 'yang', 'gak', 'imbang', 'problem', 'ini', 'tidahanya', 'jadi', 'di', 'saya', 'saja', 'dan', 'saya', 'stres', 'main', 'game', 'ini', 'temu', 'dengan', 'musuh', 'yang', 'jago', 'dan', 'sudah', 'lama', 'main', 'game', 'ini', 'sedakan', 'saya', 'baru', 'saja', 'main', 'game', 'ini', 'mlbb', 'indonesia', 'cepat', 'harus', 'di', 'baik', 'dan', 'harus', 'adil', 'benar', 'game', 'ini', 'bagus', 'tapi', 'hanya', 'musuh', 'nya', 'saja', 'yang', 'berat', 'dan', 'turut', 'saya', 'game', 'ini', 'tidak', 'ada', 'adil', 'nya', 'mohon', 'maaf', 'jika', 'ada', 'kata', 'saya', 'yang', 'tidak', 'sopan', 'monton', 'maaf']","['game', 'ini', 'terlalu', 'berat', 'pangkat', 'masih', 'kecil', 'tapi', 'dapet', 'musuh', 'yang', 'tidak', 'imbang', 'problem', 'ini', 'tidahanya', 'jadi', 'di', 'aku', 'saja', 'dan', 'aku', 'stres', 'main', 'game', 'ini', 'temu', 'dengan', 'musuh', 'yang', 'jago', 'dan', 'sudah', 'lama', 'main', 'game', 'ini', 'sedakan', 'aku', 'baru', 'saja', 'main', 'game', 'ini', 'mlbb', 'indonesia', 'cepat', 'harus', 'di', 'baik', 'dan', 'harus', 'adil', 'benar', 'game', 'ini', 'bagus', 'tapi', 'hanya', 'musuh', 'nya', 'saja', 'yang', 'berat', 'dan', 'turut', 'aku', 'game', 'ini', 'tidak', 'ada', 'adil', 'nya', 'mohon', 'maaf', 'jika', 'ada', 'kata', 'aku', 'yang', 'tidak', 'sopan', 'moonton', 'maaf']",,positive
Ex.,"GUA DISINI MERASA DIRUGIKAN SEBAGAI PLAYER SOLO, maen oke tpi dpet tim slalu gajelas apalgi prapilih role maksain orang buat maen role yg itu² aja apa gunanya 2 pilihan klo 99% dpetnya roam trus kyaknya lu harus mulai mikirin perihal yg dpet MVP kalah harusnya tetep nmbah bintang sbagai bentuk apresiasi, soalnya udah rugi waktu, tenaga, mmr hero, winrate, bintang pun turun mikir lah udah maen bagus, 5 match win cuma 1, 4x lose tapi MVP semua apa kgak nyesek weh MIKIR MOONTON WOY SISTEM BOBROK",,"gua disini merasa dirugikan sebagai player solo, maen oke tpi dpet tim slalu gajelas apalgi prapilih role maksain orang buat maen role yg itu² aja apa gunanya 2 pilihan klo 99% dpetnya roam trus kyaknya lu harus mulai mikirin perihal yg dpet mvp kalah harusnya tetep nmbah bintang sbagai bentuk apresiasi, soalnya udah rugi waktu, tenaga, mmr hero, winrate, bintang pun turun mikir lah udah maen bagus, 5 match win cuma 1, 4x lose tapi mvp semua apa kgak nyesek weh mikir moonton woy sistem bobrok","['gua', 'disini', 'merasa', 'dirugikan', 'sebagai', 'player', 'solo', ',', 'maen', 'oke', 'tpi', 'dpet', 'tim', 'slalu', 'gajelas', 'apalgi', 'prapilih', 'role', 'maksain', 'orang', 'buat', 'maen', 'role', 'yg', 'itu²', 'aja', 'apa', 'gunanya', '2', 'pilihan', 'klo', '99', '%', 'dpetnya', 'roam', 'trus', 'kyaknya', 'lu', 'harus', 'mulai', 'mikirin', 'perihal', 'yg', 'dpet', 'mvp', 'kalah', 'harusnya', 'tetep', 'nmbah', 'bintang', 'sbagai', 'bentuk', 'apresiasi', ',', 'soalnya', 'udah', 'rugi', 'waktu', ',', 'tenaga', ',', 'mmr', 'hero', ',', 'winrate', ',', 'bintang', 'pun', 'turun', 'mikir', 'lah', 'udah', 'maen', 'bagus', ',', '5', 'match', 'win', 'cuma', '1', ',', '4x', 'lose', 'tapi', 'mvp', 'semua', 'apa', 'kgak', 'nyesek', 'weh', 'mikir', 'moonton', 'woy', 'sistem', 'bobrok']","['gua', 'disini', 'merasa', 'dirugikan', 'sebagai', 'player', 'solo', 'maen', 'oke', 'tpi', 'dpet', 'tim', 'slalu', 'gajelas', 'apalgi', 'prapilih', 'role', 'maksain', 'orang', 'buat', 'maen', 'role', 'yg', 'itu', 'aja', 'apa', 'gunanya', 'pilihan', 'klo', 'dpetnya', 'roam', 'trus', 'kyaknya', 'lu', 'harus', 'mulai', 'mikirin', 'perihal', 'yg', 'dpet', 'mvp', 'kalah', 'harusnya', 'tetep', 'nmbah', 'bintang', 'sbagai', 'bentuk', 'apresiasi', 'soalnya', 'udah', 'rugi', 'waktu', 'tenaga', 'mmr', 'hero', 'winrate', 'bintang', 'pun', 'turun', 'mikir', 'lah', 'udah', 'maen', 'bagus', 'match', 'win', 'cuma', 'x', 'lose', 'tapi', 'mvp', 'semua', 'apa', 'kgak', 'nyesek', 'weh', 'mikir', 'moonton', 'woy', 'sistem', 'bobrok']","['rugi', 'bagai', 'oke', 'dpet', 'slalu', 'gajelas', 'apalgi', 'prapilih', 'role', 'maksain', 'role', 'guna', 'pilih', 'dpetnya', 'roam', 'kyaknya', 'mulai', 'mikirin', 'perihal', 'dpet', 'mvp', 'kalah', 'tetap', 'nmbah', 'bintang', 'sbagai', 'bentuk', 'apresiasi', 'rugi', 'tenaga', 'mmr', 'winrate', 'bintang', 'turun', 'mikir', 'bagus', 'win', 'cuma', 'lose', 'mvp', 'semua', 'kgak', 'nyesek', 'weh', 'mikir', 'woy', 'buruk']","['gua', 'sini', 'rasa', 'rugi', 'bagai', 'player', 'solo', 'maen', 'oke', 'tpi', 'dpet', 'tim', 'slalu', 'gajelas', 'apalgi', 'prapilih', 'role', 'maksain', 'orang', 'buat', 'maen', 'role', 'yg', 'itu', 'aja', 'apa', 'guna', 'pilih', 'klo', 'dpetnya', 'roam', 'trus', 'kyaknya', 'lu', 'harus', 'mulai', 'mikirin', 'perihal', 'yg', 'dpet', 'mvp', 'kalah', 'harus', 'tetep', 'nmbah', 'bintang', 'sbagai', 'bentuk', 'apresiasi', 'soal', 'udah', 'rugi', 'waktu', 'tenaga', 'mmr', 'hero', 'winrate', 'bintang', 'pun', 'turun', 'mikir', 'lah', 'udah', 'maen', 'bagus', 'match', 'win', 'cuma', 'x', 'lose', 'tapi', 'mvp', 'semua', 'apa', 'kgak', 'nyesek', 'weh', 'mikir', 'moonton', 'woy', 'sistem', 'bobrok']","['aku', 'sini', 'rasa', 'rugi', 'bagai', 'player', 'solo', 'main', 'oke', 'tapi', 'dpet', 'team', 'slalu', 'gajelas', 'apalgi', 'prapilih', 'role', 'maksain', 'orang', 'buat', 'main', 'role', 'yang', 'itu', 'aja', 'apa', 'guna', 'pilih', 'kalau', 'dpetnya', 'roam', 'terus', 'kyaknya', 'kamu', 'harus', 'mulai', 'mikirin', 'perihal', 'yang', 'dpet', 'mvp', 'kalah', 'harus', 'tetap', 'nmbah', 'bintang', 'sbagai', 'bentuk', 'apresiasi', 'soal', 'udah', 'rugi', 'waktu', 'tenaga', 'mmr', 'hero', 'winrate', 'bintang', 'pun', 'turun', 'mikir', 'lah', 'udah', 'main', 'bagus', 'match', 'win', 'cuma', 'kali', 'lose', 'tapi', 'mvp', 'semua', 'apa', 'kgak', 'nyesek', 'weh', 'mikir', 'moonton', 'woy', 'sistem', 'buruk']",,negative
Okik Soper,admin anjg dikasih team bot trs,2.1.18.11201,admin anjg dikasih team bot trs,"['admin', 'anjg', 'dikasih', 'team', 'bot', 'trs']","['admin', 'anjg', 'dikasih', 'team', 'bot', 'trs']","['admin', 'anjg', 'bot', 'trs']","['admin', 'anjg', 'kasih', 'team', 'bot', 'trs']","['admin', 'anjg', 'kasih', 'team', 'bot', 'trs']",,negative
Shor 71,"banyak update kualitas buruk,emang kikir lu babi",1.9.99.10932,"banyak update kualitas buruk,emang kikir lu babi","['banyak', 'update', 'kualitas', 'buruk', ',', 'emang', 'kikir', 'lu', 'babi']","['banyak', 'update', 'kualitas', 'buruk', 'emang', 'kikir', 'lu', 'babi']","['banyak', 'update', 'kualitas', 'buruk', 'kikir', 'babi']","['banyak', 'update', 'kualitas', 'buruk', 'emang', 'kikir', 'lu', 'babi']","['banyak', 'update', 'kualitas', 'buruk', 'memang', 'kikir', 'kamu', 'babi']",,negative
White Zero,Pelaporan atau Pengaduan dari Customer Servicenya tidak baik. jawaban template dan tidak ada solusi sama sekali.. parah game terkenal tapi sampah,2.1.18.11201,pelaporan atau pengaduan dari customer servicenya tidak baik. jawaban template dan tidak ada solusi sama sekali.. parah game terkenal tapi sampah,"['pelaporan', 'atau', 'pengaduan', 'dari', 'customer', 'servicenya', 'tidak', 'baik', '.', 'jawaban', 'template', 'dan', 'tidak', 'ada', 'solusi', 'sama', 'sekali', '..', 'parah', 'game', 'terkenal', 'tapi', 'sampah']","['pelaporan', 'atau', 'pengaduan', 'dari', 'customer', 'servicenya', 'tidak', 'baik', 'jawaban', 'template', 'dan', 'tidak', 'ada', 'solusi', 'sama', 'sekali', 'parah', 'game', 'terkenal', 'tapi', 'sampah']","['report', 'adu', 'customer', 'servicenya', 'baik', 'jawab', 'template', 'solusi', 'parah', 'kenal', 'sampah']","['lapor', 'atau', 'adu', 'dari', 'customer', 'servicenya', 'tidak', 'baik', 'jawab', 'template', 'dan', 'tidak', 'ada', 'solusi', 'sama', 'sekali', 'parah', 'game', 'kenal', 'tapi', 'sampah']","['report', 'atau', 'adu', 'dari', 'customer', 'servicenya', 'tidak', 'baik', 'jawab', 'template', 'dan', 'tidak', 'ada', 'solusi', 'sama', 'sekali', 'parah', 'game', 'kenal', 'tapi', 'sampah']",,positive
Ibhaneza Yudha,"saya ingin menanyakan perihal matchmaking yg SANGAT TIDAK ADIL saya terus mengalami kekalahan masif dikarenakan mendapat tim yang TIDAK FAIR dan selalu DIRUGIKAN OLEH REKAN TIM, saya mencoba membuat laporan dan sama sekali TIDAK DITINDAK LANJUTI! tidak ada jawaban, perbaikan, atau sekedar permintaan MAAF! dan mungkin ini adalah game moba dengan sistem MATCHMAKING TERBURUK yg pernah saya mainkan, terimakasih",,"saya ingin menanyakan perihal matchmaking yg sangat tidak adil saya terus mengalami kekalahan masif dikarenakan mendapat tim yang tidak fair dan selalu dirugikan oleh rekan tim, saya mencoba membuat laporan dan sama sekali tidak ditindak lanjuti! tidak ada jawaban, perbaikan, atau sekedar permintaan maaf! dan mungkin ini adalah game moba dengan sistem matchmaking terburuk yg pernah saya mainkan, terimakasih","['saya', 'ingin', 'menanyakan', 'perihal', 'matchmaking', 'yg', 'sangat', 'tidak', 'adil', 'saya', 'terus', 'mengalami', 'kekalahan', 'masif', 'dikarenakan', 'mendapat', 'tim', 'yang', 'tidak', 'fair', 'dan', 'selalu', 'dirugikan', 'oleh', 'rekan', 'tim', ',', 'saya', 'mencoba', 'membuat', 'laporan', 'dan', 'sama', 'sekali', 'tidak', 'ditindak', 'lanjuti', '!', 'tidak', 'ada', 'jawaban', ',', 'perbaikan', ',', 'atau', 'sekedar', 'permintaan', 'maaf', '!', 'dan', 'mungkin', 'ini', 'adalah', 'game', 'moba', 'dengan', 'sistem', 'matchmaking', 'terburuk', 'yg', 'pernah', 'saya', 'mainkan', ',', 'terimakasih']","['saya', 'ingin', 'menanyakan', 'perihal', 'matchmaking', 'yg', 'sangat', 'tidak', 'adil', 'saya', 'terus', 'mengalami', 'kekalahan', 'masif', 'dikarenakan', 'mendapat', 'tim', 'yang', 'tidak', 'fair', 'dan', 'selalu', 'dirugikan', 'oleh', 'rekan', 'tim', 'saya', 'mencoba', 'membuat', 'laporan', 'dan', 'sama', 'sekali', 'tidak', 'ditindak', 'lanjuti', 'tidak', 'ada', 'jawaban', 'perbaikan', 'atau', 'sekedar', 'permintaan', 'maaf', 'dan', 'mungkin', 'ini', 'adalah', 'game', 'moba', 'dengan', 'sistem', 'matchmaking', 'terburuk', 'yg', 'pernah', 'saya', 'mainkan', 'terimakasih']","['tanya', 'perihal', 'adil', 'alami', 'kalah', 'masif', 'fair', 'selalu', 'rugi', 'rekan', 'coba', 'report', 'tindak', 'lanjut', 'jawab', 'baik', 'dar', 'minta', 'maaf', 'mungkin', 'buruk', 'pernah', 'terimakasih']","['saya', 'ingin', 'tanya', 'perihal', 'matchmaking', 'yg', 'sangat', 'tidak', 'adil', 'saya', 'terus', 'alami', 'kalah', 'masif', 'karena', 'dapat', 'tim', 'yang', 'tidak', 'fair', 'dan', 'selalu', 'rugi', 'oleh', 'rekan', 'tim', 'saya', 'coba', 'buat', 'lapor', 'dan', 'sama', 'sekali', 'tidak', 'tindak', 'lanjut', 'tidak', 'ada', 'jawab', 'baik', 'atau', 'dar', 'minta', 'maaf', 'dan', 'mungkin', 'ini', 'adalah', 'game', 'moba', 'dengan', 'sistem', 'matchmaking', 'buruk', 'yg', 'pernah', 'saya', 'main', 'terimakasih']","['aku', 'ingin', 'tanya', 'perihal', 'matchmaking', 'yang', 'sangat', 'tidak', 'adil', 'aku', 'terus', 'alami', 'kalah', 'masif', 'karena', 'dapat', 'team', 'yang', 'tidak', 'fair', 'dan', 'selalu', 'rugi', 'oleh', 'rekan', 'team', 'aku', 'coba', 'buat', 'report', 'dan', 'sama', 'sekali', 'tidak', 'tindak', 'lanjut', 'tidak', 'ada', 'jawab', 'baik', 'atau', 'dar', 'minta', 'maaf', 'dan', 'mungkin', 'ini', 'adalah', 'game', 'moba', 'dengan', 'sistem', 'matchmaking', 'buruk', 'yang', 'pernah', 'aku', 'main', 'terimakasih']",,positive
Lintang Cahya,game kontol,1.9.99.10932,game kontol,"['game', 'kontol']","['game', 'kontol']",['kontol'],"['game', 'kontol']","['game', 'kontol']",,negative
Fajri Anang,"TOLONG LH MOONTON HAPUS DARKSISTEM GUA UDAH 100 LEBIH PERTANDINGAN STUCK DISITU"" AJA,, TIAP MAIN PASTI ADA YG DARKSISTEM CAPEK COKKKKK BUKAN NYA BUAT HAVE FUN MALAH JDI STRESSS",1.7.44.8111,"tolong lh moonton hapus darksistem gua udah 100 lebih pertandingan stuck disitu"" aja,, tiap main pasti ada yg darksistem capek cokkkkk bukan nya buat have fun malah jdi stresss","['tolong', 'lh', 'moonton', 'hapus', 'darksistem', 'gua', 'udah', '100', 'lebih', 'pertandingan', 'stuck', 'disitu', ""''"", 'aja', ',', ',', 'tiap', 'main', 'pasti', 'ada', 'yg', 'darksistem', 'capek', 'cokkkkk', 'bukan', 'nya', 'buat', 'have', 'fun', 'malah', 'jdi', 'stresss']","['tolong', 'lh', 'moonton', 'hapus', 'darksistem', 'gua', 'udah', 'lebih', 'pertandingan', 'stuck', 'disitu', 'aja', 'tiap', 'main', 'pasti', 'ada', 'yg', 'darksistem', 'capek', 'cok', 'bukan', 'nya', 'buat', 'have', 'fun', 'malah', 'jdi', 'stres']","['tolong', 'lh', 'hapus', 'darksistem', 'lebih', 'tanding', 'stuck', 'situ', 'pasti', 'darksistem', 'capek', 'cok', 'bukan', 'have', 'fun', 'stres']","['tolong', 'lh', 'moonton', 'hapus', 'darksistem', 'gua', 'udah', 'lebih', 'tanding', 'stuck', 'situ', 'aja', 'tiap', 'main', 'pasti', 'ada', 'yg', 'darksistem', 'capek', 'cok', 'bukan', 'nya', 'buat', 'have', 'fun', 'malah', 'jdi', 'stres']","['tolong', 'lh', 'moonton', 'hapus', 'darksistem', 'aku', 'udah', 'lebih', 'tanding', 'stuck', 'situ', 'aja', 'tiap', 'main', 'pasti', 'ada', 'yang', 'darksistem', 'capek', 'cok', 'bukan', 'nya', 'buat', 'have', 'fun', 'malah', 'jadi', 'stres']",,negative
Dikhi Muhammad,"MIKIRR KALO NGASIH MATCHING, GUE MASIH HONOR DIKASIH TIM ROMAWI PLUS LEGEND, SEDANGKAN MUSUH DI KASIH FULL GLORY.. EMNG GAME PENAMBAH STRESS BUAT SOLO HERAN GAK ADIL BGT DARI DULU NI GAME!!!!! BENER BENER GAME RUSAKKKKK!!! GAME RUSAKKKKK!!! WS 7 LGSNG DIKASIH LS 7!!",,"mikirr kalo ngasih matching, gue masih honor dikasih tim romawi plus legend, sedangkan musuh di kasih full glory.. emng game penambah stress buat solo heran gak adil bgt dari dulu ni game!!!!! bener bener game rusakkkkk!!! game rusakkkkk!!! ws 7 lgsng dikasih ls 7!!","['mikirr', 'kalo', 'ngasih', 'matching', ',', 'gue', 'masih', 'honor', 'dikasih', 'tim', 'romawi', 'plus', 'legend', ',', 'sedangkan', 'musuh', 'di', 'kasih', 'full', 'glory', '..', 'emng', 'game', 'penambah', 'stress', 'buat', 'solo', 'heran', 'gak', 'adil', 'bgt', 'dari', 'dulu', 'ni', 'game', '!', '!', '!', '!', '!', 'bener', 'bener', 'game', 'rusakkkkk', '!', '!', '!', 'game', 'rusakkkkk', '!', '!', '!', 'ws', '7', 'lgsng', 'dikasih', 'ls', '7', '!', '!']","['mikirr', 'kalo', 'ngasih', 'matching', 'gue', 'masih', 'honor', 'dikasih', 'tim', 'romawi', 'plus', 'legend', 'sedangkan', 'musuh', 'di', 'kasih', 'full', 'glory', 'emng', 'game', 'penambah', 'stress', 'buat', 'solo', 'heran', 'gak', 'adil', 'bgt', 'dari', 'dulu', 'ni', 'game', 'bener', 'bener', 'game', 'rusak', 'game', 'rusak', 'ws', 'lgsng', 'dikasih', 'ls']","['mikirr', 'beri', 'matching', 'romawi', 'plus', 'sedang', 'musuh', 'full', 'glory', 'emng', 'tambah', 'stres', 'heran', 'adil', 'banget', 'benar', 'benar', 'rusak', 'rusak', 'ws', 'lgsng', 'ls']","['mikirr', 'kalo', 'ngasih', 'matching', 'gue', 'masih', 'honor', 'kasih', 'tim', 'romawi', 'plus', 'legend', 'sedang', 'musuh', 'di', 'kasih', 'full', 'glory', 'emng', 'game', 'tambah', 'stress', 'buat', 'solo', 'heran', 'gak', 'adil', 'bgt', 'dari', 'dulu', 'ni', 'game', 'bener', 'bener', 'game', 'rusak', 'game', 'rusak', 'ws', 'lgsng', 'kasih', 'ls']","['mikirr', 'kalau', 'beri', 'matching', 'aku', 'masih', 'honor', 'kasih', 'team', 'romawi', 'plus', 'legend', 'sedang', 'musuh', 'di', 'kasih', 'full', 'glory', 'emng', 'game', 'tambah', 'stres', 'buat', 'solo', 'heran', 'tidak', 'adil', 'banget', 'dari', 'dulu', 'ini', 'game', 'benar', 'benar', 'game', 'rusak', 'game', 'rusak', 'ws', 'lgsng', 'kasih', 'ls']",,negative
Falya botakk,moonton kranjingan,,moonton kranjingan,"['moonton', 'kranjingan']","['moonton', 'kranjingan']",['kranjingan'],"['moonton', 'kranjingan']","['moonton', 'kranjingan']",,negative
Dyuliadin Gaming,"JANGAN DI DOWNLOAD BRO, BUANG BUANG WAKTU MAIN GAME INI.",1.9.99.10932,"jangan di download bro, buang buang waktu main game ini.","['jangan', 'di', 'download', 'bro', ',', 'buang', 'buang', 'waktu', 'main', 'game', 'ini', '.']","['jangan', 'di', 'download', 'bro', 'buang', 'buang', 'waktu', 'main', 'game', 'ini']","['jangan', 'bro', 'buang', 'buang']","['jangan', 'di', 'download', 'bro', 'buang', 'buang', 'waktu', 'main', 'game', 'ini']","['jangan', 'di', 'download', 'bro', 'buang', 'buang', 'waktu', 'main', 'game', 'ini']",,negative
Rafsanjani,pencarian pemain tidak seimbang,2.1.18.11201,pencarian pemain tidak seimbang,"['pencarian', 'pemain', 'tidak', 'seimbang']","['pencarian', 'pemain', 'tidak', 'seimbang']","['cari', 'imbang']","['cari', 'main', 'tidak', 'imbang']","['cari', 'main', 'tidak', 'imbang']",,negative
Muhamad Fauzi,itu yang daerah Jawa Timur Jawa tengah mati aja babi,2.1.18.11201,itu yang daerah jawa timur jawa tengah mati aja babi,"['itu', 'yang', 'daerah', 'jawa', 'timur', 'jawa', 'tengah', 'mati', 'aja', 'babi']","['itu', 'yang', 'daerah', 'jawa', 'timur', 'jawa', 'tengah', 'mati', 'aja', 'babi']","['daerah', 'jawa', 'timur', 'jawa', 'tengah', 'mati', 'babi']","['itu', 'yang', 'daerah', 'jawa', 'timur', 'jawa', 'tengah', 'mati', 'aja', 'babi']","['itu', 'yang', 'daerah', 'jawa', 'timur', 'jawa', 'tengah', 'mati', 'aja', 'babi']",,negative
Alvin Softkangkung,game macam apa ini isi nya balita' dark sistem semua,,game macam apa ini isi nya balita' dark sistem semua,"['game', 'macam', 'apa', 'ini', 'isi', 'nya', 'balita', ""'"", 'dark', 'sistem', 'semua']","['game', 'macam', 'apa', 'ini', 'isi', 'nya', 'balita', 'dark', 'sistem', 'semua']","['macam', 'isi', 'balita', 'gelap', 'semua']","['game', 'macam', 'apa', 'ini', 'isi', 'nya', 'balita', 'dark', 'sistem', 'semua']","['game', 'macam', 'apa', 'ini', 'isi', 'nya', 'balita', 'gelap', 'sistem', 'semua']",,negative
Ari Wae,bener bener game aneh buat main jaringan bagus sering ngelek dan kadang buat login tidak bisa harus di hapus dulu datanya baru bisa login lagi dan itu sering terjadi,2.1.18.11201,bener bener game aneh buat main jaringan bagus sering ngelek dan kadang buat login tidak bisa harus di hapus dulu datanya baru bisa login lagi dan itu sering terjadi,"['bener', 'bener', 'game', 'aneh', 'buat', 'main', 'jaringan', 'bagus', 'sering', 'ngelek', 'dan', 'kadang', 'buat', 'login', 'tidak', 'bisa', 'harus', 'di', 'hapus', 'dulu', 'datanya', 'baru', 'bisa', 'login', 'lagi', 'dan', 'itu', 'sering', 'terjadi']","['bener', 'bener', 'game', 'aneh', 'buat', 'main', 'jaringan', 'bagus', 'sering', 'ngelek', 'dan', 'kadang', 'buat', 'login', 'tidak', 'bisa', 'harus', 'di', 'hapus', 'dulu', 'datanya', 'baru', 'bisa', 'login', 'lagi', 'dan', 'itu', 'sering', 'terjadi']","['benar', 'benar', 'aneh', 'bagus', 'lag', 'kadang', 'hapus', 'baru']","['bener', 'bener', 'game', 'aneh', 'buat', 'main', 'jaring', 'bagus', 'sering', 'ngelek', 'dan', 'kadang', 'buat', 'login', 'tidak', 'bisa', 'harus', 'di', 'hapus', 'dulu', 'data', 'baru', 'bisa', 'login', 'lagi', 'dan', 'itu', 'sering', 'jadi']","['benar', 'benar', 'game', 'aneh', 'buat', 'main', 'jaring', 'bagus', 'sering', 'lag', 'dan', 'kadang', 'buat', 'login', 'tidak', 'bisa', 'harus', 'di', 'hapus', 'dulu', 'data', 'baru', 'bisa', 'login', 'lagi', 'dan', 'itu', 'sering', 'jadi']",,negative
Re Re,game aneh selalu dikasih tim. dark sistem pada gk bisa main stress orng dibuatnya,2.1.18.11201,game aneh selalu dikasih tim. dark sistem pada gk bisa main stress orng dibuatnya,"['game', 'aneh', 'selalu', 'dikasih', 'tim', '.', 'dark', 'sistem', 'pada', 'gk', 'bisa', 'main', 'stress', 'orng', 'dibuatnya']","['game', 'aneh', 'selalu', 'dikasih', 'tim', 'dark', 'sistem', 'pada', 'gk', 'bisa', 'main', 'stress', 'orng', 'dibuatnya']","['aneh', 'selalu', 'gelap', 'stres', 'orng']","['game', 'aneh', 'selalu', 'kasih', 'tim', 'dark', 'sistem', 'pada', 'gk', 'bisa', 'main', 'stress', 'orng', 'buat']","['game', 'aneh', 'selalu', 'kasih', 'team', 'gelap', 'sistem', 'pada', 'tidak', 'bisa', 'main', 'stres', 'orng', 'buat']",,negative
Maulana Yusuf,moontooon kontooool ngelag mulu,2.1.18.11201,moontooon kontooool ngelag mulu,"['moontooon', 'kontooool', 'ngelag', 'mulu']","['moonton', 'kontol', 'ngelag', 'mulu']","['kontol', 'lag']","['moonton', 'kontol', 'ngelag', 'mulu']","['moonton', 'kontol', 'lag', 'mulu']",,negative
Yakfi12,"Matchmaking cl sangat ga seimbang, masa gw sebagai solo player dapet tim yg beban dan musuh yg jago mulu atau skill nya setara kek gw, udh gitu wr juga gak balance pula, kalau kalah turunnya banyak kalau win naiknya dikit doang dan juga sinyal sering turun naik/lag dan jumping padahal sinyal gw pas di tes hijau² aja. Masalah ini harus segera diatasi dan kalau gak, gw akan tetap kasih bintang satu. DASAR GAME PENAMBAH STRESS!!",1.9.33.10117,"matchmaking cl sangat ga seimbang, masa gw sebagai solo player dapet tim yg beban dan musuh yg jago mulu atau skill nya setara kek gw, udh gitu wr juga gak balance pula, kalau kalah turunnya banyak kalau win naiknya dikit doang dan juga sinyal sering turun naik/lag dan jumping padahal sinyal gw pas di tes hijau² aja. masalah ini harus segera diatasi dan kalau gak, gw akan tetap kasih bintang satu. dasar game penambah stress!!","['matchmaking', 'cl', 'sangat', 'ga', 'seimbang', ',', 'masa', 'gw', 'sebagai', 'solo', 'player', 'dapet', 'tim', 'yg', 'beban', 'dan', 'musuh', 'yg', 'jago', 'mulu', 'atau', 'skill', 'nya', 'setara', 'kek', 'gw', ',', 'udh', 'gitu', 'wr', 'juga', 'gak', 'balance', 'pula', ',', 'kalau', 'kalah', 'turunnya', 'banyak', 'kalau', 'win', 'naiknya', 'dikit', 'doang', 'dan', 'juga', 'sinyal', 'sering', 'turun', 'naik/lag', 'dan', 'jumping', 'padahal', 'sinyal', 'gw', 'pas', 'di', 'tes', 'hijau²', 'aja', '.', 'masalah', 'ini', 'harus', 'segera', 'diatasi', 'dan', 'kalau', 'gak', ',', 'gw', 'akan', 'tetap', 'kasih', 'bintang', 'satu', '.', 'dasar', 'game', 'penambah', 'stress', '!', '!']","['matchmaking', 'cl', 'sangat', 'ga', 'seimbang', 'masa', 'gw', 'sebagai', 'solo', 'player', 'dapet', 'tim', 'yg', 'beban', 'dan', 'musuh', 'yg', 'jago', 'mulu', 'atau', 'skill', 'nya', 'setara', 'kek', 'gw', 'udh', 'gitu', 'wr', 'juga', 'gak', 'balance', 'pula', 'kalau', 'kalah', 'turunnya', 'banyak', 'kalau', 'win', 'naiknya', 'dikit', 'doang', 'dan', 'juga', 'sinyal', 'sering', 'turun', 'naiklag', 'dan', 'jumping', 'padahal', 'sinyal', 'gw', 'pas', 'di', 'tes', 'hijau', 'aja', 'masalah', 'ini', 'harus', 'segera', 'diatasi', 'dan', 'kalau', 'gak', 'gw', 'akan', 'tetap', 'kasih', 'bintang', 'satu', 'dasar', 'game', 'penambah', 'stress']","['cl', 'imbang', 'masa', 'bagai', 'beban', 'musuh', 'jago', 'skill', 'sudah', 'gitu', 'wr', 'balance', 'pula', 'kalah', 'turun', 'banyak', 'win', 'naik', 'sedikit', 'sinyal', 'turun', 'naiklag', 'jumping', 'sinyal', 'tes', 'hijau', 'masalah', 'segera', 'atas', 'tetap', 'bintang', 'satu', 'dasar', 'tambah', 'stres']","['matchmaking', 'cl', 'sangat', 'ga', 'imbang', 'masa', 'gw', 'bagai', 'solo', 'player', 'dapet', 'tim', 'yg', 'beban', 'dan', 'musuh', 'yg', 'jago', 'mulu', 'atau', 'skill', 'nya', 'tara', 'kek', 'gw', 'udh', 'gitu', 'wr', 'juga', 'gak', 'balance', 'pula', 'kalau', 'kalah', 'turun', 'banyak', 'kalau', 'win', 'naik', 'dikit', 'doang', 'dan', 'juga', 'sinyal', 'sering', 'turun', 'naiklag', 'dan', 'jumping', 'padahal', 'sinyal', 'gw', 'pas', 'di', 'tes', 'hijau', 'aja', 'masalah', 'ini', 'harus', 'segera', 'atas', 'dan', 'kalau', 'gak', 'gw', 'akan', 'tetap', 'kasih', 'bintang', 'satu', 'dasar', 'game', 'tambah', 'stress']","['matchmaking', 'cl', 'sangat', 'tidak', 'imbang', 'masa', 'aku', 'bagai', 'solo', 'player', 'dapet', 'team', 'yang', 'beban', 'dan', 'musuh', 'yang', 'jago', 'mulu', 'atau', 'skill', 'nya', 'tara', 'seperti', 'aku', 'sudah', 'gitu', 'wr', 'juga', 'tidak', 'balance', 'pula', 'kalau', 'kalah', 'turun', 'banyak', 'kalau', 'win', 'naik', 'sedikit', 'hanya', 'dan', 'juga', 'sinyal', 'sering', 'turun', 'naiklag', 'dan', 'jumping', 'padahal', 'sinyal', 'aku', 'pas', 'di', 'tes', 'hijau', 'aja', 'masalah', 'ini', 'harus', 'segera', 'atas', 'dan', 'kalau', 'tidak', 'aku', 'akan', 'tetap', 'kasih', 'bintang', 'satu', 'dasar', 'game', 'tambah', 'stres']",,negative
Fadly,abis di perbarui malah makin ngeleg padahal jaringan bagus,2.1.18.11201,abis di perbarui malah makin ngeleg padahal jaringan bagus,"['abis', 'di', 'perbarui', 'malah', 'makin', 'ngeleg', 'padahal', 'jaringan', 'bagus']","['abis', 'di', 'perbarui', 'malah', 'makin', 'ngeleg', 'padahal', 'jaringan', 'bagus']","['abis', 'baru', 'makin', 'lag', 'bagus']","['abis', 'di', 'baru', 'malah', 'makin', 'ngeleg', 'padahal', 'jaring', 'bagus']","['abis', 'di', 'baru', 'malah', 'makin', 'lag', 'padahal', 'jaring', 'bagus']",,negative
Bulukss,permainan jelek bnyk dark sistem nya,1.9.47.10372,permainan jelek bnyk dark sistem nya,"['permainan', 'jelek', 'bnyk', 'dark', 'sistem', 'nya']","['permainan', 'jelek', 'bnyk', 'dark', 'sistem', 'nya']","['jelek', 'bnyk', 'gelap']","['main', 'jelek', 'bnyk', 'dark', 'sistem', 'nya']","['main', 'jelek', 'bnyk', 'gelap', 'sistem', 'nya']",,negative
dekiff FF,tolol,,tolol,['tolol'],['tolol'],['tolol'],['tolol'],['tolol'],,negative
Kurama Jinjuriky,ngasih tim gk pernah bener ... game tolol,1.9.42.10341,ngasih tim gk pernah bener ... game tolol,"['ngasih', 'tim', 'gk', 'pernah', 'bener', '...', 'game', 'tolol']","['ngasih', 'tim', 'gk', 'pernah', 'bener', 'game', 'tolol']","['beri', 'pernah', 'benar', 'tolol']","['ngasih', 'tim', 'gk', 'pernah', 'bener', 'game', 'tolol']","['beri', 'team', 'tidak', 'pernah', 'benar', 'game', 'tolol']",,negative
Karman man,"game tolol gua bermain dengan rate bagus dan di laporin player laen eh di kurangi ks nya, giliran gua ngelaporin gak di respon buangsat",2.1.18.11201,"game tolol gua bermain dengan rate bagus dan di laporin player laen eh di kurangi ks nya, giliran gua ngelaporin gak di respon buangsat","['game', 'tolol', 'gua', 'bermain', 'dengan', 'rate', 'bagus', 'dan', 'di', 'laporin', 'player', 'laen', 'eh', 'di', 'kurangi', 'ks', 'nya', ',', 'giliran', 'gua', 'ngelaporin', 'gak', 'di', 'respon', 'buangsat']","['game', 'tolol', 'gua', 'bermain', 'dengan', 'rate', 'bagus', 'dan', 'di', 'laporin', 'player', 'laen', 'eh', 'di', 'kurangi', 'ks', 'nya', 'giliran', 'gua', 'ngelaporin', 'gak', 'di', 'respon', 'buangsat']","['tolol', 'rate', 'bagus', 'report', 'laen', 'kurang', 'ks', 'report', 'respon', 'buangsat']","['game', 'tolol', 'gua', 'main', 'dengan', 'rate', 'bagus', 'dan', 'di', 'laporin', 'player', 'laen', 'eh', 'di', 'kurang', 'ks', 'nya', 'gilir', 'gua', 'ngelaporin', 'gak', 'di', 'respon', 'buangsat']","['game', 'tolol', 'aku', 'main', 'dengan', 'rate', 'bagus', 'dan', 'di', 'report', 'player', 'laen', 'eh', 'di', 'kurang', 'ks', 'nya', 'gilir', 'aku', 'report', 'tidak', 'di', 'respon', 'buangsat']",,negative
gilang ramadani,dapat tim tidak ada waras dongo lu moontod kasih tim poke,,dapat tim tidak ada waras dongo lu moontod kasih tim poke,"['dapat', 'tim', 'tidak', 'ada', 'waras', 'dongo', 'lu', 'moontod', 'kasih', 'tim', 'poke']","['dapat', 'tim', 'tidak', 'ada', 'waras', 'dongo', 'lu', 'moontod', 'kasih', 'tim', 'poke']","['waras', 'dongo', 'moontod', 'poke']","['dapat', 'tim', 'tidak', 'ada', 'waras', 'dongo', 'lu', 'moontod', 'kasih', 'tim', 'poke']","['dapat', 'team', 'tidak', 'ada', 'waras', 'dongo', 'kamu', 'moontod', 'kasih', 'team', 'poke']",,negative
Mochammad Sokhfan,"game rusak,bikin stres",2.1.18.11201,"game rusak,bikin stres","['game', 'rusak', ',', 'bikin', 'stres']","['game', 'rusak', 'bikin', 'stres']","['rusak', 'stres']","['game', 'rusak', 'bikin', 'stres']","['game', 'rusak', 'bikin', 'stres']",,negative
Dapon Tuman,game rusak sumpah ini,1.9.64.10601,game rusak sumpah ini,"['game', 'rusak', 'sumpah', 'ini']","['game', 'rusak', 'sumpah', 'ini']","['rusak', 'sumpah']","['game', 'rusak', 'sumpah', 'ini']","['game', 'rusak', 'sumpah', 'ini']",,negative
arif gantengmama,"buat montoon tolong ban orang""trol masa make zilong mid bilang mau menang dia mati nyalahin tim yang satu temenya ngedukung pula make zilong mid saya lelah pepek",2.1.18.11201,"buat montoon tolong ban orang""trol masa make zilong mid bilang mau menang dia mati nyalahin tim yang satu temenya ngedukung pula make zilong mid saya lelah pepek","['buat', 'montoon', 'tolong', 'ban', 'orang', ""''"", 'trol', 'masa', 'make', 'zilong', 'mid', 'bilang', 'mau', 'menang', 'dia', 'mati', 'nyalahin', 'tim', 'yang', 'satu', 'temenya', 'ngedukung', 'pula', 'make', 'zilong', 'mid', 'saya', 'lelah', 'pepek']","['buat', 'montoon', 'tolong', 'ban', 'orang', 'trol', 'masa', 'make', 'zilong', 'mid', 'bilang', 'mau', 'menang', 'dia', 'mati', 'nyalahin', 'tim', 'yang', 'satu', 'temenya', 'ngedukung', 'pula', 'make', 'zilong', 'mid', 'saya', 'lelah', 'pepek']","['tolong', 'ban', 'trol', 'masa', 'make', 'zilong', 'mid', 'bilang', 'menang', 'dia', 'mati', 'nyalahin', 'satu', 'teman', 'ngedukung', 'pula', 'make', 'zilong', 'mid', 'lelah', 'pepek']","['buat', 'montoon', 'tolong', 'ban', 'orang', 'trol', 'masa', 'make', 'zilong', 'mid', 'bilang', 'mau', 'menang', 'dia', 'mati', 'nyalahin', 'tim', 'yang', 'satu', 'temenya', 'ngedukung', 'pula', 'make', 'zilong', 'mid', 'saya', 'lelah', 'pepek']","['buat', 'moonton', 'tolong', 'ban', 'orang', 'trol', 'masa', 'make', 'zilong', 'mid', 'bilang', 'mau', 'menang', 'dia', 'mati', 'nyalahin', 'team', 'yang', 'satu', 'teman', 'ngedukung', 'pula', 'make', 'zilong', 'mid', 'aku', 'lelah', 'pepek']",,negative
Uda Arief 1993,"Tidak sportif dan tidak adil, gamenya kurang sportif dan selalu di anggap melakukan pelanggaran dan mengurangi skor poin. jadi admin itu, yang baguslah sportif jangan jadi pencundang dan selalu berpihak kepada yang lain. Camkan itu baik baik? ingat itu paham...!!!",2.1.18.11201,"tidak sportif dan tidak adil, gamenya kurang sportif dan selalu di anggap melakukan pelanggaran dan mengurangi skor poin. jadi admin itu, yang baguslah sportif jangan jadi pencundang dan selalu berpihak kepada yang lain. camkan itu baik baik? ingat itu paham...!!!","['tidak', 'sportif', 'dan', 'tidak', 'adil', ',', 'gamenya', 'kurang', 'sportif', 'dan', 'selalu', 'di', 'anggap', 'melakukan', 'pelanggaran', 'dan', 'mengurangi', 'skor', 'poin', '.', 'jadi', 'admin', 'itu', ',', 'yang', 'baguslah', 'sportif', 'jangan', 'jadi', 'pencundang', 'dan', 'selalu', 'berpihak', 'kepada', 'yang', 'lain', '.', 'camkan', 'itu', 'baik', 'baik', '?', 'ingat', 'itu', 'paham', '...', '!', '!', '!']","['tidak', 'sportif', 'dan', 'tidak', 'adil', 'gamenya', 'kurang', 'sportif', 'dan', 'selalu', 'di', 'anggap', 'melakukan', 'pelanggaran', 'dan', 'mengurangi', 'skor', 'poin', 'jadi', 'admin', 'itu', 'yang', 'baguslah', 'sportif', 'jangan', 'jadi', 'pencundang', 'dan', 'selalu', 'berpihak', 'kepada', 'yang', 'lain', 'camkan', 'itu', 'baik', 'baik', 'ingat', 'itu', 'paham']","['sportif', 'adil', 'kurang', 'sportif', 'selalu', 'anggap', 'laku', 'langgar', 'kurang', 'skor', 'poin', 'admin', 'bagus', 'sportif', 'jangan', 'cundang', 'selalu', 'pihak', 'kepada', 'lain', 'cam', 'baik', 'baik', 'ingat', 'paham']","['tidak', 'sportif', 'dan', 'tidak', 'adil', 'gamenya', 'kurang', 'sportif', 'dan', 'selalu', 'di', 'anggap', 'laku', 'langgar', 'dan', 'kurang', 'skor', 'poin', 'jadi', 'admin', 'itu', 'yang', 'bagus', 'sportif', 'jangan', 'jadi', 'cundang', 'dan', 'selalu', 'pihak', 'kepada', 'yang', 'lain', 'cam', 'itu', 'baik', 'baik', 'ingat', 'itu', 'paham']","['tidak', 'sportif', 'dan', 'tidak', 'adil', 'game', 'kurang', 'sportif', 'dan', 'selalu', 'di', 'anggap', 'laku', 'langgar', 'dan', 'kurang', 'skor', 'poin', 'jadi', 'admin', 'itu', 'yang', 'bagus', 'sportif', 'jangan', 'jadi', 'cundang', 'dan', 'selalu', 'pihak', 'kepada', 'yang', 'lain', 'cam', 'itu', 'baik', 'baik', 'ingat', 'itu', 'paham']",,neutral
Rantonopubg Pubg,sering dapat tim yg gk bisa main reng kecil kasi tim sama saya yg di lwan reng nya tinggi mau main pake hero apa pun pasti kalah terus,2.1.18.11201,sering dapat tim yg gk bisa main reng kecil kasi tim sama saya yg di lwan reng nya tinggi mau main pake hero apa pun pasti kalah terus,"['sering', 'dapat', 'tim', 'yg', 'gk', 'bisa', 'main', 'reng', 'kecil', 'kasi', 'tim', 'sama', 'saya', 'yg', 'di', 'lwan', 'reng', 'nya', 'tinggi', 'mau', 'main', 'pake', 'hero', 'apa', 'pun', 'pasti', 'kalah', 'terus']","['sering', 'dapat', 'tim', 'yg', 'gk', 'bisa', 'main', 'reng', 'kecil', 'kasi', 'tim', 'sama', 'saya', 'yg', 'di', 'lwan', 'reng', 'nya', 'tinggi', 'mau', 'main', 'pake', 'hero', 'apa', 'pun', 'pasti', 'kalah', 'terus']","['reng', 'kecil', 'kasi', 'lwan', 'reng', 'tinggi', 'pasti', 'kalah']","['sering', 'dapat', 'tim', 'yg', 'gk', 'bisa', 'main', 'reng', 'kecil', 'kasi', 'tim', 'sama', 'saya', 'yg', 'di', 'lwan', 'reng', 'nya', 'tinggi', 'mau', 'main', 'pake', 'hero', 'apa', 'pun', 'pasti', 'kalah', 'terus']","['sering', 'dapat', 'team', 'yang', 'tidak', 'bisa', 'main', 'reng', 'kecil', 'kasi', 'team', 'sama', 'aku', 'yang', 'di', 'lwan', 'reng', 'nya', 'tinggi', 'mau', 'main', 'pakai', 'hero', 'apa', 'pun', 'pasti', 'kalah', 'terus']",,negative
xyz amatzz,"ngapasi jaringannya leg terus make Kouta gua, masih aj ngeleg, kontes lord juga leg terus",2.1.18.11201,"ngapasi jaringannya leg terus make kouta gua, masih aj ngeleg, kontes lord juga leg terus","['ngapasi', 'jaringannya', 'leg', 'terus', 'make', 'kouta', 'gua', ',', 'masih', 'aj', 'ngeleg', ',', 'kontes', 'lord', 'juga', 'leg', 'terus']","['ngapasi', 'jaringannya', 'leg', 'terus', 'make', 'kouta', 'gua', 'masih', 'aj', 'ngeleg', 'kontes', 'lord', 'juga', 'leg', 'terus']","['ngapasi', 'lag', 'make', 'kouta', 'lag', 'kontes', 'lord', 'lag']","['ngapasi', 'jaring', 'leg', 'terus', 'make', 'kouta', 'gua', 'masih', 'aj', 'ngeleg', 'kontes', 'lord', 'juga', 'leg', 'terus']","['ngapasi', 'jaring', 'lag', 'terus', 'make', 'kouta', 'aku', 'masih', 'aja', 'lag', 'kontes', 'lord', 'juga', 'lag', 'terus']",,negative
Junday Asegaf,"game babi, penggemar banyak tapi gak pernah di perbaiki sistemnya seakan diam, mending main game sebelah lebih asik",2.1.18.11201,"game babi, penggemar banyak tapi gak pernah di perbaiki sistemnya seakan diam, mending main game sebelah lebih asik","['game', 'babi', ',', 'penggemar', 'banyak', 'tapi', 'gak', 'pernah', 'di', 'perbaiki', 'sistemnya', 'seakan', 'diam', ',', 'mending', 'main', 'game', 'sebelah', 'lebih', 'asik']","['game', 'babi', 'penggemar', 'banyak', 'tapi', 'gak', 'pernah', 'di', 'perbaiki', 'sistemnya', 'seakan', 'diam', 'mending', 'main', 'game', 'sebelah', 'lebih', 'asik']","['babi', 'gemar', 'banyak', 'pernah', 'baik', 'diam', 'mending', 'lebih', 'asik']","['game', 'babi', 'gemar', 'banyak', 'tapi', 'gak', 'pernah', 'di', 'baik', 'sistem', 'akan', 'diam', 'mending', 'main', 'game', 'belah', 'lebih', 'asik']","['game', 'babi', 'gemar', 'banyak', 'tapi', 'tidak', 'pernah', 'di', 'baik', 'sistem', 'akan', 'diam', 'mending', 'main', 'game', 'belah', 'lebih', 'asik']",,negative
Ferdi Bagas,overall game nya bagus tapi yang di permasalah kan yang sangat besar iyalah sistem nya gak jelas. yang dapet tim gajelas lah apalah intinya aku dari minggu kemaren aja cuman dapet menang 1 saja. please kumohon bgt kalo ini bisa di perbaiki ulang gi grandmaster aja bisa kompak masa rank atas nya aja susah bgt,2.1.18.11201,overall game nya bagus tapi yang di permasalah kan yang sangat besar iyalah sistem nya gak jelas. yang dapet tim gajelas lah apalah intinya aku dari minggu kemaren aja cuman dapet menang 1 saja. please kumohon bgt kalo ini bisa di perbaiki ulang gi grandmaster aja bisa kompak masa rank atas nya aja susah bgt,"['overall', 'game', 'nya', 'bagus', 'tapi', 'yang', 'di', 'permasalah', 'kan', 'yang', 'sangat', 'besar', 'iyalah', 'sistem', 'nya', 'gak', 'jelas', '.', 'yang', 'dapet', 'tim', 'gajelas', 'lah', 'apalah', 'intinya', 'aku', 'dari', 'minggu', 'kemaren', 'aja', 'cuman', 'dapet', 'menang', '1', 'saja', '.', 'please', 'kumohon', 'bgt', 'kalo', 'ini', 'bisa', 'di', 'perbaiki', 'ulang', 'gi', 'grandmaster', 'aja', 'bisa', 'kompak', 'masa', 'rank', 'atas', 'nya', 'aja', 'susah', 'bgt']","['overall', 'game', 'nya', 'bagus', 'tapi', 'yang', 'di', 'permasalah', 'kan', 'yang', 'sangat', 'besar', 'iyalah', 'sistem', 'nya', 'gak', 'jelas', 'yang', 'dapet', 'tim', 'gajelas', 'lah', 'apalah', 'intinya', 'aku', 'dari', 'minggu', 'kemaren', 'aja', 'cuman', 'dapet', 'menang', 'saja', 'please', 'kumohon', 'bgt', 'kalo', 'ini', 'bisa', 'di', 'perbaiki', 'ulang', 'gi', 'grandmaster', 'aja', 'bisa', 'kompak', 'masa', 'rank', 'atas', 'nya', 'aja', 'susah', 'bgt']","['overall', 'bagus', 'masa', 'besar', 'iya', 'jelas', 'gajelas', 'inti', 'minggu', 'kemaren', 'menang', 'please', 'mohon', 'banget', 'baik', 'ulang', 'gi', 'grandmaster', 'kompak', 'masa', 'atas', 'susah', 'banget']","['overall', 'game', 'nya', 'bagus', 'tapi', 'yang', 'di', 'masa', 'kan', 'yang', 'sangat', 'besar', 'iya', 'sistem', 'nya', 'gak', 'jelas', 'yang', 'dapet', 'tim', 'gajelas', 'lah', 'apa', 'inti', 'aku', 'dari', 'minggu', 'kemaren', 'aja', 'cuman', 'dapet', 'menang', 'saja', 'please', 'mohon', 'bgt', 'kalo', 'ini', 'bisa', 'di', 'baik', 'ulang', 'gi', 'grandmaster', 'aja', 'bisa', 'kompak', 'masa', 'rank', 'atas', 'nya', 'aja', 'susah', 'bgt']","['overall', 'game', 'nya', 'bagus', 'tapi', 'yang', 'di', 'masa', 'kan', 'yang', 'sangat', 'besar', 'iya', 'sistem', 'nya', 'tidak', 'jelas', 'yang', 'dapet', 'team', 'gajelas', 'lah', 'apa', 'inti', 'aku', 'dari', 'minggu', 'kemaren', 'aja', 'hanya', 'dapet', 'menang', 'saja', 'please', 'mohon', 'banget', 'kalau', 'ini', 'bisa', 'di', 'baik', 'ulang', 'gi', 'grandmaster', 'aja', 'bisa', 'kompak', 'masa', 'rank', 'atas', 'nya', 'aja', 'susah', 'banget']",,negative
BANG BOY CHANNEL,"Woyyy cokkk dancokkk gamr mu koyokkk gatell asu kirekk , game dancokkk",2.1.18.11201,"woyyy cokkk dancokkk gamr mu koyokkk gatell asu kirekk , game dancokkk","['woyyy', 'cokkk', 'dancokkk', 'gamr', 'mu', 'koyokkk', 'gatell', 'asu', 'kirekk', ',', 'game', 'dancokkk']","['woy', 'cok', 'dancok', 'gamr', 'mu', 'koyok', 'gatell', 'asu', 'kirekk', 'game', 'dancok']","['woy', 'cok', 'dancok', 'gamr', 'mu', 'koyok', 'gatell', 'asu', 'kirekk', 'dancok']","['woy', 'cok', 'dancok', 'gamr', 'mu', 'koyok', 'gatell', 'asu', 'kirekk', 'game', 'dancok']","['woy', 'cok', 'dancok', 'gamr', 'mu', 'koyok', 'gatell', 'asu', 'kirekk', 'game', 'dancok']",,negative
Jausyanakbar Husein,"game busuk server nya aneh kalah sama game sebelah, Mach yg aneh, dapet tim busuk sedang kan musuh dpt tim bagus, padahal udh ganti akun baru tapi tetep sama grafik di bagusin event di banyakin tapi kalo game play gak di benahin tetap aja busuk game nya pesen gw 1 tolol g kasih tim Mach yang seimbang",,"game busuk server nya aneh kalah sama game sebelah, mach yg aneh, dapet tim busuk sedang kan musuh dpt tim bagus, padahal udh ganti akun baru tapi tetep sama grafik di bagusin event di banyakin tapi kalo game play gak di benahin tetap aja busuk game nya pesen gw 1 tolol g kasih tim mach yang seimbang","['game', 'busuk', 'server', 'nya', 'aneh', 'kalah', 'sama', 'game', 'sebelah', ',', 'mach', 'yg', 'aneh', ',', 'dapet', 'tim', 'busuk', 'sedang', 'kan', 'musuh', 'dpt', 'tim', 'bagus', ',', 'padahal', 'udh', 'ganti', 'akun', 'baru', 'tapi', 'tetep', 'sama', 'grafik', 'di', 'bagusin', 'event', 'di', 'banyakin', 'tapi', 'kalo', 'game', 'play', 'gak', 'di', 'benahin', 'tetap', 'aja', 'busuk', 'game', 'nya', 'pesen', 'gw', '1', 'tolol', 'g', 'kasih', 'tim', 'mach', 'yang', 'seimbang']","['game', 'busuk', 'server', 'nya', 'aneh', 'kalah', 'sama', 'game', 'sebelah', 'mach', 'yg', 'aneh', 'dapet', 'tim', 'busuk', 'sedang', 'kan', 'musuh', 'dpt', 'tim', 'bagus', 'padahal', 'udh', 'ganti', 'akun', 'baru', 'tapi', 'tetep', 'sama', 'grafik', 'di', 'bagusin', 'event', 'di', 'banyakin', 'tapi', 'kalo', 'game', 'play', 'gak', 'di', 'benahin', 'tetap', 'aja', 'busuk', 'game', 'nya', 'pesen', 'gw', 'tolol', 'g', 'kasih', 'tim', 'mach', 'yang', 'seimbang']","['busuk', 'server', 'aneh', 'kalah', 'mach', 'aneh', 'busuk', 'sedang', 'musuh', 'bagus', 'sudah', 'ganti', 'akun', 'baru', 'tetap', 'grafik', 'bagusin', 'event', 'banyakin', 'play', 'benahin', 'tetap', 'busuk', 'sen', 'tolol', 'mach', 'imbang']","['game', 'busuk', 'server', 'nya', 'aneh', 'kalah', 'sama', 'game', 'belah', 'mach', 'yg', 'aneh', 'dapet', 'tim', 'busuk', 'sedang', 'kan', 'musuh', 'dpt', 'tim', 'bagus', 'padahal', 'udh', 'ganti', 'akun', 'baru', 'tapi', 'tetep', 'sama', 'grafik', 'di', 'bagusin', 'event', 'di', 'banyakin', 'tapi', 'kalo', 'game', 'play', 'gak', 'di', 'benahin', 'tetap', 'aja', 'busuk', 'game', 'nya', 'sen', 'gw', 'tolol', 'g', 'kasih', 'tim', 'mach', 'yang', 'imbang']","['game', 'busuk', 'server', 'nya', 'aneh', 'kalah', 'sama', 'game', 'belah', 'mach', 'yang', 'aneh', 'dapet', 'team', 'busuk', 'sedang', 'kan', 'musuh', 'dapat', 'team', 'bagus', 'padahal', 'sudah', 'ganti', 'akun', 'baru', 'tapi', 'tetap', 'sama', 'grafik', 'di', 'bagusin', 'event', 'di', 'banyakin', 'tapi', 'kalau', 'game', 'play', 'tidak', 'di', 'benahin', 'tetap', 'aja', 'busuk', 'game', 'nya', 'sen', 'aku', 'tolol', 'tidak', 'kasih', 'team', 'mach', 'yang', 'imbang']",,negative
Aripin Tajul,Dikasih kalah Mulu,2.1.18.11201,dikasih kalah mulu,"['dikasih', 'kalah', 'mulu']","['dikasih', 'kalah', 'mulu']",['kalah'],"['kasih', 'kalah', 'mulu']","['kasih', 'kalah', 'mulu']",,negative
Dicky Ardhian,kenapa dah update sekarang jaringan jadi lebih sering terputus/koneksi lambat/delayy? ganggu aja padahal udah kenceng wifi+dataa,1.7.58.8261,kenapa dah update sekarang jaringan jadi lebih sering terputus/koneksi lambat/delayy? ganggu aja padahal udah kenceng wifi+dataa,"['kenapa', 'dah', 'update', 'sekarang', 'jaringan', 'jadi', 'lebih', 'sering', 'terputus/koneksi', 'lambat/delayy', '?', 'ganggu', 'aja', 'padahal', 'udah', 'kenceng', 'wifi+dataa']","['kenapa', 'dah', 'update', 'sekarang', 'jaringan', 'jadi', 'lebih', 'sering', 'terputuskoneksi', 'lambatdelayy', 'ganggu', 'aja', 'padahal', 'udah', 'kenceng', 'wifidataa']","['kenapa', 'sudah', 'update', 'sekarang', 'lebih', 'terputuskoneksi', 'lambatdelayy', 'ganggu', 'kenceng', 'wifidataa']","['kenapa', 'dah', 'update', 'sekarang', 'jaring', 'jadi', 'lebih', 'sering', 'terputuskoneksi', 'lambatdelayy', 'ganggu', 'aja', 'padahal', 'udah', 'kenceng', 'wifidataa']","['kenapa', 'sudah', 'update', 'sekarang', 'jaring', 'jadi', 'lebih', 'sering', 'terputuskoneksi', 'lambatdelayy', 'ganggu', 'aja', 'padahal', 'udah', 'kenceng', 'wifidataa']",,negative
Mar Yanah,woy developer ini game makin di update malah makin busuk bug ga di bener benerin server busuk jaringan ngaco bug update ini malah makin parah,1.9.99.10932,woy developer ini game makin di update malah makin busuk bug ga di bener benerin server busuk jaringan ngaco bug update ini malah makin parah,"['woy', 'developer', 'ini', 'game', 'makin', 'di', 'update', 'malah', 'makin', 'busuk', 'bug', 'ga', 'di', 'bener', 'benerin', 'server', 'busuk', 'jaringan', 'ngaco', 'bug', 'update', 'ini', 'malah', 'makin', 'parah']","['woy', 'developer', 'ini', 'game', 'makin', 'di', 'update', 'malah', 'makin', 'busuk', 'bug', 'ga', 'di', 'bener', 'benerin', 'server', 'busuk', 'jaringan', 'ngaco', 'bug', 'update', 'ini', 'malah', 'makin', 'parah']","['woy', 'developer', 'makin', 'update', 'makin', 'busuk', 'bug', 'benar', 'rusak', 'server', 'busuk', 'ngaco', 'bug', 'update', 'makin', 'parah']","['woy', 'developer', 'ini', 'game', 'makin', 'di', 'update', 'malah', 'makin', 'busuk', 'bug', 'ga', 'di', 'bener', 'benerin', 'server', 'busuk', 'jaring', 'ngaco', 'bug', 'update', 'ini', 'malah', 'makin', 'parah']","['woy', 'developer', 'ini', 'game', 'makin', 'di', 'update', 'malah', 'makin', 'busuk', 'bug', 'tidak', 'di', 'benar', 'rusak', 'server', 'busuk', 'jaring', 'ngaco', 'bug', 'update', 'ini', 'malah', 'makin', 'parah']",,negative
Fahru Rozi,tolong kalo ngasih tim yang bener monton,2.1.18.11201,tolong kalo ngasih tim yang bener monton,"['tolong', 'kalo', 'ngasih', 'tim', 'yang', 'bener', 'monton']","['tolong', 'kalo', 'ngasih', 'tim', 'yang', 'bener', 'monton']","['tolong', 'beri', 'benar']","['tolong', 'kalo', 'ngasih', 'tim', 'yang', 'bener', 'monton']","['tolong', 'kalau', 'beri', 'team', 'yang', 'benar', 'moonton']",,neutral
iqbal ibrahim,"Please montoon fix you server,Because lag to play if used to wify and, Plaese fix chaeter in this game, Oke, If you already fix lag to game and cheater i wan't to gift you 5 stars, Oke",2.1.18.11201,"please montoon fix you server,because lag to play if used to wify and, plaese fix chaeter in this game, oke, if you already fix lag to game and cheater i wan't to gift you 5 stars, oke","['please', 'montoon', 'fix', 'you', 'server', ',', 'because', 'lag', 'to', 'play', 'if', 'used', 'to', 'wify', 'and', ',', 'plaese', 'fix', 'chaeter', 'in', 'this', 'game', ',', 'oke', ',', 'if', 'you', 'already', 'fix', 'lag', 'to', 'game', 'and', 'cheater', 'i', 'wa', ""n't"", 'to', 'gift', 'you', '5', 'stars', ',', 'oke']","['please', 'montoon', 'fix', 'you', 'server', 'because', 'lag', 'to', 'play', 'if', 'used', 'to', 'wify', 'and', 'plaese', 'fix', 'chaeter', 'in', 'this', 'game', 'oke', 'if', 'you', 'already', 'fix', 'lag', 'to', 'game', 'and', 'cheater', 'i', 'wa', 'nt', 'to', 'gift', 'you', 'stars', 'oke']","['please', 'fix', 'you', 'server', 'because', 'lag', 'play', 'if', 'used', 'wify', 'and', 'plaese', 'fix', 'chaeter', 'this', 'oke', 'if', 'you', 'already', 'fix', 'lag', 'and', 'cheater', 'wa', 'nt', 'gift', 'you', 'stars', 'oke']","['please', 'montoon', 'fix', 'you', 'server', 'because', 'lag', 'to', 'play', 'if', 'used', 'to', 'wify', 'and', 'plaese', 'fix', 'chaeter', 'in', 'this', 'game', 'oke', 'if', 'you', 'already', 'fix', 'lag', 'to', 'game', 'and', 'cheater', 'i', 'wa', 'nt', 'to', 'gift', 'you', 'stars', 'oke']","['please', 'moonton', 'fix', 'you', 'server', 'because', 'lag', 'to', 'play', 'if', 'used', 'to', 'wify', 'and', 'plaese', 'fix', 'chaeter', 'in', 'this', 'game', 'oke', 'if', 'you', 'already', 'fix', 'lag', 'to', 'game', 'and', 'cheater', 'aku', 'wa', 'nt', 'to', 'gift', 'you', 'stars', 'oke']",,negative
Abdul Rohman,taik lostrek trus,2.1.18.11201,taik lostrek trus,"['taik', 'lostrek', 'trus']","['taik', 'lostrek', 'trus']","['taik', 'lostrek']","['taik', 'lostrek', 'trus']","['taik', 'lostrek', 'terus']",,negative
Arkqn Zeks,"SUMPAH MATCKINGNYA LAMA BANGEEEEET, PADAHAL CUMA 2 ROOL, TAPI SUMPAG GA NGOTAK LAMANYA",2.1.18.11201,"sumpah matckingnya lama bangeeeeet, padahal cuma 2 rool, tapi sumpag ga ngotak lamanya","['sumpah', 'matckingnya', 'lama', 'bangeeeeet', ',', 'padahal', 'cuma', '2', 'rool', ',', 'tapi', 'sumpag', 'ga', 'ngotak', 'lamanya']","['sumpah', 'matckingnya', 'lama', 'banget', 'padahal', 'cuma', 'rool', 'tapi', 'sumpag', 'ga', 'ngotak', 'lamanya']","['sumpah', 'matckingnya', 'lama', 'banget', 'cuma', 'rool', 'sumpag', 'ngotak', 'lama']","['sumpah', 'matckingnya', 'lama', 'banget', 'padahal', 'cuma', 'rool', 'tapi', 'sumpag', 'ga', 'ngotak', 'lama']","['sumpah', 'matckingnya', 'lama', 'banget', 'padahal', 'cuma', 'rool', 'tapi', 'sumpag', 'tidak', 'ngotak', 'lama']",,negative
Kucing garing Yasu,game gak pantes di download ini main setiap hari ktemu team gak becus lah sinyal ngelag sendiri lah hapus aja dari play store,,game gak pantes di download ini main setiap hari ktemu team gak becus lah sinyal ngelag sendiri lah hapus aja dari play store,"['game', 'gak', 'pantes', 'di', 'download', 'ini', 'main', 'setiap', 'hari', 'ktemu', 'team', 'gak', 'becus', 'lah', 'sinyal', 'ngelag', 'sendiri', 'lah', 'hapus', 'aja', 'dari', 'play', 'store']","['game', 'gak', 'pantes', 'di', 'download', 'ini', 'main', 'setiap', 'hari', 'ktemu', 'team', 'gak', 'becus', 'lah', 'sinyal', 'ngelag', 'sendiri', 'lah', 'hapus', 'aja', 'dari', 'play', 'store']","['pantes', 'ktemu', 'becus', 'sinyal', 'lag', 'sendiri', 'hapus', 'play', 'store']","['game', 'gak', 'pantes', 'di', 'download', 'ini', 'main', 'tiap', 'hari', 'ktemu', 'team', 'gak', 'becus', 'lah', 'sinyal', 'ngelag', 'sendiri', 'lah', 'hapus', 'aja', 'dari', 'play', 'store']","['game', 'tidak', 'pantes', 'di', 'download', 'ini', 'main', 'tiap', 'hari', 'ktemu', 'team', 'tidak', 'becus', 'lah', 'sinyal', 'lag', 'sendiri', 'lah', 'hapus', 'aja', 'dari', 'play', 'store']",,negative
nemin 94,"GK JELAS LAMA² MAIN ML , DIGABUNGIN SAMA TIM² GK BISA MAIN SEMUA, BOCIL² MERESAHKAN GW MULU YANG GENDONG, LAMA² JADI MALES SUMPAH MAIN INI GAME, KALO MATCH SAMA YANG SETARA DONG, TIBA² DIGABUNGIN SAMA TIM GK BISA MAIN TOT LAH",2.1.18.11201,"gk jelas lama² main ml , digabungin sama tim² gk bisa main semua, bocil² meresahkan gw mulu yang gendong, lama² jadi males sumpah main ini game, kalo match sama yang setara dong, tiba² digabungin sama tim gk bisa main tot lah","['gk', 'jelas', 'lama²', 'main', 'ml', ',', 'digabungin', 'sama', 'tim²', 'gk', 'bisa', 'main', 'semua', ',', 'bocil²', 'meresahkan', 'gw', 'mulu', 'yang', 'gendong', ',', 'lama²', 'jadi', 'males', 'sumpah', 'main', 'ini', 'game', ',', 'kalo', 'match', 'sama', 'yang', 'setara', 'dong', ',', 'tiba²', 'digabungin', 'sama', 'tim', 'gk', 'bisa', 'main', 'tot', 'lah']","['gk', 'jelas', 'lama', 'main', 'ml', 'digabungin', 'sama', 'tim', 'gk', 'bisa', 'main', 'semua', 'bocil', 'meresahkan', 'gw', 'mulu', 'yang', 'gendong', 'lama', 'jadi', 'males', 'sumpah', 'main', 'ini', 'game', 'kalo', 'match', 'sama', 'yang', 'setara', 'dong', 'tiba', 'digabungin', 'sama', 'tim', 'gk', 'bisa', 'main', 'tot', 'lah']","['jelas', 'lama', 'digabungin', 'semua', 'bocil', 'resah', 'gendong', 'lama', 'males', 'sumpah', 'digabungin', 'tot']","['gk', 'jelas', 'lama', 'main', 'ml', 'digabungin', 'sama', 'tim', 'gk', 'bisa', 'main', 'semua', 'bocil', 'resah', 'gw', 'mulu', 'yang', 'gendong', 'lama', 'jadi', 'males', 'sumpah', 'main', 'ini', 'game', 'kalo', 'match', 'sama', 'yang', 'tara', 'dong', 'tiba', 'digabungin', 'sama', 'tim', 'gk', 'bisa', 'main', 'tot', 'lah']","['tidak', 'jelas', 'lama', 'main', 'ml', 'digabungin', 'sama', 'team', 'tidak', 'bisa', 'main', 'semua', 'bocil', 'resah', 'aku', 'mulu', 'yang', 'gendong', 'lama', 'jadi', 'males', 'sumpah', 'main', 'ini', 'game', 'kalau', 'match', 'sama', 'yang', 'tara', 'dong', 'tiba', 'digabungin', 'sama', 'team', 'tidak', 'bisa', 'main', 'tot', 'lah']",,negative
IM KING COBALT,"knapa saya ketemu top global, padahal saya menyentuh top provinsi aja belum gak setara blas",2.1.18.11201,"knapa saya ketemu top global, padahal saya menyentuh top provinsi aja belum gak setara blas","['knapa', 'saya', 'ketemu', 'top', 'global', ',', 'padahal', 'saya', 'menyentuh', 'top', 'provinsi', 'aja', 'belum', 'gak', 'setara', 'blas']","['knapa', 'saya', 'ketemu', 'top', 'global', 'padahal', 'saya', 'menyentuh', 'top', 'provinsi', 'aja', 'belum', 'gak', 'setara', 'blas']","['knapa', 'ketemu', 'top', 'global', 'sentuh', 'top', 'provinsi', 'belum', 'blas']","['knapa', 'saya', 'ketemu', 'top', 'global', 'padahal', 'saya', 'sentuh', 'top', 'provinsi', 'aja', 'belum', 'gak', 'tara', 'blas']","['knapa', 'aku', 'ketemu', 'top', 'global', 'padahal', 'aku', 'sentuh', 'top', 'provinsi', 'aja', 'belum', 'tidak', 'tara', 'blas']",,negative
ArDyanZ,"tolong dong misal chat kita termasuk sensitif terus di ilangin, minimal dikasih tau saat itu juga kocakkk, biar kami ga plonga plongo nungguin balesin chat yg ternyata emg ga kekirim",2.1.18.11201,"tolong dong misal chat kita termasuk sensitif terus di ilangin, minimal dikasih tau saat itu juga kocakkk, biar kami ga plonga plongo nungguin balesin chat yg ternyata emg ga kekirim","['tolong', 'dong', 'misal', 'chat', 'kita', 'termasuk', 'sensitif', 'terus', 'di', 'ilangin', ',', 'minimal', 'dikasih', 'tau', 'saat', 'itu', 'juga', 'kocakkk', ',', 'biar', 'kami', 'ga', 'plonga', 'plongo', 'nungguin', 'balesin', 'chat', 'yg', 'ternyata', 'emg', 'ga', 'kekirim']","['tolong', 'dong', 'misal', 'chat', 'kita', 'termasuk', 'sensitif', 'terus', 'di', 'ilangin', 'minimal', 'dikasih', 'tau', 'saat', 'itu', 'juga', 'kocak', 'biar', 'kami', 'ga', 'plonga', 'plongo', 'nungguin', 'balesin', 'chat', 'yg', 'ternyata', 'emg', 'ga', 'kekirim']","['tolong', 'misal', 'chat', 'masuk', 'sensitif', 'ilangin', 'minimal', 'kocak', 'biar', 'plonga', 'plongo', 'nungguin', 'balesin', 'chat', 'nyata', 'emg', 'kirim']","['tolong', 'dong', 'misal', 'chat', 'kita', 'masuk', 'sensitif', 'terus', 'di', 'ilangin', 'minimal', 'kasih', 'tau', 'saat', 'itu', 'juga', 'kocak', 'biar', 'kami', 'ga', 'plonga', 'plongo', 'nungguin', 'balesin', 'chat', 'yg', 'nyata', 'emg', 'ga', 'kirim']","['tolong', 'dong', 'misal', 'chat', 'kita', 'masuk', 'sensitif', 'terus', 'di', 'ilangin', 'minimal', 'kasih', 'tau', 'saat', 'itu', 'juga', 'kocak', 'biar', 'kami', 'tidak', 'plonga', 'plongo', 'nungguin', 'balesin', 'chat', 'yang', 'nyata', 'emg', 'tidak', 'kirim']",,negative
Zaenal Mutaqin,game setres,2.1.18.11201,game setres,"['game', 'setres']","['game', 'setres']",['tres'],"['game', 'tres']","['game', 'tres']",,negative
Zefa Barulia,Game anjing pay to win bangsat,2.1.18.11201,game anjing pay to win bangsat,"['game', 'anjing', 'pay', 'to', 'win', 'bangsat']","['game', 'anjing', 'pay', 'to', 'win', 'bangsat']","['anjing', 'pay', 'win', 'bangsat']","['game', 'anjing', 'pay', 'to', 'win', 'bangsat']","['game', 'anjing', 'pay', 'to', 'win', 'bangsat']",,negative
Hendry Poerba,"game di buat untuk penghilang stres. tapi game yang ini selalu bikin orang jadi stres,gara-gara banyak player yang gak ngerti main nya",2.1.18.11201,"game di buat untuk penghilang stres. tapi game yang ini selalu bikin orang jadi stres,gara-gara banyak player yang gak ngerti main nya","['game', 'di', 'buat', 'untuk', 'penghilang', 'stres', '.', 'tapi', 'game', 'yang', 'ini', 'selalu', 'bikin', 'orang', 'jadi', 'stres', ',', 'gara-gara', 'banyak', 'player', 'yang', 'gak', 'ngerti', 'main', 'nya']","['game', 'di', 'buat', 'untuk', 'penghilang', 'stres', 'tapi', 'game', 'yang', 'ini', 'selalu', 'bikin', 'orang', 'jadi', 'stres', 'garagara', 'banyak', 'player', 'yang', 'gak', 'ngerti', 'main', 'nya']","['hilang', 'stres', 'selalu', 'stres', 'garagara', 'banyak', 'ngerti']","['game', 'di', 'buat', 'untuk', 'hilang', 'stres', 'tapi', 'game', 'yang', 'ini', 'selalu', 'bikin', 'orang', 'jadi', 'stres', 'garagara', 'banyak', 'player', 'yang', 'gak', 'ngerti', 'main', 'nya']","['game', 'di', 'buat', 'untuk', 'hilang', 'stres', 'tapi', 'game', 'yang', 'ini', 'selalu', 'bikin', 'orang', 'jadi', 'stres', 'garagara', 'banyak', 'player', 'yang', 'tidak', 'ngerti', 'main', 'nya']",,negative
Raka Wiradinata,"ni game gk bisa bedain skil playernya, masa player jago di kasih tim dongo, mana musuhnya juga jago, trus gw kan main di mytic nah masa ada tim yang nasih epick sih? kan aneh oon ni game",2.1.18.11201,"ni game gk bisa bedain skil playernya, masa player jago di kasih tim dongo, mana musuhnya juga jago, trus gw kan main di mytic nah masa ada tim yang nasih epick sih? kan aneh oon ni game","['ni', 'game', 'gk', 'bisa', 'bedain', 'skil', 'playernya', ',', 'masa', 'player', 'jago', 'di', 'kasih', 'tim', 'dongo', ',', 'mana', 'musuhnya', 'juga', 'jago', ',', 'trus', 'gw', 'kan', 'main', 'di', 'mytic', 'nah', 'masa', 'ada', 'tim', 'yang', 'nasih', 'epick', 'sih', '?', 'kan', 'aneh', 'oon', 'ni', 'game']","['ni', 'game', 'gk', 'bisa', 'bedain', 'skil', 'playernya', 'masa', 'player', 'jago', 'di', 'kasih', 'tim', 'dongo', 'mana', 'musuhnya', 'juga', 'jago', 'trus', 'gw', 'kan', 'main', 'di', 'mytic', 'nah', 'masa', 'ada', 'tim', 'yang', 'nasih', 'epick', 'sih', 'kan', 'aneh', 'oon', 'ni', 'game']","['bedain', 'skill', 'playernya', 'masa', 'jago', 'dongo', 'mana', 'musuh', 'jago', 'mytic', 'masa', 'nasih', 'epick', 'aneh', 'oon']","['ni', 'game', 'gk', 'bisa', 'bedain', 'skil', 'playernya', 'masa', 'player', 'jago', 'di', 'kasih', 'tim', 'dongo', 'mana', 'musuh', 'juga', 'jago', 'trus', 'gw', 'kan', 'main', 'di', 'mytic', 'nah', 'masa', 'ada', 'tim', 'yang', 'nasih', 'epick', 'sih', 'kan', 'aneh', 'oon', 'ni', 'game']","['ini', 'game', 'tidak', 'bisa', 'bedain', 'skill', 'playernya', 'masa', 'player', 'jago', 'di', 'kasih', 'team', 'dongo', 'mana', 'musuh', 'juga', 'jago', 'terus', 'aku', 'kan', 'main', 'di', 'mytic', 'nah', 'masa', 'ada', 'team', 'yang', 'nasih', 'epick', 'sih', 'kan', 'aneh', 'oon', 'ini', 'game']",,negative
Riskii Pratama,game nya sangat seru,,game nya sangat seru,"['game', 'nya', 'sangat', 'seru']","['game', 'nya', 'sangat', 'seru']",['seru'],"['game', 'nya', 'sangat', 'seru']","['game', 'nya', 'sangat', 'seru']",,positive
Shof Dil,"game lu jelek banget drafpick nya,dpt tim oot semua yang bener tuh player kalo main",1.9.72.10636,"game lu jelek banget drafpick nya,dpt tim oot semua yang bener tuh player kalo main","['game', 'lu', 'jelek', 'banget', 'drafpick', 'nya', ',', 'dpt', 'tim', 'oot', 'semua', 'yang', 'bener', 'tuh', 'player', 'kalo', 'main']","['game', 'lu', 'jelek', 'banget', 'drafpick', 'nya', 'dpt', 'tim', 'oot', 'semua', 'yang', 'bener', 'tuh', 'player', 'kalo', 'main']","['jelek', 'banget', 'drafpick', 'oot', 'semua', 'benar']","['game', 'lu', 'jelek', 'banget', 'drafpick', 'nya', 'dpt', 'tim', 'oot', 'semua', 'yang', 'bener', 'tuh', 'player', 'kalo', 'main']","['game', 'kamu', 'jelek', 'banget', 'drafpick', 'nya', 'dapat', 'team', 'oot', 'semua', 'yang', 'benar', 'tuh', 'player', 'kalau', 'main']",,negative
Leo Ardian,"mooonton kon...... tol kasih lawan keras iya tapi kasihlah tim yg berkelas, ajg, naikin 1 bintang aj susahnya minta ampun, kocak lu moonton ngasih tim cacat dark sistem taeklah makin lama ga seru match game ini, ga imbang lu ngasih tim berdasarkan apa ajg moontoon asu",,"mooonton kon...... tol kasih lawan keras iya tapi kasihlah tim yg berkelas, ajg, naikin 1 bintang aj susahnya minta ampun, kocak lu moonton ngasih tim cacat dark sistem taeklah makin lama ga seru match game ini, ga imbang lu ngasih tim berdasarkan apa ajg moontoon asu","['mooonton', 'kon', '......', 'tol', 'kasih', 'lawan', 'keras', 'iya', 'tapi', 'kasihlah', 'tim', 'yg', 'berkelas', ',', 'ajg', ',', 'naikin', '1', 'bintang', 'aj', 'susahnya', 'minta', 'ampun', ',', 'kocak', 'lu', 'moonton', 'ngasih', 'tim', 'cacat', 'dark', 'sistem', 'taeklah', 'makin', 'lama', 'ga', 'seru', 'match', 'game', 'ini', ',', 'ga', 'imbang', 'lu', 'ngasih', 'tim', 'berdasarkan', 'apa', 'ajg', 'moontoon', 'asu']","['monton', 'kon', 'tol', 'kasih', 'lawan', 'keras', 'iya', 'tapi', 'kasihlah', 'tim', 'yg', 'berkelas', 'ajg', 'naikin', 'bintang', 'aj', 'susahnya', 'minta', 'ampun', 'kocak', 'lu', 'moonton', 'ngasih', 'tim', 'cacat', 'dark', 'sistem', 'taeklah', 'makin', 'lama', 'ga', 'seru', 'match', 'game', 'ini', 'ga', 'imbang', 'lu', 'ngasih', 'tim', 'berdasarkan', 'apa', 'ajg', 'moontoon', 'asu']","['kon', 'tol', 'lawan', 'keras', 'iya', 'kelas', 'ajg', 'naikin', 'bintang', 'susah', 'minta', 'ampun', 'kocak', 'beri', 'cacat', 'gelap', 'taeklah', 'makin', 'lama', 'seru', 'imbang', 'beri', 'dasar', 'ajg', 'moontoon', 'asu']","['monton', 'kon', 'tol', 'kasih', 'lawan', 'keras', 'iya', 'tapi', 'kasih', 'tim', 'yg', 'kelas', 'ajg', 'naikin', 'bintang', 'aj', 'susah', 'minta', 'ampun', 'kocak', 'lu', 'moonton', 'ngasih', 'tim', 'cacat', 'dark', 'sistem', 'taeklah', 'makin', 'lama', 'ga', 'seru', 'match', 'game', 'ini', 'ga', 'imbang', 'lu', 'ngasih', 'tim', 'dasar', 'apa', 'ajg', 'moontoon', 'asu']","['moonton', 'kon', 'tol', 'kasih', 'lawan', 'keras', 'iya', 'tapi', 'kasih', 'team', 'yang', 'kelas', 'ajg', 'naikin', 'bintang', 'aja', 'susah', 'minta', 'ampun', 'kocak', 'kamu', 'moonton', 'beri', 'team', 'cacat', 'gelap', 'sistem', 'taeklah', 'makin', 'lama', 'tidak', 'seru', 'match', 'game', 'ini', 'tidak', 'imbang', 'kamu', 'beri', 'team', 'dasar', 'apa', 'ajg', 'moontoon', 'asu']",,negative
Azniki Games,"matcmaking gamenya ampas,,,, klo ga ktmu musuh yg jago,dikasih tim ampas afk dll, gajelas gamenya, kebanyakan joki jd matchmaking sakarepmu🤦‍♂️🤦‍♂️🥱",,"matcmaking gamenya ampas,,,, klo ga ktmu musuh yg jago,dikasih tim ampas afk dll, gajelas gamenya, kebanyakan joki jd matchmaking sakarepmu🤦‍♂️🤦‍♂️🥱","['matcmaking', 'gamenya', 'ampas', ',', ',', ',', ',', 'klo', 'ga', 'ktmu', 'musuh', 'yg', 'jago', ',', 'dikasih', 'tim', 'ampas', 'afk', 'dll', ',', 'gajelas', 'gamenya', ',', 'kebanyakan', 'joki', 'jd', 'matchmaking', 'sakarepmu🤦\u200d♂️🤦\u200d♂️🥱']","['matcmaking', 'gamenya', 'ampas', 'klo', 'ga', 'ktmu', 'musuh', 'yg', 'jago', 'dikasih', 'tim', 'ampas', 'afk', 'dll', 'gajelas', 'gamenya', 'kebanyakan', 'joki', 'jd', 'matchmaking', 'sakarepmu']","['matcmaking', 'buruk', 'ktmu', 'musuh', 'jago', 'buruk', 'afk', 'dll', 'gajelas', 'banyak', 'joki', 'jd', 'sakarepmu']","['matcmaking', 'gamenya', 'ampas', 'klo', 'ga', 'ktmu', 'musuh', 'yg', 'jago', 'kasih', 'tim', 'ampas', 'afk', 'dll', 'gajelas', 'gamenya', 'banyak', 'joki', 'jd', 'matchmaking', 'sakarepmu']","['matcmaking', 'game', 'buruk', 'kalau', 'tidak', 'ktmu', 'musuh', 'yang', 'jago', 'kasih', 'team', 'buruk', 'afk', 'dll', 'gajelas', 'game', 'banyak', 'joki', 'jd', 'matchmaking', 'sakarepmu']",,negative
Azin Azin,monton gua sebagai user Layla merasa kecewa.untuk skin Layla TEMA Nexus sea jangan di ubah menjadi skin legend gua sebenarnya udah suka desainnya skinnya tapi tolong lah jangan di ubah menjadi skin legend gua udh nunggu skin Layla terbaru ternyata beneran bakal di rilis.saya udh nunggu berapa bulan untuk skin Layla dari awal desainnya.,2.1.18.11201,monton gua sebagai user layla merasa kecewa.untuk skin layla tema nexus sea jangan di ubah menjadi skin legend gua sebenarnya udah suka desainnya skinnya tapi tolong lah jangan di ubah menjadi skin legend gua udh nunggu skin layla terbaru ternyata beneran bakal di rilis.saya udh nunggu berapa bulan untuk skin layla dari awal desainnya.,"['monton', 'gua', 'sebagai', 'user', 'layla', 'merasa', 'kecewa.untuk', 'skin', 'layla', 'tema', 'nexus', 'sea', 'jangan', 'di', 'ubah', 'menjadi', 'skin', 'legend', 'gua', 'sebenarnya', 'udah', 'suka', 'desainnya', 'skinnya', 'tapi', 'tolong', 'lah', 'jangan', 'di', 'ubah', 'menjadi', 'skin', 'legend', 'gua', 'udh', 'nunggu', 'skin', 'layla', 'terbaru', 'ternyata', 'beneran', 'bakal', 'di', 'rilis.saya', 'udh', 'nunggu', 'berapa', 'bulan', 'untuk', 'skin', 'layla', 'dari', 'awal', 'desainnya', '.']","['monton', 'gua', 'sebagai', 'user', 'layla', 'merasa', 'kecewauntuk', 'skin', 'layla', 'tema', 'nexus', 'sea', 'jangan', 'di', 'ubah', 'menjadi', 'skin', 'legend', 'gua', 'sebenarnya', 'udah', 'suka', 'desainnya', 'skinnya', 'tapi', 'tolong', 'lah', 'jangan', 'di', 'ubah', 'menjadi', 'skin', 'legend', 'gua', 'udh', 'nunggu', 'skin', 'layla', 'terbaru', 'ternyata', 'beneran', 'bakal', 'di', 'rilissaya', 'udh', 'nunggu', 'berapa', 'bulan', 'untuk', 'skin', 'layla', 'dari', 'awal', 'desainnya']","['bagai', 'user', 'layla', 'kecewauntuk', 'skin', 'layla', 'tema', 'nexus', 'sea', 'jangan', 'ubah', 'skin', 'benar', 'suka', 'desain', 'skinnya', 'tolong', 'jangan', 'ubah', 'skin', 'sudah', 'nunggu', 'skin', 'layla', 'baru', 'nyata', 'serius', 'rilissaya', 'sudah', 'nunggu', 'berapa', 'bulan', 'skin', 'layla', 'desain']","['monton', 'gua', 'bagai', 'user', 'layla', 'rasa', 'kecewauntuk', 'skin', 'layla', 'tema', 'nexus', 'sea', 'jangan', 'di', 'ubah', 'jadi', 'skin', 'legend', 'gua', 'benar', 'udah', 'suka', 'desain', 'skinnya', 'tapi', 'tolong', 'lah', 'jangan', 'di', 'ubah', 'jadi', 'skin', 'legend', 'gua', 'udh', 'nunggu', 'skin', 'layla', 'baru', 'nyata', 'beneran', 'bakal', 'di', 'rilissaya', 'udh', 'nunggu', 'berapa', 'bulan', 'untuk', 'skin', 'layla', 'dari', 'awal', 'desain']","['moonton', 'aku', 'bagai', 'user', 'layla', 'rasa', 'kecewauntuk', 'skin', 'layla', 'tema', 'nexus', 'sea', 'jangan', 'di', 'ubah', 'jadi', 'skin', 'legend', 'aku', 'benar', 'udah', 'suka', 'desain', 'skinnya', 'tapi', 'tolong', 'lah', 'jangan', 'di', 'ubah', 'jadi', 'skin', 'legend', 'aku', 'sudah', 'nunggu', 'skin', 'layla', 'baru', 'nyata', 'serius', 'bakal', 'di', 'rilissaya', 'sudah', 'nunggu', 'berapa', 'bulan', 'untuk', 'skin', 'layla', 'dari', 'awal', 'desain']",,negative
Rizky Pribadi Ikiw,"Mooton makin kesini makin gak jelas, ngapain juga sih turun season segala tolol amat",2.1.18.11201,"mooton makin kesini makin gak jelas, ngapain juga sih turun season segala tolol amat","['mooton', 'makin', 'kesini', 'makin', 'gak', 'jelas', ',', 'ngapain', 'juga', 'sih', 'turun', 'season', 'segala', 'tolol', 'amat']","['mooton', 'makin', 'kesini', 'makin', 'gak', 'jelas', 'ngapain', 'juga', 'sih', 'turun', 'season', 'segala', 'tolol', 'amat']","['mooton', 'makin', 'makin', 'jelas', 'ngapain', 'turun', 'season', 'segala', 'tolol', 'amat']","['mooton', 'makin', 'kesini', 'makin', 'gak', 'jelas', 'ngapain', 'juga', 'sih', 'turun', 'season', 'segala', 'tolol', 'amat']","['mooton', 'makin', 'kesini', 'makin', 'tidak', 'jelas', 'ngapain', 'juga', 'sih', 'turun', 'season', 'segala', 'tolol', 'amat']",,negative
rendi tolos,"saya tidak tahu kenapa saya di bisukan percakapan/mute, game ini mulai tidak mengenakan, setiap solo rank teman sepermainan sering dapat yg tidak bagus, moonton mulai gk asik 👊",2.1.18.11201,"saya tidak tahu kenapa saya di bisukan percakapan/mute, game ini mulai tidak mengenakan, setiap solo rank teman sepermainan sering dapat yg tidak bagus, moonton mulai gk asik 👊","['saya', 'tidak', 'tahu', 'kenapa', 'saya', 'di', 'bisukan', 'percakapan/mute', ',', 'game', 'ini', 'mulai', 'tidak', 'mengenakan', ',', 'setiap', 'solo', 'rank', 'teman', 'sepermainan', 'sering', 'dapat', 'yg', 'tidak', 'bagus', ',', 'moonton', 'mulai', 'gk', 'asik', '👊']","['saya', 'tidak', 'tahu', 'kenapa', 'saya', 'di', 'bisukan', 'percakapanmute', 'game', 'ini', 'mulai', 'tidak', 'mengenakan', 'setiap', 'solo', 'rank', 'teman', 'sepermainan', 'sering', 'dapat', 'yg', 'tidak', 'bagus', 'moonton', 'mulai', 'gk', 'asik']","['tahu', 'kenapa', 'bisu', 'percakapanmute', 'mulai', 'kena', 'teman', 'bagus', 'mulai', 'asik']","['saya', 'tidak', 'tahu', 'kenapa', 'saya', 'di', 'bisu', 'percakapanmute', 'game', 'ini', 'mulai', 'tidak', 'kena', 'tiap', 'solo', 'rank', 'teman', 'main', 'sering', 'dapat', 'yg', 'tidak', 'bagus', 'moonton', 'mulai', 'gk', 'asik']","['aku', 'tidak', 'tahu', 'kenapa', 'aku', 'di', 'bisu', 'percakapanmute', 'game', 'ini', 'mulai', 'tidak', 'kena', 'tiap', 'solo', 'rank', 'teman', 'main', 'sering', 'dapat', 'yang', 'tidak', 'bagus', 'moonton', 'mulai', 'tidak', 'asik']",,positive
Sirot Catong,darak sistem terlalu banyak,,darak sistem terlalu banyak,"['darak', 'sistem', 'terlalu', 'banyak']","['darak', 'sistem', 'terlalu', 'banyak']","['darak', 'terlalu', 'banyak']","['darak', 'sistem', 'terlalu', 'banyak']","['darak', 'sistem', 'terlalu', 'banyak']",,negative
Davina Delmariyani,Vinagriil,1.8.92.9701,vinagriil,['vinagriil'],['vinagriil'],['vinagriil'],['vinagriil'],['vinagriil'],,negative
Selfi Aja,game penambah streas asu senggel mene,2.1.18.11201,game penambah streas asu senggel mene,"['game', 'penambah', 'streas', 'asu', 'senggel', 'mene']","['game', 'penambah', 'streas', 'asu', 'senggel', 'mene']","['tambah', 'streas', 'asu', 'senggel', 'mene']","['game', 'tambah', 'streas', 'asu', 'senggel', 'mene']","['game', 'tambah', 'streas', 'asu', 'senggel', 'mene']",,negative
Danil Mahesah,untuk player solo malah susah naik makin lama makin bosen mainnya,,untuk player solo malah susah naik makin lama makin bosen mainnya,"['untuk', 'player', 'solo', 'malah', 'susah', 'naik', 'makin', 'lama', 'makin', 'bosen', 'mainnya']","['untuk', 'player', 'solo', 'malah', 'susah', 'naik', 'makin', 'lama', 'makin', 'bosen', 'mainnya']","['susah', 'naik', 'makin', 'lama', 'makin', 'bosen']","['untuk', 'player', 'solo', 'malah', 'susah', 'naik', 'makin', 'lama', 'makin', 'bosen', 'main']","['untuk', 'player', 'solo', 'malah', 'susah', 'naik', 'makin', 'lama', 'makin', 'bosen', 'main']",,negative
Abdul Asis,bagus,2.1.18.11201,bagus,['bagus'],['bagus'],['bagus'],['bagus'],['bagus'],,positive
Yudi,kasih temen yang ngotak dikit lah babi,2.1.18.11201,kasih temen yang ngotak dikit lah babi,"['kasih', 'temen', 'yang', 'ngotak', 'dikit', 'lah', 'babi']","['kasih', 'temen', 'yang', 'ngotak', 'dikit', 'lah', 'babi']","['teman', 'ngotak', 'sedikit', 'babi']","['kasih', 'temen', 'yang', 'ngotak', 'dikit', 'lah', 'babi']","['kasih', 'teman', 'yang', 'ngotak', 'sedikit', 'lah', 'babi']",,negative
Khalid Abizar,monton babi ngasi tim dark sistem Mulu perbaiki lah monton sistem nya masa ga pernah dapat tim bagus,2.1.18.11201,monton babi ngasi tim dark sistem mulu perbaiki lah monton sistem nya masa ga pernah dapat tim bagus,"['monton', 'babi', 'ngasi', 'tim', 'dark', 'sistem', 'mulu', 'perbaiki', 'lah', 'monton', 'sistem', 'nya', 'masa', 'ga', 'pernah', 'dapat', 'tim', 'bagus']","['monton', 'babi', 'ngasi', 'tim', 'dark', 'sistem', 'mulu', 'perbaiki', 'lah', 'monton', 'sistem', 'nya', 'masa', 'ga', 'pernah', 'dapat', 'tim', 'bagus']","['babi', 'ngasi', 'gelap', 'baik', 'masa', 'pernah', 'bagus']","['monton', 'babi', 'ngasi', 'tim', 'dark', 'sistem', 'mulu', 'baik', 'lah', 'monton', 'sistem', 'nya', 'masa', 'ga', 'pernah', 'dapat', 'tim', 'bagus']","['moonton', 'babi', 'ngasi', 'team', 'gelap', 'sistem', 'mulu', 'baik', 'lah', 'moonton', 'sistem', 'nya', 'masa', 'tidak', 'pernah', 'dapat', 'team', 'bagus']",,negative
Rifan Imanda,lostrek trusss di kasii sini lahhh orang yg punya monton betumbok kita,2.1.18.11201,lostrek trusss di kasii sini lahhh orang yg punya monton betumbok kita,"['lostrek', 'trusss', 'di', 'kasii', 'sini', 'lahhh', 'orang', 'yg', 'punya', 'monton', 'betumbok', 'kita']","['lostrek', 'trus', 'di', 'kasii', 'sini', 'lah', 'orang', 'yg', 'punya', 'monton', 'betumbok', 'kita']","['lostrek', 'kasi', 'punya', 'betumbok']","['lostrek', 'trus', 'di', 'kasi', 'sini', 'lah', 'orang', 'yg', 'punya', 'monton', 'betumbok', 'kita']","['lostrek', 'terus', 'di', 'kasi', 'sini', 'lah', 'orang', 'yang', 'punya', 'moonton', 'betumbok', 'kita']",,negative
Benzema Wakano,"game bikin rusak tim nya ga di ksih yg setara,, pas main tim nya ada yg legend pdhl full mitic +++ ,, hdh moonton'",,"game bikin rusak tim nya ga di ksih yg setara,, pas main tim nya ada yg legend pdhl full mitic +++ ,, hdh moonton'","['game', 'bikin', 'rusak', 'tim', 'nya', 'ga', 'di', 'ksih', 'yg', 'setara', ',', ',', 'pas', 'main', 'tim', 'nya', 'ada', 'yg', 'legend', 'pdhl', 'full', 'mitic', '+++', ',', ',', 'hdh', 'moonton', ""'""]","['game', 'bikin', 'rusak', 'tim', 'nya', 'ga', 'di', 'ksih', 'yg', 'setara', 'pas', 'main', 'tim', 'nya', 'ada', 'yg', 'legend', 'pdhl', 'full', 'mitic', 'hdh', 'moonton']","['rusak', 'ksih', 'pdhl', 'full', 'mitic', 'hdh']","['game', 'bikin', 'rusak', 'tim', 'nya', 'ga', 'di', 'ksih', 'yg', 'tara', 'pas', 'main', 'tim', 'nya', 'ada', 'yg', 'legend', 'pdhl', 'full', 'mitic', 'hdh', 'moonton']","['game', 'bikin', 'rusak', 'team', 'nya', 'tidak', 'di', 'ksih', 'yang', 'tara', 'pas', 'main', 'team', 'nya', 'ada', 'yang', 'legend', 'pdhl', 'full', 'mitic', 'hdh', 'moonton']",,negative
M Zuki,luar biasa seru,2.1.18.11201,luar biasa seru,"['luar', 'biasa', 'seru']","['luar', 'biasa', 'seru']","['luar', 'biasa', 'seru']","['luar', 'biasa', 'seru']","['luar', 'biasa', 'seru']",,positive
RAMA PRABU,"game babi, main solo di kasi tim kayak bintang semua yang main, hyper yang bodoh itu di ban aja lah akun nya beberapa hari biar gak nyusahin orang terus",2.1.18.11201,"game babi, main solo di kasi tim kayak bintang semua yang main, hyper yang bodoh itu di ban aja lah akun nya beberapa hari biar gak nyusahin orang terus","['game', 'babi', ',', 'main', 'solo', 'di', 'kasi', 'tim', 'kayak', 'bintang', 'semua', 'yang', 'main', ',', 'hyper', 'yang', 'bodoh', 'itu', 'di', 'ban', 'aja', 'lah', 'akun', 'nya', 'beberapa', 'hari', 'biar', 'gak', 'nyusahin', 'orang', 'terus']","['game', 'babi', 'main', 'solo', 'di', 'kasi', 'tim', 'kayak', 'bintang', 'semua', 'yang', 'main', 'hyper', 'yang', 'bodoh', 'itu', 'di', 'ban', 'aja', 'lah', 'akun', 'nya', 'beberapa', 'hari', 'biar', 'gak', 'nyusahin', 'orang', 'terus']","['babi', 'kasi', 'bintang', 'semua', 'hyper', 'bodoh', 'ban', 'akun', 'beberapa', 'biar', 'nyusahin']","['game', 'babi', 'main', 'solo', 'di', 'kasi', 'tim', 'kayak', 'bintang', 'semua', 'yang', 'main', 'hyper', 'yang', 'bodoh', 'itu', 'di', 'ban', 'aja', 'lah', 'akun', 'nya', 'beberapa', 'hari', 'biar', 'gak', 'nyusahin', 'orang', 'terus']","['game', 'babi', 'main', 'solo', 'di', 'kasi', 'team', 'seperti', 'bintang', 'semua', 'yang', 'main', 'hyper', 'yang', 'bodoh', 'itu', 'di', 'ban', 'aja', 'lah', 'akun', 'nya', 'beberapa', 'hari', 'biar', 'tidak', 'nyusahin', 'orang', 'terus']",,negative
Rafadha 19,"GOKIIIILL MOONTON BAGI2 SKIN EPIC GRATIS , MAKIN BETAH MAIN MOBILE LEGENDS",1.9.64.10601,"gokiiiill moonton bagi2 skin epic gratis , makin betah main mobile legends","['gokiiiill', 'moonton', 'bagi2', 'skin', 'epic', 'gratis', ',', 'makin', 'betah', 'main', 'mobile', 'legends']","['gokill', 'moonton', 'bagi', 'skin', 'epic', 'gratis', 'makin', 'betah', 'main', 'mobile', 'legends']","['gokill', 'bagi', 'skin', 'epic', 'gratis', 'makin', 'betah', 'legends']","['gokill', 'moonton', 'bagi', 'skin', 'epic', 'gratis', 'makin', 'betah', 'main', 'mobile', 'legends']","['gokill', 'moonton', 'bagi', 'skin', 'epic', 'gratis', 'makin', 'betah', 'main', 'mobile', 'legends']",,negative
Saman Juga,"darksystem banyak, keseimbangan match gak masuk akal kita dapat tim burik musuh kayak penjoki, kalo lo gini terus gak bakal laku bosss",,"darksystem banyak, keseimbangan match gak masuk akal kita dapat tim burik musuh kayak penjoki, kalo lo gini terus gak bakal laku bosss","['darksystem', 'banyak', ',', 'keseimbangan', 'match', 'gak', 'masuk', 'akal', 'kita', 'dapat', 'tim', 'burik', 'musuh', 'kayak', 'penjoki', ',', 'kalo', 'lo', 'gini', 'terus', 'gak', 'bakal', 'laku', 'bosss']","['darksystem', 'banyak', 'keseimbangan', 'match', 'gak', 'masuk', 'akal', 'kita', 'dapat', 'tim', 'burik', 'musuh', 'kayak', 'penjoki', 'kalo', 'lo', 'gini', 'terus', 'gak', 'bakal', 'laku', 'bos']","['darksystem', 'banyak', 'imbang', 'masuk', 'akal', 'buruk', 'musuh', 'joki', 'lo', 'laku', 'bos']","['darksystem', 'banyak', 'imbang', 'match', 'gak', 'masuk', 'akal', 'kita', 'dapat', 'tim', 'burik', 'musuh', 'kayak', 'joki', 'kalo', 'lo', 'gin', 'terus', 'gak', 'bakal', 'laku', 'bos']","['darksystem', 'banyak', 'imbang', 'match', 'tidak', 'masuk', 'akal', 'kita', 'dapat', 'team', 'buruk', 'musuh', 'seperti', 'joki', 'kalau', 'lo', 'game', 'terus', 'tidak', 'bakal', 'laku', 'bos']",,negative
Welni Yenti,game gak cocok buat santai santai game banyak dark sistem gak pantas buat dimainin katanya game online kok harus lawan dark sistem,1.9.93.10904,game gak cocok buat santai santai game banyak dark sistem gak pantas buat dimainin katanya game online kok harus lawan dark sistem,"['game', 'gak', 'cocok', 'buat', 'santai', 'santai', 'game', 'banyak', 'dark', 'sistem', 'gak', 'pantas', 'buat', 'dimainin', 'katanya', 'game', 'online', 'kok', 'harus', 'lawan', 'dark', 'sistem']","['game', 'gak', 'cocok', 'buat', 'santai', 'santai', 'game', 'banyak', 'dark', 'sistem', 'gak', 'pantas', 'buat', 'dimainin', 'katanya', 'game', 'online', 'kok', 'harus', 'lawan', 'dark', 'sistem']","['cocok', 'santai', 'santai', 'banyak', 'gelap', 'pantas', 'dimainin', 'online', 'lawan', 'gelap']","['game', 'gak', 'cocok', 'buat', 'santai', 'santai', 'game', 'banyak', 'dark', 'sistem', 'gak', 'pantas', 'buat', 'dimainin', 'kata', 'game', 'online', 'kok', 'harus', 'lawan', 'dark', 'sistem']","['game', 'tidak', 'cocok', 'buat', 'santai', 'santai', 'game', 'banyak', 'gelap', 'sistem', 'tidak', 'pantas', 'buat', 'dimainin', 'kata', 'game', 'online', 'kok', 'harus', 'lawan', 'gelap', 'sistem']",,negative
Bella syclon,matching kebanyakan orang tolol,2.1.18.11201,matching kebanyakan orang tolol,"['matching', 'kebanyakan', 'orang', 'tolol']","['matching', 'kebanyakan', 'orang', 'tolol']","['matching', 'banyak', 'tolol']","['matching', 'banyak', 'orang', 'tolol']","['matching', 'banyak', 'orang', 'tolol']",,negative
Muhamad Risky,game apa ini ga adil sama sekali musuh dikasih yang pro giliran tim kita dikasih yang ampas 🤦‍♂️🤦‍♂️ tolong beri tim yang adil ton,,game apa ini ga adil sama sekali musuh dikasih yang pro giliran tim kita dikasih yang ampas 🤦‍♂️🤦‍♂️ tolong beri tim yang adil ton,"['game', 'apa', 'ini', 'ga', 'adil', 'sama', 'sekali', 'musuh', 'dikasih', 'yang', 'pro', 'giliran', 'tim', 'kita', 'dikasih', 'yang', 'ampas', '🤦\u200d♂️🤦\u200d♂️', 'tolong', 'beri', 'tim', 'yang', 'adil', 'ton']","['game', 'apa', 'ini', 'ga', 'adil', 'sama', 'sekali', 'musuh', 'dikasih', 'yang', 'pro', 'giliran', 'tim', 'kita', 'dikasih', 'yang', 'ampas', 'tolong', 'beri', 'tim', 'yang', 'adil', 'ton']","['adil', 'musuh', 'pro', 'buruk', 'tolong', 'beri', 'adil', 'ton']","['game', 'apa', 'ini', 'ga', 'adil', 'sama', 'sekali', 'musuh', 'kasih', 'yang', 'pro', 'gilir', 'tim', 'kita', 'kasih', 'yang', 'ampas', 'tolong', 'beri', 'tim', 'yang', 'adil', 'ton']","['game', 'apa', 'ini', 'tidak', 'adil', 'sama', 'sekali', 'musuh', 'kasih', 'yang', 'pro', 'gilir', 'team', 'kita', 'kasih', 'yang', 'buruk', 'tolong', 'beri', 'team', 'yang', 'adil', 'ton']",,neutral
Bolang Sibolang,Masih ada cheat VIP yang merusak system dilaporkan juga percuma ga berpengaruh masalah sinyal game play bot tidak seimbang cuma mikirin cuan tapi kualitas sinyalnya buruk padahal banyak pemakaian dalam game tersebut tapi tidak ada handle nya dan kenyamanan cuma mikirin grafik menuhi data doang demi cuan kebanyakan korupsi moonton sinyal tuh handle,,masih ada cheat vip yang merusak system dilaporkan juga percuma ga berpengaruh masalah sinyal game play bot tidak seimbang cuma mikirin cuan tapi kualitas sinyalnya buruk padahal banyak pemakaian dalam game tersebut tapi tidak ada handle nya dan kenyamanan cuma mikirin grafik menuhi data doang demi cuan kebanyakan korupsi moonton sinyal tuh handle,"['masih', 'ada', 'cheat', 'vip', 'yang', 'merusak', 'system', 'dilaporkan', 'juga', 'percuma', 'ga', 'berpengaruh', 'masalah', 'sinyal', 'game', 'play', 'bot', 'tidak', 'seimbang', 'cuma', 'mikirin', 'cuan', 'tapi', 'kualitas', 'sinyalnya', 'buruk', 'padahal', 'banyak', 'pemakaian', 'dalam', 'game', 'tersebut', 'tapi', 'tidak', 'ada', 'handle', 'nya', 'dan', 'kenyamanan', 'cuma', 'mikirin', 'grafik', 'menuhi', 'data', 'doang', 'demi', 'cuan', 'kebanyakan', 'korupsi', 'moonton', 'sinyal', 'tuh', 'handle']","['masih', 'ada', 'cheat', 'vip', 'yang', 'merusak', 'system', 'dilaporkan', 'juga', 'percuma', 'ga', 'berpengaruh', 'masalah', 'sinyal', 'game', 'play', 'bot', 'tidak', 'seimbang', 'cuma', 'mikirin', 'cuan', 'tapi', 'kualitas', 'sinyalnya', 'buruk', 'padahal', 'banyak', 'pemakaian', 'dalam', 'game', 'tersebut', 'tapi', 'tidak', 'ada', 'handle', 'nya', 'dan', 'kenyamanan', 'cuma', 'mikirin', 'grafik', 'menuhi', 'data', 'doang', 'demi', 'cuan', 'kebanyakan', 'korupsi', 'moonton', 'sinyal', 'tuh', 'handle']","['cheat', 'vip', 'rusak', 'report', 'percuma', 'pengaruh', 'masalah', 'sinyal', 'play', 'bot', 'imbang', 'cuma', 'mikirin', 'cuan', 'kualitas', 'sinyal', 'buruk', 'banyak', 'dalam', 'sebut', 'handle', 'nyaman', 'cuma', 'mikirin', 'grafik', 'menuhi', 'demi', 'cuan', 'banyak', 'korupsi', 'sinyal', 'handle']","['masih', 'ada', 'cheat', 'vip', 'yang', 'rusak', 'system', 'lapor', 'juga', 'percuma', 'ga', 'pengaruh', 'masalah', 'sinyal', 'game', 'play', 'bot', 'tidak', 'imbang', 'cuma', 'mikirin', 'cuan', 'tapi', 'kualitas', 'sinyal', 'buruk', 'padahal', 'banyak', 'pakai', 'dalam', 'game', 'sebut', 'tapi', 'tidak', 'ada', 'handle', 'nya', 'dan', 'nyaman', 'cuma', 'mikirin', 'grafik', 'menuhi', 'data', 'doang', 'demi', 'cuan', 'banyak', 'korupsi', 'moonton', 'sinyal', 'tuh', 'handle']","['masih', 'ada', 'cheat', 'vip', 'yang', 'rusak', 'sistem', 'report', 'juga', 'percuma', 'tidak', 'pengaruh', 'masalah', 'sinyal', 'game', 'play', 'bot', 'tidak', 'imbang', 'cuma', 'mikirin', 'cuan', 'tapi', 'kualitas', 'sinyal', 'buruk', 'padahal', 'banyak', 'pakai', 'dalam', 'game', 'sebut', 'tapi', 'tidak', 'ada', 'handle', 'nya', 'dan', 'nyaman', 'cuma', 'mikirin', 'grafik', 'menuhi', 'data', 'hanya', 'demi', 'cuan', 'banyak', 'korupsi', 'moonton', 'sinyal', 'tuh', 'handle']",,negative
Ahmad mhfurozi,UI benerin,2.1.18.11201,ui benerin,"['ui', 'benerin']","['ui', 'benerin']","['ui', 'rusak']","['ui', 'benerin']","['ui', 'rusak']",,negative
Usman 777,walau kecewa sama gema ini aksi b 5 terlalu banyak penjoki yg membuat player pemula gak bisa berkembang mohon donk d tindakan masa game mahal tapi peraturan gak konsisten serasa game murahan,,walau kecewa sama gema ini aksi b 5 terlalu banyak penjoki yg membuat player pemula gak bisa berkembang mohon donk d tindakan masa game mahal tapi peraturan gak konsisten serasa game murahan,"['walau', 'kecewa', 'sama', 'gema', 'ini', 'aksi', 'b', '5', 'terlalu', 'banyak', 'penjoki', 'yg', 'membuat', 'player', 'pemula', 'gak', 'bisa', 'berkembang', 'mohon', 'donk', 'd', 'tindakan', 'masa', 'game', 'mahal', 'tapi', 'peraturan', 'gak', 'konsisten', 'serasa', 'game', 'murahan']","['walau', 'kecewa', 'sama', 'gema', 'ini', 'aksi', 'b', 'terlalu', 'banyak', 'penjoki', 'yg', 'membuat', 'player', 'pemula', 'gak', 'bisa', 'berkembang', 'mohon', 'donk', 'd', 'tindakan', 'masa', 'game', 'mahal', 'tapi', 'peraturan', 'gak', 'konsisten', 'serasa', 'game', 'murahan']","['walau', 'kecewa', 'gema', 'aksi', 'b', 'terlalu', 'banyak', 'joki', 'mula', 'kembang', 'mohon', 'donk', 'd', 'tindak', 'masa', 'mahal', 'atur', 'konsisten', 'serasa', 'murah']","['walau', 'kecewa', 'sama', 'gema', 'ini', 'aksi', 'b', 'terlalu', 'banyak', 'joki', 'yg', 'buat', 'player', 'mula', 'gak', 'bisa', 'kembang', 'mohon', 'donk', 'd', 'tindak', 'masa', 'game', 'mahal', 'tapi', 'atur', 'gak', 'konsisten', 'serasa', 'game', 'murah']","['walau', 'kecewa', 'sama', 'gema', 'ini', 'aksi', 'b', 'terlalu', 'banyak', 'joki', 'yang', 'buat', 'player', 'mula', 'tidak', 'bisa', 'kembang', 'mohon', 'donk', 'd', 'tindak', 'masa', 'game', 'mahal', 'tapi', 'atur', 'tidak', 'konsisten', 'serasa', 'game', 'murah']",,negative
Skhimori Waifu gw,ini game kalo makin abdet makin ngeleg aja sinyalnya tiap gua main rank atau cl selalu aja sinyal merah padahal gua dah pake wifi atau data internet tetap aja ngeleg mohon lah Monton benerin sinyal para orang yang main game ini gak enak main kalo sinyalnya ngeleg terus agar gua dan pemain lainnya enak main game ini 🙏🏻😩,,ini game kalo makin abdet makin ngeleg aja sinyalnya tiap gua main rank atau cl selalu aja sinyal merah padahal gua dah pake wifi atau data internet tetap aja ngeleg mohon lah monton benerin sinyal para orang yang main game ini gak enak main kalo sinyalnya ngeleg terus agar gua dan pemain lainnya enak main game ini 🙏🏻😩,"['ini', 'game', 'kalo', 'makin', 'abdet', 'makin', 'ngeleg', 'aja', 'sinyalnya', 'tiap', 'gua', 'main', 'rank', 'atau', 'cl', 'selalu', 'aja', 'sinyal', 'merah', 'padahal', 'gua', 'dah', 'pake', 'wifi', 'atau', 'data', 'internet', 'tetap', 'aja', 'ngeleg', 'mohon', 'lah', 'monton', 'benerin', 'sinyal', 'para', 'orang', 'yang', 'main', 'game', 'ini', 'gak', 'enak', 'main', 'kalo', 'sinyalnya', 'ngeleg', 'terus', 'agar', 'gua', 'dan', 'pemain', 'lainnya', 'enak', 'main', 'game', 'ini', '🙏🏻😩']","['ini', 'game', 'kalo', 'makin', 'abdet', 'makin', 'ngeleg', 'aja', 'sinyalnya', 'tiap', 'gua', 'main', 'rank', 'atau', 'cl', 'selalu', 'aja', 'sinyal', 'merah', 'padahal', 'gua', 'dah', 'pake', 'wifi', 'atau', 'data', 'internet', 'tetap', 'aja', 'ngeleg', 'mohon', 'lah', 'monton', 'benerin', 'sinyal', 'para', 'orang', 'yang', 'main', 'game', 'ini', 'gak', 'enak', 'main', 'kalo', 'sinyalnya', 'ngeleg', 'terus', 'agar', 'gua', 'dan', 'pemain', 'lainnya', 'enak', 'main', 'game', 'ini']","['makin', 'abdet', 'makin', 'lag', 'sinyal', 'cl', 'selalu', 'sinyal', 'merah', 'sudah', 'wifi', 'internet', 'tetap', 'lag', 'mohon', 'rusak', 'sinyal', 'para', 'enak', 'sinyal', 'lag', 'lain', 'enak']","['ini', 'game', 'kalo', 'makin', 'abdet', 'makin', 'ngeleg', 'aja', 'sinyal', 'tiap', 'gua', 'main', 'rank', 'atau', 'cl', 'selalu', 'aja', 'sinyal', 'merah', 'padahal', 'gua', 'dah', 'pake', 'wifi', 'atau', 'data', 'internet', 'tetap', 'aja', 'ngeleg', 'mohon', 'lah', 'monton', 'benerin', 'sinyal', 'para', 'orang', 'yang', 'main', 'game', 'ini', 'gak', 'enak', 'main', 'kalo', 'sinyal', 'ngeleg', 'terus', 'agar', 'gua', 'dan', 'main', 'lain', 'enak', 'main', 'game', 'ini']","['ini', 'game', 'kalau', 'makin', 'abdet', 'makin', 'lag', 'aja', 'sinyal', 'tiap', 'aku', 'main', 'rank', 'atau', 'cl', 'selalu', 'aja', 'sinyal', 'merah', 'padahal', 'aku', 'sudah', 'pakai', 'wifi', 'atau', 'data', 'internet', 'tetap', 'aja', 'lag', 'mohon', 'lah', 'moonton', 'rusak', 'sinyal', 'para', 'orang', 'yang', 'main', 'game', 'ini', 'tidak', 'enak', 'main', 'kalau', 'sinyal', 'lag', 'terus', 'agar', 'aku', 'dan', 'main', 'lain', 'enak', 'main', 'game', 'ini']",,negative
Alizea 06,"Moonton ini dongo, kasih tim yang busuk mulu padahal dikit lagi mitik, emng paling bener pindah ke honor aja ml ni rada dongo semua",,"moonton ini dongo, kasih tim yang busuk mulu padahal dikit lagi mitik, emng paling bener pindah ke honor aja ml ni rada dongo semua","['moonton', 'ini', 'dongo', ',', 'kasih', 'tim', 'yang', 'busuk', 'mulu', 'padahal', 'dikit', 'lagi', 'mitik', ',', 'emng', 'paling', 'bener', 'pindah', 'ke', 'honor', 'aja', 'ml', 'ni', 'rada', 'dongo', 'semua']","['moonton', 'ini', 'dongo', 'kasih', 'tim', 'yang', 'busuk', 'mulu', 'padahal', 'dikit', 'lagi', 'mitik', 'emng', 'paling', 'bener', 'pindah', 'ke', 'honor', 'aja', 'ml', 'ni', 'rada', 'dongo', 'semua']","['dongo', 'busuk', 'sedikit', 'mitik', 'emng', 'paling', 'benar', 'pindah', 'rada', 'dongo', 'semua']","['moonton', 'ini', 'dongo', 'kasih', 'tim', 'yang', 'busuk', 'mulu', 'padahal', 'dikit', 'lagi', 'mitik', 'emng', 'paling', 'bener', 'pindah', 'ke', 'honor', 'aja', 'ml', 'ni', 'rada', 'dongo', 'semua']","['moonton', 'ini', 'dongo', 'kasih', 'team', 'yang', 'busuk', 'mulu', 'padahal', 'sedikit', 'lagi', 'mitik', 'emng', 'paling', 'benar', 'pindah', 'ke', 'honor', 'aja', 'ml', 'ini', 'rada', 'dongo', 'semua']",,negative
Sulif Sadana,game em bosok su asu,2.1.18.11201,game em bosok su asu,"['game', 'em', 'bosok', 'su', 'asu']","['game', 'em', 'bosok', 'su', 'asu']","['em', 'buruk', 'su', 'asu']","['game', 'em', 'bosok', 'su', 'asu']","['game', 'em', 'buruk', 'su', 'asu']",,negative
rayinnur _,game kontol asuu,2.1.18.11201,game kontol asuu,"['game', 'kontol', 'asuu']","['game', 'kontol', 'asuu']","['kontol', 'asuu']","['game', 'kontol', 'asuu']","['game', 'kontol', 'asuu']",,negative
Febri Yansyah,Parah sih ml skrang Lawan nya ngak seimbang,2.1.18.11201,parah sih ml skrang lawan nya ngak seimbang,"['parah', 'sih', 'ml', 'skrang', 'lawan', 'nya', 'ngak', 'seimbang']","['parah', 'sih', 'ml', 'skrang', 'lawan', 'nya', 'ngak', 'seimbang']","['parah', 'skrang', 'lawan', 'ngak', 'imbang']","['parah', 'sih', 'ml', 'skrang', 'lawan', 'nya', 'ngak', 'imbang']","['parah', 'sih', 'ml', 'skrang', 'lawan', 'nya', 'ngak', 'imbang']",,negative
yaret sir,apa lah main ketemu satu tim sama bocil trus tolong monton di perbaiki lagi jdi GK ada sda niat buat main.,2.1.18.11201,apa lah main ketemu satu tim sama bocil trus tolong monton di perbaiki lagi jdi gk ada sda niat buat main.,"['apa', 'lah', 'main', 'ketemu', 'satu', 'tim', 'sama', 'bocil', 'trus', 'tolong', 'monton', 'di', 'perbaiki', 'lagi', 'jdi', 'gk', 'ada', 'sda', 'niat', 'buat', 'main', '.']","['apa', 'lah', 'main', 'ketemu', 'satu', 'tim', 'sama', 'bocil', 'trus', 'tolong', 'monton', 'di', 'perbaiki', 'lagi', 'jdi', 'gk', 'ada', 'sda', 'niat', 'buat', 'main']","['ketemu', 'satu', 'bocil', 'tolong', 'baik', 'sda', 'niat']","['apa', 'lah', 'main', 'ketemu', 'satu', 'tim', 'sama', 'bocil', 'trus', 'tolong', 'monton', 'di', 'baik', 'lagi', 'jdi', 'gk', 'ada', 'sda', 'niat', 'buat', 'main']","['apa', 'lah', 'main', 'ketemu', 'satu', 'team', 'sama', 'bocil', 'terus', 'tolong', 'moonton', 'di', 'baik', 'lagi', 'jadi', 'tidak', 'ada', 'sda', 'niat', 'buat', 'main']",,negative
Ganiyah Almaira,game kontol,2.1.18.11201,game kontol,"['game', 'kontol']","['game', 'kontol']",['kontol'],"['game', 'kontol']","['game', 'kontol']",,negative
Brian Malaga Brian,sangat menarik,2.1.20.11202,sangat menarik,"['sangat', 'menarik']","['sangat', 'menarik']",['tarik'],"['sangat', 'tarik']","['sangat', 'tarik']",,positive
Alfa Pradiptama,game anjg ls bae,2.1.18.11201,game anjg ls bae,"['game', 'anjg', 'ls', 'bae']","['game', 'anjg', 'ls', 'bae']","['anjg', 'ls', 'bae']","['game', 'anjg', 'ls', 'bae']","['game', 'anjg', 'ls', 'bae']",,negative
Sarada Uchiha,"sangat buruk, player tidak jelas, kalah terus",2.1.18.11201,"sangat buruk, player tidak jelas, kalah terus","['sangat', 'buruk', ',', 'player', 'tidak', 'jelas', ',', 'kalah', 'terus']","['sangat', 'buruk', 'player', 'tidak', 'jelas', 'kalah', 'terus']","['buruk', 'jelas', 'kalah']","['sangat', 'buruk', 'player', 'tidak', 'jelas', 'kalah', 'terus']","['sangat', 'buruk', 'player', 'tidak', 'jelas', 'kalah', 'terus']",,negative
AKUN ORIE VELZ,game apaan gini lag mulu najiss,,game apaan gini lag mulu najiss,"['game', 'apaan', 'gini', 'lag', 'mulu', 'najiss']","['game', 'apaan', 'gini', 'lag', 'mulu', 'najiss']","['lag', 'najiss']","['game', 'apa', 'gin', 'lag', 'mulu', 'najiss']","['game', 'apa', 'game', 'lag', 'mulu', 'najiss']",,negative
Senri Bin,sangat suka,2.1.20.11202,sangat suka,"['sangat', 'suka']","['sangat', 'suka']",['suka'],"['sangat', 'suka']","['sangat', 'suka']",,positive
Hasanudin,Masih banyak cheater didalam game,2.1.18.11201,masih banyak cheater didalam game,"['masih', 'banyak', 'cheater', 'didalam', 'game']","['masih', 'banyak', 'cheater', 'didalam', 'game']","['banyak', 'cheater', 'dalam']","['masih', 'banyak', 'cheater', 'dalam', 'game']","['masih', 'banyak', 'cheater', 'dalam', 'game']",,negative
Rere Hikaru,"moonton gila, gak ngotak kalo ngasih tim apalagi kalo mau masuk mytik/glory setan kau game gak guna",,"moonton gila, gak ngotak kalo ngasih tim apalagi kalo mau masuk mytik/glory setan kau game gak guna","['moonton', 'gila', ',', 'gak', 'ngotak', 'kalo', 'ngasih', 'tim', 'apalagi', 'kalo', 'mau', 'masuk', 'mytik/glory', 'setan', 'kau', 'game', 'gak', 'guna']","['moonton', 'gila', 'gak', 'ngotak', 'kalo', 'ngasih', 'tim', 'apalagi', 'kalo', 'mau', 'masuk', 'mytikglory', 'setan', 'kau', 'game', 'gak', 'guna']","['gila', 'ngotak', 'beri', 'masuk', 'mytikglory', 'setan', 'kau', 'guna']","['moonton', 'gila', 'gak', 'ngotak', 'kalo', 'ngasih', 'tim', 'apalagi', 'kalo', 'mau', 'masuk', 'mytikglory', 'setan', 'kau', 'game', 'gak', 'guna']","['moonton', 'gila', 'tidak', 'ngotak', 'kalau', 'beri', 'team', 'apalagi', 'kalau', 'mau', 'masuk', 'mytikglory', 'setan', 'kau', 'game', 'tidak', 'guna']",,negative
Agus Dwiyana,"game yang sangat bagus karena saat matching diberikan tim yang sangat seimbang tidak ada yang egois bagus, sedikit saran untuk game yang bagus ini untuk memberikan hukuman baned 1 tahun kepada player yang dengan sengaja dan sadar melakukan troll/feeder dalam suatu tim Terima kasih moonton semoga di baca dan salam waras dan sadar",2.1.18.11201,"game yang sangat bagus karena saat matching diberikan tim yang sangat seimbang tidak ada yang egois bagus, sedikit saran untuk game yang bagus ini untuk memberikan hukuman baned 1 tahun kepada player yang dengan sengaja dan sadar melakukan troll/feeder dalam suatu tim terima kasih moonton semoga di baca dan salam waras dan sadar","['game', 'yang', 'sangat', 'bagus', 'karena', 'saat', 'matching', 'diberikan', 'tim', 'yang', 'sangat', 'seimbang', 'tidak', 'ada', 'yang', 'egois', 'bagus', ',', 'sedikit', 'saran', 'untuk', 'game', 'yang', 'bagus', 'ini', 'untuk', 'memberikan', 'hukuman', 'baned', '1', 'tahun', 'kepada', 'player', 'yang', 'dengan', 'sengaja', 'dan', 'sadar', 'melakukan', 'troll/feeder', 'dalam', 'suatu', 'tim', 'terima', 'kasih', 'moonton', 'semoga', 'di', 'baca', 'dan', 'salam', 'waras', 'dan', 'sadar']","['game', 'yang', 'sangat', 'bagus', 'karena', 'saat', 'matching', 'diberikan', 'tim', 'yang', 'sangat', 'seimbang', 'tidak', 'ada', 'yang', 'egois', 'bagus', 'sedikit', 'saran', 'untuk', 'game', 'yang', 'bagus', 'ini', 'untuk', 'memberikan', 'hukuman', 'baned', 'tahun', 'kepada', 'player', 'yang', 'dengan', 'sengaja', 'dan', 'sadar', 'melakukan', 'trollfeeder', 'dalam', 'suatu', 'tim', 'terima', 'kasih', 'moonton', 'semoga', 'di', 'baca', 'dan', 'salam', 'waras', 'dan', 'sadar']","['bagus', 'matching', 'beri', 'imbang', 'egois', 'bagus', 'sedikit', 'saran', 'bagus', 'beri', 'hukum', 'baned', 'kepada', 'sengaja', 'sadar', 'laku', 'trollfeeder', 'dalam', 'suatu', 'terimakasih', 'moga', 'salam', 'waras', 'sadar']","['game', 'yang', 'sangat', 'bagus', 'karena', 'saat', 'matching', 'beri', 'tim', 'yang', 'sangat', 'imbang', 'tidak', 'ada', 'yang', 'egois', 'bagus', 'sedikit', 'saran', 'untuk', 'game', 'yang', 'bagus', 'ini', 'untuk', 'beri', 'hukum', 'baned', 'tahun', 'kepada', 'player', 'yang', 'dengan', 'sengaja', 'dan', 'sadar', 'laku', 'trollfeeder', 'dalam', 'suatu', 'tim', 'terima', 'kasih', 'moonton', 'moga', 'di', 'baca', 'dan', 'salam', 'waras', 'dan', 'sadar']","['game', 'yang', 'sangat', 'bagus', 'karena', 'saat', 'matching', 'beri', 'team', 'yang', 'sangat', 'imbang', 'tidak', 'ada', 'yang', 'egois', 'bagus', 'sedikit', 'saran', 'untuk', 'game', 'yang', 'bagus', 'ini', 'untuk', 'beri', 'hukum', 'baned', 'tahun', 'kepada', 'player', 'yang', 'dengan', 'sengaja', 'dan', 'sadar', 'laku', 'trollfeeder', 'dalam', 'suatu', 'team', 'terimakasih', 'kasih', 'moonton', 'moga', 'di', 'baca', 'dan', 'salam', 'waras', 'dan', 'sadar']",,positive
Dhaledho 86,lambat masuk main ngelag lagi bikin pusing,2.1.18.11201,lambat masuk main ngelag lagi bikin pusing,"['lambat', 'masuk', 'main', 'ngelag', 'lagi', 'bikin', 'pusing']","['lambat', 'masuk', 'main', 'ngelag', 'lagi', 'bikin', 'pusing']","['lambat', 'masuk', 'lag', 'pusing']","['lambat', 'masuk', 'main', 'ngelag', 'lagi', 'bikin', 'pusing']","['lambat', 'masuk', 'main', 'lag', 'lagi', 'bikin', 'pusing']",,negative
Imam Yustihadi,"Banyak nemu musuh menggunakan RW, merugikan player solo, sering ketemu tim brengsek",2.1.18.11201,"banyak nemu musuh menggunakan rw, merugikan player solo, sering ketemu tim brengsek","['banyak', 'nemu', 'musuh', 'menggunakan', 'rw', ',', 'merugikan', 'player', 'solo', ',', 'sering', 'ketemu', 'tim', 'brengsek']","['banyak', 'nemu', 'musuh', 'menggunakan', 'rw', 'merugikan', 'player', 'solo', 'sering', 'ketemu', 'tim', 'brengsek']","['banyak', 'nemu', 'musuh', 'guna', 'rw', 'rugi', 'ketemu', 'brengsek']","['banyak', 'nemu', 'musuh', 'guna', 'rw', 'rugi', 'player', 'solo', 'sering', 'ketemu', 'tim', 'brengsek']","['banyak', 'nemu', 'musuh', 'guna', 'rw', 'rugi', 'player', 'solo', 'sering', 'ketemu', 'team', 'brengsek']",,negative
Sghsdhhd Dhdhdhhd,jelek sekarang lag parah banyak bug dan patah² bahkan ada chiter yang jarang ketemu,2.1.18.11201,jelek sekarang lag parah banyak bug dan patah² bahkan ada chiter yang jarang ketemu,"['jelek', 'sekarang', 'lag', 'parah', 'banyak', 'bug', 'dan', 'patah²', 'bahkan', 'ada', 'chiter', 'yang', 'jarang', 'ketemu']","['jelek', 'sekarang', 'lag', 'parah', 'banyak', 'bug', 'dan', 'patah', 'bahkan', 'ada', 'chiter', 'yang', 'jarang', 'ketemu']","['jelek', 'sekarang', 'lag', 'parah', 'banyak', 'bug', 'patah', 'bahkan', 'chiter', 'jarang', 'ketemu']","['jelek', 'sekarang', 'lag', 'parah', 'banyak', 'bug', 'dan', 'patah', 'bahkan', 'ada', 'chiter', 'yang', 'jarang', 'ketemu']","['jelek', 'sekarang', 'lag', 'parah', 'banyak', 'bug', 'dan', 'patah', 'bahkan', 'ada', 'chiter', 'yang', 'jarang', 'ketemu']",,negative
Muhamad Ridwan,game sampah dapet tim ga adil isinya nya anomali,,game sampah dapet tim ga adil isinya nya anomali,"['game', 'sampah', 'dapet', 'tim', 'ga', 'adil', 'isinya', 'nya', 'anomali']","['game', 'sampah', 'dapet', 'tim', 'ga', 'adil', 'isinya', 'nya', 'anomali']","['sampah', 'adil', 'isi', 'anomali']","['game', 'sampah', 'dapet', 'tim', 'ga', 'adil', 'isi', 'nya', 'anomali']","['game', 'sampah', 'dapet', 'team', 'tidak', 'adil', 'isi', 'nya', 'anomali']",,negative
Luay Pia,game setres,2.1.18.11201,game setres,"['game', 'setres']","['game', 'setres']",['tres'],"['game', 'tres']","['game', 'tres']",,negative
DEMOON RBN,game nya makin berat semenjak update 😌 size nya makin besar - berat bagi device ram 3/4 demi kenyamanan bisa gak di perkecil size nya admin,1.9.47.10372,game nya makin berat semenjak update 😌 size nya makin besar - berat bagi device ram 3/4 demi kenyamanan bisa gak di perkecil size nya admin,"['game', 'nya', 'makin', 'berat', 'semenjak', 'update', '😌', 'size', 'nya', 'makin', 'besar', '-', 'berat', 'bagi', 'device', 'ram', '3/4', 'demi', 'kenyamanan', 'bisa', 'gak', 'di', 'perkecil', 'size', 'nya', 'admin']","['game', 'nya', 'makin', 'berat', 'semenjak', 'update', 'size', 'nya', 'makin', 'besar', 'berat', 'bagi', 'device', 'ram', 'demi', 'kenyamanan', 'bisa', 'gak', 'di', 'perkecil', 'size', 'nya', 'admin']","['makin', 'berat', 'semenjak', 'update', 'size', 'makin', 'besar', 'berat', 'bagi', 'device', 'ram', 'demi', 'nyaman', 'kecil', 'size', 'admin']","['game', 'nya', 'makin', 'berat', 'semenjak', 'update', 'size', 'nya', 'makin', 'besar', 'berat', 'bagi', 'device', 'ram', 'demi', 'nyaman', 'bisa', 'gak', 'di', 'kecil', 'size', 'nya', 'admin']","['game', 'nya', 'makin', 'berat', 'semenjak', 'update', 'size', 'nya', 'makin', 'besar', 'berat', 'bagi', 'device', 'ram', 'demi', 'nyaman', 'bisa', 'tidak', 'di', 'kecil', 'size', 'nya', 'admin']",,negative
CONE TOAD,game kikir,1.5.38.5881,game kikir,"['game', 'kikir']","['game', 'kikir']",['kikir'],"['game', 'kikir']","['game', 'kikir']",,negative
D-Ron,"Entahlah bingung, Mungkin dari jaringan",,"entahlah bingung, mungkin dari jaringan","['entahlah', 'bingung', ',', 'mungkin', 'dari', 'jaringan']","['entahlah', 'bingung', 'mungkin', 'dari', 'jaringan']","['entah', 'bingung', 'mungkin']","['entah', 'bingung', 'mungkin', 'dari', 'jaring']","['entah', 'bingung', 'mungkin', 'dari', 'jaring']",,negative
Nurliya Margo,"we monton,ban para dark sistem/tim"" tolol atau lu gw sant3t ajg",2.1.18.11201,"we monton,ban para dark sistem/tim"" tolol atau lu gw sant3t ajg","['we', 'monton', ',', 'ban', 'para', 'dark', 'sistem/tim', ""''"", 'tolol', 'atau', 'lu', 'gw', 'sant3t', 'ajg']","['we', 'monton', 'ban', 'para', 'dark', 'sistemtim', 'tolol', 'atau', 'lu', 'gw', 'santt', 'ajg']","['we', 'ban', 'para', 'gelap', 'sistemtim', 'tolol', 'santt', 'ajg']","['we', 'monton', 'ban', 'para', 'dark', 'sistemtim', 'tolol', 'atau', 'lu', 'gw', 'santt', 'ajg']","['we', 'moonton', 'ban', 'para', 'gelap', 'sistemtim', 'tolol', 'atau', 'kamu', 'aku', 'santt', 'ajg']",,negative
Habil Pdg,"apalh moonton, masa iya main solo ketemu sama epic padahal gua mytic, game kocak, apaan game kek puki ni, mending main HOK gua, kalahpun kalau mvp bintang tetap naik, gua uninstall ajalh, game gak guna gak mutu, mending HOK aja gaess",2.1.18.11201,"apalh moonton, masa iya main solo ketemu sama epic padahal gua mytic, game kocak, apaan game kek puki ni, mending main hok gua, kalahpun kalau mvp bintang tetap naik, gua uninstall ajalh, game gak guna gak mutu, mending hok aja gaess","['apalh', 'moonton', ',', 'masa', 'iya', 'main', 'solo', 'ketemu', 'sama', 'epic', 'padahal', 'gua', 'mytic', ',', 'game', 'kocak', ',', 'apaan', 'game', 'kek', 'puki', 'ni', ',', 'mending', 'main', 'hok', 'gua', ',', 'kalahpun', 'kalau', 'mvp', 'bintang', 'tetap', 'naik', ',', 'gua', 'uninstall', 'ajalh', ',', 'game', 'gak', 'guna', 'gak', 'mutu', ',', 'mending', 'hok', 'aja', 'gaess']","['apalh', 'moonton', 'masa', 'iya', 'main', 'solo', 'ketemu', 'sama', 'epic', 'padahal', 'gua', 'mytic', 'game', 'kocak', 'apaan', 'game', 'kek', 'puki', 'ni', 'mending', 'main', 'hok', 'gua', 'kalahpun', 'kalau', 'mvp', 'bintang', 'tetap', 'naik', 'gua', 'uninstall', 'ajalh', 'game', 'gak', 'guna', 'gak', 'mutu', 'mending', 'hok', 'aja', 'gaess']","['apalh', 'masa', 'iya', 'ketemu', 'epic', 'mytic', 'kocak', 'puki', 'mending', 'kalah', 'mvp', 'bintang', 'tetap', 'naik', 'uninstall', 'ajalh', 'guna', 'mutu', 'mending', 'gaess']","['apalh', 'moonton', 'masa', 'iya', 'main', 'solo', 'ketemu', 'sama', 'epic', 'padahal', 'gua', 'mytic', 'game', 'kocak', 'apa', 'game', 'kek', 'puki', 'ni', 'mending', 'main', 'hok', 'gua', 'kalah', 'kalau', 'mvp', 'bintang', 'tetap', 'naik', 'gua', 'uninstall', 'ajalh', 'game', 'gak', 'guna', 'gak', 'mutu', 'mending', 'hok', 'aja', 'gaess']","['apalh', 'moonton', 'masa', 'iya', 'main', 'solo', 'ketemu', 'sama', 'epic', 'padahal', 'aku', 'mytic', 'game', 'kocak', 'apa', 'game', 'seperti', 'puki', 'ini', 'mending', 'main', 'hok', 'aku', 'kalah', 'kalau', 'mvp', 'bintang', 'tetap', 'naik', 'aku', 'uninstall', 'ajalh', 'game', 'tidak', 'guna', 'tidak', 'mutu', 'mending', 'hok', 'aja', 'gaess']",,negative
Muammar Khadafi,bug mulu game pepek,1.9.48.10373,bug mulu game pepek,"['bug', 'mulu', 'game', 'pepek']","['bug', 'mulu', 'game', 'pepek']","['bug', 'pepek']","['bug', 'mulu', 'game', 'pepek']","['bug', 'mulu', 'game', 'pepek']",,negative
IRWAN,pembagian tim tidak sebanding. game jelek oleng bikin sakit kepala,2.1.18.11201,pembagian tim tidak sebanding. game jelek oleng bikin sakit kepala,"['pembagian', 'tim', 'tidak', 'sebanding', '.', 'game', 'jelek', 'oleng', 'bikin', 'sakit', 'kepala']","['pembagian', 'tim', 'tidak', 'sebanding', 'game', 'jelek', 'oleng', 'bikin', 'sakit', 'kepala']","['bagi', 'banding', 'jelek', 'oleng', 'sakit', 'kepala']","['bagi', 'tim', 'tidak', 'banding', 'game', 'jelek', 'oleng', 'bikin', 'sakit', 'kepala']","['bagi', 'team', 'tidak', 'banding', 'game', 'jelek', 'oleng', 'bikin', 'sakit', 'kepala']",,negative
Kadita Ayu,bagus... hanya saja slalu dpat team bapuk,,bagus... hanya saja slalu dpat team bapuk,"['bagus', '...', 'hanya', 'saja', 'slalu', 'dpat', 'team', 'bapuk']","['bagus', 'hanya', 'saja', 'slalu', 'dpat', 'team', 'bapuk']","['bagus', 'slalu', 'dpat', 'bapuk']","['bagus', 'hanya', 'saja', 'slalu', 'dpat', 'team', 'bapuk']","['bagus', 'hanya', 'saja', 'slalu', 'dpat', 'team', 'bapuk']",,positive
Misbah Husudur,gamee idiot,1.8.58.9312,gamee idiot,"['gamee', 'idiot']","['gamee', 'idiot']","['gamee', 'idiot']","['gamee', 'idiot']","['gamee', 'idiot']",,negative
Syahrull Rmdhaan,"match making tuh benerin moonton ketemu orang stres Mulu setiap main rank percuma ada fitur pilih Lane juga ujung""nya ga guna tetep aja pada egois",2.1.18.11201,"match making tuh benerin moonton ketemu orang stres mulu setiap main rank percuma ada fitur pilih lane juga ujung""nya ga guna tetep aja pada egois","['match', 'making', 'tuh', 'benerin', 'moonton', 'ketemu', 'orang', 'stres', 'mulu', 'setiap', 'main', 'rank', 'percuma', 'ada', 'fitur', 'pilih', 'lane', 'juga', 'ujung', ""''"", 'nya', 'ga', 'guna', 'tetep', 'aja', 'pada', 'egois']","['match', 'making', 'tuh', 'benerin', 'moonton', 'ketemu', 'orang', 'stres', 'mulu', 'setiap', 'main', 'rank', 'percuma', 'ada', 'fitur', 'pilih', 'lane', 'juga', 'ujung', 'nya', 'ga', 'guna', 'tetep', 'aja', 'pada', 'egois']","['rusak', 'ketemu', 'stres', 'percuma', 'pilih', 'ujung', 'guna', 'tetap', 'egois']","['match', 'making', 'tuh', 'benerin', 'moonton', 'ketemu', 'orang', 'stres', 'mulu', 'tiap', 'main', 'rank', 'percuma', 'ada', 'fitur', 'pilih', 'lane', 'juga', 'ujung', 'nya', 'ga', 'guna', 'tetep', 'aja', 'pada', 'egois']","['match', 'making', 'tuh', 'rusak', 'moonton', 'ketemu', 'orang', 'stres', 'mulu', 'tiap', 'main', 'rank', 'percuma', 'ada', 'fitur', 'pilih', 'lane', 'juga', 'ujung', 'nya', 'tidak', 'guna', 'tetap', 'aja', 'pada', 'egois']",,negative
Taraju Squad,"kagak seimbang kalo main solo, *moonton* ngasih lawan yang stabil dong, jangan terus ngasih yang susah banget, sengaja yah biar aing main terus?, lu udah ngambil hak orang lain waktu sayang di pake ginian doang ngejar bintang apa untung nya sat, lagian aing buat hiburan doang bukan nambah stres sat, mo di bales apa enggak bodo amat",2.1.18.11201,"kagak seimbang kalo main solo, *moonton* ngasih lawan yang stabil dong, jangan terus ngasih yang susah banget, sengaja yah biar aing main terus?, lu udah ngambil hak orang lain waktu sayang di pake ginian doang ngejar bintang apa untung nya sat, lagian aing buat hiburan doang bukan nambah stres sat, mo di bales apa enggak bodo amat","['kagak', 'seimbang', 'kalo', 'main', 'solo', ',', '*', 'moonton', '*', 'ngasih', 'lawan', 'yang', 'stabil', 'dong', ',', 'jangan', 'terus', 'ngasih', 'yang', 'susah', 'banget', ',', 'sengaja', 'yah', 'biar', 'aing', 'main', 'terus', '?', ',', 'lu', 'udah', 'ngambil', 'hak', 'orang', 'lain', 'waktu', 'sayang', 'di', 'pake', 'ginian', 'doang', 'ngejar', 'bintang', 'apa', 'untung', 'nya', 'sat', ',', 'lagian', 'aing', 'buat', 'hiburan', 'doang', 'bukan', 'nambah', 'stres', 'sat', ',', 'mo', 'di', 'bales', 'apa', 'enggak', 'bodo', 'amat']","['kagak', 'seimbang', 'kalo', 'main', 'solo', 'moonton', 'ngasih', 'lawan', 'yang', 'stabil', 'dong', 'jangan', 'terus', 'ngasih', 'yang', 'susah', 'banget', 'sengaja', 'yah', 'biar', 'aing', 'main', 'terus', 'lu', 'udah', 'ngambil', 'hak', 'orang', 'lain', 'waktu', 'sayang', 'di', 'pake', 'ginian', 'doang', 'ngejar', 'bintang', 'apa', 'untung', 'nya', 'sat', 'lagian', 'aing', 'buat', 'hiburan', 'doang', 'bukan', 'nambah', 'stres', 'sat', 'mo', 'di', 'bales', 'apa', 'enggak', 'bodo', 'amat']","['kagak', 'imbang', 'beri', 'lawan', 'stabil', 'jangan', 'beri', 'susah', 'banget', 'sengaja', 'biar', 'aing', 'ngambil', 'hak', 'lain', 'sayang', 'ginian', 'ngejar', 'bintang', 'untung', 'sat', 'aing', 'hibur', 'bukan', 'nambah', 'stres', 'sat', 'mo', 'bales', 'enggak', 'bodo', 'amat']","['kagak', 'imbang', 'kalo', 'main', 'solo', 'moonton', 'ngasih', 'lawan', 'yang', 'stabil', 'dong', 'jangan', 'terus', 'ngasih', 'yang', 'susah', 'banget', 'sengaja', 'yah', 'biar', 'aing', 'main', 'terus', 'lu', 'udah', 'ngambil', 'hak', 'orang', 'lain', 'waktu', 'sayang', 'di', 'pake', 'ginian', 'doang', 'ngejar', 'bintang', 'apa', 'untung', 'nya', 'sat', 'lagi', 'aing', 'buat', 'hibur', 'doang', 'bukan', 'nambah', 'stres', 'sat', 'mo', 'di', 'bales', 'apa', 'enggak', 'bodo', 'amat']","['kagak', 'imbang', 'kalau', 'main', 'solo', 'moonton', 'beri', 'lawan', 'yang', 'stabil', 'dong', 'jangan', 'terus', 'beri', 'yang', 'susah', 'banget', 'sengaja', 'yah', 'biar', 'aing', 'main', 'terus', 'kamu', 'udah', 'ngambil', 'hak', 'orang', 'lain', 'waktu', 'sayang', 'di', 'pakai', 'ginian', 'hanya', 'ngejar', 'bintang', 'apa', 'untung', 'nya', 'sat', 'lagi', 'aing', 'buat', 'hibur', 'hanya', 'bukan', 'nambah', 'stres', 'sat', 'mo', 'di', 'bales', 'apa', 'enggak', 'bodo', 'amat']",,negative
Reki Harpianza,sangat tidak masuk akal dan sangat buruk lawan nyaa gak sebanding sama ranket kita ....100 x main gak ada yg ketemu yg sebanding,1.7.32.7981,sangat tidak masuk akal dan sangat buruk lawan nyaa gak sebanding sama ranket kita ....100 x main gak ada yg ketemu yg sebanding,"['sangat', 'tidak', 'masuk', 'akal', 'dan', 'sangat', 'buruk', 'lawan', 'nyaa', 'gak', 'sebanding', 'sama', 'ranket', 'kita', '....', '100', 'x', 'main', 'gak', 'ada', 'yg', 'ketemu', 'yg', 'sebanding']","['sangat', 'tidak', 'masuk', 'akal', 'dan', 'sangat', 'buruk', 'lawan', 'nyaa', 'gak', 'sebanding', 'sama', 'ranket', 'kita', 'x', 'main', 'gak', 'ada', 'yg', 'ketemu', 'yg', 'sebanding']","['masuk', 'akal', 'buruk', 'lawan', 'nyaa', 'banding', 'ranket', 'ketemu', 'banding']","['sangat', 'tidak', 'masuk', 'akal', 'dan', 'sangat', 'buruk', 'lawan', 'nyaa', 'gak', 'banding', 'sama', 'ranket', 'kita', 'x', 'main', 'gak', 'ada', 'yg', 'ketemu', 'yg', 'banding']","['sangat', 'tidak', 'masuk', 'akal', 'dan', 'sangat', 'buruk', 'lawan', 'nyaa', 'tidak', 'banding', 'sama', 'ranket', 'kita', 'kali', 'main', 'tidak', 'ada', 'yang', 'ketemu', 'yang', 'banding']",,negative
magnesium 1,Minimal kalo ngasih tim yg jelas yaa dah muak bgt demi dah,1.9.42.10341,minimal kalo ngasih tim yg jelas yaa dah muak bgt demi dah,"['minimal', 'kalo', 'ngasih', 'tim', 'yg', 'jelas', 'yaa', 'dah', 'muak', 'bgt', 'demi', 'dah']","['minimal', 'kalo', 'ngasih', 'tim', 'yg', 'jelas', 'yaa', 'dah', 'muak', 'bgt', 'demi', 'dah']","['minimal', 'beri', 'jelas', 'yaa', 'sudah', 'muak', 'banget', 'demi', 'sudah']","['minimal', 'kalo', 'ngasih', 'tim', 'yg', 'jelas', 'yaa', 'dah', 'muak', 'bgt', 'demi', 'dah']","['minimal', 'kalau', 'beri', 'team', 'yang', 'jelas', 'yaa', 'sudah', 'muak', 'banget', 'demi', 'sudah']",,negative
Revaldo,"terlalu berlebihan memberi lawan keras buat player kesusahan,tolong di seimbang kan soalnya kami player susah bisa menang 1 kali - kalah lebih dari 10 kali",2.1.18.11201,"terlalu berlebihan memberi lawan keras buat player kesusahan,tolong di seimbang kan soalnya kami player susah bisa menang 1 kali - kalah lebih dari 10 kali","['terlalu', 'berlebihan', 'memberi', 'lawan', 'keras', 'buat', 'player', 'kesusahan', ',', 'tolong', 'di', 'seimbang', 'kan', 'soalnya', 'kami', 'player', 'susah', 'bisa', 'menang', '1', 'kali', '-', 'kalah', 'lebih', 'dari', '10', 'kali']","['terlalu', 'berlebihan', 'memberi', 'lawan', 'keras', 'buat', 'player', 'kesusahan', 'tolong', 'di', 'seimbang', 'kan', 'soalnya', 'kami', 'player', 'susah', 'bisa', 'menang', 'kali', 'kalah', 'lebih', 'dari', 'kali']","['terlalu', 'lebih', 'beri', 'lawan', 'keras', 'susah', 'tolong', 'imbang', 'susah', 'menang', 'kalah', 'lebih']","['terlalu', 'lebih', 'beri', 'lawan', 'keras', 'buat', 'player', 'susah', 'tolong', 'di', 'imbang', 'kan', 'soal', 'kami', 'player', 'susah', 'bisa', 'menang', 'kali', 'kalah', 'lebih', 'dari', 'kali']","['terlalu', 'lebih', 'beri', 'lawan', 'keras', 'buat', 'player', 'susah', 'tolong', 'di', 'imbang', 'kan', 'soal', 'kami', 'player', 'susah', 'bisa', 'menang', 'kali', 'kalah', 'lebih', 'dari', 'kali']",,negative
09Hildan Arsyad Difani,Makin banyak update jaringan ingame makin sampah,2.1.18.11201,makin banyak update jaringan ingame makin sampah,"['makin', 'banyak', 'update', 'jaringan', 'ingame', 'makin', 'sampah']","['makin', 'banyak', 'update', 'jaringan', 'ingame', 'makin', 'sampah']","['makin', 'banyak', 'update', 'ingame', 'makin', 'sampah']","['makin', 'banyak', 'update', 'jaring', 'ingame', 'makin', 'sampah']","['makin', 'banyak', 'update', 'jaring', 'ingame', 'makin', 'sampah']",,negative
Rizal FF,eh monton lu yang bener aja bikin game ini game bukanya bikin hepi malah bikin gua pusing masak gua main dari jam 7 sampe sekarang jam 3 bintang gua gak naik naik malah turun udah rela ngerusak jam tidur demi sebuah bintang eh malah lose treak lu pikir aja ton malah bikin gua setres sekarang lu bales pesan gau😡,1.8.66.9421,eh monton lu yang bener aja bikin game ini game bukanya bikin hepi malah bikin gua pusing masak gua main dari jam 7 sampe sekarang jam 3 bintang gua gak naik naik malah turun udah rela ngerusak jam tidur demi sebuah bintang eh malah lose treak lu pikir aja ton malah bikin gua setres sekarang lu bales pesan gau😡,"['eh', 'monton', 'lu', 'yang', 'bener', 'aja', 'bikin', 'game', 'ini', 'game', 'bukanya', 'bikin', 'hepi', 'malah', 'bikin', 'gua', 'pusing', 'masak', 'gua', 'main', 'dari', 'jam', '7', 'sampe', 'sekarang', 'jam', '3', 'bintang', 'gua', 'gak', 'naik', 'naik', 'malah', 'turun', 'udah', 'rela', 'ngerusak', 'jam', 'tidur', 'demi', 'sebuah', 'bintang', 'eh', 'malah', 'lose', 'treak', 'lu', 'pikir', 'aja', 'ton', 'malah', 'bikin', 'gua', 'setres', 'sekarang', 'lu', 'bales', 'pesan', 'gau😡']","['eh', 'monton', 'lu', 'yang', 'bener', 'aja', 'bikin', 'game', 'ini', 'game', 'bukanya', 'bikin', 'hepi', 'malah', 'bikin', 'gua', 'pusing', 'masak', 'gua', 'main', 'dari', 'jam', 'sampe', 'sekarang', 'jam', 'bintang', 'gua', 'gak', 'naik', 'naik', 'malah', 'turun', 'udah', 'rela', 'ngerusak', 'jam', 'tidur', 'demi', 'sebuah', 'bintang', 'eh', 'malah', 'lose', 'treak', 'lu', 'pikir', 'aja', 'ton', 'malah', 'bikin', 'gua', 'setres', 'sekarang', 'lu', 'bales', 'pesan', 'gau']","['benar', 'buka', 'hepi', 'pusing', 'sampai', 'sekarang', 'bintang', 'naik', 'naik', 'turun', 'rela', 'ngerusak', 'tidur', 'demi', 'buah', 'bintang', 'lose', 'treak', 'pikir', 'ton', 'tres', 'sekarang', 'bales', 'pesan', 'gau']","['eh', 'monton', 'lu', 'yang', 'bener', 'aja', 'bikin', 'game', 'ini', 'game', 'buka', 'bikin', 'hepi', 'malah', 'bikin', 'gua', 'pusing', 'masak', 'gua', 'main', 'dari', 'jam', 'sampe', 'sekarang', 'jam', 'bintang', 'gua', 'gak', 'naik', 'naik', 'malah', 'turun', 'udah', 'rela', 'ngerusak', 'jam', 'tidur', 'demi', 'buah', 'bintang', 'eh', 'malah', 'lose', 'treak', 'lu', 'pikir', 'aja', 'ton', 'malah', 'bikin', 'gua', 'tres', 'sekarang', 'lu', 'bales', 'pesan', 'gau']","['eh', 'moonton', 'kamu', 'yang', 'benar', 'aja', 'bikin', 'game', 'ini', 'game', 'buka', 'bikin', 'hepi', 'malah', 'bikin', 'aku', 'pusing', 'masak', 'aku', 'main', 'dari', 'jam', 'sampai', 'sekarang', 'jam', 'bintang', 'aku', 'tidak', 'naik', 'naik', 'malah', 'turun', 'udah', 'rela', 'ngerusak', 'jam', 'tidur', 'demi', 'buah', 'bintang', 'eh', 'malah', 'lose', 'treak', 'kamu', 'pikir', 'aja', 'ton', 'malah', 'bikin', 'aku', 'tres', 'sekarang', 'kamu', 'bales', 'pesan', 'gau']",,negative
Aa Arsya,game kontot,2.1.20.11202,game kontot,"['game', 'kontot']","['game', 'kontot']",['kontot'],"['game', 'kontot']","['game', 'kontot']",,negative
Monn,game ini butut,2.1.18.11201,game ini butut,"['game', 'ini', 'butut']","['game', 'ini', 'butut']",['butut'],"['game', 'ini', 'butut']","['game', 'ini', 'butut']",,negative
Satria Gito,mau naik ke mytic aja susah gimana. dpet tim feeder terus,2.1.18.11201,mau naik ke mytic aja susah gimana. dpet tim feeder terus,"['mau', 'naik', 'ke', 'mytic', 'aja', 'susah', 'gimana', '.', 'dpet', 'tim', 'feeder', 'terus']","['mau', 'naik', 'ke', 'mytic', 'aja', 'susah', 'gimana', 'dpet', 'tim', 'feeder', 'terus']","['naik', 'mytic', 'susah', 'gimana', 'dpet', 'feeder']","['mau', 'naik', 'ke', 'mytic', 'aja', 'susah', 'gimana', 'dpet', 'tim', 'feeder', 'terus']","['mau', 'naik', 'ke', 'mytic', 'aja', 'susah', 'gimana', 'dpet', 'team', 'feeder', 'terus']",,negative
Keysa Laraditha,"prik amat ini game, bukannya happy malah makin stres mainnya. setiap Main Ada aja Patah patah padahal ping bagus Bujank. orang darah tinggian gak cocok main game ini KNTL",2.1.18.11201,"prik amat ini game, bukannya happy malah makin stres mainnya. setiap main ada aja patah patah padahal ping bagus bujank. orang darah tinggian gak cocok main game ini kntl","['prik', 'amat', 'ini', 'game', ',', 'bukannya', 'happy', 'malah', 'makin', 'stres', 'mainnya', '.', 'setiap', 'main', 'ada', 'aja', 'patah', 'patah', 'padahal', 'ping', 'bagus', 'bujank', '.', 'orang', 'darah', 'tinggian', 'gak', 'cocok', 'main', 'game', 'ini', 'kntl']","['prik', 'amat', 'ini', 'game', 'bukannya', 'happy', 'malah', 'makin', 'stres', 'mainnya', 'setiap', 'main', 'ada', 'aja', 'patah', 'patah', 'padahal', 'ping', 'bagus', 'bujank', 'orang', 'darah', 'tinggian', 'gak', 'cocok', 'main', 'game', 'ini', 'kntl']","['prik', 'amat', 'bukan', 'happy', 'makin', 'stres', 'patah', 'patah', 'ping', 'bagus', 'bujank', 'darah', 'tinggi', 'cocok', 'kntl']","['prik', 'amat', 'ini', 'game', 'bukan', 'happy', 'malah', 'makin', 'stres', 'main', 'tiap', 'main', 'ada', 'aja', 'patah', 'patah', 'padahal', 'ping', 'bagus', 'bujank', 'orang', 'darah', 'tinggi', 'gak', 'cocok', 'main', 'game', 'ini', 'kntl']","['prik', 'amat', 'ini', 'game', 'bukan', 'happy', 'malah', 'makin', 'stres', 'main', 'tiap', 'main', 'ada', 'aja', 'patah', 'patah', 'padahal', 'ping', 'bagus', 'bujank', 'orang', 'darah', 'tinggi', 'tidak', 'cocok', 'main', 'game', 'ini', 'kntl']",,negative
Ridho Abdillah 17,taeh,,taeh,['taeh'],['taeh'],['taeh'],['taeh'],['taeh'],,negative
Abdullah D'Jamael,gamenya makin rusak aja.,2.1.18.11201,gamenya makin rusak aja.,"['gamenya', 'makin', 'rusak', 'aja', '.']","['gamenya', 'makin', 'rusak', 'aja']","['makin', 'rusak']","['gamenya', 'makin', 'rusak', 'aja']","['game', 'makin', 'rusak', 'aja']",,negative
Risman Pamungkas,"game sampah babi, bikin darah tinggi maen solo cuihhh",2.1.18.11201,"game sampah babi, bikin darah tinggi maen solo cuihhh","['game', 'sampah', 'babi', ',', 'bikin', 'darah', 'tinggi', 'maen', 'solo', 'cuihhh']","['game', 'sampah', 'babi', 'bikin', 'darah', 'tinggi', 'maen', 'solo', 'cuih']","['sampah', 'babi', 'darah', 'tinggi', 'cuih']","['game', 'sampah', 'babi', 'bikin', 'darah', 'tinggi', 'maen', 'solo', 'cuih']","['game', 'sampah', 'babi', 'bikin', 'darah', 'tinggi', 'main', 'solo', 'cuih']",,negative
Ahmad Kimochi,"JANGAN DOWLOAD GAME GAK JELAS INI COK, SESAT INI, PINDAH GAME PUBG AJA",2.1.18.11201,"jangan dowload game gak jelas ini cok, sesat ini, pindah game pubg aja","['jangan', 'dowload', 'game', 'gak', 'jelas', 'ini', 'cok', ',', 'sesat', 'ini', ',', 'pindah', 'game', 'pubg', 'aja']","['jangan', 'dowload', 'game', 'gak', 'jelas', 'ini', 'cok', 'sesat', 'ini', 'pindah', 'game', 'pubg', 'aja']","['jangan', 'dowload', 'jelas', 'cok', 'sesat', 'pindah', 'pubg']","['jangan', 'dowload', 'game', 'gak', 'jelas', 'ini', 'cok', 'sesat', 'ini', 'pindah', 'game', 'pubg', 'aja']","['jangan', 'dowload', 'game', 'tidak', 'jelas', 'ini', 'cok', 'sesat', 'ini', 'pindah', 'game', 'pubg', 'aja']",,negative
Roti Bakar,monton kunyuk dikasih tim drak sistem mlu,2.1.18.11201,monton kunyuk dikasih tim drak sistem mlu,"['monton', 'kunyuk', 'dikasih', 'tim', 'drak', 'sistem', 'mlu']","['monton', 'kunyuk', 'dikasih', 'tim', 'drak', 'sistem', 'mlu']","['kunyuk', 'gelap', 'mlu']","['monton', 'kunyuk', 'kasih', 'tim', 'drak', 'sistem', 'mlu']","['moonton', 'kunyuk', 'kasih', 'team', 'gelap', 'sistem', 'mlu']",,negative
agann agan,"makin lama makin rusak ini game, server busuk",2.1.18.11201,"makin lama makin rusak ini game, server busuk","['makin', 'lama', 'makin', 'rusak', 'ini', 'game', ',', 'server', 'busuk']","['makin', 'lama', 'makin', 'rusak', 'ini', 'game', 'server', 'busuk']","['makin', 'lama', 'makin', 'rusak', 'server', 'busuk']","['makin', 'lama', 'makin', 'rusak', 'ini', 'game', 'server', 'busuk']","['makin', 'lama', 'makin', 'rusak', 'ini', 'game', 'server', 'busuk']",,negative
Rifky Balweel Rifky Balweel,knp tiap saya bermain rank atau celasik sinyal Nya jelek terus padahal pin nya ijo bukan merah mohon di benerin min ini sangat merugikan orang yg bermain rank,2.1.18.11201,knp tiap saya bermain rank atau celasik sinyal nya jelek terus padahal pin nya ijo bukan merah mohon di benerin min ini sangat merugikan orang yg bermain rank,"['knp', 'tiap', 'saya', 'bermain', 'rank', 'atau', 'celasik', 'sinyal', 'nya', 'jelek', 'terus', 'padahal', 'pin', 'nya', 'ijo', 'bukan', 'merah', 'mohon', 'di', 'benerin', 'min', 'ini', 'sangat', 'merugikan', 'orang', 'yg', 'bermain', 'rank']","['knp', 'tiap', 'saya', 'bermain', 'rank', 'atau', 'celasik', 'sinyal', 'nya', 'jelek', 'terus', 'padahal', 'pin', 'nya', 'ijo', 'bukan', 'merah', 'mohon', 'di', 'benerin', 'min', 'ini', 'sangat', 'merugikan', 'orang', 'yg', 'bermain', 'rank']","['knp', 'celasik', 'sinyal', 'jelek', 'pin', 'ijo', 'bukan', 'merah', 'mohon', 'rusak', 'minimal', 'rugi']","['knp', 'tiap', 'saya', 'main', 'rank', 'atau', 'celasik', 'sinyal', 'nya', 'jelek', 'terus', 'padahal', 'pin', 'nya', 'ijo', 'bukan', 'merah', 'mohon', 'di', 'benerin', 'min', 'ini', 'sangat', 'rugi', 'orang', 'yg', 'main', 'rank']","['knp', 'tiap', 'aku', 'main', 'rank', 'atau', 'celasik', 'sinyal', 'nya', 'jelek', 'terus', 'padahal', 'pin', 'nya', 'ijo', 'bukan', 'merah', 'mohon', 'di', 'rusak', 'minimal', 'ini', 'sangat', 'rugi', 'orang', 'yang', 'main', 'rank']",,negative
Sunandar,"sinyal busuk sekali, udah cape cape naikin level sinyal tiba2 buruk, game burik sampah asu dasar miskin",2.1.18.11201,"sinyal busuk sekali, udah cape cape naikin level sinyal tiba2 buruk, game burik sampah asu dasar miskin","['sinyal', 'busuk', 'sekali', ',', 'udah', 'cape', 'cape', 'naikin', 'level', 'sinyal', 'tiba2', 'buruk', ',', 'game', 'burik', 'sampah', 'asu', 'dasar', 'miskin']","['sinyal', 'busuk', 'sekali', 'udah', 'cape', 'cape', 'naikin', 'level', 'sinyal', 'tiba', 'buruk', 'game', 'burik', 'sampah', 'asu', 'dasar', 'miskin']","['sinyal', 'busuk', 'cape', 'cape', 'naikin', 'level', 'sinyal', 'buruk', 'buruk', 'sampah', 'asu', 'dasar', 'miskin']","['sinyal', 'busuk', 'sekali', 'udah', 'cape', 'cape', 'naikin', 'level', 'sinyal', 'tiba', 'buruk', 'game', 'burik', 'sampah', 'asu', 'dasar', 'miskin']","['sinyal', 'busuk', 'sekali', 'udah', 'cape', 'cape', 'naikin', 'level', 'sinyal', 'tiba', 'buruk', 'game', 'buruk', 'sampah', 'asu', 'dasar', 'miskin']",,negative
Fik Ri,game anjingg bangsdd gajelas ngenttt,,game anjingg bangsdd gajelas ngenttt,"['game', 'anjingg', 'bangsdd', 'gajelas', 'ngenttt']","['game', 'anjingg', 'bangsdd', 'gajelas', 'ngent']","['anjingg', 'bangsdd', 'gajelas', 'ngent']","['game', 'anjingg', 'bangsdd', 'gajelas', 'ngent']","['game', 'anjingg', 'bangsdd', 'gajelas', 'ngent']",,negative
The sscholl,main lama afk bentar eh pas selesai match kehitungnya afk dong ah benrin lah ga bener bet gw,,main lama afk bentar eh pas selesai match kehitungnya afk dong ah benrin lah ga bener bet gw,"['main', 'lama', 'afk', 'bentar', 'eh', 'pas', 'selesai', 'match', 'kehitungnya', 'afk', 'dong', 'ah', 'benrin', 'lah', 'ga', 'bener', 'bet', 'gw']","['main', 'lama', 'afk', 'bentar', 'eh', 'pas', 'selesai', 'match', 'kehitungnya', 'afk', 'dong', 'ah', 'benrin', 'lah', 'ga', 'bener', 'bet', 'gw']","['lama', 'afk', 'bentar', 'selesai', 'hitung', 'afk', 'ah', 'benrin', 'benar', 'banget']","['main', 'lama', 'afk', 'bentar', 'eh', 'pas', 'selesai', 'match', 'hitung', 'afk', 'dong', 'ah', 'benrin', 'lah', 'ga', 'bener', 'bet', 'gw']","['main', 'lama', 'afk', 'bentar', 'eh', 'pas', 'selesai', 'match', 'hitung', 'afk', 'dong', 'ah', 'benrin', 'lah', 'tidak', 'benar', 'banget', 'aku']",,negative
Binsar Sihombing,"kalo aku like bintang 5, kasi mqin musuh yang mudah ya moonton",2.1.18.11201,"kalo aku like bintang 5, kasi mqin musuh yang mudah ya moonton","['kalo', 'aku', 'like', 'bintang', '5', ',', 'kasi', 'mqin', 'musuh', 'yang', 'mudah', 'ya', 'moonton']","['kalo', 'aku', 'like', 'bintang', 'kasi', 'mqin', 'musuh', 'yang', 'mudah', 'ya', 'moonton']","['like', 'bintang', 'kasi', 'mqin', 'musuh', 'mudah']","['kalo', 'aku', 'like', 'bintang', 'kasi', 'mqin', 'musuh', 'yang', 'mudah', 'ya', 'moonton']","['kalau', 'aku', 'like', 'bintang', 'kasi', 'mqin', 'musuh', 'yang', 'mudah', 'ya', 'moonton']",,neutral
Pina Puspita,"tolong kembalikan mobile Legends yang dulu monton!!!aku jadi malas main sekarang,soalnya setiap mau war pasti ngelag,padahal udah pakek wifi tetap aja ngelag,apalagi sering ada bug di game!!!",2.1.18.11201,"tolong kembalikan mobile legends yang dulu monton!!!aku jadi malas main sekarang,soalnya setiap mau war pasti ngelag,padahal udah pakek wifi tetap aja ngelag,apalagi sering ada bug di game!!!","['tolong', 'kembalikan', 'mobile', 'legends', 'yang', 'dulu', 'monton', '!', '!', '!', 'aku', 'jadi', 'malas', 'main', 'sekarang', ',', 'soalnya', 'setiap', 'mau', 'war', 'pasti', 'ngelag', ',', 'padahal', 'udah', 'pakek', 'wifi', 'tetap', 'aja', 'ngelag', ',', 'apalagi', 'sering', 'ada', 'bug', 'di', 'game', '!', '!', '!']","['tolong', 'kembalikan', 'mobile', 'legends', 'yang', 'dulu', 'monton', 'aku', 'jadi', 'malas', 'main', 'sekarang', 'soalnya', 'setiap', 'mau', 'war', 'pasti', 'ngelag', 'padahal', 'udah', 'pakek', 'wifi', 'tetap', 'aja', 'ngelag', 'apalagi', 'sering', 'ada', 'bug', 'di', 'game']","['tolong', 'legends', 'malas', 'sekarang', 'pasti', 'lag', 'pakek', 'wifi', 'tetap', 'lag', 'bug']","['tolong', 'kembali', 'mobile', 'legends', 'yang', 'dulu', 'monton', 'aku', 'jadi', 'malas', 'main', 'sekarang', 'soal', 'tiap', 'mau', 'war', 'pasti', 'ngelag', 'padahal', 'udah', 'pakek', 'wifi', 'tetap', 'aja', 'ngelag', 'apalagi', 'sering', 'ada', 'bug', 'di', 'game']","['tolong', 'kembali', 'mobile', 'legends', 'yang', 'dulu', 'moonton', 'aku', 'jadi', 'malas', 'main', 'sekarang', 'soal', 'tiap', 'mau', 'war', 'pasti', 'lag', 'padahal', 'udah', 'pakek', 'wifi', 'tetap', 'aja', 'lag', 'apalagi', 'sering', 'ada', 'bug', 'di', 'game']",,negative
Aldi Efanri,"sinyal jelek terus, sering mati masuk bass.",2.1.18.11201,"sinyal jelek terus, sering mati masuk bass.","['sinyal', 'jelek', 'terus', ',', 'sering', 'mati', 'masuk', 'bass', '.']","['sinyal', 'jelek', 'terus', 'sering', 'mati', 'masuk', 'bass']","['sinyal', 'jelek', 'mati', 'masuk', 'bass']","['sinyal', 'jelek', 'terus', 'sering', 'mati', 'masuk', 'bass']","['sinyal', 'jelek', 'terus', 'sering', 'mati', 'masuk', 'bass']",,negative
indah sastraqq,"ping sering merah, frame drop, sering tiba tiba lag, tidak pernah ada peningkatan di game ini seperti tidak mendengar keluhan player nya.",,"ping sering merah, frame drop, sering tiba tiba lag, tidak pernah ada peningkatan di game ini seperti tidak mendengar keluhan player nya.","['ping', 'sering', 'merah', ',', 'frame', 'drop', ',', 'sering', 'tiba', 'tiba', 'lag', ',', 'tidak', 'pernah', 'ada', 'peningkatan', 'di', 'game', 'ini', 'seperti', 'tidak', 'mendengar', 'keluhan', 'player', 'nya', '.']","['ping', 'sering', 'merah', 'frame', 'drop', 'sering', 'tiba', 'tiba', 'lag', 'tidak', 'pernah', 'ada', 'peningkatan', 'di', 'game', 'ini', 'seperti', 'tidak', 'mendengar', 'keluhan', 'player', 'nya']","['ping', 'merah', 'frame', 'drop', 'lag', 'pernah', 'tingkat', 'dengar', 'keluh']","['ping', 'sering', 'merah', 'frame', 'drop', 'sering', 'tiba', 'tiba', 'lag', 'tidak', 'pernah', 'ada', 'tingkat', 'di', 'game', 'ini', 'seperti', 'tidak', 'dengar', 'keluh', 'player', 'nya']","['ping', 'sering', 'merah', 'frame', 'drop', 'sering', 'tiba', 'tiba', 'lag', 'tidak', 'pernah', 'ada', 'tingkat', 'di', 'game', 'ini', 'seperti', 'tidak', 'dengar', 'keluh', 'player', 'nya']",,negative
Rz CLy,just game,,just game,"['just', 'game']","['just', 'game']",['just'],"['just', 'game']","['just', 'game']",,negative
Alfan Annas Muzakki,game nya kurang bagus banyak drak sistem,1.9.99.10932,game nya kurang bagus banyak drak sistem,"['game', 'nya', 'kurang', 'bagus', 'banyak', 'drak', 'sistem']","['game', 'nya', 'kurang', 'bagus', 'banyak', 'drak', 'sistem']","['kurang', 'bagus', 'banyak', 'gelap']","['game', 'nya', 'kurang', 'bagus', 'banyak', 'drak', 'sistem']","['game', 'nya', 'kurang', 'bagus', 'banyak', 'gelap', 'sistem']",,positive
M Pazri,"wahai monton tolong klok lu gk niat ngasih gua naek ke lejen mending lu Ben aj ajy aku aku , setres aku Cok maen nya anjy",2.1.18.11201,"wahai monton tolong klok lu gk niat ngasih gua naek ke lejen mending lu ben aj ajy aku aku , setres aku cok maen nya anjy","['wahai', 'monton', 'tolong', 'klok', 'lu', 'gk', 'niat', 'ngasih', 'gua', 'naek', 'ke', 'lejen', 'mending', 'lu', 'ben', 'aj', 'ajy', 'aku', 'aku', ',', 'setres', 'aku', 'cok', 'maen', 'nya', 'anjy']","['wahai', 'monton', 'tolong', 'klok', 'lu', 'gk', 'niat', 'ngasih', 'gua', 'naek', 'ke', 'lejen', 'mending', 'lu', 'ben', 'aj', 'ajy', 'aku', 'aku', 'setres', 'aku', 'cok', 'maen', 'nya', 'anjy']","['wahai', 'tolong', 'klok', 'niat', 'beri', 'naek', 'lejen', 'mending', 'ben', 'ajy', 'tres', 'cok', 'anjy']","['wahai', 'monton', 'tolong', 'klok', 'lu', 'gk', 'niat', 'ngasih', 'gua', 'naek', 'ke', 'lejen', 'mending', 'lu', 'ben', 'aj', 'ajy', 'aku', 'aku', 'tres', 'aku', 'cok', 'maen', 'nya', 'anjy']","['wahai', 'moonton', 'tolong', 'klok', 'kamu', 'tidak', 'niat', 'beri', 'aku', 'naek', 'ke', 'lejen', 'mending', 'kamu', 'ben', 'aja', 'ajy', 'aku', 'aku', 'tres', 'aku', 'cok', 'main', 'nya', 'anjy']",,negative
Diki Sugandi,mantapp,2.1.18.11201,mantapp,['mantapp'],['mantapp'],['mantapp'],['mantapp'],['mantapp'],,negative
Akai Akai,gem sampah,2.1.18.11201,gem sampah,"['gem', 'sampah']","['gem', 'sampah']",['sampah'],"['gem', 'sampah']","['game', 'sampah']",,negative
Achmad Ridho,apalah moonton ini kasih satu kali menang tiga kali kalah. ini enggk sehari berhari hari aja gitu terus minimal kalo kasih darksystem/bocil kematian 1 atau 2. ini malah dikasih 4 mulai season kemarin pun mau mytic aja gabisa,,apalah moonton ini kasih satu kali menang tiga kali kalah. ini enggk sehari berhari hari aja gitu terus minimal kalo kasih darksystem/bocil kematian 1 atau 2. ini malah dikasih 4 mulai season kemarin pun mau mytic aja gabisa,"['apalah', 'moonton', 'ini', 'kasih', 'satu', 'kali', 'menang', 'tiga', 'kali', 'kalah', '.', 'ini', 'enggk', 'sehari', 'berhari', 'hari', 'aja', 'gitu', 'terus', 'minimal', 'kalo', 'kasih', 'darksystem/bocil', 'kematian', '1', 'atau', '2.', 'ini', 'malah', 'dikasih', '4', 'mulai', 'season', 'kemarin', 'pun', 'mau', 'mytic', 'aja', 'gabisa']","['apalah', 'moonton', 'ini', 'kasih', 'satu', 'kali', 'menang', 'tiga', 'kali', 'kalah', 'ini', 'enggk', 'sehari', 'berhari', 'hari', 'aja', 'gitu', 'terus', 'minimal', 'kalo', 'kasih', 'darksystembocil', 'kematian', 'atau', 'ini', 'malah', 'dikasih', 'mulai', 'season', 'kemarin', 'pun', 'mau', 'mytic', 'aja', 'gabisa']","['satu', 'menang', 'tiga', 'kalah', 'enggk', 'gitu', 'minimal', 'darksystembocil', 'mati', 'mulai', 'season', 'kemarin', 'mytic', 'gabisa']","['apa', 'moonton', 'ini', 'kasih', 'satu', 'kali', 'menang', 'tiga', 'kali', 'kalah', 'ini', 'enggk', 'hari', 'hari', 'hari', 'aja', 'gitu', 'terus', 'minimal', 'kalo', 'kasih', 'darksystembocil', 'mati', 'atau', 'ini', 'malah', 'kasih', 'mulai', 'season', 'kemarin', 'pun', 'mau', 'mytic', 'aja', 'gabisa']","['apa', 'moonton', 'ini', 'kasih', 'satu', 'kali', 'menang', 'tiga', 'kali', 'kalah', 'ini', 'enggk', 'hari', 'hari', 'hari', 'aja', 'gitu', 'terus', 'minimal', 'kalau', 'kasih', 'darksystembocil', 'mati', 'atau', 'ini', 'malah', 'kasih', 'mulai', 'season', 'kemarin', 'pun', 'mau', 'mytic', 'aja', 'gabisa']",,negative
Yaechan Yourbae,I thing The Best '-',,i thing the best '-',"['i', 'thing', 'the', 'best', ""'-"", ""'""]","['i', 'thing', 'the', 'best']","['thing', 'best']","['i', 'thing', 'the', 'best']","['aku', 'thing', 'the', 'best']",,negative
Natzx 72,aku salah apa bg lose Ampe 5x Ama dark sistem padahal rank epic,2.1.18.11201,aku salah apa bg lose ampe 5x ama dark sistem padahal rank epic,"['aku', 'salah', 'apa', 'bg', 'lose', 'ampe', '5x', 'ama', 'dark', 'sistem', 'padahal', 'rank', 'epic']","['aku', 'salah', 'apa', 'bg', 'lose', 'ampe', 'x', 'ama', 'dark', 'sistem', 'padahal', 'rank', 'epic']","['salah', 'bg', 'lose', 'ampe', 'gelap', 'epic']","['aku', 'salah', 'apa', 'bg', 'lose', 'ampe', 'x', 'ama', 'dark', 'sistem', 'padahal', 'rank', 'epic']","['aku', 'salah', 'apa', 'bg', 'lose', 'ampe', 'kali', 'ama', 'gelap', 'sistem', 'padahal', 'rank', 'epic']",,negative
rizki Ff,beuhhhhh game seru broooooo,1.9.99.10932,beuhhhhh game seru broooooo,"['beuhhhhh', 'game', 'seru', 'broooooo']","['beuh', 'game', 'seru', 'bro']","['beuh', 'seru', 'bro']","['beuh', 'game', 'seru', 'bro']","['beuh', 'game', 'seru', 'bro']",,positive
Suheru Supriyadi,"aplikasi drak sistem,,, makin berkembang bukan makin keren malah makin bobrok bubar mnding hps plikasi ML bikin emosi lu",,"aplikasi drak sistem,,, makin berkembang bukan makin keren malah makin bobrok bubar mnding hps plikasi ml bikin emosi lu","['aplikasi', 'drak', 'sistem', ',', ',', ',', 'makin', 'berkembang', 'bukan', 'makin', 'keren', 'malah', 'makin', 'bobrok', 'bubar', 'mnding', 'hps', 'plikasi', 'ml', 'bikin', 'emosi', 'lu']","['aplikasi', 'drak', 'sistem', 'makin', 'berkembang', 'bukan', 'makin', 'keren', 'malah', 'makin', 'bobrok', 'bubar', 'mnding', 'hps', 'plikasi', 'ml', 'bikin', 'emosi', 'lu']","['aplikasi', 'gelap', 'makin', 'kembang', 'bukan', 'makin', 'keren', 'makin', 'buruk', 'bubar', 'mnding', 'hps', 'plikasi', 'emosi']","['aplikasi', 'drak', 'sistem', 'makin', 'kembang', 'bukan', 'makin', 'keren', 'malah', 'makin', 'bobrok', 'bubar', 'mnding', 'hps', 'plikasi', 'ml', 'bikin', 'emosi', 'lu']","['aplikasi', 'gelap', 'sistem', 'makin', 'kembang', 'bukan', 'makin', 'keren', 'malah', 'makin', 'buruk', 'bubar', 'mnding', 'hps', 'plikasi', 'ml', 'bikin', 'emosi', 'kamu']",,negative
Mas Dedex,"GAME SAMPAH,,KASIH RANDOM KOK NOOB MAIN NYA..GAK GUNA GUA KILL BANYAK SELALU KALAH....KEMBALIKAN UANG GUA HABIS BELI SKIN.....OBROLAN MUTE MELULU....SAMPAHHHHH",2.1.18.11201,"game sampah,,kasih random kok noob main nya..gak guna gua kill banyak selalu kalah....kembalikan uang gua habis beli skin.....obrolan mute melulu....sampahhhhh","['game', 'sampah', ',', ',kasih', 'random', 'kok', 'noob', 'main', 'nya', '..', 'gak', 'guna', 'gua', 'kill', 'banyak', 'selalu', 'kalah', '....', 'kembalikan', 'uang', 'gua', 'habis', 'beli', 'skin', '.....', 'obrolan', 'mute', 'melulu', '....', 'sampahhhhh']","['game', 'sampah', 'kasih', 'random', 'kok', 'noob', 'main', 'nya', 'gak', 'guna', 'gua', 'kill', 'banyak', 'selalu', 'kalah', 'kembalikan', 'uang', 'gua', 'habis', 'beli', 'skin', 'obrolan', 'mute', 'melulu', 'sampah']","['sampah', 'random', 'noob', 'guna', 'kill', 'banyak', 'selalu', 'kalah', 'uang', 'habis', 'skin', 'obrol', 'mute', 'melulu', 'sampah']","['game', 'sampah', 'kasih', 'random', 'kok', 'noob', 'main', 'nya', 'gak', 'guna', 'gua', 'kill', 'banyak', 'selalu', 'kalah', 'kembali', 'uang', 'gua', 'habis', 'beli', 'skin', 'obrol', 'mute', 'melulu', 'sampah']","['game', 'sampah', 'kasih', 'random', 'kok', 'noob', 'main', 'nya', 'tidak', 'guna', 'aku', 'kill', 'banyak', 'selalu', 'kalah', 'kembali', 'uang', 'aku', 'habis', 'beli', 'skin', 'obrol', 'mute', 'melulu', 'sampah']",,negative
Na Karina,ls Mulu anj,,ls mulu anj,"['ls', 'mulu', 'anj']","['ls', 'mulu', 'anj']","['ls', 'anj']","['ls', 'mulu', 'anj']","['ls', 'mulu', 'anj']",,negative
Lesley Only,tolong benerin sistem match making nya dapet tim nya kasih yang rank nya setara aku baru saja kalah 6 kali disini kalo begini caranya banyak orang akan pindah game,2.1.18.11201,tolong benerin sistem match making nya dapet tim nya kasih yang rank nya setara aku baru saja kalah 6 kali disini kalo begini caranya banyak orang akan pindah game,"['tolong', 'benerin', 'sistem', 'match', 'making', 'nya', 'dapet', 'tim', 'nya', 'kasih', 'yang', 'rank', 'nya', 'setara', 'aku', 'baru', 'saja', 'kalah', '6', 'kali', 'disini', 'kalo', 'begini', 'caranya', 'banyak', 'orang', 'akan', 'pindah', 'game']","['tolong', 'benerin', 'sistem', 'match', 'making', 'nya', 'dapet', 'tim', 'nya', 'kasih', 'yang', 'rank', 'nya', 'setara', 'aku', 'baru', 'saja', 'kalah', 'kali', 'disini', 'kalo', 'begini', 'caranya', 'banyak', 'orang', 'akan', 'pindah', 'game']","['tolong', 'rusak', 'baru', 'kalah', 'begini', 'banyak', 'pindah']","['tolong', 'benerin', 'sistem', 'match', 'making', 'nya', 'dapet', 'tim', 'nya', 'kasih', 'yang', 'rank', 'nya', 'tara', 'aku', 'baru', 'saja', 'kalah', 'kali', 'sini', 'kalo', 'begini', 'cara', 'banyak', 'orang', 'akan', 'pindah', 'game']","['tolong', 'rusak', 'sistem', 'match', 'making', 'nya', 'dapet', 'team', 'nya', 'kasih', 'yang', 'rank', 'nya', 'tara', 'aku', 'baru', 'saja', 'kalah', 'kali', 'sini', 'kalau', 'begini', 'cara', 'banyak', 'orang', 'akan', 'pindah', 'game']",,negative
Raffa,apalah moonton ksih tim tuh yg setara lh ini gua main turun mulu kpn mnang,,apalah moonton ksih tim tuh yg setara lh ini gua main turun mulu kpn mnang,"['apalah', 'moonton', 'ksih', 'tim', 'tuh', 'yg', 'setara', 'lh', 'ini', 'gua', 'main', 'turun', 'mulu', 'kpn', 'mnang']","['apalah', 'moonton', 'ksih', 'tim', 'tuh', 'yg', 'setara', 'lh', 'ini', 'gua', 'main', 'turun', 'mulu', 'kpn', 'mnang']","['ksih', 'lh', 'turun', 'kpn', 'mnang']","['apa', 'moonton', 'ksih', 'tim', 'tuh', 'yg', 'tara', 'lh', 'ini', 'gua', 'main', 'turun', 'mulu', 'kpn', 'mnang']","['apa', 'moonton', 'ksih', 'team', 'tuh', 'yang', 'tara', 'lh', 'ini', 'aku', 'main', 'turun', 'mulu', 'kpn', 'mnang']",,negative
Dimas Soebroto,"tolong fix bug draft pick, lag bgt",2.1.18.11201,"tolong fix bug draft pick, lag bgt","['tolong', 'fix', 'bug', 'draft', 'pick', ',', 'lag', 'bgt']","['tolong', 'fix', 'bug', 'draft', 'pick', 'lag', 'bgt']","['tolong', 'fix', 'bug', 'draft', 'lag', 'banget']","['tolong', 'fix', 'bug', 'draft', 'pick', 'lag', 'bgt']","['tolong', 'fix', 'bug', 'draft', 'pick', 'lag', 'banget']",,negative
Dimas Kusuma,"bagi pemula yang belum kecanduan jangan main ini, seperti slot di kasih menang berkali kali setelah itu di kasih kalah terus sampai rungkat ketemu team yang gak bisa main dll",2.1.18.11201,"bagi pemula yang belum kecanduan jangan main ini, seperti slot di kasih menang berkali kali setelah itu di kasih kalah terus sampai rungkat ketemu team yang gak bisa main dll","['bagi', 'pemula', 'yang', 'belum', 'kecanduan', 'jangan', 'main', 'ini', ',', 'seperti', 'slot', 'di', 'kasih', 'menang', 'berkali', 'kali', 'setelah', 'itu', 'di', 'kasih', 'kalah', 'terus', 'sampai', 'rungkat', 'ketemu', 'team', 'yang', 'gak', 'bisa', 'main', 'dll']","['bagi', 'pemula', 'yang', 'belum', 'kecanduan', 'jangan', 'main', 'ini', 'seperti', 'slot', 'di', 'kasih', 'menang', 'berkali', 'kali', 'setelah', 'itu', 'di', 'kasih', 'kalah', 'terus', 'sampai', 'rungkat', 'ketemu', 'team', 'yang', 'gak', 'bisa', 'main', 'dll']","['bagi', 'mula', 'belum', 'candu', 'jangan', 'slot', 'menang', 'kalah', 'sampai', 'rungkat', 'ketemu', 'dll']","['bagi', 'mula', 'yang', 'belum', 'candu', 'jangan', 'main', 'ini', 'seperti', 'slot', 'di', 'kasih', 'menang', 'kali', 'kali', 'telah', 'itu', 'di', 'kasih', 'kalah', 'terus', 'sampai', 'rungkat', 'ketemu', 'team', 'yang', 'gak', 'bisa', 'main', 'dll']","['bagi', 'mula', 'yang', 'belum', 'candu', 'jangan', 'main', 'ini', 'seperti', 'slot', 'di', 'kasih', 'menang', 'kali', 'kali', 'telah', 'itu', 'di', 'kasih', 'kalah', 'terus', 'sampai', 'rungkat', 'ketemu', 'team', 'yang', 'tidak', 'bisa', 'main', 'dll']",,negative
Arif Slow,"detik"" kehancuran nih game Aamiin🤲 sdh mulai berkurang playersnya salah satunya kawan"" saya yg sdh mls di bodohi terus sama nih game🤣🤦 game sampah ga adil pembagian teamnya",1.9.11.9836,"detik"" kehancuran nih game aamiin🤲 sdh mulai berkurang playersnya salah satunya kawan"" saya yg sdh mls di bodohi terus sama nih game🤣🤦 game sampah ga adil pembagian teamnya","['detik', ""''"", 'kehancuran', 'nih', 'game', 'aamiin🤲', 'sdh', 'mulai', 'berkurang', 'playersnya', 'salah', 'satunya', 'kawan', ""''"", 'saya', 'yg', 'sdh', 'mls', 'di', 'bodohi', 'terus', 'sama', 'nih', 'game🤣🤦', 'game', 'sampah', 'ga', 'adil', 'pembagian', 'teamnya']","['detik', 'kehancuran', 'nih', 'game', 'aamiin', 'sdh', 'mulai', 'berkurang', 'playersnya', 'salah', 'satunya', 'kawan', 'saya', 'yg', 'sdh', 'mls', 'di', 'bodohi', 'terus', 'sama', 'nih', 'game', 'game', 'sampah', 'ga', 'adil', 'pembagian', 'teamnya']","['detik', 'hancur', 'aamiin', 'sdh', 'mulai', 'kurang', 'playersnya', 'salah', 'satu', 'kawan', 'sdh', 'mls', 'bodoh', 'sampah', 'adil', 'bagi', 'teamnya']","['detik', 'hancur', 'nih', 'game', 'aamiin', 'sdh', 'mulai', 'kurang', 'playersnya', 'salah', 'satu', 'kawan', 'saya', 'yg', 'sdh', 'mls', 'di', 'bodoh', 'terus', 'sama', 'nih', 'game', 'game', 'sampah', 'ga', 'adil', 'bagi', 'teamnya']","['detik', 'hancur', 'nih', 'game', 'aamiin', 'sdh', 'mulai', 'kurang', 'playersnya', 'salah', 'satu', 'kawan', 'aku', 'yang', 'sdh', 'mls', 'di', 'bodoh', 'terus', 'sama', 'nih', 'game', 'game', 'sampah', 'tidak', 'adil', 'bagi', 'teamnya']",,negative
Samoell Sam,game paling jelek,1.9.99.10932,game paling jelek,"['game', 'paling', 'jelek']","['game', 'paling', 'jelek']","['paling', 'jelek']","['game', 'paling', 'jelek']","['game', 'paling', 'jelek']",,negative
Juwir Juwir,woiii moonton kasih lawan tu yang sepadan lah woi masa dapat tim kayak gak ada kontribusi untuk apaa,1.9.33.10117,woiii moonton kasih lawan tu yang sepadan lah woi masa dapat tim kayak gak ada kontribusi untuk apaa,"['woiii', 'moonton', 'kasih', 'lawan', 'tu', 'yang', 'sepadan', 'lah', 'woi', 'masa', 'dapat', 'tim', 'kayak', 'gak', 'ada', 'kontribusi', 'untuk', 'apaa']","['woi', 'moonton', 'kasih', 'lawan', 'tu', 'yang', 'sepadan', 'lah', 'woi', 'masa', 'dapat', 'tim', 'kayak', 'gak', 'ada', 'kontribusi', 'untuk', 'apaa']","['buruk', 'lawan', 'tu', 'padan', 'buruk', 'masa', 'kontribusi', 'apaa']","['woi', 'moonton', 'kasih', 'lawan', 'tu', 'yang', 'padan', 'lah', 'woi', 'masa', 'dapat', 'tim', 'kayak', 'gak', 'ada', 'kontribusi', 'untuk', 'apaa']","['buruk', 'moonton', 'kasih', 'lawan', 'tu', 'yang', 'padan', 'lah', 'buruk', 'masa', 'dapat', 'team', 'seperti', 'tidak', 'ada', 'kontribusi', 'untuk', 'apaa']",,neutral
lolipop ???,"montoon tolol, saya udh main brpa kali kalah trus, menang nya 2 kali kalah nya bisa Sampek 5 kali Gilak emang montoon ini, emang GX ad otak. besok2 di perbaiki LG jangan lah kaya gitu trus, nyengsarain player nya aja emang.",,"montoon tolol, saya udh main brpa kali kalah trus, menang nya 2 kali kalah nya bisa sampek 5 kali gilak emang montoon ini, emang gx ad otak. besok2 di perbaiki lg jangan lah kaya gitu trus, nyengsarain player nya aja emang.","['montoon', 'tolol', ',', 'saya', 'udh', 'main', 'brpa', 'kali', 'kalah', 'trus', ',', 'menang', 'nya', '2', 'kali', 'kalah', 'nya', 'bisa', 'sampek', '5', 'kali', 'gilak', 'emang', 'montoon', 'ini', ',', 'emang', 'gx', 'ad', 'otak', '.', 'besok2', 'di', 'perbaiki', 'lg', 'jangan', 'lah', 'kaya', 'gitu', 'trus', ',', 'nyengsarain', 'player', 'nya', 'aja', 'emang', '.']","['montoon', 'tolol', 'saya', 'udh', 'main', 'brpa', 'kali', 'kalah', 'trus', 'menang', 'nya', 'kali', 'kalah', 'nya', 'bisa', 'sampek', 'kali', 'gilak', 'emang', 'montoon', 'ini', 'emang', 'gx', 'ad', 'otak', 'besok', 'di', 'perbaiki', 'lg', 'jangan', 'lah', 'kaya', 'gitu', 'trus', 'nyengsarain', 'player', 'nya', 'aja', 'emang']","['tolol', 'sudah', 'brpa', 'kalah', 'menang', 'kalah', 'sampek', 'gilak', 'gx', 'ad', 'otak', 'besok', 'baik', 'lg', 'jangan', 'gitu', 'nyengsarain']","['montoon', 'tolol', 'saya', 'udh', 'main', 'brpa', 'kali', 'kalah', 'trus', 'menang', 'nya', 'kali', 'kalah', 'nya', 'bisa', 'sampek', 'kali', 'gilak', 'emang', 'montoon', 'ini', 'emang', 'gx', 'ad', 'otak', 'besok', 'di', 'baik', 'lg', 'jangan', 'lah', 'kaya', 'gitu', 'trus', 'nyengsarain', 'player', 'nya', 'aja', 'emang']","['moonton', 'tolol', 'aku', 'sudah', 'main', 'brpa', 'kali', 'kalah', 'terus', 'menang', 'nya', 'kali', 'kalah', 'nya', 'bisa', 'sampek', 'kali', 'gilak', 'memang', 'moonton', 'ini', 'memang', 'gx', 'ad', 'otak', 'besok', 'di', 'baik', 'lg', 'jangan', 'lah', 'seperti', 'gitu', 'terus', 'nyengsarain', 'player', 'nya', 'aja', 'memang']",,negative
mochaziz firmansyah_,"Bintang 1 dulu, Karna sistem pemilihan team sering terjadinya keadaan tim yang tidak setara, kurang tegas terhadap pemain yang memang berniat untuk ngefeed dalam permainan.",1.9.99.10932,"bintang 1 dulu, karna sistem pemilihan team sering terjadinya keadaan tim yang tidak setara, kurang tegas terhadap pemain yang memang berniat untuk ngefeed dalam permainan.","['bintang', '1', 'dulu', ',', 'karna', 'sistem', 'pemilihan', 'team', 'sering', 'terjadinya', 'keadaan', 'tim', 'yang', 'tidak', 'setara', ',', 'kurang', 'tegas', 'terhadap', 'pemain', 'yang', 'memang', 'berniat', 'untuk', 'ngefeed', 'dalam', 'permainan', '.']","['bintang', 'dulu', 'karna', 'sistem', 'pemilihan', 'team', 'sering', 'terjadinya', 'keadaan', 'tim', 'yang', 'tidak', 'setara', 'kurang', 'tegas', 'terhadap', 'pemain', 'yang', 'memang', 'berniat', 'untuk', 'ngefeed', 'dalam', 'permainan']","['bintang', 'pilih', 'kurang', 'tegas', 'hadap', 'niat', 'ngefeed', 'dalam']","['bintang', 'dulu', 'karna', 'sistem', 'pilih', 'team', 'sering', 'jadi', 'ada', 'tim', 'yang', 'tidak', 'tara', 'kurang', 'tegas', 'hadap', 'main', 'yang', 'memang', 'niat', 'untuk', 'ngefeed', 'dalam', 'main']","['bintang', 'dulu', 'karena', 'sistem', 'pilih', 'team', 'sering', 'jadi', 'ada', 'team', 'yang', 'tidak', 'tara', 'kurang', 'tegas', 'hadap', 'main', 'yang', 'memang', 'niat', 'untuk', 'ngefeed', 'dalam', 'main']",,negative
Ilham Yudistira,game kontol,2.1.18.11201,game kontol,"['game', 'kontol']","['game', 'kontol']",['kontol'],"['game', 'kontol']","['game', 'kontol']",,negative
Kang Slentheng,"game bikin stress menang 1x kalah sampai 4 kali game penyeimbangan tim gk adil ,, perbedaan rank bagusan dulu sekarang kaya anj",2.1.18.11201,"game bikin stress menang 1x kalah sampai 4 kali game penyeimbangan tim gk adil ,, perbedaan rank bagusan dulu sekarang kaya anj","['game', 'bikin', 'stress', 'menang', '1x', 'kalah', 'sampai', '4', 'kali', 'game', 'penyeimbangan', 'tim', 'gk', 'adil', ',', ',', 'perbedaan', 'rank', 'bagusan', 'dulu', 'sekarang', 'kaya', 'anj']","['game', 'bikin', 'stress', 'menang', 'x', 'kalah', 'sampai', 'kali', 'game', 'penyeimbangan', 'tim', 'gk', 'adil', 'perbedaan', 'rank', 'bagusan', 'dulu', 'sekarang', 'kaya', 'anj']","['stres', 'menang', 'kalah', 'sampai', 'imbang', 'adil', 'beda', 'bagus', 'sekarang', 'anj']","['game', 'bikin', 'stress', 'menang', 'x', 'kalah', 'sampai', 'kali', 'game', 'imbang', 'tim', 'gk', 'adil', 'beda', 'rank', 'bagus', 'dulu', 'sekarang', 'kaya', 'anj']","['game', 'bikin', 'stres', 'menang', 'kali', 'kalah', 'sampai', 'kali', 'game', 'imbang', 'team', 'tidak', 'adil', 'beda', 'rank', 'bagus', 'dulu', 'sekarang', 'seperti', 'anj']",,negative
Seunja,makin kesini ini game makin ruksak apalagi masalah jaringan di lobby hijau drapick juga hijau pas mau masuk game tiba tiba nge freeze jaringan terputus ampun parah bener makin kesini padahal penyimpanan ponsel masih luas alhasil harus apk bikin ga nyaman malah muak terus terusan kaya gitu,2.1.18.11201,makin kesini ini game makin ruksak apalagi masalah jaringan di lobby hijau drapick juga hijau pas mau masuk game tiba tiba nge freeze jaringan terputus ampun parah bener makin kesini padahal penyimpanan ponsel masih luas alhasil harus apk bikin ga nyaman malah muak terus terusan kaya gitu,"['makin', 'kesini', 'ini', 'game', 'makin', 'ruksak', 'apalagi', 'masalah', 'jaringan', 'di', 'lobby', 'hijau', 'drapick', 'juga', 'hijau', 'pas', 'mau', 'masuk', 'game', 'tiba', 'tiba', 'nge', 'freeze', 'jaringan', 'terputus', 'ampun', 'parah', 'bener', 'makin', 'kesini', 'padahal', 'penyimpanan', 'ponsel', 'masih', 'luas', 'alhasil', 'harus', 'apk', 'bikin', 'ga', 'nyaman', 'malah', 'muak', 'terus', 'terusan', 'kaya', 'gitu']","['makin', 'kesini', 'ini', 'game', 'makin', 'ruksak', 'apalagi', 'masalah', 'jaringan', 'di', 'lobby', 'hijau', 'drapick', 'juga', 'hijau', 'pas', 'mau', 'masuk', 'game', 'tiba', 'tiba', 'nge', 'freeze', 'jaringan', 'terputus', 'ampun', 'parah', 'bener', 'makin', 'kesini', 'padahal', 'penyimpanan', 'ponsel', 'masih', 'luas', 'alhasil', 'harus', 'apk', 'bikin', 'ga', 'nyaman', 'malah', 'muak', 'terus', 'terusan', 'kaya', 'gitu']","['makin', 'makin', 'ruksak', 'masalah', 'lobby', 'hijau', 'drapick', 'hijau', 'masuk', 'freeze', 'putus', 'ampun', 'parah', 'benar', 'makin', 'ponsel', 'luas', 'alhasil', 'apk', 'nyaman', 'muak', 'gitu']","['makin', 'kesini', 'ini', 'game', 'makin', 'ruksak', 'apalagi', 'masalah', 'jaring', 'di', 'lobby', 'hijau', 'drapick', 'juga', 'hijau', 'pas', 'mau', 'masuk', 'game', 'tiba', 'tiba', 'nge', 'freeze', 'jaring', 'putus', 'ampun', 'parah', 'bener', 'makin', 'kesini', 'padahal', 'simpan', 'ponsel', 'masih', 'luas', 'alhasil', 'harus', 'apk', 'bikin', 'ga', 'nyaman', 'malah', 'muak', 'terus', 'terus', 'kaya', 'gitu']","['makin', 'kesini', 'ini', 'game', 'makin', 'ruksak', 'apalagi', 'masalah', 'jaring', 'di', 'lobby', 'hijau', 'drapick', 'juga', 'hijau', 'pas', 'mau', 'masuk', 'game', 'tiba', 'tiba', 'nge', 'freeze', 'jaring', 'putus', 'ampun', 'parah', 'benar', 'makin', 'kesini', 'padahal', 'simpan', 'ponsel', 'masih', 'luas', 'alhasil', 'harus', 'apk', 'bikin', 'tidak', 'nyaman', 'malah', 'muak', 'terus', 'terus', 'seperti', 'gitu']",,negative
Carlos Steven,game ga jelas banyakan botnya yang maen,2.1.18.11201,game ga jelas banyakan botnya yang maen,"['game', 'ga', 'jelas', 'banyakan', 'botnya', 'yang', 'maen']","['game', 'ga', 'jelas', 'banyakan', 'botnya', 'yang', 'maen']","['jelas', 'banyak', 'bot']","['game', 'ga', 'jelas', 'banyak', 'bot', 'yang', 'maen']","['game', 'tidak', 'jelas', 'banyak', 'bot', 'yang', 'main']",,negative
Andrean,monton kontol,2.1.18.11201,monton kontol,"['monton', 'kontol']","['monton', 'kontol']",['kontol'],"['monton', 'kontol']","['moonton', 'kontol']",,negative
Yusup 03,knpa skrng jringn bgus tapi ngelag jringan ijo klau merah sih gk slh ini mh hijo tapi kaya jringn merah,2.1.18.11201,knpa skrng jringn bgus tapi ngelag jringan ijo klau merah sih gk slh ini mh hijo tapi kaya jringn merah,"['knpa', 'skrng', 'jringn', 'bgus', 'tapi', 'ngelag', 'jringan', 'ijo', 'klau', 'merah', 'sih', 'gk', 'slh', 'ini', 'mh', 'hijo', 'tapi', 'kaya', 'jringn', 'merah']","['knpa', 'skrng', 'jringn', 'bgus', 'tapi', 'ngelag', 'jringan', 'ijo', 'klau', 'merah', 'sih', 'gk', 'slh', 'ini', 'mh', 'hijo', 'tapi', 'kaya', 'jringn', 'merah']","['knpa', 'skrng', 'jringn', 'bgus', 'lag', 'jringan', 'ijo', 'klau', 'merah', 'slh', 'mh', 'hijo', 'jringn', 'merah']","['knpa', 'skrng', 'jringn', 'bgus', 'tapi', 'ngelag', 'jringan', 'ijo', 'klau', 'merah', 'sih', 'gk', 'slh', 'ini', 'mh', 'hijo', 'tapi', 'kaya', 'jringn', 'merah']","['knpa', 'skrng', 'jringn', 'bgus', 'tapi', 'lag', 'jringan', 'ijo', 'klau', 'merah', 'sih', 'tidak', 'slh', 'ini', 'mh', 'hijo', 'tapi', 'seperti', 'jringn', 'merah']",,negative
Endas Black,pertandingan di atur montoon biar ga naik.ini game paling menjengkelkan,1.9.42.10341,pertandingan di atur montoon biar ga naik.ini game paling menjengkelkan,"['pertandingan', 'di', 'atur', 'montoon', 'biar', 'ga', 'naik.ini', 'game', 'paling', 'menjengkelkan']","['pertandingan', 'di', 'atur', 'montoon', 'biar', 'ga', 'naikini', 'game', 'paling', 'menjengkelkan']","['tanding', 'atur', 'biar', 'naikini', 'paling', 'jengkel']","['tanding', 'di', 'atur', 'montoon', 'biar', 'ga', 'naikini', 'game', 'paling', 'jengkel']","['tanding', 'di', 'atur', 'moonton', 'biar', 'tidak', 'naikini', 'game', 'paling', 'jengkel']",,negative
Rasyid Erdian,"tidak pernah adil dalam match making pertandingan, dan gajelas dalam mode rankednya tidak lawannya tidak setara dengan tier ranknya",2.1.18.11201,"tidak pernah adil dalam match making pertandingan, dan gajelas dalam mode rankednya tidak lawannya tidak setara dengan tier ranknya","['tidak', 'pernah', 'adil', 'dalam', 'match', 'making', 'pertandingan', ',', 'dan', 'gajelas', 'dalam', 'mode', 'rankednya', 'tidak', 'lawannya', 'tidak', 'setara', 'dengan', 'tier', 'ranknya']","['tidak', 'pernah', 'adil', 'dalam', 'match', 'making', 'pertandingan', 'dan', 'gajelas', 'dalam', 'mode', 'rankednya', 'tidak', 'lawannya', 'tidak', 'setara', 'dengan', 'tier', 'ranknya']","['pernah', 'adil', 'dalam', 'tanding', 'gajelas', 'dalam', 'rankednya', 'lawan', 'tier', 'ranknya']","['tidak', 'pernah', 'adil', 'dalam', 'match', 'making', 'tanding', 'dan', 'gajelas', 'dalam', 'mode', 'rankednya', 'tidak', 'lawan', 'tidak', 'tara', 'dengan', 'tier', 'ranknya']","['tidak', 'pernah', 'adil', 'dalam', 'match', 'making', 'tanding', 'dan', 'gajelas', 'dalam', 'mode', 'rankednya', 'tidak', 'lawan', 'tidak', 'tara', 'dengan', 'tier', 'ranknya']",,negative
Fahmi Herdiansyah,"Sangat mengecewakan masa tim musuh jago tapi tim sendiri lolot,, lag parah 👍",2.1.18.11201,"sangat mengecewakan masa tim musuh jago tapi tim sendiri lolot,, lag parah 👍","['sangat', 'mengecewakan', 'masa', 'tim', 'musuh', 'jago', 'tapi', 'tim', 'sendiri', 'lolot', ',', ',', 'lag', 'parah', '👍']","['sangat', 'mengecewakan', 'masa', 'tim', 'musuh', 'jago', 'tapi', 'tim', 'sendiri', 'lolot', 'lag', 'parah']","['kecewa', 'masa', 'musuh', 'jago', 'sendiri', 'lolot', 'lag', 'parah']","['sangat', 'kecewa', 'masa', 'tim', 'musuh', 'jago', 'tapi', 'tim', 'sendiri', 'lolot', 'lag', 'parah']","['sangat', 'kecewa', 'masa', 'team', 'musuh', 'jago', 'tapi', 'team', 'sendiri', 'lolot', 'lag', 'parah']",,negative
Arman Maulana,cape ketemu tim poke musuh jago jangan download kalo gamau stres,1.9.93.10904,cape ketemu tim poke musuh jago jangan download kalo gamau stres,"['cape', 'ketemu', 'tim', 'poke', 'musuh', 'jago', 'jangan', 'download', 'kalo', 'gamau', 'stres']","['cape', 'ketemu', 'tim', 'poke', 'musuh', 'jago', 'jangan', 'download', 'kalo', 'gamau', 'stres']","['cape', 'ketemu', 'poke', 'musuh', 'jago', 'jangan', 'gamau', 'stres']","['cape', 'ketemu', 'tim', 'poke', 'musuh', 'jago', 'jangan', 'download', 'kalo', 'gamau', 'stres']","['cape', 'ketemu', 'team', 'poke', 'musuh', 'jago', 'jangan', 'download', 'kalau', 'gamau', 'stres']",,negative
20_Arsyad Nur Aini,"sampah, main dapet dark sistem mulu, lu pisah lah yg main solo sama partian anj, game busuk",2.1.18.11201,"sampah, main dapet dark sistem mulu, lu pisah lah yg main solo sama partian anj, game busuk","['sampah', ',', 'main', 'dapet', 'dark', 'sistem', 'mulu', ',', 'lu', 'pisah', 'lah', 'yg', 'main', 'solo', 'sama', 'partian', 'anj', ',', 'game', 'busuk']","['sampah', 'main', 'dapet', 'dark', 'sistem', 'mulu', 'lu', 'pisah', 'lah', 'yg', 'main', 'solo', 'sama', 'partian', 'anj', 'game', 'busuk']","['sampah', 'gelap', 'pisah', 'partian', 'anj', 'busuk']","['sampah', 'main', 'dapet', 'dark', 'sistem', 'mulu', 'lu', 'pisah', 'lah', 'yg', 'main', 'solo', 'sama', 'partian', 'anj', 'game', 'busuk']","['sampah', 'main', 'dapet', 'gelap', 'sistem', 'mulu', 'kamu', 'pisah', 'lah', 'yang', 'main', 'solo', 'sama', 'partian', 'anj', 'game', 'busuk']",,negative
Dhilli Fadlillah,dapet tim yangg bot musuhnya jagoo gakk pas suu,2.1.18.11201,dapet tim yangg bot musuhnya jagoo gakk pas suu,"['dapet', 'tim', 'yangg', 'bot', 'musuhnya', 'jagoo', 'gakk', 'pas', 'suu']","['dapet', 'tim', 'yangg', 'bot', 'musuhnya', 'jagoo', 'gakk', 'pas', 'suu']","['yangg', 'bot', 'musuh', 'jagoo', 'gakk', 'suu']","['dapet', 'tim', 'yangg', 'bot', 'musuh', 'jagoo', 'gakk', 'pas', 'suu']","['dapet', 'team', 'yangg', 'bot', 'musuh', 'jagoo', 'gakk', 'pas', 'suu']",,negative
Damer Poetra,sinya penuh game ngeleh mulu game tolol kaya buatnya tolol asu,2.1.18.11201,sinya penuh game ngeleh mulu game tolol kaya buatnya tolol asu,"['sinya', 'penuh', 'game', 'ngeleh', 'mulu', 'game', 'tolol', 'kaya', 'buatnya', 'tolol', 'asu']","['sinya', 'penuh', 'game', 'ngeleh', 'mulu', 'game', 'tolol', 'kaya', 'buatnya', 'tolol', 'asu']","['sinya', 'penuh', 'ngeleh', 'tolol', 'tolol', 'asu']","['sinya', 'penuh', 'game', 'ngeleh', 'mulu', 'game', 'tolol', 'kaya', 'buat', 'tolol', 'asu']","['sinya', 'penuh', 'game', 'ngeleh', 'mulu', 'game', 'tolol', 'seperti', 'buat', 'tolol', 'asu']",,negative
kiddo,"jelek game nya, ls mulu, burik",,"jelek game nya, ls mulu, burik","['jelek', 'game', 'nya', ',', 'ls', 'mulu', ',', 'burik']","['jelek', 'game', 'nya', 'ls', 'mulu', 'burik']","['jelek', 'ls', 'buruk']","['jelek', 'game', 'nya', 'ls', 'mulu', 'burik']","['jelek', 'game', 'nya', 'ls', 'mulu', 'buruk']",,negative
Wardi yanto,ml babi stak epik 1 2 dapet tim babi terus klonnga musuh full mitik begok,2.1.18.11201,ml babi stak epik 1 2 dapet tim babi terus klonnga musuh full mitik begok,"['ml', 'babi', 'stak', 'epik', '1', '2', 'dapet', 'tim', 'babi', 'terus', 'klonnga', 'musuh', 'full', 'mitik', 'begok']","['ml', 'babi', 'stak', 'epik', 'dapet', 'tim', 'babi', 'terus', 'klonnga', 'musuh', 'full', 'mitik', 'begok']","['babi', 'stak', 'epik', 'babi', 'klonnga', 'musuh', 'full', 'mitik', 'begok']","['ml', 'babi', 'stak', 'epik', 'dapet', 'tim', 'babi', 'terus', 'klonnga', 'musuh', 'full', 'mitik', 'begok']","['ml', 'babi', 'stak', 'epik', 'dapet', 'team', 'babi', 'terus', 'klonnga', 'musuh', 'full', 'mitik', 'begok']",,negative
Trimo Trim,gem gk punya hati di kasih tim gk jelas menang 1 kalah 3 jadi gk bisa buat ngilangin stres,2.1.18.11201,gem gk punya hati di kasih tim gk jelas menang 1 kalah 3 jadi gk bisa buat ngilangin stres,"['gem', 'gk', 'punya', 'hati', 'di', 'kasih', 'tim', 'gk', 'jelas', 'menang', '1', 'kalah', '3', 'jadi', 'gk', 'bisa', 'buat', 'ngilangin', 'stres']","['gem', 'gk', 'punya', 'hati', 'di', 'kasih', 'tim', 'gk', 'jelas', 'menang', 'kalah', 'jadi', 'gk', 'bisa', 'buat', 'ngilangin', 'stres']","['punya', 'hati', 'jelas', 'menang', 'kalah', 'ngilangin', 'stres']","['gem', 'gk', 'punya', 'hati', 'di', 'kasih', 'tim', 'gk', 'jelas', 'menang', 'kalah', 'jadi', 'gk', 'bisa', 'buat', 'ngilangin', 'stres']","['game', 'tidak', 'punya', 'hati', 'di', 'kasih', 'team', 'tidak', 'jelas', 'menang', 'kalah', 'jadi', 'tidak', 'bisa', 'buat', 'ngilangin', 'stres']",,negative
Helga Fenty Permata Sari,MLBB DI LAWAN YANG MENANG ATAU KALAH TIDAK APAPA GAK MASALAH SAJA,,mlbb di lawan yang menang atau kalah tidak apapa gak masalah saja,"['mlbb', 'di', 'lawan', 'yang', 'menang', 'atau', 'kalah', 'tidak', 'apapa', 'gak', 'masalah', 'saja']","['mlbb', 'di', 'lawan', 'yang', 'menang', 'atau', 'kalah', 'tidak', 'apapa', 'gak', 'masalah', 'saja']","['lawan', 'menang', 'kalah', 'apapa', 'masalah']","['mlbb', 'di', 'lawan', 'yang', 'menang', 'atau', 'kalah', 'tidak', 'apapa', 'gak', 'masalah', 'saja']","['mlbb', 'di', 'lawan', 'yang', 'menang', 'atau', 'kalah', 'tidak', 'apapa', 'tidak', 'masalah', 'saja']",,negative
Arinta Rizkia,"bosok jaringan merah tiba tiba, pdhl aku nonton yt, main Roblox pun lancar jaya game bosok (ga ada perubahan)",2.1.18.11201,"bosok jaringan merah tiba tiba, pdhl aku nonton yt, main roblox pun lancar jaya game bosok (ga ada perubahan)","['bosok', 'jaringan', 'merah', 'tiba', 'tiba', ',', 'pdhl', 'aku', 'nonton', 'yt', ',', 'main', 'roblox', 'pun', 'lancar', 'jaya', 'game', 'bosok', '(', 'ga', 'ada', 'perubahan', ')']","['bosok', 'jaringan', 'merah', 'tiba', 'tiba', 'pdhl', 'aku', 'nonton', 'yt', 'main', 'roblox', 'pun', 'lancar', 'jaya', 'game', 'bosok', 'ga', 'ada', 'perubahan']","['buruk', 'merah', 'pdhl', 'nonton', 'yt', 'roblox', 'lancar', 'jaya', 'buruk', 'ubah']","['bosok', 'jaring', 'merah', 'tiba', 'tiba', 'pdhl', 'aku', 'nonton', 'yt', 'main', 'roblox', 'pun', 'lancar', 'jaya', 'game', 'bosok', 'ga', 'ada', 'ubah']","['buruk', 'jaring', 'merah', 'tiba', 'tiba', 'pdhl', 'aku', 'nonton', 'yt', 'main', 'roblox', 'pun', 'lancar', 'jaya', 'game', 'buruk', 'tidak', 'ada', 'ubah']",,negative
Ryuu,"game porno, merusak mental & pikiran.",,"game porno, merusak mental & pikiran.","['game', 'porno', ',', 'merusak', 'mental', '&', 'pikiran', '.']","['game', 'porno', 'merusak', 'mental', 'pikiran']","['porno', 'rusak', 'mental', 'pikir']","['game', 'porno', 'rusak', 'mental', 'pikir']","['game', 'porno', 'rusak', 'mental', 'pikir']",,negative
Aura Rejeki,game kagak adil kontooool asuuu,,game kagak adil kontooool asuuu,"['game', 'kagak', 'adil', 'kontooool', 'asuuu']","['game', 'kagak', 'adil', 'kontol', 'asu']","['kagak', 'adil', 'kontol', 'asu']","['game', 'kagak', 'adil', 'kontol', 'asu']","['game', 'kagak', 'adil', 'kontol', 'asu']",,positive
Ga Ada Akhlak,GAMEK ONTOL NGELAG MULU NGENTOD,1.9.48.10373,gamek ontol ngelag mulu ngentod,"['gamek', 'ontol', 'ngelag', 'mulu', 'ngentod']","['gamek', 'ontol', 'ngelag', 'mulu', 'ngentod']","['gamek', 'ontol', 'lag', 'ngentod']","['gamek', 'ontol', 'ngelag', 'mulu', 'ngentod']","['gamek', 'ontol', 'lag', 'mulu', 'ngentod']",,negative
Lang Putra,WOY MOONTON MUSNAHKAN DARI SISTEM,2.1.18.11201,woy moonton musnahkan dari sistem,"['woy', 'moonton', 'musnahkan', 'dari', 'sistem']","['woy', 'moonton', 'musnahkan', 'dari', 'sistem']","['woy', 'musnah']","['woy', 'moonton', 'musnah', 'dari', 'sistem']","['woy', 'moonton', 'musnah', 'dari', 'sistem']",,negative
Azka A Rianto,Moonton saya tahu jika anda itu menginginkan saya bermain terus dan ketagihan tapi caranya ya yang sportif tidak dengan cara curang .Anda curang karena memberikan saya teman komputer anda sendiri yang tidak bisa main dengan nickname yang hampir sama biasanya ada angkanya.Kalau anda terus melakukan cara curang seperti itu untuk membuat saya ketagihan anda salah justru saya akan menghapus game ini,1.9.99.10932,moonton saya tahu jika anda itu menginginkan saya bermain terus dan ketagihan tapi caranya ya yang sportif tidak dengan cara curang .anda curang karena memberikan saya teman komputer anda sendiri yang tidak bisa main dengan nickname yang hampir sama biasanya ada angkanya.kalau anda terus melakukan cara curang seperti itu untuk membuat saya ketagihan anda salah justru saya akan menghapus game ini,"['moonton', 'saya', 'tahu', 'jika', 'anda', 'itu', 'menginginkan', 'saya', 'bermain', 'terus', 'dan', 'ketagihan', 'tapi', 'caranya', 'ya', 'yang', 'sportif', 'tidak', 'dengan', 'cara', 'curang', '.anda', 'curang', 'karena', 'memberikan', 'saya', 'teman', 'komputer', 'anda', 'sendiri', 'yang', 'tidak', 'bisa', 'main', 'dengan', 'nickname', 'yang', 'hampir', 'sama', 'biasanya', 'ada', 'angkanya.kalau', 'anda', 'terus', 'melakukan', 'cara', 'curang', 'seperti', 'itu', 'untuk', 'membuat', 'saya', 'ketagihan', 'anda', 'salah', 'justru', 'saya', 'akan', 'menghapus', 'game', 'ini']","['moonton', 'saya', 'tahu', 'jika', 'anda', 'itu', 'menginginkan', 'saya', 'bermain', 'terus', 'dan', 'ketagihan', 'tapi', 'caranya', 'ya', 'yang', 'sportif', 'tidak', 'dengan', 'cara', 'curang', 'anda', 'curang', 'karena', 'memberikan', 'saya', 'teman', 'komputer', 'anda', 'sendiri', 'yang', 'tidak', 'bisa', 'main', 'dengan', 'nickname', 'yang', 'hampir', 'sama', 'biasanya', 'ada', 'angkanyakalau', 'anda', 'terus', 'melakukan', 'cara', 'curang', 'seperti', 'itu', 'untuk', 'membuat', 'saya', 'ketagihan', 'anda', 'salah', 'justru', 'saya', 'akan', 'menghapus', 'game', 'ini']","['tahu', 'jika', 'tagih', 'sportif', 'curang', 'curang', 'beri', 'teman', 'komputer', 'sendiri', 'nickname', 'hampir', 'biasa', 'angkanyakalau', 'laku', 'curang', 'tagih', 'salah', 'justru', 'hapus']","['moonton', 'saya', 'tahu', 'jika', 'anda', 'itu', 'ingin', 'saya', 'main', 'terus', 'dan', 'tagih', 'tapi', 'cara', 'ya', 'yang', 'sportif', 'tidak', 'dengan', 'cara', 'curang', 'anda', 'curang', 'karena', 'beri', 'saya', 'teman', 'komputer', 'anda', 'sendiri', 'yang', 'tidak', 'bisa', 'main', 'dengan', 'nickname', 'yang', 'hampir', 'sama', 'biasa', 'ada', 'angkanyakalau', 'anda', 'terus', 'laku', 'cara', 'curang', 'seperti', 'itu', 'untuk', 'buat', 'saya', 'tagih', 'anda', 'salah', 'justru', 'saya', 'akan', 'hapus', 'game', 'ini']","['moonton', 'aku', 'tahu', 'jika', 'kamu', 'itu', 'ingin', 'aku', 'main', 'terus', 'dan', 'tagih', 'tapi', 'cara', 'ya', 'yang', 'sportif', 'tidak', 'dengan', 'cara', 'curang', 'kamu', 'curang', 'karena', 'beri', 'aku', 'teman', 'komputer', 'kamu', 'sendiri', 'yang', 'tidak', 'bisa', 'main', 'dengan', 'nickname', 'yang', 'hampir', 'sama', 'biasa', 'ada', 'angkanyakalau', 'kamu', 'terus', 'laku', 'cara', 'curang', 'seperti', 'itu', 'untuk', 'buat', 'aku', 'tagih', 'kamu', 'salah', 'justru', 'aku', 'akan', 'hapus', 'game', 'ini']",,positive
Goess 21,"game kontolllll, anjinggg",2.1.18.11201,"game kontolllll, anjinggg","['game', 'kontolllll', ',', 'anjinggg']","['game', 'kontol', 'anjing']","['kontol', 'anjing']","['game', 'kontol', 'anjing']","['game', 'kontol', 'anjing']",,negative
Frans Kiki,mantap,2.1.02.10935,mantap,['mantap'],['mantap'],['mantap'],['mantap'],['mantap'],,positive
Egi manik S,kasi tim yang baik lah muntun jgan kasi dark sistem mulu lahh,,kasi tim yang baik lah muntun jgan kasi dark sistem mulu lahh,"['kasi', 'tim', 'yang', 'baik', 'lah', 'muntun', 'jgan', 'kasi', 'dark', 'sistem', 'mulu', 'lahh']","['kasi', 'tim', 'yang', 'baik', 'lah', 'muntun', 'jgan', 'kasi', 'dark', 'sistem', 'mulu', 'lahh']","['kasi', 'baik', 'muntun', 'jgan', 'kasi', 'gelap', 'lahh']","['kasi', 'tim', 'yang', 'baik', 'lah', 'muntun', 'jgan', 'kasi', 'dark', 'sistem', 'mulu', 'lahh']","['kasi', 'team', 'yang', 'baik', 'lah', 'muntun', 'jgan', 'kasi', 'gelap', 'sistem', 'mulu', 'lahh']",,negative
115_Ahmad Afaillah Hadzafi,bane mohon di sesuikan lagi moonton,,bane mohon di sesuikan lagi moonton,"['bane', 'mohon', 'di', 'sesuikan', 'lagi', 'moonton']","['bane', 'mohon', 'di', 'sesuikan', 'lagi', 'moonton']","['bane', 'mohon', 'sesuikan']","['bane', 'mohon', 'di', 'sesuikan', 'lagi', 'moonton']","['bane', 'mohon', 'di', 'sesuikan', 'lagi', 'moonton']",,negative
Jeremia Siahaan,hehh moonton kasih tim yang bagus lah capek kali aku aku kasih bintang 1 kalau player ya gak bagus kalau kau kasih player yang bagus ku kasih kau bintang 5,2.1.18.11201,hehh moonton kasih tim yang bagus lah capek kali aku aku kasih bintang 1 kalau player ya gak bagus kalau kau kasih player yang bagus ku kasih kau bintang 5,"['hehh', 'moonton', 'kasih', 'tim', 'yang', 'bagus', 'lah', 'capek', 'kali', 'aku', 'aku', 'kasih', 'bintang', '1', 'kalau', 'player', 'ya', 'gak', 'bagus', 'kalau', 'kau', 'kasih', 'player', 'yang', 'bagus', 'ku', 'kasih', 'kau', 'bintang', '5']","['hehh', 'moonton', 'kasih', 'tim', 'yang', 'bagus', 'lah', 'capek', 'kali', 'aku', 'aku', 'kasih', 'bintang', 'kalau', 'player', 'ya', 'gak', 'bagus', 'kalau', 'kau', 'kasih', 'player', 'yang', 'bagus', 'ku', 'kasih', 'kau', 'bintang']","['hehh', 'bagus', 'capek', 'bintang', 'bagus', 'kau', 'bagus', 'kau', 'bintang']","['hehh', 'moonton', 'kasih', 'tim', 'yang', 'bagus', 'lah', 'capek', 'kali', 'aku', 'aku', 'kasih', 'bintang', 'kalau', 'player', 'ya', 'gak', 'bagus', 'kalau', 'kau', 'kasih', 'player', 'yang', 'bagus', 'ku', 'kasih', 'kau', 'bintang']","['hehh', 'moonton', 'kasih', 'team', 'yang', 'bagus', 'lah', 'capek', 'kali', 'aku', 'aku', 'kasih', 'bintang', 'kalau', 'player', 'ya', 'tidak', 'bagus', 'kalau', 'kau', 'kasih', 'player', 'yang', 'bagus', 'ku', 'kasih', 'kau', 'bintang']",,negative
Elwin Padandi,"masalah penyeimbangan match total pertandingan 1k ketemu player tim match tidak sampai 100,, moonton kocak rusak,,",2.1.18.11201,"masalah penyeimbangan match total pertandingan 1k ketemu player tim match tidak sampai 100,, moonton kocak rusak,,","['masalah', 'penyeimbangan', 'match', 'total', 'pertandingan', '1k', 'ketemu', 'player', 'tim', 'match', 'tidak', 'sampai', '100', ',', ',', 'moonton', 'kocak', 'rusak', ',', ',']","['masalah', 'penyeimbangan', 'match', 'total', 'pertandingan', 'k', 'ketemu', 'player', 'tim', 'match', 'tidak', 'sampai', 'moonton', 'kocak', 'rusak']","['masalah', 'imbang', 'total', 'tanding', 'k', 'ketemu', 'sampai', 'kocak', 'rusak']","['masalah', 'imbang', 'match', 'total', 'tanding', 'k', 'ketemu', 'player', 'tim', 'match', 'tidak', 'sampai', 'moonton', 'kocak', 'rusak']","['masalah', 'imbang', 'match', 'total', 'tanding', 'k', 'ketemu', 'player', 'team', 'match', 'tidak', 'sampai', 'moonton', 'kocak', 'rusak']",,negative
flor nce,yey dikasih ws smaa mimin syg mimin,,yey dikasih ws smaa mimin syg mimin,"['yey', 'dikasih', 'ws', 'smaa', 'mimin', 'syg', 'mimin']","['yey', 'dikasih', 'ws', 'smaa', 'mimin', 'syg', 'mimin']","['yey', 'ws', 'smaa', 'mimin', 'syg', 'mimin']","['yey', 'kasih', 'ws', 'smaa', 'mimin', 'syg', 'mimin']","['yey', 'kasih', 'ws', 'smaa', 'mimin', 'syg', 'mimin']",,negative
CHANNEL GG,tiba tiba akun kena ban,1.6.52.7102,tiba tiba akun kena ban,"['tiba', 'tiba', 'akun', 'kena', 'ban']","['tiba', 'tiba', 'akun', 'kena', 'ban']","['akun', 'kena', 'ban']","['tiba', 'tiba', 'akun', 'kena', 'ban']","['tiba', 'tiba', 'akun', 'kena', 'ban']",,negative
Marha ML,"game ini bagus, tapi tolong diperbaiki machmaking nya kaya sampah. saya mythic masa ketemu tim legend 5, sedangkan di pihak lawan mythic, tolong di perbaiki machmaking nya tidak adil.",2.1.18.11201,"game ini bagus, tapi tolong diperbaiki machmaking nya kaya sampah. saya mythic masa ketemu tim legend 5, sedangkan di pihak lawan mythic, tolong di perbaiki machmaking nya tidak adil.","['game', 'ini', 'bagus', ',', 'tapi', 'tolong', 'diperbaiki', 'machmaking', 'nya', 'kaya', 'sampah', '.', 'saya', 'mythic', 'masa', 'ketemu', 'tim', 'legend', '5', ',', 'sedangkan', 'di', 'pihak', 'lawan', 'mythic', ',', 'tolong', 'di', 'perbaiki', 'machmaking', 'nya', 'tidak', 'adil', '.']","['game', 'ini', 'bagus', 'tapi', 'tolong', 'diperbaiki', 'machmaking', 'nya', 'kaya', 'sampah', 'saya', 'mythic', 'masa', 'ketemu', 'tim', 'legend', 'sedangkan', 'di', 'pihak', 'lawan', 'mythic', 'tolong', 'di', 'perbaiki', 'machmaking', 'nya', 'tidak', 'adil']","['bagus', 'tolong', 'baik', 'machmaking', 'sampah', 'mythic', 'masa', 'ketemu', 'sedang', 'pihak', 'lawan', 'mythic', 'tolong', 'baik', 'machmaking', 'adil']","['game', 'ini', 'bagus', 'tapi', 'tolong', 'baik', 'machmaking', 'nya', 'kaya', 'sampah', 'saya', 'mythic', 'masa', 'ketemu', 'tim', 'legend', 'sedang', 'di', 'pihak', 'lawan', 'mythic', 'tolong', 'di', 'baik', 'machmaking', 'nya', 'tidak', 'adil']","['game', 'ini', 'bagus', 'tapi', 'tolong', 'baik', 'machmaking', 'nya', 'seperti', 'sampah', 'aku', 'mythic', 'masa', 'ketemu', 'team', 'legend', 'sedang', 'di', 'pihak', 'lawan', 'mythic', 'tolong', 'di', 'baik', 'machmaking', 'nya', 'tidak', 'adil']",,positive
Delta Alpha,seru santai,2.1.18.11201,seru santai,"['seru', 'santai']","['seru', 'santai']","['seru', 'santai']","['seru', 'santai']","['seru', 'santai']",,positive
Tri Septio Y,"game Pembodohan, sistem rusak.. tolo tolo",2.1.18.11201,"game pembodohan, sistem rusak.. tolo tolo","['game', 'pembodohan', ',', 'sistem', 'rusak', '..', 'tolo', 'tolo']","['game', 'pembodohan', 'sistem', 'rusak', 'tolo', 'tolo']","['bodoh', 'rusak', 'tolo', 'tolo']","['game', 'bodoh', 'sistem', 'rusak', 'tolo', 'tolo']","['game', 'bodoh', 'sistem', 'rusak', 'tolo', 'tolo']",,negative
dini hidayah,match making busuk.,2.1.18.11201,match making busuk.,"['match', 'making', 'busuk', '.']","['match', 'making', 'busuk']",['busuk'],"['match', 'making', 'busuk']","['match', 'making', 'busuk']",,negative
Sudarno Raden,game culas.. busuk dan ga wajar.. tiap ketemu musuh dibikin jaringan buruk.. ga bisa gerak..giliran mati langsung lancar..👎👎👎,,game culas.. busuk dan ga wajar.. tiap ketemu musuh dibikin jaringan buruk.. ga bisa gerak..giliran mati langsung lancar..👎👎👎,"['game', 'culas', '..', 'busuk', 'dan', 'ga', 'wajar', '..', 'tiap', 'ketemu', 'musuh', 'dibikin', 'jaringan', 'buruk', '..', 'ga', 'bisa', 'gerak', '..', 'giliran', 'mati', 'langsung', 'lancar', '..', '👎👎👎']","['game', 'culas', 'busuk', 'dan', 'ga', 'wajar', 'tiap', 'ketemu', 'musuh', 'dibikin', 'jaringan', 'buruk', 'ga', 'bisa', 'gerak', 'giliran', 'mati', 'langsung', 'lancar']","['culas', 'busuk', 'wajar', 'ketemu', 'musuh', 'buruk', 'gerak', 'mati', 'langsung', 'lancar']","['game', 'culas', 'busuk', 'dan', 'ga', 'wajar', 'tiap', 'ketemu', 'musuh', 'bikin', 'jaring', 'buruk', 'ga', 'bisa', 'gerak', 'gilir', 'mati', 'langsung', 'lancar']","['game', 'culas', 'busuk', 'dan', 'tidak', 'wajar', 'tiap', 'ketemu', 'musuh', 'bikin', 'jaring', 'buruk', 'tidak', 'bisa', 'gerak', 'gilir', 'mati', 'langsung', 'lancar']",,negative
botak (Lumut),"kasih 3 dulu soalnya akun moonton saya tidak bisa terhubung, sudah beberapa kali coba tapi tetap tidak bisa terhubung, tolong arahannya",1.9.93.10904,"kasih 3 dulu soalnya akun moonton saya tidak bisa terhubung, sudah beberapa kali coba tapi tetap tidak bisa terhubung, tolong arahannya","['kasih', '3', 'dulu', 'soalnya', 'akun', 'moonton', 'saya', 'tidak', 'bisa', 'terhubung', ',', 'sudah', 'beberapa', 'kali', 'coba', 'tapi', 'tetap', 'tidak', 'bisa', 'terhubung', ',', 'tolong', 'arahannya']","['kasih', 'dulu', 'soalnya', 'akun', 'moonton', 'saya', 'tidak', 'bisa', 'terhubung', 'sudah', 'beberapa', 'kali', 'coba', 'tapi', 'tetap', 'tidak', 'bisa', 'terhubung', 'tolong', 'arahannya']","['akun', 'hubung', 'sudah', 'beberapa', 'coba', 'tetap', 'hubung', 'tolong', 'arah']","['kasih', 'dulu', 'soal', 'akun', 'moonton', 'saya', 'tidak', 'bisa', 'hubung', 'sudah', 'beberapa', 'kali', 'coba', 'tapi', 'tetap', 'tidak', 'bisa', 'hubung', 'tolong', 'arah']","['kasih', 'dulu', 'soal', 'akun', 'moonton', 'aku', 'tidak', 'bisa', 'hubung', 'sudah', 'beberapa', 'kali', 'coba', 'tapi', 'tetap', 'tidak', 'bisa', 'hubung', 'tolong', 'arah']",,negative
Fatir 1,Wah gmnya sangat bagus gerafiknya bagus derak sistemnya bananyak kalian harus coba gem moba legend yg banyak darak sistemnya di jamin pengalaman main ada setalah seson akan sangat !48*,2.1.18.11201,wah gmnya sangat bagus gerafiknya bagus derak sistemnya bananyak kalian harus coba gem moba legend yg banyak darak sistemnya di jamin pengalaman main ada setalah seson akan sangat !48*,"['wah', 'gmnya', 'sangat', 'bagus', 'gerafiknya', 'bagus', 'derak', 'sistemnya', 'bananyak', 'kalian', 'harus', 'coba', 'gem', 'moba', 'legend', 'yg', 'banyak', 'darak', 'sistemnya', 'di', 'jamin', 'pengalaman', 'main', 'ada', 'setalah', 'seson', 'akan', 'sangat', '!', '48', '*']","['wah', 'gmnya', 'sangat', 'bagus', 'gerafiknya', 'bagus', 'derak', 'sistemnya', 'bananyak', 'kalian', 'harus', 'coba', 'gem', 'moba', 'legend', 'yg', 'banyak', 'darak', 'sistemnya', 'di', 'jamin', 'pengalaman', 'main', 'ada', 'setalah', 'seson', 'akan', 'sangat']","['wah', 'gmnya', 'bagus', 'gerafiknya', 'bagus', 'derak', 'bananyak', 'coba', 'banyak', 'darak', 'jamin', 'alam', 'seta', 'seson']","['wah', 'gmnya', 'sangat', 'bagus', 'gerafiknya', 'bagus', 'derak', 'sistem', 'bananyak', 'kalian', 'harus', 'coba', 'gem', 'moba', 'legend', 'yg', 'banyak', 'darak', 'sistem', 'di', 'jamin', 'alam', 'main', 'ada', 'seta', 'seson', 'akan', 'sangat']","['wah', 'gmnya', 'sangat', 'bagus', 'gerafiknya', 'bagus', 'derak', 'sistem', 'bananyak', 'kalian', 'harus', 'coba', 'game', 'moba', 'legend', 'yang', 'banyak', 'darak', 'sistem', 'di', 'jamin', 'alam', 'main', 'ada', 'seta', 'seson', 'akan', 'sangat']",,positive
Johan,ok,2.1.18.11201,ok,['ok'],['ok'],['oke'],['ok'],['oke'],,negative
Lo Taufan Heriyanto,Game LACUR,2.1.18.11201,game lacur,"['game', 'lacur']","['game', 'lacur']",['lacur'],"['game', 'lacur']","['game', 'lacur']",,negative
Meli Indayani,gamenya ko di aku makin ngeselin yaa.. aku tiap main ngelag parah merah ga bisa gerak sama sekali. tar tau tau hero jalan sndiri dan terbunuh. ngeselin bgt asli. padahal aku buka yt pake kualitas HD pun ttp jalan.,2.1.18.11201,gamenya ko di aku makin ngeselin yaa.. aku tiap main ngelag parah merah ga bisa gerak sama sekali. tar tau tau hero jalan sndiri dan terbunuh. ngeselin bgt asli. padahal aku buka yt pake kualitas hd pun ttp jalan.,"['gamenya', 'ko', 'di', 'aku', 'makin', 'ngeselin', 'yaa', '..', 'aku', 'tiap', 'main', 'ngelag', 'parah', 'merah', 'ga', 'bisa', 'gerak', 'sama', 'sekali', '.', 'tar', 'tau', 'tau', 'hero', 'jalan', 'sndiri', 'dan', 'terbunuh', '.', 'ngeselin', 'bgt', 'asli', '.', 'padahal', 'aku', 'buka', 'yt', 'pake', 'kualitas', 'hd', 'pun', 'ttp', 'jalan', '.']","['gamenya', 'ko', 'di', 'aku', 'makin', 'ngeselin', 'yaa', 'aku', 'tiap', 'main', 'ngelag', 'parah', 'merah', 'ga', 'bisa', 'gerak', 'sama', 'sekali', 'tar', 'tau', 'tau', 'hero', 'jalan', 'sndiri', 'dan', 'terbunuh', 'ngeselin', 'bgt', 'asli', 'padahal', 'aku', 'buka', 'yt', 'pake', 'kualitas', 'hd', 'pun', 'ttp', 'jalan']","['ko', 'makin', 'ngeselin', 'yaa', 'lag', 'parah', 'merah', 'gerak', 'tar', 'jalan', 'sndiri', 'bunuh', 'ngeselin', 'banget', 'asli', 'buka', 'yt', 'kualitas', 'hd', 'ttp', 'jalan']","['gamenya', 'ko', 'di', 'aku', 'makin', 'ngeselin', 'yaa', 'aku', 'tiap', 'main', 'ngelag', 'parah', 'merah', 'ga', 'bisa', 'gerak', 'sama', 'sekali', 'tar', 'tau', 'tau', 'hero', 'jalan', 'sndiri', 'dan', 'bunuh', 'ngeselin', 'bgt', 'asli', 'padahal', 'aku', 'buka', 'yt', 'pake', 'kualitas', 'hd', 'pun', 'ttp', 'jalan']","['game', 'ko', 'di', 'aku', 'makin', 'ngeselin', 'yaa', 'aku', 'tiap', 'main', 'lag', 'parah', 'merah', 'tidak', 'bisa', 'gerak', 'sama', 'sekali', 'tar', 'tau', 'tau', 'hero', 'jalan', 'sndiri', 'dan', 'bunuh', 'ngeselin', 'banget', 'asli', 'padahal', 'aku', 'buka', 'yt', 'pakai', 'kualitas', 'hd', 'pun', 'ttp', 'jalan']",,negative
Wawancore,tim dan musuh ga seimbang tidak adil dan tidak seru gamenya,2.1.18.11201,tim dan musuh ga seimbang tidak adil dan tidak seru gamenya,"['tim', 'dan', 'musuh', 'ga', 'seimbang', 'tidak', 'adil', 'dan', 'tidak', 'seru', 'gamenya']","['tim', 'dan', 'musuh', 'ga', 'seimbang', 'tidak', 'adil', 'dan', 'tidak', 'seru', 'gamenya']","['musuh', 'imbang', 'adil', 'seru']","['tim', 'dan', 'musuh', 'ga', 'imbang', 'tidak', 'adil', 'dan', 'tidak', 'seru', 'gamenya']","['team', 'dan', 'musuh', 'tidak', 'imbang', 'tidak', 'adil', 'dan', 'tidak', 'seru', 'game']",,positive
Dimas Dim,ini game apaan si setiap selesai draf pick selalu ngeleg parah padahal jaringannya bagus,,ini game apaan si setiap selesai draf pick selalu ngeleg parah padahal jaringannya bagus,"['ini', 'game', 'apaan', 'si', 'setiap', 'selesai', 'draf', 'pick', 'selalu', 'ngeleg', 'parah', 'padahal', 'jaringannya', 'bagus']","['ini', 'game', 'apaan', 'si', 'setiap', 'selesai', 'draf', 'pick', 'selalu', 'ngeleg', 'parah', 'padahal', 'jaringannya', 'bagus']","['selesai', 'draf', 'selalu', 'lag', 'parah', 'bagus']","['ini', 'game', 'apa', 'si', 'tiap', 'selesai', 'draf', 'pick', 'selalu', 'ngeleg', 'parah', 'padahal', 'jaring', 'bagus']","['ini', 'game', 'apa', 'si', 'tiap', 'selesai', 'draf', 'pick', 'selalu', 'lag', 'parah', 'padahal', 'jaring', 'bagus']",,negative
Arga Gaming,game nya bagus tapi... yg bikin nggak suka itu... sistem role guna sistem role apa kalo role yg kita inginkan gak dapt,2.1.18.11201,game nya bagus tapi... yg bikin nggak suka itu... sistem role guna sistem role apa kalo role yg kita inginkan gak dapt,"['game', 'nya', 'bagus', 'tapi', '...', 'yg', 'bikin', 'nggak', 'suka', 'itu', '...', 'sistem', 'role', 'guna', 'sistem', 'role', 'apa', 'kalo', 'role', 'yg', 'kita', 'inginkan', 'gak', 'dapt']","['game', 'nya', 'bagus', 'tapi', 'yg', 'bikin', 'nggak', 'suka', 'itu', 'sistem', 'role', 'guna', 'sistem', 'role', 'apa', 'kalo', 'role', 'yg', 'kita', 'inginkan', 'gak', 'dapt']","['bagus', 'suka', 'role', 'guna', 'role', 'role', 'dapt']","['game', 'nya', 'bagus', 'tapi', 'yg', 'bikin', 'nggak', 'suka', 'itu', 'sistem', 'role', 'guna', 'sistem', 'role', 'apa', 'kalo', 'role', 'yg', 'kita', 'ingin', 'gak', 'dapt']","['game', 'nya', 'bagus', 'tapi', 'yang', 'bikin', 'tidak', 'suka', 'itu', 'sistem', 'role', 'guna', 'sistem', 'role', 'apa', 'kalau', 'role', 'yang', 'kita', 'ingin', 'tidak', 'dapt']",,negative
Realme C3,game apaan ini padahal sinyal bagus hp support malah ngk bisa gerak,2.1.18.11201,game apaan ini padahal sinyal bagus hp support malah ngk bisa gerak,"['game', 'apaan', 'ini', 'padahal', 'sinyal', 'bagus', 'hp', 'support', 'malah', 'ngk', 'bisa', 'gerak']","['game', 'apaan', 'ini', 'padahal', 'sinyal', 'bagus', 'hp', 'support', 'malah', 'ngk', 'bisa', 'gerak']","['sinyal', 'bagus', 'support', 'ngk', 'gerak']","['game', 'apa', 'ini', 'padahal', 'sinyal', 'bagus', 'hp', 'support', 'malah', 'ngk', 'bisa', 'gerak']","['game', 'apa', 'ini', 'padahal', 'sinyal', 'bagus', 'hp', 'support', 'malah', 'ngk', 'bisa', 'gerak']",,negative
Queen Ayundha,game fedder kasih team ngk seimbang,2.1.18.11201,game fedder kasih team ngk seimbang,"['game', 'fedder', 'kasih', 'team', 'ngk', 'seimbang']","['game', 'fedder', 'kasih', 'team', 'ngk', 'seimbang']","['fedder', 'ngk', 'imbang']","['game', 'fedder', 'kasih', 'team', 'ngk', 'imbang']","['game', 'fedder', 'kasih', 'team', 'ngk', 'imbang']",,negative
Bayu permana Bayu permana,"woi monton, kalau kasih tim yang bener la, masa musuh sangat sulit dan keras, tapi tim malah trol dan feeder, mana suka leg tiba-tiba lagi, makin kesini makin parah ni game",2.1.18.11201,"woi monton, kalau kasih tim yang bener la, masa musuh sangat sulit dan keras, tapi tim malah trol dan feeder, mana suka leg tiba-tiba lagi, makin kesini makin parah ni game","['woi', 'monton', ',', 'kalau', 'kasih', 'tim', 'yang', 'bener', 'la', ',', 'masa', 'musuh', 'sangat', 'sulit', 'dan', 'keras', ',', 'tapi', 'tim', 'malah', 'trol', 'dan', 'feeder', ',', 'mana', 'suka', 'leg', 'tiba-tiba', 'lagi', ',', 'makin', 'kesini', 'makin', 'parah', 'ni', 'game']","['woi', 'monton', 'kalau', 'kasih', 'tim', 'yang', 'bener', 'la', 'masa', 'musuh', 'sangat', 'sulit', 'dan', 'keras', 'tapi', 'tim', 'malah', 'trol', 'dan', 'feeder', 'mana', 'suka', 'leg', 'tibatiba', 'lagi', 'makin', 'kesini', 'makin', 'parah', 'ni', 'game']","['buruk', 'benar', 'masa', 'musuh', 'sulit', 'keras', 'trol', 'feeder', 'mana', 'suka', 'lag', 'tibatiba', 'makin', 'makin', 'parah']","['woi', 'monton', 'kalau', 'kasih', 'tim', 'yang', 'bener', 'la', 'masa', 'musuh', 'sangat', 'sulit', 'dan', 'keras', 'tapi', 'tim', 'malah', 'trol', 'dan', 'feeder', 'mana', 'suka', 'leg', 'tibatiba', 'lagi', 'makin', 'kesini', 'makin', 'parah', 'ni', 'game']","['buruk', 'moonton', 'kalau', 'kasih', 'team', 'yang', 'benar', 'la', 'masa', 'musuh', 'sangat', 'sulit', 'dan', 'keras', 'tapi', 'team', 'malah', 'trol', 'dan', 'feeder', 'mana', 'suka', 'lag', 'tibatiba', 'lagi', 'makin', 'kesini', 'makin', 'parah', 'ini', 'game']",,negative
Rizky Pandu,moonton anjingggg cape cape naekin rank ketemunya epic sama legend muluu,,moonton anjingggg cape cape naekin rank ketemunya epic sama legend muluu,"['moonton', 'anjingggg', 'cape', 'cape', 'naekin', 'rank', 'ketemunya', 'epic', 'sama', 'legend', 'muluu']","['moonton', 'anjing', 'cape', 'cape', 'naekin', 'rank', 'ketemunya', 'epic', 'sama', 'legend', 'muluu']","['anjing', 'cape', 'cape', 'naekin', 'ketemu', 'epic', 'muluu']","['moonton', 'anjing', 'cape', 'cape', 'naekin', 'rank', 'ketemu', 'epic', 'sama', 'legend', 'muluu']","['moonton', 'anjing', 'cape', 'cape', 'naekin', 'rank', 'ketemu', 'epic', 'sama', 'legend', 'muluu']",,negative
MUSLIKAN,Hei monton kalau ngasih tim itu jangan duo atau trio tolol. saya main solo dapat tim duo/trio yang tolol mainnya.,2.1.18.11201,hei monton kalau ngasih tim itu jangan duo atau trio tolol. saya main solo dapat tim duo/trio yang tolol mainnya.,"['hei', 'monton', 'kalau', 'ngasih', 'tim', 'itu', 'jangan', 'duo', 'atau', 'trio', 'tolol', '.', 'saya', 'main', 'solo', 'dapat', 'tim', 'duo/trio', 'yang', 'tolol', 'mainnya', '.']","['hei', 'monton', 'kalau', 'ngasih', 'tim', 'itu', 'jangan', 'duo', 'atau', 'trio', 'tolol', 'saya', 'main', 'solo', 'dapat', 'tim', 'duotrio', 'yang', 'tolol', 'mainnya']","['hei', 'beri', 'jangan', 'duo', 'trio', 'tolol', 'duotrio', 'tolol']","['hei', 'monton', 'kalau', 'ngasih', 'tim', 'itu', 'jangan', 'duo', 'atau', 'trio', 'tolol', 'saya', 'main', 'solo', 'dapat', 'tim', 'duotrio', 'yang', 'tolol', 'main']","['hei', 'moonton', 'kalau', 'beri', 'team', 'itu', 'jangan', 'duo', 'atau', 'trio', 'tolol', 'aku', 'main', 'solo', 'dapat', 'team', 'duotrio', 'yang', 'tolol', 'main']",,negative
Angman Kris,Sinyal Full jaringan hijau tapi aneh nya ngeleg parah sampe dikira afk bener bener merugikan player,1.9.70.10634,sinyal full jaringan hijau tapi aneh nya ngeleg parah sampe dikira afk bener bener merugikan player,"['sinyal', 'full', 'jaringan', 'hijau', 'tapi', 'aneh', 'nya', 'ngeleg', 'parah', 'sampe', 'dikira', 'afk', 'bener', 'bener', 'merugikan', 'player']","['sinyal', 'full', 'jaringan', 'hijau', 'tapi', 'aneh', 'nya', 'ngeleg', 'parah', 'sampe', 'dikira', 'afk', 'bener', 'bener', 'merugikan', 'player']","['sinyal', 'full', 'hijau', 'aneh', 'lag', 'parah', 'sampai', 'kira', 'afk', 'benar', 'benar', 'rugi']","['sinyal', 'full', 'jaring', 'hijau', 'tapi', 'aneh', 'nya', 'ngeleg', 'parah', 'sampe', 'kira', 'afk', 'bener', 'bener', 'rugi', 'player']","['sinyal', 'full', 'jaring', 'hijau', 'tapi', 'aneh', 'nya', 'lag', 'parah', 'sampai', 'kira', 'afk', 'benar', 'benar', 'rugi', 'player']",,negative
05_XI F 6_Alva Ahmaddinejad,game lu ngelag ngentod,2.1.18.11201,game lu ngelag ngentod,"['game', 'lu', 'ngelag', 'ngentod']","['game', 'lu', 'ngelag', 'ngentod']","['lag', 'ngentod']","['game', 'lu', 'ngelag', 'ngentod']","['game', 'kamu', 'lag', 'ngentod']",,negative
RHOMA PROJECT,matching gajelas,1.8.93.9702,matching gajelas,"['matching', 'gajelas']","['matching', 'gajelas']","['matching', 'gajelas']","['matching', 'gajelas']","['matching', 'gajelas']",,negative
Yogi Pratama,"kebiasaan bikin dark sistem,setiap match pasti jumping sinyal padahal jaringan oke",,"kebiasaan bikin dark sistem,setiap match pasti jumping sinyal padahal jaringan oke","['kebiasaan', 'bikin', 'dark', 'sistem', ',', 'setiap', 'match', 'pasti', 'jumping', 'sinyal', 'padahal', 'jaringan', 'oke']","['kebiasaan', 'bikin', 'dark', 'sistem', 'setiap', 'match', 'pasti', 'jumping', 'sinyal', 'padahal', 'jaringan', 'oke']","['biasa', 'gelap', 'pasti', 'jumping', 'sinyal', 'oke']","['biasa', 'bikin', 'dark', 'sistem', 'tiap', 'match', 'pasti', 'jumping', 'sinyal', 'padahal', 'jaring', 'oke']","['biasa', 'bikin', 'gelap', 'sistem', 'tiap', 'match', 'pasti', 'jumping', 'sinyal', 'padahal', 'jaring', 'oke']",,negative
Kevin Gilbet T,game kontoll,2.1.18.11201,game kontoll,"['game', 'kontoll']","['game', 'kontoll']",['kontoll'],"['game', 'kontoll']","['game', 'kontoll']",,negative
Afis Felamba,perbaiki noh bug jaringan nyaaa,,perbaiki noh bug jaringan nyaaa,"['perbaiki', 'noh', 'bug', 'jaringan', 'nyaaa']","['perbaiki', 'noh', 'bug', 'jaringan', 'nya']","['baik', 'noh', 'bug']","['baik', 'noh', 'bug', 'jaring', 'nya']","['baik', 'noh', 'bug', 'jaring', 'nya']",,negative
Iskandar Putra,waktu main sering ada bug udah coba lapor masalah nggak teratasi balasan dari laporan pun gak ada,1.8.79.9552,waktu main sering ada bug udah coba lapor masalah nggak teratasi balasan dari laporan pun gak ada,"['waktu', 'main', 'sering', 'ada', 'bug', 'udah', 'coba', 'lapor', 'masalah', 'nggak', 'teratasi', 'balasan', 'dari', 'laporan', 'pun', 'gak', 'ada']","['waktu', 'main', 'sering', 'ada', 'bug', 'udah', 'coba', 'lapor', 'masalah', 'nggak', 'teratasi', 'balasan', 'dari', 'laporan', 'pun', 'gak', 'ada']","['bug', 'coba', 'report', 'masalah', 'atas', 'balas', 'report']","['waktu', 'main', 'sering', 'ada', 'bug', 'udah', 'coba', 'lapor', 'masalah', 'nggak', 'atas', 'balas', 'dari', 'lapor', 'pun', 'gak', 'ada']","['waktu', 'main', 'sering', 'ada', 'bug', 'udah', 'coba', 'report', 'masalah', 'tidak', 'atas', 'balas', 'dari', 'report', 'pun', 'tidak', 'ada']",,negative
Widya Snty,kasi tim musuh sm tim setaralah....ini musuh jago tp tim ny gabisa main,,kasi tim musuh sm tim setaralah....ini musuh jago tp tim ny gabisa main,"['kasi', 'tim', 'musuh', 'sm', 'tim', 'setaralah', '....', 'ini', 'musuh', 'jago', 'tp', 'tim', 'ny', 'gabisa', 'main']","['kasi', 'tim', 'musuh', 'sm', 'tim', 'setaralah', 'ini', 'musuh', 'jago', 'tp', 'tim', 'ny', 'gabisa', 'main']","['kasi', 'musuh', 'sm', 'musuh', 'jago', 'gabisa']","['kasi', 'tim', 'musuh', 'sm', 'tim', 'tara', 'ini', 'musuh', 'jago', 'tp', 'tim', 'ny', 'gabisa', 'main']","['kasi', 'team', 'musuh', 'sm', 'team', 'tara', 'ini', 'musuh', 'jago', 'tapi', 'team', 'nya', 'gabisa', 'main']",,negative
Wafii,"gw main tuh buat ngilangin stress,ehh malah dibikin tambah stress🥰 gaush download ni game, gila ntr lu",2.1.18.11201,"gw main tuh buat ngilangin stress,ehh malah dibikin tambah stress🥰 gaush download ni game, gila ntr lu","['gw', 'main', 'tuh', 'buat', 'ngilangin', 'stress', ',', 'ehh', 'malah', 'dibikin', 'tambah', 'stress🥰', 'gaush', 'download', 'ni', 'game', ',', 'gila', 'ntr', 'lu']","['gw', 'main', 'tuh', 'buat', 'ngilangin', 'stress', 'ehh', 'malah', 'dibikin', 'tambah', 'stress', 'gaush', 'download', 'ni', 'game', 'gila', 'ntr', 'lu']","['ngilangin', 'stres', 'ehh', 'tambah', 'stres', 'gaush', 'gila', 'ntr']","['gw', 'main', 'tuh', 'buat', 'ngilangin', 'stress', 'ehh', 'malah', 'bikin', 'tambah', 'stress', 'gaush', 'download', 'ni', 'game', 'gila', 'ntr', 'lu']","['aku', 'main', 'tuh', 'buat', 'ngilangin', 'stres', 'ehh', 'malah', 'bikin', 'tambah', 'stres', 'gaush', 'download', 'ini', 'game', 'gila', 'ntr', 'kamu']",,negative
Hari nugraha,sangat buruk sekali,2.1.18.11201,sangat buruk sekali,"['sangat', 'buruk', 'sekali']","['sangat', 'buruk', 'sekali']",['buruk'],"['sangat', 'buruk', 'sekali']","['sangat', 'buruk', 'sekali']",,positive
Muhammad Almaturidi,"GA BISA ganti nama akun moonton ga ada fitur nya, cuma di arahkan ke pusat akun. IKUT ARAHAN CUSTOMER SERVIS JUGA BIKIN EMOSI. kadang kode verifikasi salah Mulu pas ganti akun email google padahal udh bener masukin nya.",2.1.18.11201,"ga bisa ganti nama akun moonton ga ada fitur nya, cuma di arahkan ke pusat akun. ikut arahan customer servis juga bikin emosi. kadang kode verifikasi salah mulu pas ganti akun email google padahal udh bener masukin nya.","['ga', 'bisa', 'ganti', 'nama', 'akun', 'moonton', 'ga', 'ada', 'fitur', 'nya', ',', 'cuma', 'di', 'arahkan', 'ke', 'pusat', 'akun', '.', 'ikut', 'arahan', 'customer', 'servis', 'juga', 'bikin', 'emosi', '.', 'kadang', 'kode', 'verifikasi', 'salah', 'mulu', 'pas', 'ganti', 'akun', 'email', 'google', 'padahal', 'udh', 'bener', 'masukin', 'nya', '.']","['ga', 'bisa', 'ganti', 'nama', 'akun', 'moonton', 'ga', 'ada', 'fitur', 'nya', 'cuma', 'di', 'arahkan', 'ke', 'pusat', 'akun', 'ikut', 'arahan', 'customer', 'servis', 'juga', 'bikin', 'emosi', 'kadang', 'kode', 'verifikasi', 'salah', 'mulu', 'pas', 'ganti', 'akun', 'email', 'google', 'padahal', 'udh', 'bener', 'masukin', 'nya']","['ganti', 'akun', 'cuma', 'arah', 'pusat', 'akun', 'ikut', 'arah', 'customer', 'servis', 'emosi', 'kadang', 'kode', 'verifikasi', 'salah', 'ganti', 'akun', 'email', 'google', 'sudah', 'benar', 'masukin']","['ga', 'bisa', 'ganti', 'nama', 'akun', 'moonton', 'ga', 'ada', 'fitur', 'nya', 'cuma', 'di', 'arah', 'ke', 'pusat', 'akun', 'ikut', 'arah', 'customer', 'servis', 'juga', 'bikin', 'emosi', 'kadang', 'kode', 'verifikasi', 'salah', 'mulu', 'pas', 'ganti', 'akun', 'email', 'google', 'padahal', 'udh', 'bener', 'masukin', 'nya']","['tidak', 'bisa', 'ganti', 'nama', 'akun', 'moonton', 'tidak', 'ada', 'fitur', 'nya', 'cuma', 'di', 'arah', 'ke', 'pusat', 'akun', 'ikut', 'arah', 'customer', 'servis', 'juga', 'bikin', 'emosi', 'kadang', 'kode', 'verifikasi', 'salah', 'mulu', 'pas', 'ganti', 'akun', 'email', 'google', 'padahal', 'sudah', 'benar', 'masukin', 'nya']",,negative
Rendi Official,kenapa suara hiro di dalam ngak ada jadi hilang,2.1.18.11201,kenapa suara hiro di dalam ngak ada jadi hilang,"['kenapa', 'suara', 'hiro', 'di', 'dalam', 'ngak', 'ada', 'jadi', 'hilang']","['kenapa', 'suara', 'hiro', 'di', 'dalam', 'ngak', 'ada', 'jadi', 'hilang']","['kenapa', 'suara', 'hiro', 'dalam', 'ngak', 'hilang']","['kenapa', 'suara', 'hiro', 'di', 'dalam', 'ngak', 'ada', 'jadi', 'hilang']","['kenapa', 'suara', 'hiro', 'di', 'dalam', 'ngak', 'ada', 'jadi', 'hilang']",,negative
HAIDAH,mikir lah player solo susah main ga ada komunikasi malah di kasih dark sistem aneh,2.1.18.11201,mikir lah player solo susah main ga ada komunikasi malah di kasih dark sistem aneh,"['mikir', 'lah', 'player', 'solo', 'susah', 'main', 'ga', 'ada', 'komunikasi', 'malah', 'di', 'kasih', 'dark', 'sistem', 'aneh']","['mikir', 'lah', 'player', 'solo', 'susah', 'main', 'ga', 'ada', 'komunikasi', 'malah', 'di', 'kasih', 'dark', 'sistem', 'aneh']","['mikir', 'susah', 'komunikasi', 'gelap', 'aneh']","['mikir', 'lah', 'player', 'solo', 'susah', 'main', 'ga', 'ada', 'komunikasi', 'malah', 'di', 'kasih', 'dark', 'sistem', 'aneh']","['mikir', 'lah', 'player', 'solo', 'susah', 'main', 'tidak', 'ada', 'komunikasi', 'malah', 'di', 'kasih', 'gelap', 'sistem', 'aneh']",,negative
Dewi wulandari Crp,good,2.1.18.11201,good,['good'],['good'],['good'],['good'],['good'],,negative
Bagus Satria,kenapa sekarang setelah game selesai gak bisa yapping???? Moonton bujang malah dibungkam #timkukuat,,kenapa sekarang setelah game selesai gak bisa yapping???? moonton bujang malah dibungkam #timkukuat,"['kenapa', 'sekarang', 'setelah', 'game', 'selesai', 'gak', 'bisa', 'yapping', '?', '?', '?', '?', 'moonton', 'bujang', 'malah', 'dibungkam', '#', 'timkukuat']","['kenapa', 'sekarang', 'setelah', 'game', 'selesai', 'gak', 'bisa', 'yapping', 'moonton', 'bujang', 'malah', 'dibungkam', 'timkukuat']","['kenapa', 'sekarang', 'selesai', 'yapping', 'bujang', 'bungkam', 'timkukuat']","['kenapa', 'sekarang', 'telah', 'game', 'selesai', 'gak', 'bisa', 'yapping', 'moonton', 'bujang', 'malah', 'bungkam', 'timkukuat']","['kenapa', 'sekarang', 'telah', 'game', 'selesai', 'tidak', 'bisa', 'yapping', 'moonton', 'bujang', 'malah', 'bungkam', 'timkukuat']",,negative
Fadil Ff,monton yatem-piyatu asu i ngekei tim goblog Kabeh meh Munggah mitik e angel e asu jembot,,monton yatem-piyatu asu i ngekei tim goblog kabeh meh munggah mitik e angel e asu jembot,"['monton', 'yatem-piyatu', 'asu', 'i', 'ngekei', 'tim', 'goblog', 'kabeh', 'meh', 'munggah', 'mitik', 'e', 'angel', 'e', 'asu', 'jembot']","['monton', 'yatempiyatu', 'asu', 'i', 'ngekei', 'tim', 'goblog', 'kabeh', 'meh', 'munggah', 'mitik', 'e', 'angel', 'e', 'asu', 'jembot']","['yatempiyatu', 'asu', 'ngekei', 'goblog', 'kabeh', 'meh', 'munggah', 'mitik', 'e', 'angel', 'e', 'asu', 'jembot']","['monton', 'yatempiyatu', 'asu', 'i', 'ngekei', 'tim', 'goblog', 'kabeh', 'meh', 'munggah', 'mitik', 'e', 'angel', 'e', 'asu', 'jembot']","['moonton', 'yatempiyatu', 'asu', 'aku', 'ngekei', 'team', 'goblog', 'kabeh', 'meh', 'munggah', 'mitik', 'e', 'angel', 'e', 'asu', 'jembot']",,negative
Yusril Mahendra,game ga jelas makin lama makin hilang jaringannya game kaya sampah gini,1.9.99.10932,game ga jelas makin lama makin hilang jaringannya game kaya sampah gini,"['game', 'ga', 'jelas', 'makin', 'lama', 'makin', 'hilang', 'jaringannya', 'game', 'kaya', 'sampah', 'gini']","['game', 'ga', 'jelas', 'makin', 'lama', 'makin', 'hilang', 'jaringannya', 'game', 'kaya', 'sampah', 'gini']","['jelas', 'makin', 'lama', 'makin', 'hilang', 'sampah']","['game', 'ga', 'jelas', 'makin', 'lama', 'makin', 'hilang', 'jaring', 'game', 'kaya', 'sampah', 'gin']","['game', 'tidak', 'jelas', 'makin', 'lama', 'makin', 'hilang', 'jaring', 'game', 'seperti', 'sampah', 'game']",,negative
jo hale,"sudah session 38 tapi gamenya makin ke 4nj1ng sama ke tim moontonnya, 1x menang selanjutnya jangan harap akan menang, darksystemnya ga ngotak sama ke developernya, selalu setim dengan binatang. woi @su sampai kapan ada keseimbangan dalam match?????",2.1.18.11201,"sudah session 38 tapi gamenya makin ke 4nj1ng sama ke tim moontonnya, 1x menang selanjutnya jangan harap akan menang, darksystemnya ga ngotak sama ke developernya, selalu setim dengan binatang. woi @su sampai kapan ada keseimbangan dalam match?????","['sudah', 'session', '38', 'tapi', 'gamenya', 'makin', 'ke', '4nj1ng', 'sama', 'ke', 'tim', 'moontonnya', ',', '1x', 'menang', 'selanjutnya', 'jangan', 'harap', 'akan', 'menang', ',', 'darksystemnya', 'ga', 'ngotak', 'sama', 'ke', 'developernya', ',', 'selalu', 'setim', 'dengan', 'binatang', '.', 'woi', '@', 'su', 'sampai', 'kapan', 'ada', 'keseimbangan', 'dalam', 'match', '?', '?', '?', '?', '?']","['sudah', 'session', 'tapi', 'gamenya', 'makin', 'ke', 'njng', 'sama', 'ke', 'tim', 'moontonnya', 'x', 'menang', 'selanjutnya', 'jangan', 'harap', 'akan', 'menang', 'darksystemnya', 'ga', 'ngotak', 'sama', 'ke', 'developernya', 'selalu', 'setim', 'dengan', 'binatang', 'woi', 'su', 'sampai', 'kapan', 'ada', 'keseimbangan', 'dalam', 'match']","['sudah', 'session', 'makin', 'njng', 'moontonnya', 'menang', 'lanjut', 'jangan', 'harap', 'menang', 'darksystemnya', 'ngotak', 'developer', 'selalu', 'binatang', 'buruk', 'su', 'sampai', 'kapan', 'imbang', 'dalam']","['sudah', 'session', 'tapi', 'gamenya', 'makin', 'ke', 'njng', 'sama', 'ke', 'tim', 'moontonnya', 'x', 'menang', 'lanjut', 'jangan', 'harap', 'akan', 'menang', 'darksystemnya', 'ga', 'ngotak', 'sama', 'ke', 'developer', 'selalu', 'tim', 'dengan', 'binatang', 'woi', 'su', 'sampai', 'kapan', 'ada', 'imbang', 'dalam', 'match']","['sudah', 'session', 'tapi', 'game', 'makin', 'ke', 'njng', 'sama', 'ke', 'team', 'moontonnya', 'kali', 'menang', 'lanjut', 'jangan', 'harap', 'akan', 'menang', 'darksystemnya', 'tidak', 'ngotak', 'sama', 'ke', 'developer', 'selalu', 'team', 'dengan', 'binatang', 'buruk', 'su', 'sampai', 'kapan', 'ada', 'imbang', 'dalam', 'match']",,negative
Ibnu hakim 46,lawak,1.9.99.10932,lawak,['lawak'],['lawak'],['lawak'],['lawak'],['lawak'],,negative
Ros Mita,"jaringan lemot truuuuussss,,, baru dikurangi kredit skor nya,,,,, babi kau mobile legend,, dark sistem nya parah,,,,",,"jaringan lemot truuuuussss,,, baru dikurangi kredit skor nya,,,,, babi kau mobile legend,, dark sistem nya parah,,,,","['jaringan', 'lemot', 'truuuuussss', ',', ',', ',', 'baru', 'dikurangi', 'kredit', 'skor', 'nya', ',', ',', ',', ',', ',', 'babi', 'kau', 'mobile', 'legend', ',', ',', 'dark', 'sistem', 'nya', 'parah', ',', ',', ',', ',']","['jaringan', 'lemot', 'trus', 'baru', 'dikurangi', 'kredit', 'skor', 'nya', 'babi', 'kau', 'mobile', 'legend', 'dark', 'sistem', 'nya', 'parah']","['lot', 'baru', 'rang', 'kredit', 'skor', 'babi', 'kau', 'gelap', 'parah']","['jaring', 'lot', 'trus', 'baru', 'rang', 'kredit', 'skor', 'nya', 'babi', 'kau', 'mobile', 'legend', 'dark', 'sistem', 'nya', 'parah']","['jaring', 'lot', 'terus', 'baru', 'rang', 'kredit', 'skor', 'nya', 'babi', 'kau', 'mobile', 'legend', 'gelap', 'sistem', 'nya', 'parah']",,negative
Muhamad Yasin,menang sekali kalah nya sampai lima kali,,menang sekali kalah nya sampai lima kali,"['menang', 'sekali', 'kalah', 'nya', 'sampai', 'lima', 'kali']","['menang', 'sekali', 'kalah', 'nya', 'sampai', 'lima', 'kali']","['menang', 'kalah', 'sampai', 'lima']","['menang', 'sekali', 'kalah', 'nya', 'sampai', 'lima', 'kali']","['menang', 'sekali', 'kalah', 'nya', 'sampai', 'lima', 'kali']",,negative
Mhmdega Jniardi,PEERBAIKI SINYAL NYA MONTON JNGAN KEBANYAKAN EVENT,2.1.18.11201,peerbaiki sinyal nya monton jngan kebanyakan event,"['peerbaiki', 'sinyal', 'nya', 'monton', 'jngan', 'kebanyakan', 'event']","['peerbaiki', 'sinyal', 'nya', 'monton', 'jngan', 'kebanyakan', 'event']","['peerbaiki', 'sinyal', 'jngan', 'banyak', 'event']","['peerbaiki', 'sinyal', 'nya', 'monton', 'jngan', 'banyak', 'event']","['peerbaiki', 'sinyal', 'nya', 'moonton', 'jngan', 'banyak', 'event']",,negative
Nayla Faudzi,seru dan menantang aku sukapake lancelot,2.1.18.11201,seru dan menantang aku sukapake lancelot,"['seru', 'dan', 'menantang', 'aku', 'sukapake', 'lancelot']","['seru', 'dan', 'menantang', 'aku', 'sukapake', 'lancelot']","['seru', 'tantang', 'sukapake', 'lancelot']","['seru', 'dan', 'tantang', 'aku', 'sukapake', 'lancelot']","['seru', 'dan', 'tantang', 'aku', 'sukapake', 'lancelot']",,positive
arya pramudya,game gak normal,2.1.18.11201,game gak normal,"['game', 'gak', 'normal']","['game', 'gak', 'normal']",['normal'],"['game', 'gak', 'normal']","['game', 'tidak', 'normal']",,negative
Adhan Ramadhan,makin kesini server nya ngelag anj,2.1.18.11201,makin kesini server nya ngelag anj,"['makin', 'kesini', 'server', 'nya', 'ngelag', 'anj']","['makin', 'kesini', 'server', 'nya', 'ngelag', 'anj']","['makin', 'server', 'lag', 'anj']","['makin', 'kesini', 'server', 'nya', 'ngelag', 'anj']","['makin', 'kesini', 'server', 'nya', 'lag', 'anj']",,negative
Rifa 97,MONTONNN KENAPA AKU KALAHH TERUSS TONNNN😭😭😭😭 CAPEEEEEE😓😓MONTONNN GA KASIAN APAA SAMA AKU KENAPA SUSANG BENGET KELUAR DARI LEGENDS😭😭😭😭MONTONNNN AKU GAMAU LOSE TERUSSSS CAPEEEEE,2.1.18.11201,montonnn kenapa aku kalahh teruss tonnnn😭😭😭😭 capeeeeee😓😓montonnn ga kasian apaa sama aku kenapa susang benget keluar dari legends😭😭😭😭montonnnn aku gamau lose terussss capeeeee,"['montonnn', 'kenapa', 'aku', 'kalahh', 'teruss', 'tonnnn😭😭😭😭', 'capeeeeee😓😓montonnn', 'ga', 'kasian', 'apaa', 'sama', 'aku', 'kenapa', 'susang', 'benget', 'keluar', 'dari', 'legends😭😭😭😭montonnnn', 'aku', 'gamau', 'lose', 'terussss', 'capeeeee']","['monton', 'kenapa', 'aku', 'kalahh', 'teruss', 'ton', 'capemonton', 'ga', 'kasian', 'apaa', 'sama', 'aku', 'kenapa', 'susang', 'benget', 'keluar', 'dari', 'legendsmonton', 'aku', 'gamau', 'lose', 'terus', 'cape']","['kenapa', 'kalahh', 'teruss', 'ton', 'capemonton', 'kasi', 'apaa', 'kenapa', 'susang', 'benget', 'keluar', 'legendsmonton', 'gamau', 'lose', 'cape']","['monton', 'kenapa', 'aku', 'kalahh', 'teruss', 'ton', 'capemonton', 'ga', 'kasi', 'apaa', 'sama', 'aku', 'kenapa', 'susang', 'benget', 'keluar', 'dari', 'legendsmonton', 'aku', 'gamau', 'lose', 'terus', 'cape']","['moonton', 'kenapa', 'aku', 'kalahh', 'teruss', 'ton', 'capemonton', 'tidak', 'kasi', 'apaa', 'sama', 'aku', 'kenapa', 'susang', 'benget', 'keluar', 'dari', 'legendsmonton', 'aku', 'gamau', 'lose', 'terus', 'cape']",,negative
budi ramos88,"ngelag terus game.... ping merah!!!!!!!!, dapet tim busuk",,"ngelag terus game.... ping merah!!!!!!!!, dapet tim busuk","['ngelag', 'terus', 'game', '....', 'ping', 'merah', '!', '!', '!', '!', '!', '!', '!', '!', ',', 'dapet', 'tim', 'busuk']","['ngelag', 'terus', 'game', 'ping', 'merah', 'dapet', 'tim', 'busuk']","['lag', 'ping', 'merah', 'busuk']","['ngelag', 'terus', 'game', 'ping', 'merah', 'dapet', 'tim', 'busuk']","['lag', 'terus', 'game', 'ping', 'merah', 'dapet', 'team', 'busuk']",,negative
Risky,- ada sistem manajemen data tapi pemain ga bisa milih seluruh data yang cuma mereka mau di download dan ga di download (udah tau Indonesia internetnya lambat di paksa download semua). - di hp kentang sering terjadi ngelag brutal saat pemilihan hero yang dimana itu momen penting yang menentukan kemenangan sebuah match.,2.1.18.11201,- ada sistem manajemen data tapi pemain ga bisa milih seluruh data yang cuma mereka mau di download dan ga di download (udah tau indonesia internetnya lambat di paksa download semua). - di hp kentang sering terjadi ngelag brutal saat pemilihan hero yang dimana itu momen penting yang menentukan kemenangan sebuah match.,"['-', 'ada', 'sistem', 'manajemen', 'data', 'tapi', 'pemain', 'ga', 'bisa', 'milih', 'seluruh', 'data', 'yang', 'cuma', 'mereka', 'mau', 'di', 'download', 'dan', 'ga', 'di', 'download', '(', 'udah', 'tau', 'indonesia', 'internetnya', 'lambat', 'di', 'paksa', 'download', 'semua', ')', '.', '-', 'di', 'hp', 'kentang', 'sering', 'terjadi', 'ngelag', 'brutal', 'saat', 'pemilihan', 'hero', 'yang', 'dimana', 'itu', 'momen', 'penting', 'yang', 'menentukan', 'kemenangan', 'sebuah', 'match', '.']","['ada', 'sistem', 'manajemen', 'data', 'tapi', 'pemain', 'ga', 'bisa', 'milih', 'seluruh', 'data', 'yang', 'cuma', 'mereka', 'mau', 'di', 'download', 'dan', 'ga', 'di', 'download', 'udah', 'tau', 'indonesia', 'internetnya', 'lambat', 'di', 'paksa', 'download', 'semua', 'di', 'hp', 'kentang', 'sering', 'terjadi', 'ngelag', 'brutal', 'saat', 'pemilihan', 'hero', 'yang', 'dimana', 'itu', 'momen', 'penting', 'yang', 'menentukan', 'kemenangan', 'sebuah', 'match']","['manajemen', 'milih', 'seluruh', 'cuma', 'indonesia', 'internetnya', 'lambat', 'paksa', 'semua', 'kentang', 'lag', 'brutal', 'pilih', 'mana', 'momen', 'penting', 'tentu', 'menang', 'buah']","['ada', 'sistem', 'manajemen', 'data', 'tapi', 'main', 'ga', 'bisa', 'milih', 'seluruh', 'data', 'yang', 'cuma', 'mereka', 'mau', 'di', 'download', 'dan', 'ga', 'di', 'download', 'udah', 'tau', 'indonesia', 'internetnya', 'lambat', 'di', 'paksa', 'download', 'semua', 'di', 'hp', 'kentang', 'sering', 'jadi', 'ngelag', 'brutal', 'saat', 'pilih', 'hero', 'yang', 'mana', 'itu', 'momen', 'penting', 'yang', 'tentu', 'menang', 'buah', 'match']","['ada', 'sistem', 'manajemen', 'data', 'tapi', 'main', 'tidak', 'bisa', 'milih', 'seluruh', 'data', 'yang', 'cuma', 'mereka', 'mau', 'di', 'download', 'dan', 'tidak', 'di', 'download', 'udah', 'tau', 'indonesia', 'internetnya', 'lambat', 'di', 'paksa', 'download', 'semua', 'di', 'hp', 'kentang', 'sering', 'jadi', 'lag', 'brutal', 'saat', 'pilih', 'hero', 'yang', 'mana', 'itu', 'momen', 'penting', 'yang', 'tentu', 'menang', 'buah', 'match']",,negative
Ananta Firmansa,game pokimai ga masuk akal sedangkan musuh jago tim kayak poqi,,game pokimai ga masuk akal sedangkan musuh jago tim kayak poqi,"['game', 'pokimai', 'ga', 'masuk', 'akal', 'sedangkan', 'musuh', 'jago', 'tim', 'kayak', 'poqi']","['game', 'pokimai', 'ga', 'masuk', 'akal', 'sedangkan', 'musuh', 'jago', 'tim', 'kayak', 'poqi']","['pokimai', 'masuk', 'akal', 'sedang', 'musuh', 'jago', 'poqi']","['game', 'pokimai', 'ga', 'masuk', 'akal', 'sedang', 'musuh', 'jago', 'tim', 'kayak', 'poqi']","['game', 'pokimai', 'tidak', 'masuk', 'akal', 'sedang', 'musuh', 'jago', 'team', 'seperti', 'poqi']",,negative
Virgiawan lutfi kuncoro,binatangnya gw beri 1 dan aku hapus game ini karna banyak bug setelah update sekian dan wasalam 😡,1.9.48.10373,binatangnya gw beri 1 dan aku hapus game ini karna banyak bug setelah update sekian dan wasalam 😡,"['binatangnya', 'gw', 'beri', '1', 'dan', 'aku', 'hapus', 'game', 'ini', 'karna', 'banyak', 'bug', 'setelah', 'update', 'sekian', 'dan', 'wasalam', '😡']","['binatangnya', 'gw', 'beri', 'dan', 'aku', 'hapus', 'game', 'ini', 'karna', 'banyak', 'bug', 'setelah', 'update', 'sekian', 'dan', 'wasalam']","['binatang', 'beri', 'hapus', 'banyak', 'bug', 'update', 'sekian', 'wasalam']","['binatang', 'gw', 'beri', 'dan', 'aku', 'hapus', 'game', 'ini', 'karna', 'banyak', 'bug', 'telah', 'update', 'sekian', 'dan', 'wasalam']","['binatang', 'aku', 'beri', 'dan', 'aku', 'hapus', 'game', 'ini', 'karena', 'banyak', 'bug', 'telah', 'update', 'sekian', 'dan', 'wasalam']",,negative
Os Kar,aneh,,aneh,['aneh'],['aneh'],['aneh'],['aneh'],['aneh'],,negative
Aura Mulia,seru bgt gamenya udh main 8th ga bosen bosen,,seru bgt gamenya udh main 8th ga bosen bosen,"['seru', 'bgt', 'gamenya', 'udh', 'main', '8th', 'ga', 'bosen', 'bosen']","['seru', 'bgt', 'gamenya', 'udh', 'main', 'th', 'ga', 'bosen', 'bosen']","['seru', 'banget', 'sudah', 'th', 'bosen', 'bosen']","['seru', 'bgt', 'gamenya', 'udh', 'main', 'th', 'ga', 'bosen', 'bosen']","['seru', 'banget', 'game', 'sudah', 'main', 'th', 'tidak', 'bosen', 'bosen']",,positive
Bagas 559,"Dari season kemarin main cuam di puter-puter , menang sama kalah nya itu bisa sama terus. rank naik enggak turun juga enggak stuck di situ terus, padahal dari 100 macth mvp gua 64X mau kalah atau menang. (KASIH MVP DI TEAM PRIVILEGE)",2.1.18.11201,"dari season kemarin main cuam di puter-puter , menang sama kalah nya itu bisa sama terus. rank naik enggak turun juga enggak stuck di situ terus, padahal dari 100 macth mvp gua 64x mau kalah atau menang. (kasih mvp di team privilege)","['dari', 'season', 'kemarin', 'main', 'cuam', 'di', 'puter-puter', ',', 'menang', 'sama', 'kalah', 'nya', 'itu', 'bisa', 'sama', 'terus', '.', 'rank', 'naik', 'enggak', 'turun', 'juga', 'enggak', 'stuck', 'di', 'situ', 'terus', ',', 'padahal', 'dari', '100', 'macth', 'mvp', 'gua', '64x', 'mau', 'kalah', 'atau', 'menang', '.', '(', 'kasih', 'mvp', 'di', 'team', 'privilege', ')']","['dari', 'season', 'kemarin', 'main', 'cuam', 'di', 'puterputer', 'menang', 'sama', 'kalah', 'nya', 'itu', 'bisa', 'sama', 'terus', 'rank', 'naik', 'enggak', 'turun', 'juga', 'enggak', 'stuck', 'di', 'situ', 'terus', 'padahal', 'dari', 'macth', 'mvp', 'gua', 'x', 'mau', 'kalah', 'atau', 'menang', 'kasih', 'mvp', 'di', 'team', 'privilege']","['season', 'kemarin', 'cuam', 'puterputer', 'menang', 'kalah', 'naik', 'enggak', 'turun', 'enggak', 'stuck', 'situ', 'macth', 'mvp', 'kalah', 'menang', 'mvp', 'privilege']","['dari', 'season', 'kemarin', 'main', 'cuam', 'di', 'puterputer', 'menang', 'sama', 'kalah', 'nya', 'itu', 'bisa', 'sama', 'terus', 'rank', 'naik', 'enggak', 'turun', 'juga', 'enggak', 'stuck', 'di', 'situ', 'terus', 'padahal', 'dari', 'macth', 'mvp', 'gua', 'x', 'mau', 'kalah', 'atau', 'menang', 'kasih', 'mvp', 'di', 'team', 'privilege']","['dari', 'season', 'kemarin', 'main', 'cuam', 'di', 'puterputer', 'menang', 'sama', 'kalah', 'nya', 'itu', 'bisa', 'sama', 'terus', 'rank', 'naik', 'enggak', 'turun', 'juga', 'enggak', 'stuck', 'di', 'situ', 'terus', 'padahal', 'dari', 'macth', 'mvp', 'aku', 'kali', 'mau', 'kalah', 'atau', 'menang', 'kasih', 'mvp', 'di', 'team', 'privilege']",,negative
Ucup Gemoy,MOONTON SEKRANG NGASI TEAM TOLOL SEMUA,,moonton sekrang ngasi team tolol semua,"['moonton', 'sekrang', 'ngasi', 'team', 'tolol', 'semua']","['moonton', 'sekrang', 'ngasi', 'team', 'tolol', 'semua']","['sekrang', 'ngasi', 'tolol', 'semua']","['moonton', 'sekrang', 'ngasi', 'team', 'tolol', 'semua']","['moonton', 'sekrang', 'ngasi', 'team', 'tolol', 'semua']",,negative
Ali Qli,i like it,2.1.18.11201,i like it,"['i', 'like', 'it']","['i', 'like', 'it']","['like', 'it']","['i', 'like', 'it']","['aku', 'like', 'it']",,negative
Rey Kyoko,Game rusak jaringan bermasalah terus,,game rusak jaringan bermasalah terus,"['game', 'rusak', 'jaringan', 'bermasalah', 'terus']","['game', 'rusak', 'jaringan', 'bermasalah', 'terus']","['rusak', 'masalah']","['game', 'rusak', 'jaring', 'masalah', 'terus']","['game', 'rusak', 'jaring', 'masalah', 'terus']",,negative
Gilang Ubai,game ga jelas tiba tiba d kurangi kredit skor gw padahal ngga ngapa ngapain,2.1.18.11201,game ga jelas tiba tiba d kurangi kredit skor gw padahal ngga ngapa ngapain,"['game', 'ga', 'jelas', 'tiba', 'tiba', 'd', 'kurangi', 'kredit', 'skor', 'gw', 'padahal', 'ngga', 'ngapa', 'ngapain']","['game', 'ga', 'jelas', 'tiba', 'tiba', 'd', 'kurangi', 'kredit', 'skor', 'gw', 'padahal', 'ngga', 'ngapa', 'ngapain']","['jelas', 'd', 'kurang', 'kredit', 'skor', 'ngga', 'ngapa', 'ngapain']","['game', 'ga', 'jelas', 'tiba', 'tiba', 'd', 'kurang', 'kredit', 'skor', 'gw', 'padahal', 'ngga', 'ngapa', 'ngapain']","['game', 'tidak', 'jelas', 'tiba', 'tiba', 'd', 'kurang', 'kredit', 'skor', 'aku', 'padahal', 'ngga', 'ngapa', 'ngapain']",,negative
Wahyu 123,suka ngelek gak karuan lagi dipen ngelek tiba tiba jaringan bagus padahal tolong la monton jangan rusak kenyamanan kami player,,suka ngelek gak karuan lagi dipen ngelek tiba tiba jaringan bagus padahal tolong la monton jangan rusak kenyamanan kami player,"['suka', 'ngelek', 'gak', 'karuan', 'lagi', 'dipen', 'ngelek', 'tiba', 'tiba', 'jaringan', 'bagus', 'padahal', 'tolong', 'la', 'monton', 'jangan', 'rusak', 'kenyamanan', 'kami', 'player']","['suka', 'ngelek', 'gak', 'karuan', 'lagi', 'dipen', 'ngelek', 'tiba', 'tiba', 'jaringan', 'bagus', 'padahal', 'tolong', 'la', 'monton', 'jangan', 'rusak', 'kenyamanan', 'kami', 'player']","['suka', 'lag', 'karuan', 'pen', 'lag', 'bagus', 'tolong', 'jangan', 'rusak', 'nyaman']","['suka', 'ngelek', 'gak', 'karuan', 'lagi', 'pen', 'ngelek', 'tiba', 'tiba', 'jaring', 'bagus', 'padahal', 'tolong', 'la', 'monton', 'jangan', 'rusak', 'nyaman', 'kami', 'player']","['suka', 'lag', 'tidak', 'karuan', 'lagi', 'pen', 'lag', 'tiba', 'tiba', 'jaring', 'bagus', 'padahal', 'tolong', 'la', 'moonton', 'jangan', 'rusak', 'nyaman', 'kami', 'player']",,negative
Alvino dwi saputra,gemm jembot kontol asu tempek ml pekeok akeh drak sistem coknasu,,gemm jembot kontol asu tempek ml pekeok akeh drak sistem coknasu,"['gemm', 'jembot', 'kontol', 'asu', 'tempek', 'ml', 'pekeok', 'akeh', 'drak', 'sistem', 'coknasu']","['gemm', 'jembot', 'kontol', 'asu', 'tempek', 'ml', 'pekeok', 'akeh', 'drak', 'sistem', 'coknasu']","['gemm', 'jembot', 'kontol', 'asu', 'tempek', 'keok', 'akeh', 'gelap', 'coknasu']","['gemm', 'jembot', 'kontol', 'asu', 'tempek', 'ml', 'keok', 'akeh', 'drak', 'sistem', 'coknasu']","['gemm', 'jembot', 'kontol', 'asu', 'tempek', 'ml', 'keok', 'akeh', 'gelap', 'sistem', 'coknasu']",,negative
Bocil Saja,gem kikir bgst ajg bikin losstreak mulu,2.1.18.11201,gem kikir bgst ajg bikin losstreak mulu,"['gem', 'kikir', 'bgst', 'ajg', 'bikin', 'losstreak', 'mulu']","['gem', 'kikir', 'bgst', 'ajg', 'bikin', 'losstreak', 'mulu']","['kikir', 'bgst', 'ajg', 'losstreak']","['gem', 'kikir', 'bgst', 'ajg', 'bikin', 'losstreak', 'mulu']","['game', 'kikir', 'bgst', 'ajg', 'bikin', 'losstreak', 'mulu']",,negative
muhammad Ibnu yana,"Gem nya si bagus cuman sistemnya ga ngotak dapet tim pada ga bisa maen, trus kadang siyal jelek,trus lagi pus dpet musuhnya jago semua giliran tim sendiri jelek trus, KLO lgi pusreng dpet musuhnya jgo semua.",,"gem nya si bagus cuman sistemnya ga ngotak dapet tim pada ga bisa maen, trus kadang siyal jelek,trus lagi pus dpet musuhnya jago semua giliran tim sendiri jelek trus, klo lgi pusreng dpet musuhnya jgo semua.","['gem', 'nya', 'si', 'bagus', 'cuman', 'sistemnya', 'ga', 'ngotak', 'dapet', 'tim', 'pada', 'ga', 'bisa', 'maen', ',', 'trus', 'kadang', 'siyal', 'jelek', ',', 'trus', 'lagi', 'pus', 'dpet', 'musuhnya', 'jago', 'semua', 'giliran', 'tim', 'sendiri', 'jelek', 'trus', ',', 'klo', 'lgi', 'pusreng', 'dpet', 'musuhnya', 'jgo', 'semua', '.']","['gem', 'nya', 'si', 'bagus', 'cuman', 'sistemnya', 'ga', 'ngotak', 'dapet', 'tim', 'pada', 'ga', 'bisa', 'maen', 'trus', 'kadang', 'siyal', 'jelek', 'trus', 'lagi', 'pus', 'dpet', 'musuhnya', 'jago', 'semua', 'giliran', 'tim', 'sendiri', 'jelek', 'trus', 'klo', 'lgi', 'pusreng', 'dpet', 'musuhnya', 'jgo', 'semua']","['bagus', 'ngotak', 'kadang', 'siyal', 'jelek', 'pus', 'dpet', 'musuh', 'jago', 'semua', 'sendiri', 'jelek', 'lgi', 'pusreng', 'dpet', 'musuh', 'jgo', 'semua']","['gem', 'nya', 'si', 'bagus', 'cuman', 'sistem', 'ga', 'ngotak', 'dapet', 'tim', 'pada', 'ga', 'bisa', 'maen', 'trus', 'kadang', 'siyal', 'jelek', 'trus', 'lagi', 'pus', 'dpet', 'musuh', 'jago', 'semua', 'gilir', 'tim', 'sendiri', 'jelek', 'trus', 'klo', 'lgi', 'pusreng', 'dpet', 'musuh', 'jgo', 'semua']","['game', 'nya', 'si', 'bagus', 'hanya', 'sistem', 'tidak', 'ngotak', 'dapet', 'team', 'pada', 'tidak', 'bisa', 'main', 'terus', 'kadang', 'siyal', 'jelek', 'terus', 'lagi', 'pus', 'dpet', 'musuh', 'jago', 'semua', 'gilir', 'team', 'sendiri', 'jelek', 'terus', 'kalau', 'lgi', 'pusreng', 'dpet', 'musuh', 'jgo', 'semua']",,negative
Despa Wahyuni,"tolong dikasih musuh dan tim yang SEPADAN! masa tim ex legend ketemu musuh ex imo semua, adil itu? sepadan itu?",2.1.18.11201,"tolong dikasih musuh dan tim yang sepadan! masa tim ex legend ketemu musuh ex imo semua, adil itu? sepadan itu?","['tolong', 'dikasih', 'musuh', 'dan', 'tim', 'yang', 'sepadan', '!', 'masa', 'tim', 'ex', 'legend', 'ketemu', 'musuh', 'ex', 'imo', 'semua', ',', 'adil', 'itu', '?', 'sepadan', 'itu', '?']","['tolong', 'dikasih', 'musuh', 'dan', 'tim', 'yang', 'sepadan', 'masa', 'tim', 'ex', 'legend', 'ketemu', 'musuh', 'ex', 'imo', 'semua', 'adil', 'itu', 'sepadan', 'itu']","['tolong', 'musuh', 'padan', 'masa', 'ex', 'ketemu', 'musuh', 'ex', 'imo', 'semua', 'adil', 'padan']","['tolong', 'kasih', 'musuh', 'dan', 'tim', 'yang', 'padan', 'masa', 'tim', 'ex', 'legend', 'ketemu', 'musuh', 'ex', 'imo', 'semua', 'adil', 'itu', 'padan', 'itu']","['tolong', 'kasih', 'musuh', 'dan', 'team', 'yang', 'padan', 'masa', 'team', 'ex', 'legend', 'ketemu', 'musuh', 'ex', 'imo', 'semua', 'adil', 'itu', 'padan', 'itu']",,neutral
Muhammad Nur Aziz,gem bosok,,gem bosok,"['gem', 'bosok']","['gem', 'bosok']",['buruk'],"['gem', 'bosok']","['game', 'buruk']",,negative
alicia edelyn,"katanya memberi keadilan, keadilan apa? banyak yang meng troll jika tidak dapat role yang di ingin kan, itu membuat sengsara, KALAU BISA juga jika tim nya nge troll ranking hero nya kena perlindungan, kasihan orng lain di troll dan rank hero nya turun!",2.1.18.11201,"katanya memberi keadilan, keadilan apa? banyak yang meng troll jika tidak dapat role yang di ingin kan, itu membuat sengsara, kalau bisa juga jika tim nya nge troll ranking hero nya kena perlindungan, kasihan orng lain di troll dan rank hero nya turun!","['katanya', 'memberi', 'keadilan', ',', 'keadilan', 'apa', '?', 'banyak', 'yang', 'meng', 'troll', 'jika', 'tidak', 'dapat', 'role', 'yang', 'di', 'ingin', 'kan', ',', 'itu', 'membuat', 'sengsara', ',', 'kalau', 'bisa', 'juga', 'jika', 'tim', 'nya', 'nge', 'troll', 'ranking', 'hero', 'nya', 'kena', 'perlindungan', ',', 'kasihan', 'orng', 'lain', 'di', 'troll', 'dan', 'rank', 'hero', 'nya', 'turun', '!']","['katanya', 'memberi', 'keadilan', 'keadilan', 'apa', 'banyak', 'yang', 'meng', 'troll', 'jika', 'tidak', 'dapat', 'role', 'yang', 'di', 'ingin', 'kan', 'itu', 'membuat', 'sengsara', 'kalau', 'bisa', 'juga', 'jika', 'tim', 'nya', 'nge', 'troll', 'ranking', 'hero', 'nya', 'kena', 'perlindungan', 'kasihan', 'orng', 'lain', 'di', 'troll', 'dan', 'rank', 'hero', 'nya', 'turun']","['beri', 'adil', 'adil', 'banyak', 'meng', 'troll', 'jika', 'role', 'sengsara', 'jika', 'troll', 'ranking', 'kena', 'lindung', 'kasihan', 'orng', 'lain', 'troll', 'turun']","['kata', 'beri', 'adil', 'adil', 'apa', 'banyak', 'yang', 'meng', 'troll', 'jika', 'tidak', 'dapat', 'role', 'yang', 'di', 'ingin', 'kan', 'itu', 'buat', 'sengsara', 'kalau', 'bisa', 'juga', 'jika', 'tim', 'nya', 'nge', 'troll', 'ranking', 'hero', 'nya', 'kena', 'lindung', 'kasihan', 'orng', 'lain', 'di', 'troll', 'dan', 'rank', 'hero', 'nya', 'turun']","['kata', 'beri', 'adil', 'adil', 'apa', 'banyak', 'yang', 'meng', 'troll', 'jika', 'tidak', 'dapat', 'role', 'yang', 'di', 'ingin', 'kan', 'itu', 'buat', 'sengsara', 'kalau', 'bisa', 'juga', 'jika', 'team', 'nya', 'nge', 'troll', 'ranking', 'hero', 'nya', 'kena', 'lindung', 'kasihan', 'orng', 'lain', 'di', 'troll', 'dan', 'rank', 'hero', 'nya', 'turun']",,negative
Cici Marliani,jaringan tae,2.1.18.11201,jaringan tae,"['jaringan', 'tae']","['jaringan', 'tae']",['tae'],"['jaring', 'tae']","['jaring', 'tae']",,negative
Irfan Fauzi,punya tim kaya bocil minimal di kasih tim waras lol,2.1.18.11201,punya tim kaya bocil minimal di kasih tim waras lol,"['punya', 'tim', 'kaya', 'bocil', 'minimal', 'di', 'kasih', 'tim', 'waras', 'lol']","['punya', 'tim', 'kaya', 'bocil', 'minimal', 'di', 'kasih', 'tim', 'waras', 'lol']","['punya', 'bocil', 'minimal', 'waras', 'lol']","['punya', 'tim', 'kaya', 'bocil', 'minimal', 'di', 'kasih', 'tim', 'waras', 'lol']","['punya', 'team', 'seperti', 'bocil', 'minimal', 'di', 'kasih', 'team', 'waras', 'lol']",,negative
Bang Patur,"game jelek mending hapus aja,dikasih tim darksistem semua dikasih musuh yg jago"" ga adil,game jelek ga usah di mainin,game perusak otakkk",2.1.18.11201,"game jelek mending hapus aja,dikasih tim darksistem semua dikasih musuh yg jago"" ga adil,game jelek ga usah di mainin,game perusak otakkk","['game', 'jelek', 'mending', 'hapus', 'aja', ',', 'dikasih', 'tim', 'darksistem', 'semua', 'dikasih', 'musuh', 'yg', 'jago', ""''"", 'ga', 'adil', ',', 'game', 'jelek', 'ga', 'usah', 'di', 'mainin', ',', 'game', 'perusak', 'otakkk']","['game', 'jelek', 'mending', 'hapus', 'aja', 'dikasih', 'tim', 'darksistem', 'semua', 'dikasih', 'musuh', 'yg', 'jago', 'ga', 'adil', 'game', 'jelek', 'ga', 'usah', 'di', 'mainin', 'game', 'perusak', 'otak']","['jelek', 'mending', 'hapus', 'darksistem', 'semua', 'musuh', 'jago', 'adil', 'jelek', 'usah', 'mainin', 'usak', 'otak']","['game', 'jelek', 'mending', 'hapus', 'aja', 'kasih', 'tim', 'darksistem', 'semua', 'kasih', 'musuh', 'yg', 'jago', 'ga', 'adil', 'game', 'jelek', 'ga', 'usah', 'di', 'mainin', 'game', 'usak', 'otak']","['game', 'jelek', 'mending', 'hapus', 'aja', 'kasih', 'team', 'darksistem', 'semua', 'kasih', 'musuh', 'yang', 'jago', 'tidak', 'adil', 'game', 'jelek', 'tidak', 'usah', 'di', 'mainin', 'game', 'usak', 'otak']",,negative
Izwan Saputra,"GBLOK, TIM PENGALAMAN ROMAWI DIKASIH KE GLORY, GUOBLOKNYA MOONTON, BERAPA TAHUN MASIH GBLOK??????????? LIAT PROFIL TOLOL PARAH MATCHNYA ANJENG😂😂😂",2.1.18.11201,"gblok, tim pengalaman romawi dikasih ke glory, guobloknya moonton, berapa tahun masih gblok??????????? liat profil tolol parah matchnya anjeng😂😂😂","['gblok', ',', 'tim', 'pengalaman', 'romawi', 'dikasih', 'ke', 'glory', ',', 'guobloknya', 'moonton', ',', 'berapa', 'tahun', 'masih', 'gblok', '?', '?', '?', '?', '?', '?', '?', '?', '?', '?', '?', 'liat', 'profil', 'tolol', 'parah', 'matchnya', 'anjeng😂😂😂']","['gblok', 'tim', 'pengalaman', 'romawi', 'dikasih', 'ke', 'glory', 'guobloknya', 'moonton', 'berapa', 'tahun', 'masih', 'gblok', 'liat', 'profil', 'tolol', 'parah', 'matchnya', 'anjeng']","['gblok', 'alam', 'romawi', 'glory', 'guobloknya', 'berapa', 'gblok', 'profil', 'tolol', 'parah', 'matchnya', 'anjeng']","['gblok', 'tim', 'alam', 'romawi', 'kasih', 'ke', 'glory', 'guobloknya', 'moonton', 'berapa', 'tahun', 'masih', 'gblok', 'liat', 'profil', 'tolol', 'parah', 'matchnya', 'anjeng']","['gblok', 'team', 'alam', 'romawi', 'kasih', 'ke', 'glory', 'guobloknya', 'moonton', 'berapa', 'tahun', 'masih', 'gblok', 'liat', 'profil', 'tolol', 'parah', 'matchnya', 'anjeng']",,negative
Neni Nuraeni,"gw saranin buat orang yang kesabaran nya setipis tisu jangan main game ini!!, ini game bikin otak stress. lama lama gw kesel jugaa, benerin lah moonton!!!!",2.1.18.11201,"gw saranin buat orang yang kesabaran nya setipis tisu jangan main game ini!!, ini game bikin otak stress. lama lama gw kesel jugaa, benerin lah moonton!!!!","['gw', 'saranin', 'buat', 'orang', 'yang', 'kesabaran', 'nya', 'setipis', 'tisu', 'jangan', 'main', 'game', 'ini', '!', '!', ',', 'ini', 'game', 'bikin', 'otak', 'stress', '.', 'lama', 'lama', 'gw', 'kesel', 'jugaa', ',', 'benerin', 'lah', 'moonton', '!', '!', '!', '!']","['gw', 'saranin', 'buat', 'orang', 'yang', 'kesabaran', 'nya', 'setipis', 'tisu', 'jangan', 'main', 'game', 'ini', 'ini', 'game', 'bikin', 'otak', 'stress', 'lama', 'lama', 'gw', 'kesel', 'jugaa', 'benerin', 'lah', 'moonton']","['saranin', 'sabar', 'setip', 'tisu', 'jangan', 'otak', 'stres', 'lama', 'lama', 'kesel', 'jugaa', 'rusak']","['gw', 'saranin', 'buat', 'orang', 'yang', 'sabar', 'nya', 'setip', 'tisu', 'jangan', 'main', 'game', 'ini', 'ini', 'game', 'bikin', 'otak', 'stress', 'lama', 'lama', 'gw', 'kesel', 'jugaa', 'benerin', 'lah', 'moonton']","['aku', 'saranin', 'buat', 'orang', 'yang', 'sabar', 'nya', 'setip', 'tisu', 'jangan', 'main', 'game', 'ini', 'ini', 'game', 'bikin', 'otak', 'stres', 'lama', 'lama', 'aku', 'kesel', 'jugaa', 'rusak', 'lah', 'moonton']",,negative
siapa?,"terkait jaringan benerin dong, ngotak dikit",1.9.99.10932,"terkait jaringan benerin dong, ngotak dikit","['terkait', 'jaringan', 'benerin', 'dong', ',', 'ngotak', 'dikit']","['terkait', 'jaringan', 'benerin', 'dong', 'ngotak', 'dikit']","['kait', 'rusak', 'ngotak', 'sedikit']","['kait', 'jaring', 'benerin', 'dong', 'ngotak', 'dikit']","['kait', 'jaring', 'rusak', 'dong', 'ngotak', 'sedikit']",,negative
Alan Budikusuma,GM taik tim tolll semuaa di kasii ajingg binatanggg ngsi tim kontoll anjinggg,2.1.18.11201,gm taik tim tolll semuaa di kasii ajingg binatanggg ngsi tim kontoll anjinggg,"['gm', 'taik', 'tim', 'tolll', 'semuaa', 'di', 'kasii', 'ajingg', 'binatanggg', 'ngsi', 'tim', 'kontoll', 'anjinggg']","['gm', 'taik', 'tim', 'tol', 'semuaa', 'di', 'kasii', 'ajingg', 'binatang', 'ngsi', 'tim', 'kontoll', 'anjing']","['gm', 'taik', 'tol', 'semuaa', 'kasi', 'ajingg', 'binatang', 'ngsi', 'kontoll', 'anjing']","['gm', 'taik', 'tim', 'tol', 'semuaa', 'di', 'kasi', 'ajingg', 'binatang', 'ngsi', 'tim', 'kontoll', 'anjing']","['gm', 'taik', 'team', 'tol', 'semuaa', 'di', 'kasi', 'ajingg', 'binatang', 'ngsi', 'team', 'kontoll', 'anjing']",,negative
Nur Gaming sekuad,"game rusak bikin setres ,gameplay ngk adil, lolot mending pindah ke game honor of king aja gameplay lebih menarik dan permainan nya lebih adil pemberian lawan juga sesuai dengan kemampuan tim sendiri beda sama di mlbb kalo di mlbb pemberian tim musuh ngak imbang sama tim sendiri di tambah player mlbb sekarang kalo liat tim sendiri yang mati mulu pasti langsung di ripot terus sama moonton di kurangi kredit sekor nya apa ngak kasian sama pelayer solo seperti saya apa lagi ini game bikin toksik",,"game rusak bikin setres ,gameplay ngk adil, lolot mending pindah ke game honor of king aja gameplay lebih menarik dan permainan nya lebih adil pemberian lawan juga sesuai dengan kemampuan tim sendiri beda sama di mlbb kalo di mlbb pemberian tim musuh ngak imbang sama tim sendiri di tambah player mlbb sekarang kalo liat tim sendiri yang mati mulu pasti langsung di ripot terus sama moonton di kurangi kredit sekor nya apa ngak kasian sama pelayer solo seperti saya apa lagi ini game bikin toksik","['game', 'rusak', 'bikin', 'setres', ',', 'gameplay', 'ngk', 'adil', ',', 'lolot', 'mending', 'pindah', 'ke', 'game', 'honor', 'of', 'king', 'aja', 'gameplay', 'lebih', 'menarik', 'dan', 'permainan', 'nya', 'lebih', 'adil', 'pemberian', 'lawan', 'juga', 'sesuai', 'dengan', 'kemampuan', 'tim', 'sendiri', 'beda', 'sama', 'di', 'mlbb', 'kalo', 'di', 'mlbb', 'pemberian', 'tim', 'musuh', 'ngak', 'imbang', 'sama', 'tim', 'sendiri', 'di', 'tambah', 'player', 'mlbb', 'sekarang', 'kalo', 'liat', 'tim', 'sendiri', 'yang', 'mati', 'mulu', 'pasti', 'langsung', 'di', 'ripot', 'terus', 'sama', 'moonton', 'di', 'kurangi', 'kredit', 'sekor', 'nya', 'apa', 'ngak', 'kasian', 'sama', 'pelayer', 'solo', 'seperti', 'saya', 'apa', 'lagi', 'ini', 'game', 'bikin', 'toksik']","['game', 'rusak', 'bikin', 'setres', 'gameplay', 'ngk', 'adil', 'lolot', 'mending', 'pindah', 'ke', 'game', 'honor', 'of', 'king', 'aja', 'gameplay', 'lebih', 'menarik', 'dan', 'permainan', 'nya', 'lebih', 'adil', 'pemberian', 'lawan', 'juga', 'sesuai', 'dengan', 'kemampuan', 'tim', 'sendiri', 'beda', 'sama', 'di', 'mlbb', 'kalo', 'di', 'mlbb', 'pemberian', 'tim', 'musuh', 'ngak', 'imbang', 'sama', 'tim', 'sendiri', 'di', 'tambah', 'player', 'mlbb', 'sekarang', 'kalo', 'liat', 'tim', 'sendiri', 'yang', 'mati', 'mulu', 'pasti', 'langsung', 'di', 'ripot', 'terus', 'sama', 'moonton', 'di', 'kurangi', 'kredit', 'sekor', 'nya', 'apa', 'ngak', 'kasian', 'sama', 'pelayer', 'solo', 'seperti', 'saya', 'apa', 'lagi', 'ini', 'game', 'bikin', 'toksik']","['rusak', 'tres', 'ngk', 'adil', 'lolot', 'mending', 'pindah', 'king', 'lebih', 'tarik', 'lebih', 'adil', 'beri', 'lawan', 'sesuai', 'mampu', 'sendiri', 'beda', 'beri', 'musuh', 'ngak', 'imbang', 'sendiri', 'tambah', 'sekarang', 'sendiri', 'mati', 'pasti', 'langsung', 'ripot', 'kurang', 'kredit', 'kor', 'ngak', 'kasi', 'layer', 'buruk']","['game', 'rusak', 'bikin', 'tres', 'gameplay', 'ngk', 'adil', 'lolot', 'mending', 'pindah', 'ke', 'game', 'honor', 'of', 'king', 'aja', 'gameplay', 'lebih', 'tarik', 'dan', 'main', 'nya', 'lebih', 'adil', 'beri', 'lawan', 'juga', 'sesuai', 'dengan', 'mampu', 'tim', 'sendiri', 'beda', 'sama', 'di', 'mlbb', 'kalo', 'di', 'mlbb', 'beri', 'tim', 'musuh', 'ngak', 'imbang', 'sama', 'tim', 'sendiri', 'di', 'tambah', 'player', 'mlbb', 'sekarang', 'kalo', 'liat', 'tim', 'sendiri', 'yang', 'mati', 'mulu', 'pasti', 'langsung', 'di', 'ripot', 'terus', 'sama', 'moonton', 'di', 'kurang', 'kredit', 'kor', 'nya', 'apa', 'ngak', 'kasi', 'sama', 'layer', 'solo', 'seperti', 'saya', 'apa', 'lagi', 'ini', 'game', 'bikin', 'toksik']","['game', 'rusak', 'bikin', 'tres', 'gameplay', 'ngk', 'adil', 'lolot', 'mending', 'pindah', 'ke', 'game', 'honor', 'of', 'king', 'aja', 'gameplay', 'lebih', 'tarik', 'dan', 'main', 'nya', 'lebih', 'adil', 'beri', 'lawan', 'juga', 'sesuai', 'dengan', 'mampu', 'team', 'sendiri', 'beda', 'sama', 'di', 'mlbb', 'kalau', 'di', 'mlbb', 'beri', 'team', 'musuh', 'ngak', 'imbang', 'sama', 'team', 'sendiri', 'di', 'tambah', 'player', 'mlbb', 'sekarang', 'kalau', 'liat', 'team', 'sendiri', 'yang', 'mati', 'mulu', 'pasti', 'langsung', 'di', 'ripot', 'terus', 'sama', 'moonton', 'di', 'kurang', 'kredit', 'kor', 'nya', 'apa', 'ngak', 'kasi', 'sama', 'layer', 'solo', 'seperti', 'aku', 'apa', 'lagi', 'ini', 'game', 'bikin', 'buruk']",,negative
Deni Ramadani,game bagus grafik apa lagi dah lah gabisa berkata kata lagi download sekarang!!!,2.1.18.11201,game bagus grafik apa lagi dah lah gabisa berkata kata lagi download sekarang!!!,"['game', 'bagus', 'grafik', 'apa', 'lagi', 'dah', 'lah', 'gabisa', 'berkata', 'kata', 'lagi', 'download', 'sekarang', '!', '!', '!']","['game', 'bagus', 'grafik', 'apa', 'lagi', 'dah', 'lah', 'gabisa', 'berkata', 'kata', 'lagi', 'download', 'sekarang']","['bagus', 'grafik', 'sudah', 'gabisa', 'sekarang']","['game', 'bagus', 'grafik', 'apa', 'lagi', 'dah', 'lah', 'gabisa', 'kata', 'kata', 'lagi', 'download', 'sekarang']","['game', 'bagus', 'grafik', 'apa', 'lagi', 'sudah', 'lah', 'gabisa', 'kata', 'kata', 'lagi', 'download', 'sekarang']",,negative
Sri Yulianti,gem kot.l,2.1.18.11201,gem kot.l,"['gem', 'kot.l']","['gem', 'kotl']",['kotl'],"['gem', 'kotl']","['game', 'kotl']",,negative
Dewi Ktp,pesan terbuka buat monton yg sering memberikan pelanggaran semaunya tanpa melihat atau mentulusuri permain yg ada tolong di perbaikin lagi sebelum mengambil tindakan,2.1.18.11201,pesan terbuka buat monton yg sering memberikan pelanggaran semaunya tanpa melihat atau mentulusuri permain yg ada tolong di perbaikin lagi sebelum mengambil tindakan,"['pesan', 'terbuka', 'buat', 'monton', 'yg', 'sering', 'memberikan', 'pelanggaran', 'semaunya', 'tanpa', 'melihat', 'atau', 'mentulusuri', 'permain', 'yg', 'ada', 'tolong', 'di', 'perbaikin', 'lagi', 'sebelum', 'mengambil', 'tindakan']","['pesan', 'terbuka', 'buat', 'monton', 'yg', 'sering', 'memberikan', 'pelanggaran', 'semaunya', 'tanpa', 'melihat', 'atau', 'mentulusuri', 'permain', 'yg', 'ada', 'tolong', 'di', 'perbaikin', 'lagi', 'sebelum', 'mengambil', 'tindakan']","['pesan', 'buka', 'beri', 'langgar', 'tanpa', 'lihat', 'mentulusuri', 'tolong', 'perbaikin', 'belum', 'ambil', 'tindak']","['pesan', 'buka', 'buat', 'monton', 'yg', 'sering', 'beri', 'langgar', 'mau', 'tanpa', 'lihat', 'atau', 'mentulusuri', 'main', 'yg', 'ada', 'tolong', 'di', 'perbaikin', 'lagi', 'belum', 'ambil', 'tindak']","['pesan', 'buka', 'buat', 'moonton', 'yang', 'sering', 'beri', 'langgar', 'mau', 'tanpa', 'lihat', 'atau', 'mentulusuri', 'main', 'yang', 'ada', 'tolong', 'di', 'perbaikin', 'lagi', 'belum', 'ambil', 'tindak']",,negative
Muhammad Alvin arrafqi Rafqi,karna bakal ketemu tim yang gajelas,,karna bakal ketemu tim yang gajelas,"['karna', 'bakal', 'ketemu', 'tim', 'yang', 'gajelas']","['karna', 'bakal', 'ketemu', 'tim', 'yang', 'gajelas']","['ketemu', 'gajelas']","['karna', 'bakal', 'ketemu', 'tim', 'yang', 'gajelas']","['karena', 'bakal', 'ketemu', 'team', 'yang', 'gajelas']",,negative
Al Aldan parasetia,game dongo,1.9.99.10932,game dongo,"['game', 'dongo']","['game', 'dongo']",['dongo'],"['game', 'dongo']","['game', 'dongo']",,negative
jaury gusrynanda,Game Settingan.... kebanyakan Bot supaya kita kalah....Semoga cepat Bangkrut... Aamiin,2.1.18.11201,game settingan.... kebanyakan bot supaya kita kalah....semoga cepat bangkrut... aamiin,"['game', 'settingan', '....', 'kebanyakan', 'bot', 'supaya', 'kita', 'kalah', '....', 'semoga', 'cepat', 'bangkrut', '...', 'aamiin']","['game', 'settingan', 'kebanyakan', 'bot', 'supaya', 'kita', 'kalah', 'semoga', 'cepat', 'bangkrut', 'aamiin']","['settingan', 'banyak', 'bot', 'kalah', 'moga', 'cepat', 'bangkrut', 'aamiin']","['game', 'settingan', 'banyak', 'bot', 'supaya', 'kita', 'kalah', 'moga', 'cepat', 'bangkrut', 'aamiin']","['game', 'settingan', 'banyak', 'bot', 'supaya', 'kita', 'kalah', 'moga', 'cepat', 'bangkrut', 'aamiin']",,negative
Gilang Dwi Saputro,sistem nya gaje selama 2 season gua di kasih tim ga setara isi tim gua banyak maksa main sedangkan tim musuh Renk tertinggi nya glory kalo di tim gua di kasih renk tertinggi nya epic legend Ama Mawi itu pun sekali username:fadil elek ini selama 2 season ga pernah di kasih ws,,sistem nya gaje selama 2 season gua di kasih tim ga setara isi tim gua banyak maksa main sedangkan tim musuh renk tertinggi nya glory kalo di tim gua di kasih renk tertinggi nya epic legend ama mawi itu pun sekali username:fadil elek ini selama 2 season ga pernah di kasih ws,"['sistem', 'nya', 'gaje', 'selama', '2', 'season', 'gua', 'di', 'kasih', 'tim', 'ga', 'setara', 'isi', 'tim', 'gua', 'banyak', 'maksa', 'main', 'sedangkan', 'tim', 'musuh', 'renk', 'tertinggi', 'nya', 'glory', 'kalo', 'di', 'tim', 'gua', 'di', 'kasih', 'renk', 'tertinggi', 'nya', 'epic', 'legend', 'ama', 'mawi', 'itu', 'pun', 'sekali', 'username', ':', 'fadil', 'elek', 'ini', 'selama', '2', 'season', 'ga', 'pernah', 'di', 'kasih', 'ws']","['sistem', 'nya', 'gaje', 'selama', 'season', 'gua', 'di', 'kasih', 'tim', 'ga', 'setara', 'isi', 'tim', 'gua', 'banyak', 'maksa', 'main', 'sedangkan', 'tim', 'musuh', 'renk', 'tertinggi', 'nya', 'glory', 'kalo', 'di', 'tim', 'gua', 'di', 'kasih', 'renk', 'tertinggi', 'nya', 'epic', 'legend', 'ama', 'mawi', 'itu', 'pun', 'sekali', 'username', 'fadil', 'elek', 'ini', 'selama', 'season', 'ga', 'pernah', 'di', 'kasih', 'ws']","['gaje', 'lama', 'season', 'isi', 'banyak', 'maksa', 'sedang', 'musuh', 'renk', 'tinggi', 'glory', 'renk', 'tinggi', 'epic', 'mawi', 'username', 'fadil', 'elek', 'lama', 'season', 'pernah', 'ws']","['sistem', 'nya', 'gaje', 'lama', 'season', 'gua', 'di', 'kasih', 'tim', 'ga', 'tara', 'isi', 'tim', 'gua', 'banyak', 'maksa', 'main', 'sedang', 'tim', 'musuh', 'renk', 'tinggi', 'nya', 'glory', 'kalo', 'di', 'tim', 'gua', 'di', 'kasih', 'renk', 'tinggi', 'nya', 'epic', 'legend', 'ama', 'mawi', 'itu', 'pun', 'sekali', 'username', 'fadil', 'elek', 'ini', 'lama', 'season', 'ga', 'pernah', 'di', 'kasih', 'ws']","['sistem', 'nya', 'gaje', 'lama', 'season', 'aku', 'di', 'kasih', 'team', 'tidak', 'tara', 'isi', 'team', 'aku', 'banyak', 'maksa', 'main', 'sedang', 'team', 'musuh', 'renk', 'tinggi', 'nya', 'glory', 'kalau', 'di', 'team', 'aku', 'di', 'kasih', 'renk', 'tinggi', 'nya', 'epic', 'legend', 'ama', 'mawi', 'itu', 'pun', 'sekali', 'username', 'fadil', 'elek', 'ini', 'lama', 'season', 'tidak', 'pernah', 'di', 'kasih', 'ws']",,negative
Syarifudin Sar,ok,,ok,['ok'],['ok'],['oke'],['ok'],['oke'],,negative
Rayyan Bahy f.m,LAIN JALI KALO KASI TIM WARAS DIKIT JN YG NGETROL MIKIR NAPA ORG MAU IMPROVE DR SKIL NY DIKASI TIM KE GT LU MALAH BIKIN ORG PADA MENTOK LAWAK,2.1.18.11201,lain jali kalo kasi tim waras dikit jn yg ngetrol mikir napa org mau improve dr skil ny dikasi tim ke gt lu malah bikin org pada mentok lawak,"['lain', 'jali', 'kalo', 'kasi', 'tim', 'waras', 'dikit', 'jn', 'yg', 'ngetrol', 'mikir', 'napa', 'org', 'mau', 'improve', 'dr', 'skil', 'ny', 'dikasi', 'tim', 'ke', 'gt', 'lu', 'malah', 'bikin', 'org', 'pada', 'mentok', 'lawak']","['lain', 'jali', 'kalo', 'kasi', 'tim', 'waras', 'dikit', 'jn', 'yg', 'ngetrol', 'mikir', 'napa', 'org', 'mau', 'improve', 'dr', 'skil', 'ny', 'dikasi', 'tim', 'ke', 'gt', 'lu', 'malah', 'bikin', 'org', 'pada', 'mentok', 'lawak']","['lain', 'jali', 'kasi', 'waras', 'sedikit', 'jn', 'ngetrol', 'mikir', 'napa', 'org', 'improve', 'dr', 'skill', 'kasi', 'gt', 'org', 'mentok', 'lawak']","['lain', 'jali', 'kalo', 'kasi', 'tim', 'waras', 'dikit', 'jn', 'yg', 'ngetrol', 'mikir', 'napa', 'org', 'mau', 'improve', 'dr', 'skil', 'ny', 'kasi', 'tim', 'ke', 'gt', 'lu', 'malah', 'bikin', 'org', 'pada', 'mentok', 'lawak']","['lain', 'jali', 'kalau', 'kasi', 'team', 'waras', 'sedikit', 'jn', 'yang', 'ngetrol', 'mikir', 'napa', 'org', 'mau', 'improve', 'dr', 'skill', 'nya', 'kasi', 'team', 'ke', 'gt', 'kamu', 'malah', 'bikin', 'org', 'pada', 'mentok', 'lawak']",,negative
cmielasya raa,"udh gw apus , ngasih tim gprnah bener",2.1.18.11201,"udh gw apus , ngasih tim gprnah bener","['udh', 'gw', 'apus', ',', 'ngasih', 'tim', 'gprnah', 'bener']","['udh', 'gw', 'apus', 'ngasih', 'tim', 'gprnah', 'bener']","['sudah', 'apus', 'beri', 'gprnah', 'benar']","['udh', 'gw', 'apus', 'ngasih', 'tim', 'gprnah', 'bener']","['sudah', 'aku', 'apus', 'beri', 'team', 'gprnah', 'benar']",,negative
rilya bilondatu Oma abi,saya mau di ml harus ada skin gratis jangan trial Herobadang sama helcrut dan semuahero juga harus kasih gratis nanti saya kasih bintang 🌟🌟🌟🌟🌟 geme ini saya sangat suka 😇😇😇🙏🙏🙏 dan saya mau pasang hapymod di ml,2.1.18.11201,saya mau di ml harus ada skin gratis jangan trial herobadang sama helcrut dan semuahero juga harus kasih gratis nanti saya kasih bintang 🌟🌟🌟🌟🌟 geme ini saya sangat suka 😇😇😇🙏🙏🙏 dan saya mau pasang hapymod di ml,"['saya', 'mau', 'di', 'ml', 'harus', 'ada', 'skin', 'gratis', 'jangan', 'trial', 'herobadang', 'sama', 'helcrut', 'dan', 'semuahero', 'juga', 'harus', 'kasih', 'gratis', 'nanti', 'saya', 'kasih', 'bintang', '🌟🌟🌟🌟🌟', 'geme', 'ini', 'saya', 'sangat', 'suka', '😇😇😇🙏🙏🙏', 'dan', 'saya', 'mau', 'pasang', 'hapymod', 'di', 'ml']","['saya', 'mau', 'di', 'ml', 'harus', 'ada', 'skin', 'gratis', 'jangan', 'trial', 'herobadang', 'sama', 'helcrut', 'dan', 'semuahero', 'juga', 'harus', 'kasih', 'gratis', 'nanti', 'saya', 'kasih', 'bintang', 'geme', 'ini', 'saya', 'sangat', 'suka', 'dan', 'saya', 'mau', 'pasang', 'hapymod', 'di', 'ml']","['skin', 'gratis', 'jangan', 'trial', 'herobadang', 'helcrut', 'semuahero', 'gratis', 'nanti', 'bintang', 'suka', 'pasang', 'hapymod']","['saya', 'mau', 'di', 'ml', 'harus', 'ada', 'skin', 'gratis', 'jangan', 'trial', 'herobadang', 'sama', 'helcrut', 'dan', 'semuahero', 'juga', 'harus', 'kasih', 'gratis', 'nanti', 'saya', 'kasih', 'bintang', 'geme', 'ini', 'saya', 'sangat', 'suka', 'dan', 'saya', 'mau', 'pasang', 'hapymod', 'di', 'ml']","['aku', 'mau', 'di', 'ml', 'harus', 'ada', 'skin', 'gratis', 'jangan', 'trial', 'herobadang', 'sama', 'helcrut', 'dan', 'semuahero', 'juga', 'harus', 'kasih', 'gratis', 'nanti', 'aku', 'kasih', 'bintang', 'game', 'ini', 'aku', 'sangat', 'suka', 'dan', 'aku', 'mau', 'pasang', 'hapymod', 'di', 'ml']",,positive
Sutiawan Ade,Permainannya Bagus MONTON Beri Aku Diamond Dong 100-500 Aja Ya MONTON Plisssssssssss Dan Beri Bintang 5 Aja Cukup🥰🥰🥰,2.1.18.11201,permainannya bagus monton beri aku diamond dong 100-500 aja ya monton plisssssssssss dan beri bintang 5 aja cukup🥰🥰🥰,"['permainannya', 'bagus', 'monton', 'beri', 'aku', 'diamond', 'dong', '100-500', 'aja', 'ya', 'monton', 'plisssssssssss', 'dan', 'beri', 'bintang', '5', 'aja', 'cukup🥰🥰🥰']","['permainannya', 'bagus', 'monton', 'beri', 'aku', 'diamond', 'dong', 'aja', 'ya', 'monton', 'plis', 'dan', 'beri', 'bintang', 'aja', 'cukup']","['bagus', 'beri', 'diamond', 'beri', 'bintang', 'cukup']","['main', 'bagus', 'monton', 'beri', 'aku', 'diamond', 'dong', 'aja', 'ya', 'monton', 'plis', 'dan', 'beri', 'bintang', 'aja', 'cukup']","['main', 'bagus', 'moonton', 'beri', 'aku', 'diamond', 'dong', 'aja', 'ya', 'moonton', 'plis', 'dan', 'beri', 'bintang', 'aja', 'cukup']",,negative
Arjun Prasetya,Gak usah ngekil ges mending assist aja udah cape cape solo kill ngepush terus kalah eh yang punya assist lebih banyak yang MVP padahal matinya banyakan dia,2.1.18.11201,gak usah ngekil ges mending assist aja udah cape cape solo kill ngepush terus kalah eh yang punya assist lebih banyak yang mvp padahal matinya banyakan dia,"['gak', 'usah', 'ngekil', 'ges', 'mending', 'assist', 'aja', 'udah', 'cape', 'cape', 'solo', 'kill', 'ngepush', 'terus', 'kalah', 'eh', 'yang', 'punya', 'assist', 'lebih', 'banyak', 'yang', 'mvp', 'padahal', 'matinya', 'banyakan', 'dia']","['gak', 'usah', 'ngekil', 'ges', 'mending', 'assist', 'aja', 'udah', 'cape', 'cape', 'solo', 'kill', 'ngepush', 'terus', 'kalah', 'eh', 'yang', 'punya', 'assist', 'lebih', 'banyak', 'yang', 'mvp', 'padahal', 'matinya', 'banyakan', 'dia']","['usah', 'ngekil', 'ges', 'mending', 'assist', 'cape', 'cape', 'kill', 'ngepush', 'kalah', 'punya', 'assist', 'lebih', 'banyak', 'mvp', 'mati', 'banyak', 'dia']","['gak', 'usah', 'ngekil', 'ges', 'mending', 'assist', 'aja', 'udah', 'cape', 'cape', 'solo', 'kill', 'ngepush', 'terus', 'kalah', 'eh', 'yang', 'punya', 'assist', 'lebih', 'banyak', 'yang', 'mvp', 'padahal', 'mati', 'banyak', 'dia']","['tidak', 'usah', 'ngekil', 'ges', 'mending', 'assist', 'aja', 'udah', 'cape', 'cape', 'solo', 'kill', 'ngepush', 'terus', 'kalah', 'eh', 'yang', 'punya', 'assist', 'lebih', 'banyak', 'yang', 'mvp', 'padahal', 'mati', 'banyak', 'dia']",,negative
ihsan andika,game pepek,,game pepek,"['game', 'pepek']","['game', 'pepek']",['pepek'],"['game', 'pepek']","['game', 'pepek']",,negative
Kelvinforzextors 07,game kebanyakan darksistem,,game kebanyakan darksistem,"['game', 'kebanyakan', 'darksistem']","['game', 'kebanyakan', 'darksistem']","['banyak', 'darksistem']","['game', 'banyak', 'darksistem']","['game', 'banyak', 'darksistem']",,negative
muhammad zikri,seru tolong kasih tim yg seimbang,1.9.64.10601,seru tolong kasih tim yg seimbang,"['seru', 'tolong', 'kasih', 'tim', 'yg', 'seimbang']","['seru', 'tolong', 'kasih', 'tim', 'yg', 'seimbang']","['seru', 'tolong', 'imbang']","['seru', 'tolong', 'kasih', 'tim', 'yg', 'imbang']","['seru', 'tolong', 'kasih', 'team', 'yang', 'imbang']",,positive
Zhivara Latisya,game kontol,,game kontol,"['game', 'kontol']","['game', 'kontol']",['kontol'],"['game', 'kontol']","['game', 'kontol']",,negative
Parid d,👍🏻👍🏻👍🏻👍🏻,2.1.18.11201,👍🏻👍🏻👍🏻👍🏻,['👍🏻👍🏻👍🏻👍🏻'],[],[],[],[],,negative
Elvinita Jambak,parah banget ngebug nya padahal jaringan ok. plus tia main ga bisa di sentuh apapun jadi kena afk mulu perbaiki dong,,parah banget ngebug nya padahal jaringan ok. plus tia main ga bisa di sentuh apapun jadi kena afk mulu perbaiki dong,"['parah', 'banget', 'ngebug', 'nya', 'padahal', 'jaringan', 'ok.', 'plus', 'tia', 'main', 'ga', 'bisa', 'di', 'sentuh', 'apapun', 'jadi', 'kena', 'afk', 'mulu', 'perbaiki', 'dong']","['parah', 'banget', 'ngebug', 'nya', 'padahal', 'jaringan', 'ok', 'plus', 'tia', 'main', 'ga', 'bisa', 'di', 'sentuh', 'apapun', 'jadi', 'kena', 'afk', 'mulu', 'perbaiki', 'dong']","['parah', 'banget', 'ngebug', 'oke', 'plus', 'tia', 'sentuh', 'kena', 'afk', 'baik']","['parah', 'banget', 'ngebug', 'nya', 'padahal', 'jaring', 'ok', 'plus', 'tia', 'main', 'ga', 'bisa', 'di', 'sentuh', 'apa', 'jadi', 'kena', 'afk', 'mulu', 'baik', 'dong']","['parah', 'banget', 'ngebug', 'nya', 'padahal', 'jaring', 'oke', 'plus', 'tia', 'main', 'tidak', 'bisa', 'di', 'sentuh', 'apa', 'jadi', 'kena', 'afk', 'mulu', 'baik', 'dong']",,negative
Frendy Frendy,"bisa gak klok orang bot tuh musuhnya jugak bot ,masak bot musuhnya GG tololtolong ituh lobi nya bnerin lagi .bikin orang mles maen ini geme",2.1.18.11201,"bisa gak klok orang bot tuh musuhnya jugak bot ,masak bot musuhnya gg tololtolong ituh lobi nya bnerin lagi .bikin orang mles maen ini geme","['bisa', 'gak', 'klok', 'orang', 'bot', 'tuh', 'musuhnya', 'jugak', 'bot', ',', 'masak', 'bot', 'musuhnya', 'gg', 'tololtolong', 'ituh', 'lobi', 'nya', 'bnerin', 'lagi', '.bikin', 'orang', 'mles', 'maen', 'ini', 'geme']","['bisa', 'gak', 'klok', 'orang', 'bot', 'tuh', 'musuhnya', 'jugak', 'bot', 'masak', 'bot', 'musuhnya', 'gg', 'tololtolong', 'ituh', 'lobi', 'nya', 'bnerin', 'lagi', 'bikin', 'orang', 'mles', 'maen', 'ini', 'geme']","['klok', 'bot', 'musuh', 'jugak', 'bot', 'bot', 'musuh', 'gg', 'tololtolong', 'ituh', 'lobi', 'bnerin', 'mles']","['bisa', 'gak', 'klok', 'orang', 'bot', 'tuh', 'musuh', 'jugak', 'bot', 'masak', 'bot', 'musuh', 'gg', 'tololtolong', 'ituh', 'lobi', 'nya', 'bnerin', 'lagi', 'bikin', 'orang', 'mles', 'maen', 'ini', 'geme']","['bisa', 'tidak', 'klok', 'orang', 'bot', 'tuh', 'musuh', 'jugak', 'bot', 'masak', 'bot', 'musuh', 'gg', 'tololtolong', 'ituh', 'lobi', 'nya', 'bnerin', 'lagi', 'bikin', 'orang', 'mles', 'main', 'ini', 'game']",,negative
iman fauzi,ngotak dikit lah kasih tim Ama kasih lawan yang ga seimbang kalo kayak gini Mulu player pasti pada pindah game ke game sebelah tolong aja ini di perbaiki Napa kasih lawan yang ga ngotak apalah kita itu main buat senang senang malah di kasih tim yang ga seimbang sama lawan alhasil jadi lose streak.kecewa berat Ama ini game,2.1.18.11201,ngotak dikit lah kasih tim ama kasih lawan yang ga seimbang kalo kayak gini mulu player pasti pada pindah game ke game sebelah tolong aja ini di perbaiki napa kasih lawan yang ga ngotak apalah kita itu main buat senang senang malah di kasih tim yang ga seimbang sama lawan alhasil jadi lose streak.kecewa berat ama ini game,"['ngotak', 'dikit', 'lah', 'kasih', 'tim', 'ama', 'kasih', 'lawan', 'yang', 'ga', 'seimbang', 'kalo', 'kayak', 'gini', 'mulu', 'player', 'pasti', 'pada', 'pindah', 'game', 'ke', 'game', 'sebelah', 'tolong', 'aja', 'ini', 'di', 'perbaiki', 'napa', 'kasih', 'lawan', 'yang', 'ga', 'ngotak', 'apalah', 'kita', 'itu', 'main', 'buat', 'senang', 'senang', 'malah', 'di', 'kasih', 'tim', 'yang', 'ga', 'seimbang', 'sama', 'lawan', 'alhasil', 'jadi', 'lose', 'streak.kecewa', 'berat', 'ama', 'ini', 'game']","['ngotak', 'dikit', 'lah', 'kasih', 'tim', 'ama', 'kasih', 'lawan', 'yang', 'ga', 'seimbang', 'kalo', 'kayak', 'gini', 'mulu', 'player', 'pasti', 'pada', 'pindah', 'game', 'ke', 'game', 'sebelah', 'tolong', 'aja', 'ini', 'di', 'perbaiki', 'napa', 'kasih', 'lawan', 'yang', 'ga', 'ngotak', 'apalah', 'kita', 'itu', 'main', 'buat', 'senang', 'senang', 'malah', 'di', 'kasih', 'tim', 'yang', 'ga', 'seimbang', 'sama', 'lawan', 'alhasil', 'jadi', 'lose', 'streakkecewa', 'berat', 'ama', 'ini', 'game']","['ngotak', 'sedikit', 'lawan', 'imbang', 'pasti', 'pindah', 'tolong', 'baik', 'napa', 'lawan', 'ngotak', 'senang', 'senang', 'imbang', 'lawan', 'alhasil', 'lose', 'streakkecewa', 'berat']","['ngotak', 'dikit', 'lah', 'kasih', 'tim', 'ama', 'kasih', 'lawan', 'yang', 'ga', 'imbang', 'kalo', 'kayak', 'gin', 'mulu', 'player', 'pasti', 'pada', 'pindah', 'game', 'ke', 'game', 'belah', 'tolong', 'aja', 'ini', 'di', 'baik', 'napa', 'kasih', 'lawan', 'yang', 'ga', 'ngotak', 'apa', 'kita', 'itu', 'main', 'buat', 'senang', 'senang', 'malah', 'di', 'kasih', 'tim', 'yang', 'ga', 'imbang', 'sama', 'lawan', 'alhasil', 'jadi', 'lose', 'streakkecewa', 'berat', 'ama', 'ini', 'game']","['ngotak', 'sedikit', 'lah', 'kasih', 'team', 'ama', 'kasih', 'lawan', 'yang', 'tidak', 'imbang', 'kalau', 'seperti', 'game', 'mulu', 'player', 'pasti', 'pada', 'pindah', 'game', 'ke', 'game', 'belah', 'tolong', 'aja', 'ini', 'di', 'baik', 'napa', 'kasih', 'lawan', 'yang', 'tidak', 'ngotak', 'apa', 'kita', 'itu', 'main', 'buat', 'senang', 'senang', 'malah', 'di', 'kasih', 'team', 'yang', 'tidak', 'imbang', 'sama', 'lawan', 'alhasil', 'jadi', 'lose', 'streakkecewa', 'berat', 'ama', 'ini', 'game']",,negative
haris haris,game nya grafiknya bagus banget tapi cara moonton ngasi match nya ke aku di curangi keye nya,1.9.93.10904,game nya grafiknya bagus banget tapi cara moonton ngasi match nya ke aku di curangi keye nya,"['game', 'nya', 'grafiknya', 'bagus', 'banget', 'tapi', 'cara', 'moonton', 'ngasi', 'match', 'nya', 'ke', 'aku', 'di', 'curangi', 'keye', 'nya']","['game', 'nya', 'grafiknya', 'bagus', 'banget', 'tapi', 'cara', 'moonton', 'ngasi', 'match', 'nya', 'ke', 'aku', 'di', 'curangi', 'keye', 'nya']","['grafik', 'bagus', 'banget', 'ngasi', 'curang', 'keye']","['game', 'nya', 'grafik', 'bagus', 'banget', 'tapi', 'cara', 'moonton', 'ngasi', 'match', 'nya', 'ke', 'aku', 'di', 'curang', 'keye', 'nya']","['game', 'nya', 'grafik', 'bagus', 'banget', 'tapi', 'cara', 'moonton', 'ngasi', 'match', 'nya', 'ke', 'aku', 'di', 'curang', 'keye', 'nya']",,positive
MAS • I Z I N,ML ASUUUUU CELENG LOL,2.1.18.11201,ml asuuuuu celeng lol,"['ml', 'asuuuuu', 'celeng', 'lol']","['ml', 'asu', 'celeng', 'lol']","['asu', 'celeng', 'lol']","['ml', 'asu', 'celeng', 'lol']","['ml', 'asu', 'celeng', 'lol']",,negative
Trly Ly,"game sampah, setiap mau naik rank di kasih team ampas, sistem apaan kyk gitu",,"game sampah, setiap mau naik rank di kasih team ampas, sistem apaan kyk gitu","['game', 'sampah', ',', 'setiap', 'mau', 'naik', 'rank', 'di', 'kasih', 'team', 'ampas', ',', 'sistem', 'apaan', 'kyk', 'gitu']","['game', 'sampah', 'setiap', 'mau', 'naik', 'rank', 'di', 'kasih', 'team', 'ampas', 'sistem', 'apaan', 'kyk', 'gitu']","['sampah', 'naik', 'buruk', 'kyk', 'gitu']","['game', 'sampah', 'tiap', 'mau', 'naik', 'rank', 'di', 'kasih', 'team', 'ampas', 'sistem', 'apa', 'kyk', 'gitu']","['game', 'sampah', 'tiap', 'mau', 'naik', 'rank', 'di', 'kasih', 'team', 'buruk', 'sistem', 'apa', 'kyk', 'gitu']",,negative
Poso_Youtuber 020,hapus saja in game dari play store dari beberapa hari tim selalu tidak baik,1.8.93.9702,hapus saja in game dari play store dari beberapa hari tim selalu tidak baik,"['hapus', 'saja', 'in', 'game', 'dari', 'play', 'store', 'dari', 'beberapa', 'hari', 'tim', 'selalu', 'tidak', 'baik']","['hapus', 'saja', 'in', 'game', 'dari', 'play', 'store', 'dari', 'beberapa', 'hari', 'tim', 'selalu', 'tidak', 'baik']","['hapus', 'play', 'store', 'beberapa', 'selalu', 'baik']","['hapus', 'saja', 'in', 'game', 'dari', 'play', 'store', 'dari', 'beberapa', 'hari', 'tim', 'selalu', 'tidak', 'baik']","['hapus', 'saja', 'in', 'game', 'dari', 'play', 'store', 'dari', 'beberapa', 'hari', 'team', 'selalu', 'tidak', 'baik']",,negative
Eko iswahyudi Yudi,main game aja banyak satu team aja banyak yang ngadu sama admin. parah banyak aturan,2.1.18.11201,main game aja banyak satu team aja banyak yang ngadu sama admin. parah banyak aturan,"['main', 'game', 'aja', 'banyak', 'satu', 'team', 'aja', 'banyak', 'yang', 'ngadu', 'sama', 'admin', '.', 'parah', 'banyak', 'aturan']","['main', 'game', 'aja', 'banyak', 'satu', 'team', 'aja', 'banyak', 'yang', 'ngadu', 'sama', 'admin', 'parah', 'banyak', 'aturan']","['banyak', 'satu', 'banyak', 'ngadu', 'admin', 'parah', 'banyak', 'atur']","['main', 'game', 'aja', 'banyak', 'satu', 'team', 'aja', 'banyak', 'yang', 'ngadu', 'sama', 'admin', 'parah', 'banyak', 'atur']","['main', 'game', 'aja', 'banyak', 'satu', 'team', 'aja', 'banyak', 'yang', 'ngadu', 'sama', 'admin', 'parah', 'banyak', 'atur']",,negative
Arsy Salam,game tolol banyak bener dark system tolol,,game tolol banyak bener dark system tolol,"['game', 'tolol', 'banyak', 'bener', 'dark', 'system', 'tolol']","['game', 'tolol', 'banyak', 'bener', 'dark', 'system', 'tolol']","['tolol', 'banyak', 'benar', 'gelap', 'tolol']","['game', 'tolol', 'banyak', 'bener', 'dark', 'system', 'tolol']","['game', 'tolol', 'banyak', 'benar', 'gelap', 'sistem', 'tolol']",,negative
Irfan Mhd,"game scam, tidak recommended, main solo selalu dikasih tim yg gabisa main atau main nya nyeleneh tpi di kasih musuhnya jago"". harus sepadan lah, apalah daya saya yg ga punya party ini. gimana mau ngembangin skill kalo tim di kasih yg rata"" gabisa main",2.1.18.11201,"game scam, tidak recommended, main solo selalu dikasih tim yg gabisa main atau main nya nyeleneh tpi di kasih musuhnya jago"". harus sepadan lah, apalah daya saya yg ga punya party ini. gimana mau ngembangin skill kalo tim di kasih yg rata"" gabisa main","['game', 'scam', ',', 'tidak', 'recommended', ',', 'main', 'solo', 'selalu', 'dikasih', 'tim', 'yg', 'gabisa', 'main', 'atau', 'main', 'nya', 'nyeleneh', 'tpi', 'di', 'kasih', 'musuhnya', 'jago', ""''"", '.', 'harus', 'sepadan', 'lah', ',', 'apalah', 'daya', 'saya', 'yg', 'ga', 'punya', 'party', 'ini', '.', 'gimana', 'mau', 'ngembangin', 'skill', 'kalo', 'tim', 'di', 'kasih', 'yg', 'rata', ""''"", 'gabisa', 'main']","['game', 'scam', 'tidak', 'recommended', 'main', 'solo', 'selalu', 'dikasih', 'tim', 'yg', 'gabisa', 'main', 'atau', 'main', 'nya', 'nyeleneh', 'tpi', 'di', 'kasih', 'musuhnya', 'jago', 'harus', 'sepadan', 'lah', 'apalah', 'daya', 'saya', 'yg', 'ga', 'punya', 'party', 'ini', 'gimana', 'mau', 'ngembangin', 'skill', 'kalo', 'tim', 'di', 'kasih', 'yg', 'rata', 'gabisa', 'main']","['scam', 'recommended', 'selalu', 'gabisa', 'nyeleneh', 'musuh', 'jago', 'padan', 'daya', 'punya', 'party', 'gimana', 'ngembangin', 'skill', 'rata', 'gabisa']","['game', 'scam', 'tidak', 'recommended', 'main', 'solo', 'selalu', 'kasih', 'tim', 'yg', 'gabisa', 'main', 'atau', 'main', 'nya', 'nyeleneh', 'tpi', 'di', 'kasih', 'musuh', 'jago', 'harus', 'padan', 'lah', 'apa', 'daya', 'saya', 'yg', 'ga', 'punya', 'party', 'ini', 'gimana', 'mau', 'ngembangin', 'skill', 'kalo', 'tim', 'di', 'kasih', 'yg', 'rata', 'gabisa', 'main']","['game', 'scam', 'tidak', 'recommended', 'main', 'solo', 'selalu', 'kasih', 'team', 'yang', 'gabisa', 'main', 'atau', 'main', 'nya', 'nyeleneh', 'tapi', 'di', 'kasih', 'musuh', 'jago', 'harus', 'padan', 'lah', 'apa', 'daya', 'aku', 'yang', 'tidak', 'punya', 'party', 'ini', 'gimana', 'mau', 'ngembangin', 'skill', 'kalau', 'team', 'di', 'kasih', 'yang', 'rata', 'gabisa', 'main']",,negative
Wan Setyawan,SELALU NGELAG WALAU DI JARINGAN TERBAIK,,selalu ngelag walau di jaringan terbaik,"['selalu', 'ngelag', 'walau', 'di', 'jaringan', 'terbaik']","['selalu', 'ngelag', 'walau', 'di', 'jaringan', 'terbaik']","['selalu', 'lag', 'walau', 'baik']","['selalu', 'ngelag', 'walau', 'di', 'jaring', 'baik']","['selalu', 'lag', 'walau', 'di', 'jaring', 'baik']",,negative
M Fadil,MOONTON TOLONG PERBAIKI JARINGAN YANG SUDAH TERLALU NGELAG SETIAP MAIN,2.1.18.11201,moonton tolong perbaiki jaringan yang sudah terlalu ngelag setiap main,"['moonton', 'tolong', 'perbaiki', 'jaringan', 'yang', 'sudah', 'terlalu', 'ngelag', 'setiap', 'main']","['moonton', 'tolong', 'perbaiki', 'jaringan', 'yang', 'sudah', 'terlalu', 'ngelag', 'setiap', 'main']","['tolong', 'baik', 'sudah', 'terlalu', 'lag']","['moonton', 'tolong', 'baik', 'jaring', 'yang', 'sudah', 'terlalu', 'ngelag', 'tiap', 'main']","['moonton', 'tolong', 'baik', 'jaring', 'yang', 'sudah', 'terlalu', 'lag', 'tiap', 'main']",,negative
Hizzam abdan Halim,game taek,,game taek,"['game', 'taek']","['game', 'taek']",['taek'],"['game', 'taek']","['game', 'taek']",,negative
Ariyanto Napu,mantapppppp👌🏼👌🏼,,mantapppppp👌🏼👌🏼,['mantapppppp👌🏼👌🏼'],['mantap'],['mantap'],['mantap'],['mantap'],,negative
Cahyadi 9,SAAT SELESAI DRAFT PICK SELALU PATAH PATAH JADI TIDAK SEMPAT GANTI BUILD KE BUILD REKOMENDASI SEBELUM UPDATE GA GINI MAIN LANCAR LANCAR SAJA TAPI SEKARANG KENAPA JADI GINI SANGAT MENGGANGU SEKALI INI ERROR/LAG SAAT SELESAI DRAFT PICK PADAHAL SINYAL SAYA BAGUS BINTANG SATU UNTUK UPDATE SEKARANG KALO SUDAH DI FIKS BARU KASIH BINTANG 5 LAGI 💔💔,2.1.18.11201,saat selesai draft pick selalu patah patah jadi tidak sempat ganti build ke build rekomendasi sebelum update ga gini main lancar lancar saja tapi sekarang kenapa jadi gini sangat menggangu sekali ini error/lag saat selesai draft pick padahal sinyal saya bagus bintang satu untuk update sekarang kalo sudah di fiks baru kasih bintang 5 lagi 💔💔,"['saat', 'selesai', 'draft', 'pick', 'selalu', 'patah', 'patah', 'jadi', 'tidak', 'sempat', 'ganti', 'build', 'ke', 'build', 'rekomendasi', 'sebelum', 'update', 'ga', 'gini', 'main', 'lancar', 'lancar', 'saja', 'tapi', 'sekarang', 'kenapa', 'jadi', 'gini', 'sangat', 'menggangu', 'sekali', 'ini', 'error/lag', 'saat', 'selesai', 'draft', 'pick', 'padahal', 'sinyal', 'saya', 'bagus', 'bintang', 'satu', 'untuk', 'update', 'sekarang', 'kalo', 'sudah', 'di', 'fiks', 'baru', 'kasih', 'bintang', '5', 'lagi', '💔💔']","['saat', 'selesai', 'draft', 'pick', 'selalu', 'patah', 'patah', 'jadi', 'tidak', 'sempat', 'ganti', 'build', 'ke', 'build', 'rekomendasi', 'sebelum', 'update', 'ga', 'gini', 'main', 'lancar', 'lancar', 'saja', 'tapi', 'sekarang', 'kenapa', 'jadi', 'gini', 'sangat', 'menggangu', 'sekali', 'ini', 'errorlag', 'saat', 'selesai', 'draft', 'pick', 'padahal', 'sinyal', 'saya', 'bagus', 'bintang', 'satu', 'untuk', 'update', 'sekarang', 'kalo', 'sudah', 'di', 'fiks', 'baru', 'kasih', 'bintang', 'lagi']","['selesai', 'draft', 'selalu', 'patah', 'patah', 'sempat', 'ganti', 'build', 'build', 'rekomendasi', 'belum', 'update', 'lancar', 'lancar', 'sekarang', 'kenapa', 'menggangu', 'errorlag', 'selesai', 'draft', 'sinyal', 'bagus', 'bintang', 'satu', 'update', 'sekarang', 'sudah', 'fiks', 'baru', 'bintang']","['saat', 'selesai', 'draft', 'pick', 'selalu', 'patah', 'patah', 'jadi', 'tidak', 'sempat', 'ganti', 'build', 'ke', 'build', 'rekomendasi', 'belum', 'update', 'ga', 'gin', 'main', 'lancar', 'lancar', 'saja', 'tapi', 'sekarang', 'kenapa', 'jadi', 'gin', 'sangat', 'menggangu', 'sekali', 'ini', 'errorlag', 'saat', 'selesai', 'draft', 'pick', 'padahal', 'sinyal', 'saya', 'bagus', 'bintang', 'satu', 'untuk', 'update', 'sekarang', 'kalo', 'sudah', 'di', 'fiks', 'baru', 'kasih', 'bintang', 'lagi']","['saat', 'selesai', 'draft', 'pick', 'selalu', 'patah', 'patah', 'jadi', 'tidak', 'sempat', 'ganti', 'build', 'ke', 'build', 'rekomendasi', 'belum', 'update', 'tidak', 'game', 'main', 'lancar', 'lancar', 'saja', 'tapi', 'sekarang', 'kenapa', 'jadi', 'game', 'sangat', 'menggangu', 'sekali', 'ini', 'errorlag', 'saat', 'selesai', 'draft', 'pick', 'padahal', 'sinyal', 'aku', 'bagus', 'bintang', 'satu', 'untuk', 'update', 'sekarang', 'kalau', 'sudah', 'di', 'fiks', 'baru', 'kasih', 'bintang', 'lagi']",,negative
THEWARRIORS 1979,tolol ni ge udah di updet masi aja ada ke salahan jaringan leg padahal hijau sinyal nya tapi ko ngeleg benerin lah jangan diem tangung jawab,,tolol ni ge udah di updet masi aja ada ke salahan jaringan leg padahal hijau sinyal nya tapi ko ngeleg benerin lah jangan diem tangung jawab,"['tolol', 'ni', 'ge', 'udah', 'di', 'updet', 'masi', 'aja', 'ada', 'ke', 'salahan', 'jaringan', 'leg', 'padahal', 'hijau', 'sinyal', 'nya', 'tapi', 'ko', 'ngeleg', 'benerin', 'lah', 'jangan', 'diem', 'tangung', 'jawab']","['tolol', 'ni', 'ge', 'udah', 'di', 'updet', 'masi', 'aja', 'ada', 'ke', 'salahan', 'jaringan', 'leg', 'padahal', 'hijau', 'sinyal', 'nya', 'tapi', 'ko', 'ngeleg', 'benerin', 'lah', 'jangan', 'diem', 'tangung', 'jawab']","['tolol', 'ge', 'updet', 'mas', 'salah', 'lag', 'hijau', 'sinyal', 'ko', 'lag', 'rusak', 'jangan', 'diem', 'tangung', 'jawab']","['tolol', 'ni', 'ge', 'udah', 'di', 'updet', 'mas', 'aja', 'ada', 'ke', 'salah', 'jaring', 'leg', 'padahal', 'hijau', 'sinyal', 'nya', 'tapi', 'ko', 'ngeleg', 'benerin', 'lah', 'jangan', 'diem', 'tangung', 'jawab']","['tolol', 'ini', 'ge', 'udah', 'di', 'updet', 'mas', 'aja', 'ada', 'ke', 'salah', 'jaring', 'lag', 'padahal', 'hijau', 'sinyal', 'nya', 'tapi', 'ko', 'lag', 'rusak', 'lah', 'jangan', 'diem', 'tangung', 'jawab']",,negative
SumiAsih,cool,2.1.18.11201,cool,['cool'],['cool'],['cool'],['cool'],['cool'],,negative
Popoy Ragil,the besttt,2.1.18.11201,the besttt,"['the', 'besttt']","['the', 'best']",['best'],"['the', 'best']","['the', 'best']",,negative
kris tiyanto,game kontol,2.1.18.11201,game kontol,"['game', 'kontol']","['game', 'kontol']",['kontol'],"['game', 'kontol']","['game', 'kontol']",,negative
Akhmad Bukhori,"jaringan benerin lah, setiap maen ngelag mulu, ping jumping kaga jelas",2.1.18.11201,"jaringan benerin lah, setiap maen ngelag mulu, ping jumping kaga jelas","['jaringan', 'benerin', 'lah', ',', 'setiap', 'maen', 'ngelag', 'mulu', ',', 'ping', 'jumping', 'kaga', 'jelas']","['jaringan', 'benerin', 'lah', 'setiap', 'maen', 'ngelag', 'mulu', 'ping', 'jumping', 'kaga', 'jelas']","['rusak', 'lag', 'ping', 'jumping', 'kaga', 'jelas']","['jaring', 'benerin', 'lah', 'tiap', 'maen', 'ngelag', 'mulu', 'ping', 'jumping', 'kaga', 'jelas']","['jaring', 'rusak', 'lah', 'tiap', 'main', 'lag', 'mulu', 'ping', 'jumping', 'kaga', 'jelas']",,negative
Aping Aping,game apaan bro??? lu emang gak puas permainin kita gua menang kala mulu ajing kalo legend musu legend lol jan mityik gaem lol,2.1.18.11201,game apaan bro??? lu emang gak puas permainin kita gua menang kala mulu ajing kalo legend musu legend lol jan mityik gaem lol,"['game', 'apaan', 'bro', '?', '?', '?', 'lu', 'emang', 'gak', 'puas', 'permainin', 'kita', 'gua', 'menang', 'kala', 'mulu', 'ajing', 'kalo', 'legend', 'musu', 'legend', 'lol', 'jan', 'mityik', 'gaem', 'lol']","['game', 'apaan', 'bro', 'lu', 'emang', 'gak', 'puas', 'permainin', 'kita', 'gua', 'menang', 'kala', 'mulu', 'ajing', 'kalo', 'legend', 'musu', 'legend', 'lol', 'jan', 'mityik', 'gaem', 'lol']","['bro', 'puas', 'permainin', 'menang', 'kala', 'ajing', 'musu', 'lol', 'jan', 'mityik', 'gaem', 'lol']","['game', 'apa', 'bro', 'lu', 'emang', 'gak', 'puas', 'permainin', 'kita', 'gua', 'menang', 'kala', 'mulu', 'ajing', 'kalo', 'legend', 'musu', 'legend', 'lol', 'jan', 'mityik', 'gaem', 'lol']","['game', 'apa', 'bro', 'kamu', 'memang', 'tidak', 'puas', 'permainin', 'kita', 'aku', 'menang', 'kala', 'mulu', 'ajing', 'kalau', 'legend', 'musu', 'legend', 'lol', 'jan', 'mityik', 'gaem', 'lol']",,negative
Rosela 12,apaan sih jaringannya lag mulu di lobby aman di game malah ga nyaman,2.1.18.11201,apaan sih jaringannya lag mulu di lobby aman di game malah ga nyaman,"['apaan', 'sih', 'jaringannya', 'lag', 'mulu', 'di', 'lobby', 'aman', 'di', 'game', 'malah', 'ga', 'nyaman']","['apaan', 'sih', 'jaringannya', 'lag', 'mulu', 'di', 'lobby', 'aman', 'di', 'game', 'malah', 'ga', 'nyaman']","['lag', 'lobby', 'aman', 'nyaman']","['apa', 'sih', 'jaring', 'lag', 'mulu', 'di', 'lobby', 'aman', 'di', 'game', 'malah', 'ga', 'nyaman']","['apa', 'sih', 'jaring', 'lag', 'mulu', 'di', 'lobby', 'aman', 'di', 'game', 'malah', 'tidak', 'nyaman']",,negative
Dimas Muhamad,woy kok sinyal ku jadi ngeleg setiap main padahal aku make wifi lohh make data juga jaringan ku bagus kok pas di in game ngelag banget apalagi pas war ngelag nya sampe gk bisa gerak,2.1.18.11201,woy kok sinyal ku jadi ngeleg setiap main padahal aku make wifi lohh make data juga jaringan ku bagus kok pas di in game ngelag banget apalagi pas war ngelag nya sampe gk bisa gerak,"['woy', 'kok', 'sinyal', 'ku', 'jadi', 'ngeleg', 'setiap', 'main', 'padahal', 'aku', 'make', 'wifi', 'lohh', 'make', 'data', 'juga', 'jaringan', 'ku', 'bagus', 'kok', 'pas', 'di', 'in', 'game', 'ngelag', 'banget', 'apalagi', 'pas', 'war', 'ngelag', 'nya', 'sampe', 'gk', 'bisa', 'gerak']","['woy', 'kok', 'sinyal', 'ku', 'jadi', 'ngeleg', 'setiap', 'main', 'padahal', 'aku', 'make', 'wifi', 'lohh', 'make', 'data', 'juga', 'jaringan', 'ku', 'bagus', 'kok', 'pas', 'di', 'in', 'game', 'ngelag', 'banget', 'apalagi', 'pas', 'war', 'ngelag', 'nya', 'sampe', 'gk', 'bisa', 'gerak']","['woy', 'sinyal', 'lag', 'make', 'wifi', 'lohh', 'make', 'bagus', 'lag', 'banget', 'lag', 'sampai', 'gerak']","['woy', 'kok', 'sinyal', 'ku', 'jadi', 'ngeleg', 'tiap', 'main', 'padahal', 'aku', 'make', 'wifi', 'lohh', 'make', 'data', 'juga', 'jaring', 'ku', 'bagus', 'kok', 'pas', 'di', 'in', 'game', 'ngelag', 'banget', 'apalagi', 'pas', 'war', 'ngelag', 'nya', 'sampe', 'gk', 'bisa', 'gerak']","['woy', 'kok', 'sinyal', 'ku', 'jadi', 'lag', 'tiap', 'main', 'padahal', 'aku', 'make', 'wifi', 'lohh', 'make', 'data', 'juga', 'jaring', 'ku', 'bagus', 'kok', 'pas', 'di', 'in', 'game', 'lag', 'banget', 'apalagi', 'pas', 'war', 'lag', 'nya', 'sampai', 'tidak', 'bisa', 'gerak']",,negative
Firli Aliansyah,"Min tolong lah, 3 hari gak pernah menang, harus sujud dulu apa di kantor monton, atau harus jilat dulu kaki karyawanmu biar bisa WS, tolong Min frustasi aku main ml ni gak pernah WS, kawan aku aja udah pindah FF gara gara LS mulu, ah, percuma ngomong gini, gak bakal di notice",2.1.18.11201,"min tolong lah, 3 hari gak pernah menang, harus sujud dulu apa di kantor monton, atau harus jilat dulu kaki karyawanmu biar bisa ws, tolong min frustasi aku main ml ni gak pernah ws, kawan aku aja udah pindah ff gara gara ls mulu, ah, percuma ngomong gini, gak bakal di notice","['min', 'tolong', 'lah', ',', '3', 'hari', 'gak', 'pernah', 'menang', ',', 'harus', 'sujud', 'dulu', 'apa', 'di', 'kantor', 'monton', ',', 'atau', 'harus', 'jilat', 'dulu', 'kaki', 'karyawanmu', 'biar', 'bisa', 'ws', ',', 'tolong', 'min', 'frustasi', 'aku', 'main', 'ml', 'ni', 'gak', 'pernah', 'ws', ',', 'kawan', 'aku', 'aja', 'udah', 'pindah', 'ff', 'gara', 'gara', 'ls', 'mulu', ',', 'ah', ',', 'percuma', 'ngomong', 'gini', ',', 'gak', 'bakal', 'di', 'notice']","['min', 'tolong', 'lah', 'hari', 'gak', 'pernah', 'menang', 'harus', 'sujud', 'dulu', 'apa', 'di', 'kantor', 'monton', 'atau', 'harus', 'jilat', 'dulu', 'kaki', 'karyawanmu', 'biar', 'bisa', 'ws', 'tolong', 'min', 'frustasi', 'aku', 'main', 'ml', 'ni', 'gak', 'pernah', 'ws', 'kawan', 'aku', 'aja', 'udah', 'pindah', 'ff', 'gara', 'gara', 'ls', 'mulu', 'ah', 'percuma', 'ngomong', 'gini', 'gak', 'bakal', 'di', 'notice']","['minimal', 'tolong', 'pernah', 'menang', 'sujud', 'kantor', 'jilat', 'kaki', 'karyawanmu', 'biar', 'ws', 'tolong', 'minimal', 'frustasi', 'pernah', 'ws', 'kawan', 'pindah', 'ff', 'gara', 'gara', 'ls', 'ah', 'percuma', 'ngomong', 'notice']","['min', 'tolong', 'lah', 'hari', 'gak', 'pernah', 'menang', 'harus', 'sujud', 'dulu', 'apa', 'di', 'kantor', 'monton', 'atau', 'harus', 'jilat', 'dulu', 'kaki', 'karyawanmu', 'biar', 'bisa', 'ws', 'tolong', 'min', 'frustasi', 'aku', 'main', 'ml', 'ni', 'gak', 'pernah', 'ws', 'kawan', 'aku', 'aja', 'udah', 'pindah', 'ff', 'gara', 'gara', 'ls', 'mulu', 'ah', 'percuma', 'ngomong', 'gin', 'gak', 'bakal', 'di', 'notice']","['minimal', 'tolong', 'lah', 'hari', 'tidak', 'pernah', 'menang', 'harus', 'sujud', 'dulu', 'apa', 'di', 'kantor', 'moonton', 'atau', 'harus', 'jilat', 'dulu', 'kaki', 'karyawanmu', 'biar', 'bisa', 'ws', 'tolong', 'minimal', 'frustasi', 'aku', 'main', 'ml', 'ini', 'tidak', 'pernah', 'ws', 'kawan', 'aku', 'aja', 'udah', 'pindah', 'ff', 'gara', 'gara', 'ls', 'mulu', 'ah', 'percuma', 'ngomong', 'game', 'tidak', 'bakal', 'di', 'notice']",,negative
Adi Tegar,yeah,,yeah,['yeah'],['yeah'],['yeah'],['yeah'],['yeah'],,negative
Anak sukses,"Kacau ini game, tidak stabil jaringan.",2.1.18.11201,"kacau ini game, tidak stabil jaringan.","['kacau', 'ini', 'game', ',', 'tidak', 'stabil', 'jaringan', '.']","['kacau', 'ini', 'game', 'tidak', 'stabil', 'jaringan']","['kacau', 'stabil']","['kacau', 'ini', 'game', 'tidak', 'stabil', 'jaring']","['kacau', 'ini', 'game', 'tidak', 'stabil', 'jaring']",,negative
Dika Raditya,"update patch nalah tambah busuk SUPER BUSUK, setelah drafting TIBA TIBA LAG PADAHAL JARINGAN AMAN, TAPI NOTIF JARINGAN TERPUTUS, SAMPE MASUK DI MENIT KE 5, update patch bukan makin baik tapi MAKIN BUSUK",,"update patch nalah tambah busuk super busuk, setelah drafting tiba tiba lag padahal jaringan aman, tapi notif jaringan terputus, sampe masuk di menit ke 5, update patch bukan makin baik tapi makin busuk","['update', 'patch', 'nalah', 'tambah', 'busuk', 'super', 'busuk', ',', 'setelah', 'drafting', 'tiba', 'tiba', 'lag', 'padahal', 'jaringan', 'aman', ',', 'tapi', 'notif', 'jaringan', 'terputus', ',', 'sampe', 'masuk', 'di', 'menit', 'ke', '5', ',', 'update', 'patch', 'bukan', 'makin', 'baik', 'tapi', 'makin', 'busuk']","['update', 'patch', 'nalah', 'tambah', 'busuk', 'super', 'busuk', 'setelah', 'drafting', 'tiba', 'tiba', 'lag', 'padahal', 'jaringan', 'aman', 'tapi', 'notif', 'jaringan', 'terputus', 'sampe', 'masuk', 'di', 'menit', 'ke', 'update', 'patch', 'bukan', 'makin', 'baik', 'tapi', 'makin', 'busuk']","['update', 'patch', 'nalah', 'tambah', 'busuk', 'super', 'busuk', 'drafting', 'lag', 'aman', 'notif', 'putus', 'sampai', 'masuk', 'menit', 'update', 'patch', 'bukan', 'makin', 'baik', 'makin', 'busuk']","['update', 'patch', 'nalah', 'tambah', 'busuk', 'super', 'busuk', 'telah', 'drafting', 'tiba', 'tiba', 'lag', 'padahal', 'jaring', 'aman', 'tapi', 'notif', 'jaring', 'putus', 'sampe', 'masuk', 'di', 'menit', 'ke', 'update', 'patch', 'bukan', 'makin', 'baik', 'tapi', 'makin', 'busuk']","['update', 'patch', 'nalah', 'tambah', 'busuk', 'super', 'busuk', 'telah', 'drafting', 'tiba', 'tiba', 'lag', 'padahal', 'jaring', 'aman', 'tapi', 'notif', 'jaring', 'putus', 'sampai', 'masuk', 'di', 'menit', 'ke', 'update', 'patch', 'bukan', 'makin', 'baik', 'tapi', 'makin', 'busuk']",,negative
Ajun Pm,di kasih dark sistem semua anjng,1.9.93.10904,di kasih dark sistem semua anjng,"['di', 'kasih', 'dark', 'sistem', 'semua', 'anjng']","['di', 'kasih', 'dark', 'sistem', 'semua', 'anjng']","['gelap', 'semua', 'anjng']","['di', 'kasih', 'dark', 'sistem', 'semua', 'anjng']","['di', 'kasih', 'gelap', 'sistem', 'semua', 'anjng']",,negative
Wayan Rehan,"pemilihan tim dan lawannya terlalu tidak adil ,di tim selalu tidak ada yg ngerti main dan sebaliknya di tim lawan Semuanya bisa main, terlalu tidak adil game bab*",2.1.18.11201,"pemilihan tim dan lawannya terlalu tidak adil ,di tim selalu tidak ada yg ngerti main dan sebaliknya di tim lawan semuanya bisa main, terlalu tidak adil game bab*","['pemilihan', 'tim', 'dan', 'lawannya', 'terlalu', 'tidak', 'adil', ',', 'di', 'tim', 'selalu', 'tidak', 'ada', 'yg', 'ngerti', 'main', 'dan', 'sebaliknya', 'di', 'tim', 'lawan', 'semuanya', 'bisa', 'main', ',', 'terlalu', 'tidak', 'adil', 'game', 'bab', '*']","['pemilihan', 'tim', 'dan', 'lawannya', 'terlalu', 'tidak', 'adil', 'di', 'tim', 'selalu', 'tidak', 'ada', 'yg', 'ngerti', 'main', 'dan', 'sebaliknya', 'di', 'tim', 'lawan', 'semuanya', 'bisa', 'main', 'terlalu', 'tidak', 'adil', 'game', 'bab']","['pilih', 'lawan', 'terlalu', 'adil', 'selalu', 'ngerti', 'balik', 'lawan', 'semua', 'terlalu', 'adil', 'bab']","['pilih', 'tim', 'dan', 'lawan', 'terlalu', 'tidak', 'adil', 'di', 'tim', 'selalu', 'tidak', 'ada', 'yg', 'ngerti', 'main', 'dan', 'balik', 'di', 'tim', 'lawan', 'semua', 'bisa', 'main', 'terlalu', 'tidak', 'adil', 'game', 'bab']","['pilih', 'team', 'dan', 'lawan', 'terlalu', 'tidak', 'adil', 'di', 'team', 'selalu', 'tidak', 'ada', 'yang', 'ngerti', 'main', 'dan', 'balik', 'di', 'team', 'lawan', 'semua', 'bisa', 'main', 'terlalu', 'tidak', 'adil', 'game', 'bab']",,neutral
m dimas,penarngetan bebas kok tetep terkunci ke musuh gw hapus ml,,penarngetan bebas kok tetep terkunci ke musuh gw hapus ml,"['penarngetan', 'bebas', 'kok', 'tetep', 'terkunci', 'ke', 'musuh', 'gw', 'hapus', 'ml']","['penarngetan', 'bebas', 'kok', 'tetep', 'terkunci', 'ke', 'musuh', 'gw', 'hapus', 'ml']","['penarngetan', 'bebas', 'tetap', 'kunci', 'musuh', 'hapus']","['penarngetan', 'bebas', 'kok', 'tetep', 'kunci', 'ke', 'musuh', 'gw', 'hapus', 'ml']","['penarngetan', 'bebas', 'kok', 'tetap', 'kunci', 'ke', 'musuh', 'aku', 'hapus', 'ml']",,negative
Hafain Hardiansyah,gamenya seru aku suka semoga makin bagus ya,2.1.18.11201,gamenya seru aku suka semoga makin bagus ya,"['gamenya', 'seru', 'aku', 'suka', 'semoga', 'makin', 'bagus', 'ya']","['gamenya', 'seru', 'aku', 'suka', 'semoga', 'makin', 'bagus', 'ya']","['seru', 'suka', 'moga', 'makin', 'bagus']","['gamenya', 'seru', 'aku', 'suka', 'moga', 'makin', 'bagus', 'ya']","['game', 'seru', 'aku', 'suka', 'moga', 'makin', 'bagus', 'ya']",,positive
Arief Rahmatillah,"game bagus sekali,cocok untuk orang yang memiliki sifat mudah marah karena game ini dapat membantu menenangkan diri dan hati untuk MOONTON tolong perbaiki untuk pembagian tim , kasih yang seimbang ya biar sama sama senang",1.6.10.6671,"game bagus sekali,cocok untuk orang yang memiliki sifat mudah marah karena game ini dapat membantu menenangkan diri dan hati untuk moonton tolong perbaiki untuk pembagian tim , kasih yang seimbang ya biar sama sama senang","['game', 'bagus', 'sekali', ',', 'cocok', 'untuk', 'orang', 'yang', 'memiliki', 'sifat', 'mudah', 'marah', 'karena', 'game', 'ini', 'dapat', 'membantu', 'menenangkan', 'diri', 'dan', 'hati', 'untuk', 'moonton', 'tolong', 'perbaiki', 'untuk', 'pembagian', 'tim', ',', 'kasih', 'yang', 'seimbang', 'ya', 'biar', 'sama', 'sama', 'senang']","['game', 'bagus', 'sekali', 'cocok', 'untuk', 'orang', 'yang', 'memiliki', 'sifat', 'mudah', 'marah', 'karena', 'game', 'ini', 'dapat', 'membantu', 'menenangkan', 'diri', 'dan', 'hati', 'untuk', 'moonton', 'tolong', 'perbaiki', 'untuk', 'pembagian', 'tim', 'kasih', 'yang', 'seimbang', 'ya', 'biar', 'sama', 'sama', 'senang']","['bagus', 'cocok', 'milik', 'sifat', 'mudah', 'marah', 'bantu', 'tenang', 'diri', 'hati', 'tolong', 'baik', 'bagi', 'imbang', 'biar', 'senang']","['game', 'bagus', 'sekali', 'cocok', 'untuk', 'orang', 'yang', 'milik', 'sifat', 'mudah', 'marah', 'karena', 'game', 'ini', 'dapat', 'bantu', 'tenang', 'diri', 'dan', 'hati', 'untuk', 'moonton', 'tolong', 'baik', 'untuk', 'bagi', 'tim', 'kasih', 'yang', 'imbang', 'ya', 'biar', 'sama', 'sama', 'senang']","['game', 'bagus', 'sekali', 'cocok', 'untuk', 'orang', 'yang', 'milik', 'sifat', 'mudah', 'marah', 'karena', 'game', 'ini', 'dapat', 'bantu', 'tenang', 'diri', 'dan', 'hati', 'untuk', 'moonton', 'tolong', 'baik', 'untuk', 'bagi', 'team', 'kasih', 'yang', 'imbang', 'ya', 'biar', 'sama', 'sama', 'senang']",,neutral
Intan Permata,"sangat sangat buruk, tiap buka ping selalu merah,ngelag parah padahal buka aplikasi lain lancar",2.1.18.11201,"sangat sangat buruk, tiap buka ping selalu merah,ngelag parah padahal buka aplikasi lain lancar","['sangat', 'sangat', 'buruk', ',', 'tiap', 'buka', 'ping', 'selalu', 'merah', ',', 'ngelag', 'parah', 'padahal', 'buka', 'aplikasi', 'lain', 'lancar']","['sangat', 'sangat', 'buruk', 'tiap', 'buka', 'ping', 'selalu', 'merah', 'ngelag', 'parah', 'padahal', 'buka', 'aplikasi', 'lain', 'lancar']","['buruk', 'buka', 'ping', 'selalu', 'merah', 'lag', 'parah', 'buka', 'aplikasi', 'lain', 'lancar']","['sangat', 'sangat', 'buruk', 'tiap', 'buka', 'ping', 'selalu', 'merah', 'ngelag', 'parah', 'padahal', 'buka', 'aplikasi', 'lain', 'lancar']","['sangat', 'sangat', 'buruk', 'tiap', 'buka', 'ping', 'selalu', 'merah', 'lag', 'parah', 'padahal', 'buka', 'aplikasi', 'lain', 'lancar']",,negative
Apaan Tuh,game burik kalah nurun satu bintang naik bintang satu GK ada pelindung taiii ini game,2.1.18.11201,game burik kalah nurun satu bintang naik bintang satu gk ada pelindung taiii ini game,"['game', 'burik', 'kalah', 'nurun', 'satu', 'bintang', 'naik', 'bintang', 'satu', 'gk', 'ada', 'pelindung', 'taiii', 'ini', 'game']","['game', 'burik', 'kalah', 'nurun', 'satu', 'bintang', 'naik', 'bintang', 'satu', 'gk', 'ada', 'pelindung', 'tai', 'ini', 'game']","['buruk', 'kalah', 'nurun', 'satu', 'bintang', 'naik', 'bintang', 'satu', 'lindung', 'tai']","['game', 'burik', 'kalah', 'nurun', 'satu', 'bintang', 'naik', 'bintang', 'satu', 'gk', 'ada', 'lindung', 'tai', 'ini', 'game']","['game', 'buruk', 'kalah', 'nurun', 'satu', 'bintang', 'naik', 'bintang', 'satu', 'tidak', 'ada', 'lindung', 'tai', 'ini', 'game']",,negative
Dafa Manihuruk,moonton kontoooollll bujaaanggg anjingg kasih tim yg bagus lah cepek lose terus ngentooottt anjiinggg,2.1.18.11201,moonton kontoooollll bujaaanggg anjingg kasih tim yg bagus lah cepek lose terus ngentooottt anjiinggg,"['moonton', 'kontoooollll', 'bujaaanggg', 'anjingg', 'kasih', 'tim', 'yg', 'bagus', 'lah', 'cepek', 'lose', 'terus', 'ngentooottt', 'anjiinggg']","['moonton', 'kontol', 'bujang', 'anjingg', 'kasih', 'tim', 'yg', 'bagus', 'lah', 'cepek', 'lose', 'terus', 'ngentot', 'anjiing']","['kontol', 'bujang', 'anjingg', 'bagus', 'cepek', 'lose', 'ngentot', 'anjiing']","['moonton', 'kontol', 'bujang', 'anjingg', 'kasih', 'tim', 'yg', 'bagus', 'lah', 'cepek', 'lose', 'terus', 'ngentot', 'anjiing']","['moonton', 'kontol', 'bujang', 'anjingg', 'kasih', 'team', 'yang', 'bagus', 'lah', 'cepek', 'lose', 'terus', 'ngentot', 'anjiing']",,negative
Jiro8 Kamoda,Saya kecewa dengan match making yg tidak seimbang...chat saja dalam game di anggap kasar...semua di batasi...dapat teman yg tidak seimbang di anggap salah juga chat berlebihan di kurangi credit score...apa maunya ML?,1.9.99.10932,saya kecewa dengan match making yg tidak seimbang...chat saja dalam game di anggap kasar...semua di batasi...dapat teman yg tidak seimbang di anggap salah juga chat berlebihan di kurangi credit score...apa maunya ml?,"['saya', 'kecewa', 'dengan', 'match', 'making', 'yg', 'tidak', 'seimbang', '...', 'chat', 'saja', 'dalam', 'game', 'di', 'anggap', 'kasar', '...', 'semua', 'di', 'batasi', '...', 'dapat', 'teman', 'yg', 'tidak', 'seimbang', 'di', 'anggap', 'salah', 'juga', 'chat', 'berlebihan', 'di', 'kurangi', 'credit', 'score', '...', 'apa', 'maunya', 'ml', '?']","['saya', 'kecewa', 'dengan', 'match', 'making', 'yg', 'tidak', 'seimbang', 'chat', 'saja', 'dalam', 'game', 'di', 'anggap', 'kasar', 'semua', 'di', 'batasi', 'dapat', 'teman', 'yg', 'tidak', 'seimbang', 'di', 'anggap', 'salah', 'juga', 'chat', 'berlebihan', 'di', 'kurangi', 'credit', 'score', 'apa', 'maunya', 'ml']","['kecewa', 'imbang', 'chat', 'dalam', 'anggap', 'kasar', 'semua', 'batas', 'teman', 'imbang', 'anggap', 'salah', 'chat', 'lebih', 'kurang', 'credit', 'score']","['saya', 'kecewa', 'dengan', 'match', 'making', 'yg', 'tidak', 'imbang', 'chat', 'saja', 'dalam', 'game', 'di', 'anggap', 'kasar', 'semua', 'di', 'batas', 'dapat', 'teman', 'yg', 'tidak', 'imbang', 'di', 'anggap', 'salah', 'juga', 'chat', 'lebih', 'di', 'kurang', 'credit', 'score', 'apa', 'mau', 'ml']","['aku', 'kecewa', 'dengan', 'match', 'making', 'yang', 'tidak', 'imbang', 'chat', 'saja', 'dalam', 'game', 'di', 'anggap', 'kasar', 'semua', 'di', 'batas', 'dapat', 'teman', 'yang', 'tidak', 'imbang', 'di', 'anggap', 'salah', 'juga', 'chat', 'lebih', 'di', 'kurang', 'credit', 'score', 'apa', 'mau', 'ml']",,negative
Ozzy Rukmana P,mith please,2.1.18.11201,mith please,"['mith', 'please']","['mith', 'please']","['mith', 'please']","['mith', 'please']","['mith', 'please']",,negative
fajar mirzam,game jelek ashu gw dari pagi sampe sore maen bukanya dapet bintang naik malah lose 14× game gajelas mas monnton kalo kasi tim yg seimbang ashu bukanya daak sistem yg dikasi sedang kan tim musuh setara kaya Kairi ashu2 gw uninstall juga ni game kwuonthol,,game jelek ashu gw dari pagi sampe sore maen bukanya dapet bintang naik malah lose 14× game gajelas mas monnton kalo kasi tim yg seimbang ashu bukanya daak sistem yg dikasi sedang kan tim musuh setara kaya kairi ashu2 gw uninstall juga ni game kwuonthol,"['game', 'jelek', 'ashu', 'gw', 'dari', 'pagi', 'sampe', 'sore', 'maen', 'bukanya', 'dapet', 'bintang', 'naik', 'malah', 'lose', '14×', 'game', 'gajelas', 'mas', 'monnton', 'kalo', 'kasi', 'tim', 'yg', 'seimbang', 'ashu', 'bukanya', 'daak', 'sistem', 'yg', 'dikasi', 'sedang', 'kan', 'tim', 'musuh', 'setara', 'kaya', 'kairi', 'ashu2', 'gw', 'uninstall', 'juga', 'ni', 'game', 'kwuonthol']","['game', 'jelek', 'ashu', 'gw', 'dari', 'pagi', 'sampe', 'sore', 'maen', 'bukanya', 'dapet', 'bintang', 'naik', 'malah', 'lose', 'game', 'gajelas', 'mas', 'monnton', 'kalo', 'kasi', 'tim', 'yg', 'seimbang', 'ashu', 'bukanya', 'daak', 'sistem', 'yg', 'dikasi', 'sedang', 'kan', 'tim', 'musuh', 'setara', 'kaya', 'kairi', 'ashu', 'gw', 'uninstall', 'juga', 'ni', 'game', 'kwuonthol']","['jelek', 'ashu', 'pagi', 'sampai', 'sore', 'buka', 'bintang', 'naik', 'lose', 'gajelas', 'mas', 'monnton', 'kasi', 'imbang', 'ashu', 'buka', 'daak', 'kasi', 'sedang', 'musuh', 'kairi', 'ashu', 'uninstall', 'kwuonthol']","['game', 'jelek', 'ashu', 'gw', 'dari', 'pagi', 'sampe', 'sore', 'maen', 'buka', 'dapet', 'bintang', 'naik', 'malah', 'lose', 'game', 'gajelas', 'mas', 'monnton', 'kalo', 'kasi', 'tim', 'yg', 'imbang', 'ashu', 'buka', 'daak', 'sistem', 'yg', 'kasi', 'sedang', 'kan', 'tim', 'musuh', 'tara', 'kaya', 'kairi', 'ashu', 'gw', 'uninstall', 'juga', 'ni', 'game', 'kwuonthol']","['game', 'jelek', 'ashu', 'aku', 'dari', 'pagi', 'sampai', 'sore', 'main', 'buka', 'dapet', 'bintang', 'naik', 'malah', 'lose', 'game', 'gajelas', 'mas', 'monnton', 'kalau', 'kasi', 'team', 'yang', 'imbang', 'ashu', 'buka', 'daak', 'sistem', 'yang', 'kasi', 'sedang', 'kan', 'team', 'musuh', 'tara', 'seperti', 'kairi', 'ashu', 'aku', 'uninstall', 'juga', 'ini', 'game', 'kwuonthol']",,negative
Ridho Ridho,"game apaan sih, masa ganti PP aja keluar ke lobby sendiri, padahal sinyal+perangkat tdk ada kendala game kocak bintang 1 no recommend",,"game apaan sih, masa ganti pp aja keluar ke lobby sendiri, padahal sinyal+perangkat tdk ada kendala game kocak bintang 1 no recommend","['game', 'apaan', 'sih', ',', 'masa', 'ganti', 'pp', 'aja', 'keluar', 'ke', 'lobby', 'sendiri', ',', 'padahal', 'sinyal+perangkat', 'tdk', 'ada', 'kendala', 'game', 'kocak', 'bintang', '1', 'no', 'recommend']","['game', 'apaan', 'sih', 'masa', 'ganti', 'pp', 'aja', 'keluar', 'ke', 'lobby', 'sendiri', 'padahal', 'sinyalperangkat', 'tdk', 'ada', 'kendala', 'game', 'kocak', 'bintang', 'no', 'recommend']","['masa', 'ganti', 'pp', 'keluar', 'lobby', 'sendiri', 'sinyalperangkat', 'tdk', 'kendala', 'kocak', 'bintang', 'no', 'recommend']","['game', 'apa', 'sih', 'masa', 'ganti', 'pp', 'aja', 'keluar', 'ke', 'lobby', 'sendiri', 'padahal', 'sinyalperangkat', 'tdk', 'ada', 'kendala', 'game', 'kocak', 'bintang', 'no', 'recommend']","['game', 'apa', 'sih', 'masa', 'ganti', 'pp', 'aja', 'keluar', 'ke', 'lobby', 'sendiri', 'padahal', 'sinyalperangkat', 'tdk', 'ada', 'kendala', 'game', 'kocak', 'bintang', 'no', 'recommend']",,negative
5_Erwin Napirah,plis moonton kalo kasi matchmaking yang bener lah masa tiap main ketemu tim tolol mulu dah. plis lah season ini ketemu tim tolol mulu sumpah 😭,1.5.10.5532,plis moonton kalo kasi matchmaking yang bener lah masa tiap main ketemu tim tolol mulu dah. plis lah season ini ketemu tim tolol mulu sumpah 😭,"['plis', 'moonton', 'kalo', 'kasi', 'matchmaking', 'yang', 'bener', 'lah', 'masa', 'tiap', 'main', 'ketemu', 'tim', 'tolol', 'mulu', 'dah', '.', 'plis', 'lah', 'season', 'ini', 'ketemu', 'tim', 'tolol', 'mulu', 'sumpah', '😭']","['plis', 'moonton', 'kalo', 'kasi', 'matchmaking', 'yang', 'bener', 'lah', 'masa', 'tiap', 'main', 'ketemu', 'tim', 'tolol', 'mulu', 'dah', 'plis', 'lah', 'season', 'ini', 'ketemu', 'tim', 'tolol', 'mulu', 'sumpah']","['kasi', 'benar', 'masa', 'ketemu', 'tolol', 'sudah', 'season', 'ketemu', 'tolol', 'sumpah']","['plis', 'moonton', 'kalo', 'kasi', 'matchmaking', 'yang', 'bener', 'lah', 'masa', 'tiap', 'main', 'ketemu', 'tim', 'tolol', 'mulu', 'dah', 'plis', 'lah', 'season', 'ini', 'ketemu', 'tim', 'tolol', 'mulu', 'sumpah']","['plis', 'moonton', 'kalau', 'kasi', 'matchmaking', 'yang', 'benar', 'lah', 'masa', 'tiap', 'main', 'ketemu', 'team', 'tolol', 'mulu', 'sudah', 'plis', 'lah', 'season', 'ini', 'ketemu', 'team', 'tolol', 'mulu', 'sumpah']",,negative
Khaeril Anwar,game parah ngelag jaringan tidak stabil mainnya bikin emosi,2.1.18.11201,game parah ngelag jaringan tidak stabil mainnya bikin emosi,"['game', 'parah', 'ngelag', 'jaringan', 'tidak', 'stabil', 'mainnya', 'bikin', 'emosi']","['game', 'parah', 'ngelag', 'jaringan', 'tidak', 'stabil', 'mainnya', 'bikin', 'emosi']","['parah', 'lag', 'stabil', 'emosi']","['game', 'parah', 'ngelag', 'jaring', 'tidak', 'stabil', 'main', 'bikin', 'emosi']","['game', 'parah', 'lag', 'jaring', 'tidak', 'stabil', 'main', 'bikin', 'emosi']",,negative
Ridwan Hdyt,"jaringan bagus tapi di in game selalu lag patah patah, rusak rusakkk game rusakk, mending uninstal pindah game sebelah",2.1.18.11201,"jaringan bagus tapi di in game selalu lag patah patah, rusak rusakkk game rusakk, mending uninstal pindah game sebelah","['jaringan', 'bagus', 'tapi', 'di', 'in', 'game', 'selalu', 'lag', 'patah', 'patah', ',', 'rusak', 'rusakkk', 'game', 'rusakk', ',', 'mending', 'uninstal', 'pindah', 'game', 'sebelah']","['jaringan', 'bagus', 'tapi', 'di', 'in', 'game', 'selalu', 'lag', 'patah', 'patah', 'rusak', 'rusak', 'game', 'rusakk', 'mending', 'uninstal', 'pindah', 'game', 'sebelah']","['bagus', 'selalu', 'lag', 'patah', 'patah', 'rusak', 'rusak', 'rusakk', 'mending', 'uninstal', 'pindah']","['jaring', 'bagus', 'tapi', 'di', 'in', 'game', 'selalu', 'lag', 'patah', 'patah', 'rusak', 'rusak', 'game', 'rusakk', 'mending', 'uninstal', 'pindah', 'game', 'belah']","['jaring', 'bagus', 'tapi', 'di', 'in', 'game', 'selalu', 'lag', 'patah', 'patah', 'rusak', 'rusak', 'game', 'rusakk', 'mending', 'uninstal', 'pindah', 'game', 'belah']",,negative
khosyi Shayful,game rusak lag banget sialan,1.8.58.9312,game rusak lag banget sialan,"['game', 'rusak', 'lag', 'banget', 'sialan']","['game', 'rusak', 'lag', 'banget', 'sialan']","['rusak', 'lag', 'banget', 'sial']","['game', 'rusak', 'lag', 'banget', 'sial']","['game', 'rusak', 'lag', 'banget', 'sial']",,negative
Sandi Lia,"Setiap main pasti sinyal langsung merah tolong d perbaiki,,,tolong perbaiki jaringannya montoon parah",2.1.18.11201,"setiap main pasti sinyal langsung merah tolong d perbaiki,,,tolong perbaiki jaringannya montoon parah","['setiap', 'main', 'pasti', 'sinyal', 'langsung', 'merah', 'tolong', 'd', 'perbaiki', ',', ',', ',', 'tolong', 'perbaiki', 'jaringannya', 'montoon', 'parah']","['setiap', 'main', 'pasti', 'sinyal', 'langsung', 'merah', 'tolong', 'd', 'perbaiki', 'tolong', 'perbaiki', 'jaringannya', 'montoon', 'parah']","['pasti', 'sinyal', 'langsung', 'merah', 'tolong', 'd', 'baik', 'tolong', 'baik', 'parah']","['tiap', 'main', 'pasti', 'sinyal', 'langsung', 'merah', 'tolong', 'd', 'baik', 'tolong', 'baik', 'jaring', 'montoon', 'parah']","['tiap', 'main', 'pasti', 'sinyal', 'langsung', 'merah', 'tolong', 'd', 'baik', 'tolong', 'baik', 'jaring', 'moonton', 'parah']",,negative
Arman Maulana,moonton GK adill Cok Gw Mitikk Main Solo Malah di Kasih Musuh Glory Rata sedangkan Tim Gw Campur Legend .Emang Biadab sistemnya,2.1.18.11201,moonton gk adill cok gw mitikk main solo malah di kasih musuh glory rata sedangkan tim gw campur legend .emang biadab sistemnya,"['moonton', 'gk', 'adill', 'cok', 'gw', 'mitikk', 'main', 'solo', 'malah', 'di', 'kasih', 'musuh', 'glory', 'rata', 'sedangkan', 'tim', 'gw', 'campur', 'legend', '.emang', 'biadab', 'sistemnya']","['moonton', 'gk', 'adill', 'cok', 'gw', 'mitikk', 'main', 'solo', 'malah', 'di', 'kasih', 'musuh', 'glory', 'rata', 'sedangkan', 'tim', 'gw', 'campur', 'legend', 'emang', 'biadab', 'sistemnya']","['adill', 'cok', 'mitikk', 'musuh', 'glory', 'rata', 'sedang', 'campur', 'biadab']","['moonton', 'gk', 'adill', 'cok', 'gw', 'mitikk', 'main', 'solo', 'malah', 'di', 'kasih', 'musuh', 'glory', 'rata', 'sedang', 'tim', 'gw', 'campur', 'legend', 'emang', 'biadab', 'sistem']","['moonton', 'tidak', 'adill', 'cok', 'aku', 'mitikk', 'main', 'solo', 'malah', 'di', 'kasih', 'musuh', 'glory', 'rata', 'sedang', 'team', 'aku', 'campur', 'legend', 'memang', 'biadab', 'sistem']",,negative
Ojie Prabowo,update makin tolol jaringan bapuk,2.1.18.11201,update makin tolol jaringan bapuk,"['update', 'makin', 'tolol', 'jaringan', 'bapuk']","['update', 'makin', 'tolol', 'jaringan', 'bapuk']","['update', 'makin', 'tolol', 'bapuk']","['update', 'makin', 'tolol', 'jaring', 'bapuk']","['update', 'makin', 'tolol', 'jaring', 'bapuk']",,negative
Ris Kyi,banyak dark sistem nya aja yg ku malasin,,banyak dark sistem nya aja yg ku malasin,"['banyak', 'dark', 'sistem', 'nya', 'aja', 'yg', 'ku', 'malasin']","['banyak', 'dark', 'sistem', 'nya', 'aja', 'yg', 'ku', 'malasin']","['banyak', 'gelap', 'malasin']","['banyak', 'dark', 'sistem', 'nya', 'aja', 'yg', 'ku', 'malasin']","['banyak', 'gelap', 'sistem', 'nya', 'aja', 'yang', 'ku', 'malasin']",,negative
Aan Manik,"sinyal bagus tapi ping merah, tolong lah diperbaiki sistem jaringan nya montoon!!!",,"sinyal bagus tapi ping merah, tolong lah diperbaiki sistem jaringan nya montoon!!!","['sinyal', 'bagus', 'tapi', 'ping', 'merah', ',', 'tolong', 'lah', 'diperbaiki', 'sistem', 'jaringan', 'nya', 'montoon', '!', '!', '!']","['sinyal', 'bagus', 'tapi', 'ping', 'merah', 'tolong', 'lah', 'diperbaiki', 'sistem', 'jaringan', 'nya', 'montoon']","['sinyal', 'bagus', 'ping', 'merah', 'tolong', 'baik']","['sinyal', 'bagus', 'tapi', 'ping', 'merah', 'tolong', 'lah', 'baik', 'sistem', 'jaring', 'nya', 'montoon']","['sinyal', 'bagus', 'tapi', 'ping', 'merah', 'tolong', 'lah', 'baik', 'sistem', 'jaring', 'nya', 'moonton']",,negative
Ferri Irawan,matchmaking tidak adil,1.9.64.10601,matchmaking tidak adil,"['matchmaking', 'tidak', 'adil']","['matchmaking', 'tidak', 'adil']",['adil'],"['matchmaking', 'tidak', 'adil']","['matchmaking', 'tidak', 'adil']",,neutral
Airul Ale,makin hari makin lag parah.. pdhl jaringan bagus..,1.9.70.10634,makin hari makin lag parah.. pdhl jaringan bagus..,"['makin', 'hari', 'makin', 'lag', 'parah', '..', 'pdhl', 'jaringan', 'bagus', '..']","['makin', 'hari', 'makin', 'lag', 'parah', 'pdhl', 'jaringan', 'bagus']","['makin', 'makin', 'lag', 'parah', 'pdhl', 'bagus']","['makin', 'hari', 'makin', 'lag', 'parah', 'pdhl', 'jaring', 'bagus']","['makin', 'hari', 'makin', 'lag', 'parah', 'pdhl', 'jaring', 'bagus']",,negative
Fitri Fitri,"padahal kuota banyak wifi jga jaringan oke tapi stak Mulu ,jadinya afk kesel bgt padahal dlu ga bgtu jadi mls",2.1.18.11201,"padahal kuota banyak wifi jga jaringan oke tapi stak mulu ,jadinya afk kesel bgt padahal dlu ga bgtu jadi mls","['padahal', 'kuota', 'banyak', 'wifi', 'jga', 'jaringan', 'oke', 'tapi', 'stak', 'mulu', ',', 'jadinya', 'afk', 'kesel', 'bgt', 'padahal', 'dlu', 'ga', 'bgtu', 'jadi', 'mls']","['padahal', 'kuota', 'banyak', 'wifi', 'jga', 'jaringan', 'oke', 'tapi', 'stak', 'mulu', 'jadinya', 'afk', 'kesel', 'bgt', 'padahal', 'dlu', 'ga', 'bgtu', 'jadi', 'mls']","['kuota', 'banyak', 'wifi', 'jga', 'oke', 'stak', 'afk', 'kesel', 'banget', 'dlu', 'bgtu', 'mls']","['padahal', 'kuota', 'banyak', 'wifi', 'jga', 'jaring', 'oke', 'tapi', 'stak', 'mulu', 'jadi', 'afk', 'kesel', 'bgt', 'padahal', 'dlu', 'ga', 'bgtu', 'jadi', 'mls']","['padahal', 'kuota', 'banyak', 'wifi', 'jga', 'jaring', 'oke', 'tapi', 'stak', 'mulu', 'jadi', 'afk', 'kesel', 'banget', 'padahal', 'dlu', 'tidak', 'bgtu', 'jadi', 'mls']",,negative
Urwah Arrifa,"sama kayak keluhan orang orang!!!! jaringan kagak bener, dapat tim gak adil, montooon perbaiki jaringannya!!!! jelek banget Sumpahhhhhh!!!!!!! dengerin keluhan player mu montooon, tuh jaringan di perbaiki!!!! tolong banget!!!!!",1.9.99.10932,"sama kayak keluhan orang orang!!!! jaringan kagak bener, dapat tim gak adil, montooon perbaiki jaringannya!!!! jelek banget sumpahhhhhh!!!!!!! dengerin keluhan player mu montooon, tuh jaringan di perbaiki!!!! tolong banget!!!!!","['sama', 'kayak', 'keluhan', 'orang', 'orang', '!', '!', '!', '!', 'jaringan', 'kagak', 'bener', ',', 'dapat', 'tim', 'gak', 'adil', ',', 'montooon', 'perbaiki', 'jaringannya', '!', '!', '!', '!', 'jelek', 'banget', 'sumpahhhhhh', '!', '!', '!', '!', '!', '!', '!', 'dengerin', 'keluhan', 'player', 'mu', 'montooon', ',', 'tuh', 'jaringan', 'di', 'perbaiki', '!', '!', '!', '!', 'tolong', 'banget', '!', '!', '!', '!', '!']","['sama', 'kayak', 'keluhan', 'orang', 'orang', 'jaringan', 'kagak', 'bener', 'dapat', 'tim', 'gak', 'adil', 'monton', 'perbaiki', 'jaringannya', 'jelek', 'banget', 'sumpah', 'dengerin', 'keluhan', 'player', 'mu', 'monton', 'tuh', 'jaringan', 'di', 'perbaiki', 'tolong', 'banget']","['keluh', 'kagak', 'benar', 'adil', 'baik', 'jelek', 'banget', 'sumpah', 'dengerin', 'keluh', 'mu', 'baik', 'tolong', 'banget']","['sama', 'kayak', 'keluh', 'orang', 'orang', 'jaring', 'kagak', 'bener', 'dapat', 'tim', 'gak', 'adil', 'monton', 'baik', 'jaring', 'jelek', 'banget', 'sumpah', 'dengerin', 'keluh', 'player', 'mu', 'monton', 'tuh', 'jaring', 'di', 'baik', 'tolong', 'banget']","['sama', 'seperti', 'keluh', 'orang', 'orang', 'jaring', 'kagak', 'benar', 'dapat', 'team', 'tidak', 'adil', 'moonton', 'baik', 'jaring', 'jelek', 'banget', 'sumpah', 'dengerin', 'keluh', 'player', 'mu', 'moonton', 'tuh', 'jaring', 'di', 'baik', 'tolong', 'banget']",,negative
andri suseno,"ping selalu buruk loh, aneh banget.",2.1.18.11201,"ping selalu buruk loh, aneh banget.","['ping', 'selalu', 'buruk', 'loh', ',', 'aneh', 'banget', '.']","['ping', 'selalu', 'buruk', 'loh', 'aneh', 'banget']","['ping', 'selalu', 'buruk', 'aneh', 'banget']","['ping', 'selalu', 'buruk', 'loh', 'aneh', 'banget']","['ping', 'selalu', 'buruk', 'loh', 'aneh', 'banget']",,negative
Diko,burik,,burik,['burik'],['burik'],['buruk'],['burik'],['buruk'],,negative
Gaming Jr,montong kurang ngiclik udah licik lagi jaringan gue di bikin leg,2.1.18.11201,montong kurang ngiclik udah licik lagi jaringan gue di bikin leg,"['montong', 'kurang', 'ngiclik', 'udah', 'licik', 'lagi', 'jaringan', 'gue', 'di', 'bikin', 'leg']","['montong', 'kurang', 'ngiclik', 'udah', 'licik', 'lagi', 'jaringan', 'gue', 'di', 'bikin', 'leg']","['montong', 'kurang', 'ngiclik', 'licik', 'lag']","['montong', 'kurang', 'ngiclik', 'udah', 'licik', 'lagi', 'jaring', 'gue', 'di', 'bikin', 'leg']","['montong', 'kurang', 'ngiclik', 'udah', 'licik', 'lagi', 'jaring', 'aku', 'di', 'bikin', 'lag']",,negative
Ysuisekai121 Ii,sinyal bagus tapi sering berhenti pas main suka berhenti tolong perbaiki bug ini muntun,2.1.18.11201,sinyal bagus tapi sering berhenti pas main suka berhenti tolong perbaiki bug ini muntun,"['sinyal', 'bagus', 'tapi', 'sering', 'berhenti', 'pas', 'main', 'suka', 'berhenti', 'tolong', 'perbaiki', 'bug', 'ini', 'muntun']","['sinyal', 'bagus', 'tapi', 'sering', 'berhenti', 'pas', 'main', 'suka', 'berhenti', 'tolong', 'perbaiki', 'bug', 'ini', 'muntun']","['sinyal', 'bagus', 'henti', 'suka', 'henti', 'tolong', 'baik', 'bug', 'muntun']","['sinyal', 'bagus', 'tapi', 'sering', 'henti', 'pas', 'main', 'suka', 'henti', 'tolong', 'baik', 'bug', 'ini', 'muntun']","['sinyal', 'bagus', 'tapi', 'sering', 'henti', 'pas', 'main', 'suka', 'henti', 'tolong', 'baik', 'bug', 'ini', 'muntun']",,positive
Wahyu Gusviant,game taik,2.1.18.11201,game taik,"['game', 'taik']","['game', 'taik']",['taik'],"['game', 'taik']","['game', 'taik']",,negative
Dani mamelo,aneh main solo di temuin party makin lama makin aneh ini game,2.1.18.11201,aneh main solo di temuin party makin lama makin aneh ini game,"['aneh', 'main', 'solo', 'di', 'temuin', 'party', 'makin', 'lama', 'makin', 'aneh', 'ini', 'game']","['aneh', 'main', 'solo', 'di', 'temuin', 'party', 'makin', 'lama', 'makin', 'aneh', 'ini', 'game']","['aneh', 'temuin', 'party', 'makin', 'lama', 'makin', 'aneh']","['aneh', 'main', 'solo', 'di', 'temuin', 'party', 'makin', 'lama', 'makin', 'aneh', 'ini', 'game']","['aneh', 'main', 'solo', 'di', 'temuin', 'party', 'makin', 'lama', 'makin', 'aneh', 'ini', 'game']",,negative
Derajad Triandoyo,"woiii moonton, ini kenapa setelah update ping jadi gak stabil gini, main jadi gak bener gara gara ping gak stabil, benerin lahh moonton taiii",2.1.18.11201,"woiii moonton, ini kenapa setelah update ping jadi gak stabil gini, main jadi gak bener gara gara ping gak stabil, benerin lahh moonton taiii","['woiii', 'moonton', ',', 'ini', 'kenapa', 'setelah', 'update', 'ping', 'jadi', 'gak', 'stabil', 'gini', ',', 'main', 'jadi', 'gak', 'bener', 'gara', 'gara', 'ping', 'gak', 'stabil', ',', 'benerin', 'lahh', 'moonton', 'taiii']","['woi', 'moonton', 'ini', 'kenapa', 'setelah', 'update', 'ping', 'jadi', 'gak', 'stabil', 'gini', 'main', 'jadi', 'gak', 'bener', 'gara', 'gara', 'ping', 'gak', 'stabil', 'benerin', 'lahh', 'moonton', 'tai']","['buruk', 'kenapa', 'update', 'ping', 'stabil', 'benar', 'gara', 'gara', 'ping', 'stabil', 'rusak', 'lahh', 'tai']","['woi', 'moonton', 'ini', 'kenapa', 'telah', 'update', 'ping', 'jadi', 'gak', 'stabil', 'gin', 'main', 'jadi', 'gak', 'bener', 'gara', 'gara', 'ping', 'gak', 'stabil', 'benerin', 'lahh', 'moonton', 'tai']","['buruk', 'moonton', 'ini', 'kenapa', 'telah', 'update', 'ping', 'jadi', 'tidak', 'stabil', 'game', 'main', 'jadi', 'tidak', 'benar', 'gara', 'gara', 'ping', 'tidak', 'stabil', 'rusak', 'lahh', 'moonton', 'tai']",,negative
Setiawan Vii,"perbaikin lah, freze di in game. padahal sinyal aman ko bisa freze berkali-kali. mengganggu pengalaman bermain",,"perbaikin lah, freze di in game. padahal sinyal aman ko bisa freze berkali-kali. mengganggu pengalaman bermain","['perbaikin', 'lah', ',', 'freze', 'di', 'in', 'game', '.', 'padahal', 'sinyal', 'aman', 'ko', 'bisa', 'freze', 'berkali-kali', '.', 'mengganggu', 'pengalaman', 'bermain']","['perbaikin', 'lah', 'freze', 'di', 'in', 'game', 'padahal', 'sinyal', 'aman', 'ko', 'bisa', 'freze', 'berkalikali', 'mengganggu', 'pengalaman', 'bermain']","['perbaikin', 'freze', 'sinyal', 'aman', 'ko', 'freze', 'berkalikali', 'ganggu', 'alam']","['perbaikin', 'lah', 'freze', 'di', 'in', 'game', 'padahal', 'sinyal', 'aman', 'ko', 'bisa', 'freze', 'berkalikali', 'ganggu', 'alam', 'main']","['perbaikin', 'lah', 'freze', 'di', 'in', 'game', 'padahal', 'sinyal', 'aman', 'ko', 'bisa', 'freze', 'berkalikali', 'ganggu', 'alam', 'main']",,negative
lintang gegex,ml asu temen main rank gak naik naik temen ny dikasih yang bot gk adil game ini,2.1.18.11201,ml asu temen main rank gak naik naik temen ny dikasih yang bot gk adil game ini,"['ml', 'asu', 'temen', 'main', 'rank', 'gak', 'naik', 'naik', 'temen', 'ny', 'dikasih', 'yang', 'bot', 'gk', 'adil', 'game', 'ini']","['ml', 'asu', 'temen', 'main', 'rank', 'gak', 'naik', 'naik', 'temen', 'ny', 'dikasih', 'yang', 'bot', 'gk', 'adil', 'game', 'ini']","['asu', 'teman', 'naik', 'naik', 'teman', 'bot', 'adil']","['ml', 'asu', 'temen', 'main', 'rank', 'gak', 'naik', 'naik', 'temen', 'ny', 'kasih', 'yang', 'bot', 'gk', 'adil', 'game', 'ini']","['ml', 'asu', 'teman', 'main', 'rank', 'tidak', 'naik', 'naik', 'teman', 'nya', 'kasih', 'yang', 'bot', 'tidak', 'adil', 'game', 'ini']",,negative
Azam Nasrik,"game apa ini taii,game lain tujuan di buat aja untuk senang-senang ini bikin gila+stresss game gilaaa isi dark sistem semua (saya kasih bintang lima agar dapat terdeteksi oleh sistem) TOLONg",1.9.48.10373,"game apa ini taii,game lain tujuan di buat aja untuk senang-senang ini bikin gila+stresss game gilaaa isi dark sistem semua (saya kasih bintang lima agar dapat terdeteksi oleh sistem) tolong","['game', 'apa', 'ini', 'taii', ',', 'game', 'lain', 'tujuan', 'di', 'buat', 'aja', 'untuk', 'senang-senang', 'ini', 'bikin', 'gila+stresss', 'game', 'gilaaa', 'isi', 'dark', 'sistem', 'semua', '(', 'saya', 'kasih', 'bintang', 'lima', 'agar', 'dapat', 'terdeteksi', 'oleh', 'sistem', ')', 'tolong']","['game', 'apa', 'ini', 'taii', 'game', 'lain', 'tujuan', 'di', 'buat', 'aja', 'untuk', 'senangsenang', 'ini', 'bikin', 'gilastres', 'game', 'gila', 'isi', 'dark', 'sistem', 'semua', 'saya', 'kasih', 'bintang', 'lima', 'agar', 'dapat', 'terdeteksi', 'oleh', 'sistem', 'tolong']","['taii', 'lain', 'tuju', 'senangsenang', 'gilastres', 'gila', 'isi', 'gelap', 'semua', 'bintang', 'lima', 'deteksi', 'tolong']","['game', 'apa', 'ini', 'taii', 'game', 'lain', 'tuju', 'di', 'buat', 'aja', 'untuk', 'senangsenang', 'ini', 'bikin', 'gilastres', 'game', 'gila', 'isi', 'dark', 'sistem', 'semua', 'saya', 'kasih', 'bintang', 'lima', 'agar', 'dapat', 'deteksi', 'oleh', 'sistem', 'tolong']","['game', 'apa', 'ini', 'taii', 'game', 'lain', 'tuju', 'di', 'buat', 'aja', 'untuk', 'senangsenang', 'ini', 'bikin', 'gilastres', 'game', 'gila', 'isi', 'gelap', 'sistem', 'semua', 'aku', 'kasih', 'bintang', 'lima', 'agar', 'dapat', 'deteksi', 'oleh', 'sistem', 'tolong']",,negative
Akang Khanza,banyak pelayer toksik dan saya sering di beri tim derak sistem aku malas main ml dan ml sering membuat hati saya hancur karna saya anak yatim mereka para player ml bilang bapak lu main ml Sono padahal bapak gua gak ada,,banyak pelayer toksik dan saya sering di beri tim derak sistem aku malas main ml dan ml sering membuat hati saya hancur karna saya anak yatim mereka para player ml bilang bapak lu main ml sono padahal bapak gua gak ada,"['banyak', 'pelayer', 'toksik', 'dan', 'saya', 'sering', 'di', 'beri', 'tim', 'derak', 'sistem', 'aku', 'malas', 'main', 'ml', 'dan', 'ml', 'sering', 'membuat', 'hati', 'saya', 'hancur', 'karna', 'saya', 'anak', 'yatim', 'mereka', 'para', 'player', 'ml', 'bilang', 'bapak', 'lu', 'main', 'ml', 'sono', 'padahal', 'bapak', 'gua', 'gak', 'ada']","['banyak', 'pelayer', 'toksik', 'dan', 'saya', 'sering', 'di', 'beri', 'tim', 'derak', 'sistem', 'aku', 'malas', 'main', 'ml', 'dan', 'ml', 'sering', 'membuat', 'hati', 'saya', 'hancur', 'karna', 'saya', 'anak', 'yatim', 'mereka', 'para', 'player', 'ml', 'bilang', 'bapak', 'lu', 'main', 'ml', 'sono', 'padahal', 'bapak', 'gua', 'gak', 'ada']","['banyak', 'layer', 'buruk', 'beri', 'derak', 'malas', 'hati', 'hancur', 'anak', 'yatim', 'para', 'bilang', 'bapak', 'sono', 'bapak']","['banyak', 'layer', 'toksik', 'dan', 'saya', 'sering', 'di', 'beri', 'tim', 'derak', 'sistem', 'aku', 'malas', 'main', 'ml', 'dan', 'ml', 'sering', 'buat', 'hati', 'saya', 'hancur', 'karna', 'saya', 'anak', 'yatim', 'mereka', 'para', 'player', 'ml', 'bilang', 'bapak', 'lu', 'main', 'ml', 'sono', 'padahal', 'bapak', 'gua', 'gak', 'ada']","['banyak', 'layer', 'buruk', 'dan', 'aku', 'sering', 'di', 'beri', 'team', 'derak', 'sistem', 'aku', 'malas', 'main', 'ml', 'dan', 'ml', 'sering', 'buat', 'hati', 'aku', 'hancur', 'karena', 'aku', 'anak', 'yatim', 'mereka', 'para', 'player', 'ml', 'bilang', 'bapak', 'kamu', 'main', 'ml', 'sono', 'padahal', 'bapak', 'aku', 'tidak', 'ada']",,negative
Suradi Cerm,"GAME MEMBOSANKAN. SETIAP MAIN LEG LEG LEG DN LEG , SINYAK STBIL, WIFI 5G. PARAH TOTAL MENDING GANTI PINDAH GAME SEBELAH HOK",1.6.10.6671,"game membosankan. setiap main leg leg leg dn leg , sinyak stbil, wifi 5g. parah total mending ganti pindah game sebelah hok","['game', 'membosankan', '.', 'setiap', 'main', 'leg', 'leg', 'leg', 'dn', 'leg', ',', 'sinyak', 'stbil', ',', 'wifi', '5g', '.', 'parah', 'total', 'mending', 'ganti', 'pindah', 'game', 'sebelah', 'hok']","['game', 'membosankan', 'setiap', 'main', 'leg', 'leg', 'leg', 'dn', 'leg', 'sinyak', 'stbil', 'wifi', 'g', 'parah', 'total', 'mending', 'ganti', 'pindah', 'game', 'sebelah', 'hok']","['bosan', 'lag', 'lag', 'lag', 'dn', 'lag', 'sinyak', 'stbil', 'wifi', 'parah', 'total', 'mending', 'ganti', 'pindah']","['game', 'bosan', 'tiap', 'main', 'leg', 'leg', 'leg', 'dn', 'leg', 'sinyak', 'stbil', 'wifi', 'g', 'parah', 'total', 'mending', 'ganti', 'pindah', 'game', 'belah', 'hok']","['game', 'bosan', 'tiap', 'main', 'lag', 'lag', 'lag', 'dn', 'lag', 'sinyak', 'stbil', 'wifi', 'tidak', 'parah', 'total', 'mending', 'ganti', 'pindah', 'game', 'belah', 'hok']",,negative
DZAKY MAULANA,"Kalo tim yg kompak lah jng pilihin tim busuk ke gua monton kurang sekolah, masa sinyal nya merah di anggap afk ini gimana sih monton",2.1.18.11201,"kalo tim yg kompak lah jng pilihin tim busuk ke gua monton kurang sekolah, masa sinyal nya merah di anggap afk ini gimana sih monton","['kalo', 'tim', 'yg', 'kompak', 'lah', 'jng', 'pilihin', 'tim', 'busuk', 'ke', 'gua', 'monton', 'kurang', 'sekolah', ',', 'masa', 'sinyal', 'nya', 'merah', 'di', 'anggap', 'afk', 'ini', 'gimana', 'sih', 'monton']","['kalo', 'tim', 'yg', 'kompak', 'lah', 'jng', 'pilihin', 'tim', 'busuk', 'ke', 'gua', 'monton', 'kurang', 'sekolah', 'masa', 'sinyal', 'nya', 'merah', 'di', 'anggap', 'afk', 'ini', 'gimana', 'sih', 'monton']","['kompak', 'jng', 'pilihin', 'busuk', 'kurang', 'sekolah', 'masa', 'sinyal', 'merah', 'anggap', 'afk', 'gimana']","['kalo', 'tim', 'yg', 'kompak', 'lah', 'jng', 'pilihin', 'tim', 'busuk', 'ke', 'gua', 'monton', 'kurang', 'sekolah', 'masa', 'sinyal', 'nya', 'merah', 'di', 'anggap', 'afk', 'ini', 'gimana', 'sih', 'monton']","['kalau', 'team', 'yang', 'kompak', 'lah', 'jng', 'pilihin', 'team', 'busuk', 'ke', 'aku', 'moonton', 'kurang', 'sekolah', 'masa', 'sinyal', 'nya', 'merah', 'di', 'anggap', 'afk', 'ini', 'gimana', 'sih', 'moonton']",,negative
Bayu Lesmana,"Kalian percumah download ni game, kalian mau main juga ga bakal menang karna menang kalah udah di seting sistem, bakal sering satu tim sama bot",2.1.18.11201,"kalian percumah download ni game, kalian mau main juga ga bakal menang karna menang kalah udah di seting sistem, bakal sering satu tim sama bot","['kalian', 'percumah', 'download', 'ni', 'game', ',', 'kalian', 'mau', 'main', 'juga', 'ga', 'bakal', 'menang', 'karna', 'menang', 'kalah', 'udah', 'di', 'seting', 'sistem', ',', 'bakal', 'sering', 'satu', 'tim', 'sama', 'bot']","['kalian', 'percumah', 'download', 'ni', 'game', 'kalian', 'mau', 'main', 'juga', 'ga', 'bakal', 'menang', 'karna', 'menang', 'kalah', 'udah', 'di', 'seting', 'sistem', 'bakal', 'sering', 'satu', 'tim', 'sama', 'bot']","['percumah', 'menang', 'menang', 'kalah', 'ting', 'satu', 'bot']","['kalian', 'percumah', 'download', 'ni', 'game', 'kalian', 'mau', 'main', 'juga', 'ga', 'bakal', 'menang', 'karna', 'menang', 'kalah', 'udah', 'di', 'ting', 'sistem', 'bakal', 'sering', 'satu', 'tim', 'sama', 'bot']","['kalian', 'percumah', 'download', 'ini', 'game', 'kalian', 'mau', 'main', 'juga', 'tidak', 'bakal', 'menang', 'karena', 'menang', 'kalah', 'udah', 'di', 'ting', 'sistem', 'bakal', 'sering', 'satu', 'team', 'sama', 'bot']",,negative
vazila Army,"ini game kenapa dah makin lama makin jelek,ngeleg ngeleg ga jelas, pas didalam pertandingan malah patah patah terus tiba-tiba afk, nah kalo main di rank patah patah masih mending eh ini main di brawl sama clasic pun patah patah, ni aplikasi makin lama makin berat, makin patah patah, tolong diperbaiki buat game nya sedikit ringan jangan terlalu berat, kasian pengunaan yang mau main dengan ram kecil, kalo terus kayak gini dan ga ada tanggapan atau perubahan dari game ini, mending pindah game",1.9.70.10634,"ini game kenapa dah makin lama makin jelek,ngeleg ngeleg ga jelas, pas didalam pertandingan malah patah patah terus tiba-tiba afk, nah kalo main di rank patah patah masih mending eh ini main di brawl sama clasic pun patah patah, ni aplikasi makin lama makin berat, makin patah patah, tolong diperbaiki buat game nya sedikit ringan jangan terlalu berat, kasian pengunaan yang mau main dengan ram kecil, kalo terus kayak gini dan ga ada tanggapan atau perubahan dari game ini, mending pindah game","['ini', 'game', 'kenapa', 'dah', 'makin', 'lama', 'makin', 'jelek', ',', 'ngeleg', 'ngeleg', 'ga', 'jelas', ',', 'pas', 'didalam', 'pertandingan', 'malah', 'patah', 'patah', 'terus', 'tiba-tiba', 'afk', ',', 'nah', 'kalo', 'main', 'di', 'rank', 'patah', 'patah', 'masih', 'mending', 'eh', 'ini', 'main', 'di', 'brawl', 'sama', 'clasic', 'pun', 'patah', 'patah', ',', 'ni', 'aplikasi', 'makin', 'lama', 'makin', 'berat', ',', 'makin', 'patah', 'patah', ',', 'tolong', 'diperbaiki', 'buat', 'game', 'nya', 'sedikit', 'ringan', 'jangan', 'terlalu', 'berat', ',', 'kasian', 'pengunaan', 'yang', 'mau', 'main', 'dengan', 'ram', 'kecil', ',', 'kalo', 'terus', 'kayak', 'gini', 'dan', 'ga', 'ada', 'tanggapan', 'atau', 'perubahan', 'dari', 'game', 'ini', ',', 'mending', 'pindah', 'game']","['ini', 'game', 'kenapa', 'dah', 'makin', 'lama', 'makin', 'jelek', 'ngeleg', 'ngeleg', 'ga', 'jelas', 'pas', 'didalam', 'pertandingan', 'malah', 'patah', 'patah', 'terus', 'tibatiba', 'afk', 'nah', 'kalo', 'main', 'di', 'rank', 'patah', 'patah', 'masih', 'mending', 'eh', 'ini', 'main', 'di', 'brawl', 'sama', 'clasic', 'pun', 'patah', 'patah', 'ni', 'aplikasi', 'makin', 'lama', 'makin', 'berat', 'makin', 'patah', 'patah', 'tolong', 'diperbaiki', 'buat', 'game', 'nya', 'sedikit', 'ringan', 'jangan', 'terlalu', 'berat', 'kasian', 'pengunaan', 'yang', 'mau', 'main', 'dengan', 'ram', 'kecil', 'kalo', 'terus', 'kayak', 'gini', 'dan', 'ga', 'ada', 'tanggapan', 'atau', 'perubahan', 'dari', 'game', 'ini', 'mending', 'pindah', 'game']","['kenapa', 'sudah', 'makin', 'lama', 'makin', 'jelek', 'lag', 'lag', 'jelas', 'dalam', 'tanding', 'patah', 'patah', 'tibatiba', 'afk', 'patah', 'patah', 'mending', 'brawl', 'clasic', 'patah', 'patah', 'aplikasi', 'makin', 'lama', 'makin', 'berat', 'makin', 'patah', 'patah', 'tolong', 'baik', 'sedikit', 'ringan', 'jangan', 'terlalu', 'berat', 'kasi', 'pengunaan', 'ram', 'kecil', 'tanggap', 'ubah', 'mending', 'pindah']","['ini', 'game', 'kenapa', 'dah', 'makin', 'lama', 'makin', 'jelek', 'ngeleg', 'ngeleg', 'ga', 'jelas', 'pas', 'dalam', 'tanding', 'malah', 'patah', 'patah', 'terus', 'tibatiba', 'afk', 'nah', 'kalo', 'main', 'di', 'rank', 'patah', 'patah', 'masih', 'mending', 'eh', 'ini', 'main', 'di', 'brawl', 'sama', 'clasic', 'pun', 'patah', 'patah', 'ni', 'aplikasi', 'makin', 'lama', 'makin', 'berat', 'makin', 'patah', 'patah', 'tolong', 'baik', 'buat', 'game', 'nya', 'sedikit', 'ringan', 'jangan', 'terlalu', 'berat', 'kasi', 'pengunaan', 'yang', 'mau', 'main', 'dengan', 'ram', 'kecil', 'kalo', 'terus', 'kayak', 'gin', 'dan', 'ga', 'ada', 'tanggap', 'atau', 'ubah', 'dari', 'game', 'ini', 'mending', 'pindah', 'game']","['ini', 'game', 'kenapa', 'sudah', 'makin', 'lama', 'makin', 'jelek', 'lag', 'lag', 'tidak', 'jelas', 'pas', 'dalam', 'tanding', 'malah', 'patah', 'patah', 'terus', 'tibatiba', 'afk', 'nah', 'kalau', 'main', 'di', 'rank', 'patah', 'patah', 'masih', 'mending', 'eh', 'ini', 'main', 'di', 'brawl', 'sama', 'clasic', 'pun', 'patah', 'patah', 'ini', 'aplikasi', 'makin', 'lama', 'makin', 'berat', 'makin', 'patah', 'patah', 'tolong', 'baik', 'buat', 'game', 'nya', 'sedikit', 'ringan', 'jangan', 'terlalu', 'berat', 'kasi', 'pengunaan', 'yang', 'mau', 'main', 'dengan', 'ram', 'kecil', 'kalau', 'terus', 'seperti', 'game', 'dan', 'tidak', 'ada', 'tanggap', 'atau', 'ubah', 'dari', 'game', 'ini', 'mending', 'pindah', 'game']",,negative
Sobil Geming,woi binatang perbaiki bug sinyal mu itu,1.9.99.10932,woi binatang perbaiki bug sinyal mu itu,"['woi', 'binatang', 'perbaiki', 'bug', 'sinyal', 'mu', 'itu']","['woi', 'binatang', 'perbaiki', 'bug', 'sinyal', 'mu', 'itu']","['buruk', 'binatang', 'baik', 'bug', 'sinyal', 'mu']","['woi', 'binatang', 'baik', 'bug', 'sinyal', 'mu', 'itu']","['buruk', 'binatang', 'baik', 'bug', 'sinyal', 'mu', 'itu']",,negative
Pa gueu Caca,halo mas muntun tolong dong kasih saya tim yang jago saya cape gendong terus setiap main pasti menang kalah menang kalah kalo gak percaya liat akun gua. Sutsujin.kw kalo gak dituruti gua pindah gem makasih,2.1.18.11201,halo mas muntun tolong dong kasih saya tim yang jago saya cape gendong terus setiap main pasti menang kalah menang kalah kalo gak percaya liat akun gua. sutsujin.kw kalo gak dituruti gua pindah gem makasih,"['halo', 'mas', 'muntun', 'tolong', 'dong', 'kasih', 'saya', 'tim', 'yang', 'jago', 'saya', 'cape', 'gendong', 'terus', 'setiap', 'main', 'pasti', 'menang', 'kalah', 'menang', 'kalah', 'kalo', 'gak', 'percaya', 'liat', 'akun', 'gua', '.', 'sutsujin.kw', 'kalo', 'gak', 'dituruti', 'gua', 'pindah', 'gem', 'makasih']","['halo', 'mas', 'muntun', 'tolong', 'dong', 'kasih', 'saya', 'tim', 'yang', 'jago', 'saya', 'cape', 'gendong', 'terus', 'setiap', 'main', 'pasti', 'menang', 'kalah', 'menang', 'kalah', 'kalo', 'gak', 'percaya', 'liat', 'akun', 'gua', 'sutsujinkw', 'kalo', 'gak', 'dituruti', 'gua', 'pindah', 'gem', 'makasih']","['halo', 'mas', 'muntun', 'tolong', 'jago', 'cape', 'gendong', 'pasti', 'menang', 'kalah', 'menang', 'kalah', 'percaya', 'akun', 'sutsujinkw', 'pindah', 'terimakasih']","['halo', 'mas', 'muntun', 'tolong', 'dong', 'kasih', 'saya', 'tim', 'yang', 'jago', 'saya', 'cape', 'gendong', 'terus', 'tiap', 'main', 'pasti', 'menang', 'kalah', 'menang', 'kalah', 'kalo', 'gak', 'percaya', 'liat', 'akun', 'gua', 'sutsujinkw', 'kalo', 'gak', 'turut', 'gua', 'pindah', 'gem', 'makasih']","['halo', 'mas', 'muntun', 'tolong', 'dong', 'kasih', 'aku', 'team', 'yang', 'jago', 'aku', 'cape', 'gendong', 'terus', 'tiap', 'main', 'pasti', 'menang', 'kalah', 'menang', 'kalah', 'kalau', 'tidak', 'percaya', 'liat', 'akun', 'aku', 'sutsujinkw', 'kalau', 'tidak', 'turut', 'aku', 'pindah', 'game', 'terimakasih']",,negative
Taufik Ardiyan,tiba tiba ngeleg kebanyakan emperor,2.1.18.11201,tiba tiba ngeleg kebanyakan emperor,"['tiba', 'tiba', 'ngeleg', 'kebanyakan', 'emperor']","['tiba', 'tiba', 'ngeleg', 'kebanyakan', 'emperor']","['lag', 'banyak', 'emperor']","['tiba', 'tiba', 'ngeleg', 'banyak', 'emperor']","['tiba', 'tiba', 'lag', 'banyak', 'emperor']",,negative
Sahri,mohon perbaiki lagi gamenya eror bnyk drak sistem,1.9.48.10373,mohon perbaiki lagi gamenya eror bnyk drak sistem,"['mohon', 'perbaiki', 'lagi', 'gamenya', 'eror', 'bnyk', 'drak', 'sistem']","['mohon', 'perbaiki', 'lagi', 'gamenya', 'eror', 'bnyk', 'drak', 'sistem']","['mohon', 'baik', 'eror', 'bnyk', 'gelap']","['mohon', 'baik', 'lagi', 'gamenya', 'eror', 'bnyk', 'drak', 'sistem']","['mohon', 'baik', 'lagi', 'game', 'eror', 'bnyk', 'gelap', 'sistem']",,negative
Wayan Sugibawa,"sekalian ban akun gue selamanya monton,dri pada defeet mllu,",2.1.18.11201,"sekalian ban akun gue selamanya monton,dri pada defeet mllu,","['sekalian', 'ban', 'akun', 'gue', 'selamanya', 'monton', ',', 'dri', 'pada', 'defeet', 'mllu', ',']","['sekalian', 'ban', 'akun', 'gue', 'selamanya', 'monton', 'dri', 'pada', 'defeet', 'mllu']","['ban', 'akun', 'lama', 'dri', 'defeet', 'mllu']","['sekali', 'ban', 'akun', 'gue', 'lama', 'monton', 'dri', 'pada', 'defeet', 'mllu']","['sekali', 'ban', 'akun', 'aku', 'lama', 'moonton', 'dri', 'pada', 'defeet', 'mllu']",,negative
DAUD IBRAHIM,"Lag pada server, bug UI. lag pada server>mode speed on, ngelag ga bisa bergerak, kalau mode speed off, ngelag tapi masih bisa bergerak. Bug UI>Bug saat menemukan pertandingan, draft pick, dan memasuki pertandingan.",1.9.99.10932,"lag pada server, bug ui. lag pada server>mode speed on, ngelag ga bisa bergerak, kalau mode speed off, ngelag tapi masih bisa bergerak. bug ui>bug saat menemukan pertandingan, draft pick, dan memasuki pertandingan.","['lag', 'pada', 'server', ',', 'bug', 'ui', '.', 'lag', 'pada', 'server', '>', 'mode', 'speed', 'on', ',', 'ngelag', 'ga', 'bisa', 'bergerak', ',', 'kalau', 'mode', 'speed', 'off', ',', 'ngelag', 'tapi', 'masih', 'bisa', 'bergerak', '.', 'bug', 'ui', '>', 'bug', 'saat', 'menemukan', 'pertandingan', ',', 'draft', 'pick', ',', 'dan', 'memasuki', 'pertandingan', '.']","['lag', 'pada', 'server', 'bug', 'ui', 'lag', 'pada', 'server', 'mode', 'speed', 'on', 'ngelag', 'ga', 'bisa', 'bergerak', 'kalau', 'mode', 'speed', 'off', 'ngelag', 'tapi', 'masih', 'bisa', 'bergerak', 'bug', 'ui', 'bug', 'saat', 'menemukan', 'pertandingan', 'draft', 'pick', 'dan', 'memasuki', 'pertandingan']","['lag', 'server', 'bug', 'ui', 'lag', 'server', 'speed', 'on', 'lag', 'gerak', 'speed', 'off', 'lag', 'gerak', 'bug', 'ui', 'bug', 'tanding', 'draft', 'pasuk', 'tanding']","['lag', 'pada', 'server', 'bug', 'ui', 'lag', 'pada', 'server', 'mode', 'speed', 'on', 'ngelag', 'ga', 'bisa', 'gerak', 'kalau', 'mode', 'speed', 'off', 'ngelag', 'tapi', 'masih', 'bisa', 'gerak', 'bug', 'ui', 'bug', 'saat', 'temu', 'tanding', 'draft', 'pick', 'dan', 'pasuk', 'tanding']","['lag', 'pada', 'server', 'bug', 'ui', 'lag', 'pada', 'server', 'mode', 'speed', 'on', 'lag', 'tidak', 'bisa', 'gerak', 'kalau', 'mode', 'speed', 'off', 'lag', 'tapi', 'masih', 'bisa', 'gerak', 'bug', 'ui', 'bug', 'saat', 'temu', 'tanding', 'draft', 'pick', 'dan', 'pasuk', 'tanding']",,negative
Apip Lotus,gem ap ni anjing monton,2.1.18.11201,gem ap ni anjing monton,"['gem', 'ap', 'ni', 'anjing', 'monton']","['gem', 'ap', 'ni', 'anjing', 'monton']","['ap', 'anjing']","['gem', 'ap', 'ni', 'anjing', 'monton']","['game', 'ap', 'ini', 'anjing', 'moonton']",,negative
Annisa Mutiara Andini,"Maaf ya aku hapus, soalnya males dapet tim beban terus. Temen lama juga udah pada pensi. Makasih banyak udah nemenin dari 2017, mungkin nanti kapan-kapan aku download lagi.",1.7.20.7851,"maaf ya aku hapus, soalnya males dapet tim beban terus. temen lama juga udah pada pensi. makasih banyak udah nemenin dari 2017, mungkin nanti kapan-kapan aku download lagi.","['maaf', 'ya', 'aku', 'hapus', ',', 'soalnya', 'males', 'dapet', 'tim', 'beban', 'terus', '.', 'temen', 'lama', 'juga', 'udah', 'pada', 'pensi', '.', 'makasih', 'banyak', 'udah', 'nemenin', 'dari', '2017', ',', 'mungkin', 'nanti', 'kapan-kapan', 'aku', 'download', 'lagi', '.']","['maaf', 'ya', 'aku', 'hapus', 'soalnya', 'males', 'dapet', 'tim', 'beban', 'terus', 'temen', 'lama', 'juga', 'udah', 'pada', 'pensi', 'makasih', 'banyak', 'udah', 'nemenin', 'dari', 'mungkin', 'nanti', 'kapankapan', 'aku', 'download', 'lagi']","['maaf', 'hapus', 'males', 'beban', 'teman', 'lama', 'pensi', 'terimakasih', 'banyak', 'nemenin', 'mungkin', 'nanti', 'kapankapan']","['maaf', 'ya', 'aku', 'hapus', 'soal', 'males', 'dapet', 'tim', 'beban', 'terus', 'temen', 'lama', 'juga', 'udah', 'pada', 'pensi', 'makasih', 'banyak', 'udah', 'nemenin', 'dari', 'mungkin', 'nanti', 'kapankapan', 'aku', 'download', 'lagi']","['maaf', 'ya', 'aku', 'hapus', 'soal', 'males', 'dapet', 'team', 'beban', 'terus', 'teman', 'lama', 'juga', 'udah', 'pada', 'pensi', 'terimakasih', 'banyak', 'udah', 'nemenin', 'dari', 'mungkin', 'nanti', 'kapankapan', 'aku', 'download', 'lagi']",,negative
Palda Gaming,banyak dark sistem,2.1.18.11201,banyak dark sistem,"['banyak', 'dark', 'sistem']","['banyak', 'dark', 'sistem']","['banyak', 'gelap']","['banyak', 'dark', 'sistem']","['banyak', 'gelap', 'sistem']",,negative
Dandi Subhana,"untuk orng yg baru pertama kali, mending gak usah deh. karena main game itu kan buat kita happy dan tenang, tapi Main gan ini malah bikin stres dan pusing",,"untuk orng yg baru pertama kali, mending gak usah deh. karena main game itu kan buat kita happy dan tenang, tapi main gan ini malah bikin stres dan pusing","['untuk', 'orng', 'yg', 'baru', 'pertama', 'kali', ',', 'mending', 'gak', 'usah', 'deh', '.', 'karena', 'main', 'game', 'itu', 'kan', 'buat', 'kita', 'happy', 'dan', 'tenang', ',', 'tapi', 'main', 'gan', 'ini', 'malah', 'bikin', 'stres', 'dan', 'pusing']","['untuk', 'orng', 'yg', 'baru', 'pertama', 'kali', 'mending', 'gak', 'usah', 'deh', 'karena', 'main', 'game', 'itu', 'kan', 'buat', 'kita', 'happy', 'dan', 'tenang', 'tapi', 'main', 'gan', 'ini', 'malah', 'bikin', 'stres', 'dan', 'pusing']","['orng', 'baru', 'pertama', 'mending', 'usah', 'happy', 'tenang', 'gan', 'stres', 'pusing']","['untuk', 'orng', 'yg', 'baru', 'pertama', 'kali', 'mending', 'gak', 'usah', 'deh', 'karena', 'main', 'game', 'itu', 'kan', 'buat', 'kita', 'happy', 'dan', 'tenang', 'tapi', 'main', 'gan', 'ini', 'malah', 'bikin', 'stres', 'dan', 'pusing']","['untuk', 'orng', 'yang', 'baru', 'pertama', 'kali', 'mending', 'tidak', 'usah', 'deh', 'karena', 'main', 'game', 'itu', 'kan', 'buat', 'kita', 'happy', 'dan', 'tenang', 'tapi', 'main', 'gan', 'ini', 'malah', 'bikin', 'stres', 'dan', 'pusing']",,neutral
Aku Kamu,game apa ini main ketemu tim ga bisa main dark sistem di mana mana game ga jelas,2.1.18.11201,game apa ini main ketemu tim ga bisa main dark sistem di mana mana game ga jelas,"['game', 'apa', 'ini', 'main', 'ketemu', 'tim', 'ga', 'bisa', 'main', 'dark', 'sistem', 'di', 'mana', 'mana', 'game', 'ga', 'jelas']","['game', 'apa', 'ini', 'main', 'ketemu', 'tim', 'ga', 'bisa', 'main', 'dark', 'sistem', 'di', 'mana', 'mana', 'game', 'ga', 'jelas']","['ketemu', 'gelap', 'mana', 'mana', 'jelas']","['game', 'apa', 'ini', 'main', 'ketemu', 'tim', 'ga', 'bisa', 'main', 'dark', 'sistem', 'di', 'mana', 'mana', 'game', 'ga', 'jelas']","['game', 'apa', 'ini', 'main', 'ketemu', 'team', 'tidak', 'bisa', 'main', 'gelap', 'sistem', 'di', 'mana', 'mana', 'game', 'tidak', 'jelas']",,negative
Rifki Mubarak,jaringan nya tolol .. main bikin kalah Mulu ... !!!,1.9.70.10634,jaringan nya tolol .. main bikin kalah mulu ... !!!,"['jaringan', 'nya', 'tolol', '..', 'main', 'bikin', 'kalah', 'mulu', '...', '!', '!', '!']","['jaringan', 'nya', 'tolol', 'main', 'bikin', 'kalah', 'mulu']","['tolol', 'kalah']","['jaring', 'nya', 'tolol', 'main', 'bikin', 'kalah', 'mulu']","['jaring', 'nya', 'tolol', 'main', 'bikin', 'kalah', 'mulu']",,negative
Rico firmansyah,game rusak lol,2.1.18.11201,game rusak lol,"['game', 'rusak', 'lol']","['game', 'rusak', 'lol']","['rusak', 'lol']","['game', 'rusak', 'lol']","['game', 'rusak', 'lol']",,negative
Lalu Dogon,game stres isinya drak sistem swmua,,game stres isinya drak sistem swmua,"['game', 'stres', 'isinya', 'drak', 'sistem', 'swmua']","['game', 'stres', 'isinya', 'drak', 'sistem', 'swmua']","['stres', 'isi', 'gelap', 'swmua']","['game', 'stres', 'isi', 'drak', 'sistem', 'swmua']","['game', 'stres', 'isi', 'gelap', 'sistem', 'swmua']",,negative
Zxkarnaen,"MAKIN UPDATE MAKIN NGELAG G JELAS, DARI LOOGIN SAMPE MAEN GA BISA GERAK. JARINGAN LANCAR TETEP AJA GA NGARUH SAMA GAME MOONTON INI. SEKIAN TERIMA GAJI",2.1.18.11201,"makin update makin ngelag g jelas, dari loogin sampe maen ga bisa gerak. jaringan lancar tetep aja ga ngaruh sama game moonton ini. sekian terima gaji","['makin', 'update', 'makin', 'ngelag', 'g', 'jelas', ',', 'dari', 'loogin', 'sampe', 'maen', 'ga', 'bisa', 'gerak', '.', 'jaringan', 'lancar', 'tetep', 'aja', 'ga', 'ngaruh', 'sama', 'game', 'moonton', 'ini', '.', 'sekian', 'terima', 'gaji']","['makin', 'update', 'makin', 'ngelag', 'g', 'jelas', 'dari', 'loogin', 'sampe', 'maen', 'ga', 'bisa', 'gerak', 'jaringan', 'lancar', 'tetep', 'aja', 'ga', 'ngaruh', 'sama', 'game', 'moonton', 'ini', 'sekian', 'terima', 'gaji']","['makin', 'update', 'makin', 'lag', 'jelas', 'loogin', 'sampai', 'gerak', 'lancar', 'tetap', 'ngaruh', 'sekian', 'terimakasih', 'gaji']","['makin', 'update', 'makin', 'ngelag', 'g', 'jelas', 'dari', 'loogin', 'sampe', 'maen', 'ga', 'bisa', 'gerak', 'jaring', 'lancar', 'tetep', 'aja', 'ga', 'ngaruh', 'sama', 'game', 'moonton', 'ini', 'sekian', 'terima', 'gaji']","['makin', 'update', 'makin', 'lag', 'tidak', 'jelas', 'dari', 'loogin', 'sampai', 'main', 'tidak', 'bisa', 'gerak', 'jaring', 'lancar', 'tetap', 'aja', 'tidak', 'ngaruh', 'sama', 'game', 'moonton', 'ini', 'sekian', 'terimakasih', 'gaji']",,negative
Berryan Akbar,tidak adil dalam pemilihan tim dikasih tim yang bot semua sedangkan musuh jago jago,,tidak adil dalam pemilihan tim dikasih tim yang bot semua sedangkan musuh jago jago,"['tidak', 'adil', 'dalam', 'pemilihan', 'tim', 'dikasih', 'tim', 'yang', 'bot', 'semua', 'sedangkan', 'musuh', 'jago', 'jago']","['tidak', 'adil', 'dalam', 'pemilihan', 'tim', 'dikasih', 'tim', 'yang', 'bot', 'semua', 'sedangkan', 'musuh', 'jago', 'jago']","['adil', 'dalam', 'pilih', 'bot', 'semua', 'sedang', 'musuh', 'jago', 'jago']","['tidak', 'adil', 'dalam', 'pilih', 'tim', 'kasih', 'tim', 'yang', 'bot', 'semua', 'sedang', 'musuh', 'jago', 'jago']","['tidak', 'adil', 'dalam', 'pilih', 'team', 'kasih', 'team', 'yang', 'bot', 'semua', 'sedang', 'musuh', 'jago', 'jago']",,negative
Dendi Fadli,"Sistem Tidak adill dalam pembagian tim, Banyak dark system, musuh gg, tim Bot",,"sistem tidak adill dalam pembagian tim, banyak dark system, musuh gg, tim bot","['sistem', 'tidak', 'adill', 'dalam', 'pembagian', 'tim', ',', 'banyak', 'dark', 'system', ',', 'musuh', 'gg', ',', 'tim', 'bot']","['sistem', 'tidak', 'adill', 'dalam', 'pembagian', 'tim', 'banyak', 'dark', 'system', 'musuh', 'gg', 'tim', 'bot']","['adill', 'dalam', 'bagi', 'banyak', 'gelap', 'musuh', 'gg', 'bot']","['sistem', 'tidak', 'adill', 'dalam', 'bagi', 'tim', 'banyak', 'dark', 'system', 'musuh', 'gg', 'tim', 'bot']","['sistem', 'tidak', 'adill', 'dalam', 'bagi', 'team', 'banyak', 'gelap', 'sistem', 'musuh', 'gg', 'team', 'bot']",,negative
Buyung Black,"setiap saya maen sinyal sering hilang., setiap hero saya mati sinyal pull...tolong di perbaiki.. klo sudah di perbaiki BINTANG NYA SAYA NAIKIN JADI BINTANG LIMA",2.1.18.11201,"setiap saya maen sinyal sering hilang., setiap hero saya mati sinyal pull...tolong di perbaiki.. klo sudah di perbaiki bintang nya saya naikin jadi bintang lima","['setiap', 'saya', 'maen', 'sinyal', 'sering', 'hilang.', ',', 'setiap', 'hero', 'saya', 'mati', 'sinyal', 'pull', '...', 'tolong', 'di', 'perbaiki', '..', 'klo', 'sudah', 'di', 'perbaiki', 'bintang', 'nya', 'saya', 'naikin', 'jadi', 'bintang', 'lima']","['setiap', 'saya', 'maen', 'sinyal', 'sering', 'hilang', 'setiap', 'hero', 'saya', 'mati', 'sinyal', 'pull', 'tolong', 'di', 'perbaiki', 'klo', 'sudah', 'di', 'perbaiki', 'bintang', 'nya', 'saya', 'naikin', 'jadi', 'bintang', 'lima']","['sinyal', 'hilang', 'mati', 'sinyal', 'pull', 'tolong', 'baik', 'sudah', 'baik', 'bintang', 'naikin', 'bintang', 'lima']","['tiap', 'saya', 'maen', 'sinyal', 'sering', 'hilang', 'tiap', 'hero', 'saya', 'mati', 'sinyal', 'pull', 'tolong', 'di', 'baik', 'klo', 'sudah', 'di', 'baik', 'bintang', 'nya', 'saya', 'naikin', 'jadi', 'bintang', 'lima']","['tiap', 'aku', 'main', 'sinyal', 'sering', 'hilang', 'tiap', 'hero', 'aku', 'mati', 'sinyal', 'pull', 'tolong', 'di', 'baik', 'kalau', 'sudah', 'di', 'baik', 'bintang', 'nya', 'aku', 'naikin', 'jadi', 'bintang', 'lima']",,negative
Zen Ramazen,"percuma update moonton cape gw maen nya sumpah ya tim nya bot musuh nya pada sakit terus banya buuf nya, bukanya update makin bagus ini mah malah makin parah dasar game gaje lol",2.1.18.11201,"percuma update moonton cape gw maen nya sumpah ya tim nya bot musuh nya pada sakit terus banya buuf nya, bukanya update makin bagus ini mah malah makin parah dasar game gaje lol","['percuma', 'update', 'moonton', 'cape', 'gw', 'maen', 'nya', 'sumpah', 'ya', 'tim', 'nya', 'bot', 'musuh', 'nya', 'pada', 'sakit', 'terus', 'banya', 'buuf', 'nya', ',', 'bukanya', 'update', 'makin', 'bagus', 'ini', 'mah', 'malah', 'makin', 'parah', 'dasar', 'game', 'gaje', 'lol']","['percuma', 'update', 'moonton', 'cape', 'gw', 'maen', 'nya', 'sumpah', 'ya', 'tim', 'nya', 'bot', 'musuh', 'nya', 'pada', 'sakit', 'terus', 'banya', 'buuf', 'nya', 'bukanya', 'update', 'makin', 'bagus', 'ini', 'mah', 'malah', 'makin', 'parah', 'dasar', 'game', 'gaje', 'lol']","['percuma', 'update', 'cape', 'sumpah', 'bot', 'musuh', 'sakit', 'banya', 'buuf', 'buka', 'update', 'makin', 'bagus', 'mah', 'makin', 'parah', 'dasar', 'gaje', 'lol']","['percuma', 'update', 'moonton', 'cape', 'gw', 'maen', 'nya', 'sumpah', 'ya', 'tim', 'nya', 'bot', 'musuh', 'nya', 'pada', 'sakit', 'terus', 'banya', 'buuf', 'nya', 'buka', 'update', 'makin', 'bagus', 'ini', 'mah', 'malah', 'makin', 'parah', 'dasar', 'game', 'gaje', 'lol']","['percuma', 'update', 'moonton', 'cape', 'aku', 'main', 'nya', 'sumpah', 'ya', 'team', 'nya', 'bot', 'musuh', 'nya', 'pada', 'sakit', 'terus', 'banya', 'buuf', 'nya', 'buka', 'update', 'makin', 'bagus', 'ini', 'mah', 'malah', 'makin', 'parah', 'dasar', 'game', 'gaje', 'lol']",,negative
Ayang Deni,"grafik nya sangat bagus,,,tetapi jangan di mainin di hp kaya. Samsung, Oppo.",2.1.18.11201,"grafik nya sangat bagus,,,tetapi jangan di mainin di hp kaya. samsung, oppo.","['grafik', 'nya', 'sangat', 'bagus', ',', ',', ',', 'tetapi', 'jangan', 'di', 'mainin', 'di', 'hp', 'kaya', '.', 'samsung', ',', 'oppo', '.']","['grafik', 'nya', 'sangat', 'bagus', 'tetapi', 'jangan', 'di', 'mainin', 'di', 'hp', 'kaya', 'samsung', 'oppo']","['grafik', 'bagus', 'tetapi', 'jangan', 'mainin', 'samsung', 'oppo']","['grafik', 'nya', 'sangat', 'bagus', 'tetapi', 'jangan', 'di', 'mainin', 'di', 'hp', 'kaya', 'samsung', 'oppo']","['grafik', 'nya', 'sangat', 'bagus', 'tetapi', 'jangan', 'di', 'mainin', 'di', 'hp', 'seperti', 'samsung', 'oppo']",,positive
Juh Cayy,game sial monton ajg kasi temen draksistem,2.1.18.11201,game sial monton ajg kasi temen draksistem,"['game', 'sial', 'monton', 'ajg', 'kasi', 'temen', 'draksistem']","['game', 'sial', 'monton', 'ajg', 'kasi', 'temen', 'draksistem']","['sial', 'ajg', 'kasi', 'teman', 'draksistem']","['game', 'sial', 'monton', 'ajg', 'kasi', 'temen', 'draksistem']","['game', 'sial', 'moonton', 'ajg', 'kasi', 'teman', 'draksistem']",,negative
Ajy Slebew,ml lagi ga beres main ml lek terus sinyal nya pin nya bagus tapi ga bisa gerak game jelek burik,,ml lagi ga beres main ml lek terus sinyal nya pin nya bagus tapi ga bisa gerak game jelek burik,"['ml', 'lagi', 'ga', 'beres', 'main', 'ml', 'lek', 'terus', 'sinyal', 'nya', 'pin', 'nya', 'bagus', 'tapi', 'ga', 'bisa', 'gerak', 'game', 'jelek', 'burik']","['ml', 'lagi', 'ga', 'beres', 'main', 'ml', 'lek', 'terus', 'sinyal', 'nya', 'pin', 'nya', 'bagus', 'tapi', 'ga', 'bisa', 'gerak', 'game', 'jelek', 'burik']","['beres', 'lek', 'sinyal', 'pin', 'bagus', 'gerak', 'jelek', 'buruk']","['ml', 'lagi', 'ga', 'beres', 'main', 'ml', 'lek', 'terus', 'sinyal', 'nya', 'pin', 'nya', 'bagus', 'tapi', 'ga', 'bisa', 'gerak', 'game', 'jelek', 'burik']","['ml', 'lagi', 'tidak', 'beres', 'main', 'ml', 'lek', 'terus', 'sinyal', 'nya', 'pin', 'nya', 'bagus', 'tapi', 'tidak', 'bisa', 'gerak', 'game', 'jelek', 'buruk']",,negative
Muhammad Anwar,"moonton lu tau kan nih game banyak dark sistemnya minimal banget kasih lah fitur kalau mvp gak turun bintang atau kalau mau lebih baik, kalah tapi mvp dapet bintang soalnya lu bayangin aja udah gendong gendong tapi ujung ujungnya kalah karena timnya yang aneh tapi orang yang gendong dapet kerugian yang sama dengan orang yang bahkan gak ngerti main",2.1.18.11201,"moonton lu tau kan nih game banyak dark sistemnya minimal banget kasih lah fitur kalau mvp gak turun bintang atau kalau mau lebih baik, kalah tapi mvp dapet bintang soalnya lu bayangin aja udah gendong gendong tapi ujung ujungnya kalah karena timnya yang aneh tapi orang yang gendong dapet kerugian yang sama dengan orang yang bahkan gak ngerti main","['moonton', 'lu', 'tau', 'kan', 'nih', 'game', 'banyak', 'dark', 'sistemnya', 'minimal', 'banget', 'kasih', 'lah', 'fitur', 'kalau', 'mvp', 'gak', 'turun', 'bintang', 'atau', 'kalau', 'mau', 'lebih', 'baik', ',', 'kalah', 'tapi', 'mvp', 'dapet', 'bintang', 'soalnya', 'lu', 'bayangin', 'aja', 'udah', 'gendong', 'gendong', 'tapi', 'ujung', 'ujungnya', 'kalah', 'karena', 'timnya', 'yang', 'aneh', 'tapi', 'orang', 'yang', 'gendong', 'dapet', 'kerugian', 'yang', 'sama', 'dengan', 'orang', 'yang', 'bahkan', 'gak', 'ngerti', 'main']","['moonton', 'lu', 'tau', 'kan', 'nih', 'game', 'banyak', 'dark', 'sistemnya', 'minimal', 'banget', 'kasih', 'lah', 'fitur', 'kalau', 'mvp', 'gak', 'turun', 'bintang', 'atau', 'kalau', 'mau', 'lebih', 'baik', 'kalah', 'tapi', 'mvp', 'dapet', 'bintang', 'soalnya', 'lu', 'bayangin', 'aja', 'udah', 'gendong', 'gendong', 'tapi', 'ujung', 'ujungnya', 'kalah', 'karena', 'timnya', 'yang', 'aneh', 'tapi', 'orang', 'yang', 'gendong', 'dapet', 'kerugian', 'yang', 'sama', 'dengan', 'orang', 'yang', 'bahkan', 'gak', 'ngerti', 'main']","['banyak', 'gelap', 'minimal', 'banget', 'mvp', 'turun', 'bintang', 'lebih', 'baik', 'kalah', 'mvp', 'bintang', 'bayangin', 'gendong', 'gendong', 'ujung', 'ujung', 'kalah', 'aneh', 'gendong', 'rugi', 'bahkan', 'ngerti']","['moonton', 'lu', 'tau', 'kan', 'nih', 'game', 'banyak', 'dark', 'sistem', 'minimal', 'banget', 'kasih', 'lah', 'fitur', 'kalau', 'mvp', 'gak', 'turun', 'bintang', 'atau', 'kalau', 'mau', 'lebih', 'baik', 'kalah', 'tapi', 'mvp', 'dapet', 'bintang', 'soal', 'lu', 'bayangin', 'aja', 'udah', 'gendong', 'gendong', 'tapi', 'ujung', 'ujung', 'kalah', 'karena', 'tim', 'yang', 'aneh', 'tapi', 'orang', 'yang', 'gendong', 'dapet', 'rugi', 'yang', 'sama', 'dengan', 'orang', 'yang', 'bahkan', 'gak', 'ngerti', 'main']","['moonton', 'kamu', 'tau', 'kan', 'nih', 'game', 'banyak', 'gelap', 'sistem', 'minimal', 'banget', 'kasih', 'lah', 'fitur', 'kalau', 'mvp', 'tidak', 'turun', 'bintang', 'atau', 'kalau', 'mau', 'lebih', 'baik', 'kalah', 'tapi', 'mvp', 'dapet', 'bintang', 'soal', 'kamu', 'bayangin', 'aja', 'udah', 'gendong', 'gendong', 'tapi', 'ujung', 'ujung', 'kalah', 'karena', 'team', 'yang', 'aneh', 'tapi', 'orang', 'yang', 'gendong', 'dapet', 'rugi', 'yang', 'sama', 'dengan', 'orang', 'yang', 'bahkan', 'tidak', 'ngerti', 'main']",,negative
Agusalit,nek ngekeii tim genah to tel gatel,2.1.18.11201,nek ngekeii tim genah to tel gatel,"['nek', 'ngekeii', 'tim', 'genah', 'to', 'tel', 'gatel']","['nek', 'ngekeii', 'tim', 'genah', 'to', 'tel', 'gatel']","['nek', 'ngekeii', 'genah', 'tel', 'gatel']","['nek', 'ngekeii', 'tim', 'genah', 'to', 'tel', 'gatel']","['nek', 'ngekeii', 'team', 'genah', 'to', 'tel', 'gatel']",,negative
Ragil adiprastio,"Monton tolong lah koneksi nya diperbaiki.Gua kalah gara² koneksi nya gak stabil, liat ini monton dibaca",1.9.99.10932,"monton tolong lah koneksi nya diperbaiki.gua kalah gara² koneksi nya gak stabil, liat ini monton dibaca","['monton', 'tolong', 'lah', 'koneksi', 'nya', 'diperbaiki.gua', 'kalah', 'gara²', 'koneksi', 'nya', 'gak', 'stabil', ',', 'liat', 'ini', 'monton', 'dibaca']","['monton', 'tolong', 'lah', 'koneksi', 'nya', 'diperbaikigua', 'kalah', 'gara', 'koneksi', 'nya', 'gak', 'stabil', 'liat', 'ini', 'monton', 'dibaca']","['tolong', 'koneksi', 'diperbaikigua', 'kalah', 'gara', 'koneksi', 'stabil']","['monton', 'tolong', 'lah', 'koneksi', 'nya', 'diperbaikigua', 'kalah', 'gara', 'koneksi', 'nya', 'gak', 'stabil', 'liat', 'ini', 'monton', 'baca']","['moonton', 'tolong', 'lah', 'koneksi', 'nya', 'diperbaikigua', 'kalah', 'gara', 'koneksi', 'nya', 'tidak', 'stabil', 'liat', 'ini', 'moonton', 'baca']",,negative
Muh Pasha,"game elek masa sinyal ijo ngelek,niat bikin game gak sih harus nya bintang 0 sih game lawak sinyal nya di perhatikan ya su",2.1.18.11201,"game elek masa sinyal ijo ngelek,niat bikin game gak sih harus nya bintang 0 sih game lawak sinyal nya di perhatikan ya su","['game', 'elek', 'masa', 'sinyal', 'ijo', 'ngelek', ',', 'niat', 'bikin', 'game', 'gak', 'sih', 'harus', 'nya', 'bintang', '0', 'sih', 'game', 'lawak', 'sinyal', 'nya', 'di', 'perhatikan', 'ya', 'su']","['game', 'elek', 'masa', 'sinyal', 'ijo', 'ngelek', 'niat', 'bikin', 'game', 'gak', 'sih', 'harus', 'nya', 'bintang', 'sih', 'game', 'lawak', 'sinyal', 'nya', 'di', 'perhatikan', 'ya', 'su']","['elek', 'masa', 'sinyal', 'ijo', 'lag', 'niat', 'bintang', 'lawak', 'sinyal', 'perhati', 'su']","['game', 'elek', 'masa', 'sinyal', 'ijo', 'ngelek', 'niat', 'bikin', 'game', 'gak', 'sih', 'harus', 'nya', 'bintang', 'sih', 'game', 'lawak', 'sinyal', 'nya', 'di', 'perhati', 'ya', 'su']","['game', 'elek', 'masa', 'sinyal', 'ijo', 'lag', 'niat', 'bikin', 'game', 'tidak', 'sih', 'harus', 'nya', 'bintang', 'sih', 'game', 'lawak', 'sinyal', 'nya', 'di', 'perhati', 'ya', 'su']",,negative
Rizky Srengat,game hama pas draft pick bug mulu hama dpt tim gk jelas game hama,2.1.18.11201,game hama pas draft pick bug mulu hama dpt tim gk jelas game hama,"['game', 'hama', 'pas', 'draft', 'pick', 'bug', 'mulu', 'hama', 'dpt', 'tim', 'gk', 'jelas', 'game', 'hama']","['game', 'hama', 'pas', 'draft', 'pick', 'bug', 'mulu', 'hama', 'dpt', 'tim', 'gk', 'jelas', 'game', 'hama']","['hama', 'draft', 'bug', 'hama', 'jelas', 'hama']","['game', 'hama', 'pas', 'draft', 'pick', 'bug', 'mulu', 'hama', 'dpt', 'tim', 'gk', 'jelas', 'game', 'hama']","['game', 'hama', 'pas', 'draft', 'pick', 'bug', 'mulu', 'hama', 'dapat', 'team', 'tidak', 'jelas', 'game', 'hama']",,negative
taufik d juliant,lag dan ping jumping padahal sinyal bagus,2.1.18.11201,lag dan ping jumping padahal sinyal bagus,"['lag', 'dan', 'ping', 'jumping', 'padahal', 'sinyal', 'bagus']","['lag', 'dan', 'ping', 'jumping', 'padahal', 'sinyal', 'bagus']","['lag', 'ping', 'jumping', 'sinyal', 'bagus']","['lag', 'dan', 'ping', 'jumping', 'padahal', 'sinyal', 'bagus']","['lag', 'dan', 'ping', 'jumping', 'padahal', 'sinyal', 'bagus']",,positive
Zikri Abdilah,monton tolong masa saya main di bikin ngeleg trsss dari tadi,2.1.18.11201,monton tolong masa saya main di bikin ngeleg trsss dari tadi,"['monton', 'tolong', 'masa', 'saya', 'main', 'di', 'bikin', 'ngeleg', 'trsss', 'dari', 'tadi']","['monton', 'tolong', 'masa', 'saya', 'main', 'di', 'bikin', 'ngeleg', 'trs', 'dari', 'tadi']","['tolong', 'masa', 'lag', 'trs', 'tadi']","['monton', 'tolong', 'masa', 'saya', 'main', 'di', 'bikin', 'ngeleg', 'trs', 'dari', 'tadi']","['moonton', 'tolong', 'masa', 'aku', 'main', 'di', 'bikin', 'lag', 'trs', 'dari', 'tadi']",,negative
Alya Selviana,bug sinyal dapet team gk bner trus,1.9.93.10904,bug sinyal dapet team gk bner trus,"['bug', 'sinyal', 'dapet', 'team', 'gk', 'bner', 'trus']","['bug', 'sinyal', 'dapet', 'team', 'gk', 'bner', 'trus']","['bug', 'sinyal', 'bner']","['bug', 'sinyal', 'dapet', 'team', 'gk', 'bner', 'trus']","['bug', 'sinyal', 'dapet', 'team', 'tidak', 'bner', 'terus']",,negative
Enggla Enggle,tolong ya sinyalnya tuh di benerin masak iya di loby sinyal hijau trs giliran di dalam game sinyal merah kuning terus .saya ngasih bintang lima(5) tuh bukan karna rekomendasi.tapi biar komenan ini tuh di lihat dan di tindak lanjuti dan 1 lagi saya meryport tim sangat jelas-jelas mangganggu tim kog g kena pelanggaran.ini game gak adi banget .saya maen sinyal ngeleg terus bukanya di kasih pemberitahuan sinyal tidak setabil kog malh di kasih (AFK) gimana ini maksudnya .minimal ya yang adil dong.,2.1.18.11201,tolong ya sinyalnya tuh di benerin masak iya di loby sinyal hijau trs giliran di dalam game sinyal merah kuning terus .saya ngasih bintang lima(5) tuh bukan karna rekomendasi.tapi biar komenan ini tuh di lihat dan di tindak lanjuti dan 1 lagi saya meryport tim sangat jelas-jelas mangganggu tim kog g kena pelanggaran.ini game gak adi banget .saya maen sinyal ngeleg terus bukanya di kasih pemberitahuan sinyal tidak setabil kog malh di kasih (afk) gimana ini maksudnya .minimal ya yang adil dong.,"['tolong', 'ya', 'sinyalnya', 'tuh', 'di', 'benerin', 'masak', 'iya', 'di', 'loby', 'sinyal', 'hijau', 'trs', 'giliran', 'di', 'dalam', 'game', 'sinyal', 'merah', 'kuning', 'terus', '.saya', 'ngasih', 'bintang', 'lima', '(', '5', ')', 'tuh', 'bukan', 'karna', 'rekomendasi.tapi', 'biar', 'komenan', 'ini', 'tuh', 'di', 'lihat', 'dan', 'di', 'tindak', 'lanjuti', 'dan', '1', 'lagi', 'saya', 'meryport', 'tim', 'sangat', 'jelas-jelas', 'mangganggu', 'tim', 'kog', 'g', 'kena', 'pelanggaran.ini', 'game', 'gak', 'adi', 'banget', '.saya', 'maen', 'sinyal', 'ngeleg', 'terus', 'bukanya', 'di', 'kasih', 'pemberitahuan', 'sinyal', 'tidak', 'setabil', 'kog', 'malh', 'di', 'kasih', '(', 'afk', ')', 'gimana', 'ini', 'maksudnya', '.minimal', 'ya', 'yang', 'adil', 'dong', '.']","['tolong', 'ya', 'sinyalnya', 'tuh', 'di', 'benerin', 'masak', 'iya', 'di', 'loby', 'sinyal', 'hijau', 'trs', 'giliran', 'di', 'dalam', 'game', 'sinyal', 'merah', 'kuning', 'terus', 'saya', 'ngasih', 'bintang', 'lima', 'tuh', 'bukan', 'karna', 'rekomendasitapi', 'biar', 'komenan', 'ini', 'tuh', 'di', 'lihat', 'dan', 'di', 'tindak', 'lanjuti', 'dan', 'lagi', 'saya', 'meryport', 'tim', 'sangat', 'jelasjelas', 'mangganggu', 'tim', 'kog', 'g', 'kena', 'pelanggaranini', 'game', 'gak', 'adi', 'banget', 'saya', 'maen', 'sinyal', 'ngeleg', 'terus', 'bukanya', 'di', 'kasih', 'pemberitahuan', 'sinyal', 'tidak', 'setabil', 'kog', 'malh', 'di', 'kasih', 'afk', 'gimana', 'ini', 'maksudnya', 'minimal', 'ya', 'yang', 'adil', 'dong']","['tolong', 'sinyal', 'rusak', 'iya', 'loby', 'sinyal', 'hijau', 'trs', 'dalam', 'sinyal', 'merah', 'kuning', 'beri', 'bintang', 'lima', 'bukan', 'rekomendasitapi', 'biar', 'komenan', 'lihat', 'tindak', 'lanjut', 'meryport', 'jelasjelas', 'mangganggu', 'kog', 'kena', 'pelanggaranini', 'adi', 'banget', 'sinyal', 'lag', 'buka', 'pemberitahuan', 'sinyal', 'setabil', 'kog', 'malh', 'afk', 'gimana', 'maksud', 'minimal', 'adil']","['tolong', 'ya', 'sinyal', 'tuh', 'di', 'benerin', 'masak', 'iya', 'di', 'loby', 'sinyal', 'hijau', 'trs', 'gilir', 'di', 'dalam', 'game', 'sinyal', 'merah', 'kuning', 'terus', 'saya', 'ngasih', 'bintang', 'lima', 'tuh', 'bukan', 'karna', 'rekomendasitapi', 'biar', 'komenan', 'ini', 'tuh', 'di', 'lihat', 'dan', 'di', 'tindak', 'lanjut', 'dan', 'lagi', 'saya', 'meryport', 'tim', 'sangat', 'jelasjelas', 'mangganggu', 'tim', 'kog', 'g', 'kena', 'pelanggaranini', 'game', 'gak', 'adi', 'banget', 'saya', 'maen', 'sinyal', 'ngeleg', 'terus', 'buka', 'di', 'kasih', 'pemberitahuan', 'sinyal', 'tidak', 'setabil', 'kog', 'malh', 'di', 'kasih', 'afk', 'gimana', 'ini', 'maksud', 'minimal', 'ya', 'yang', 'adil', 'dong']","['tolong', 'ya', 'sinyal', 'tuh', 'di', 'rusak', 'masak', 'iya', 'di', 'loby', 'sinyal', 'hijau', 'trs', 'gilir', 'di', 'dalam', 'game', 'sinyal', 'merah', 'kuning', 'terus', 'aku', 'beri', 'bintang', 'lima', 'tuh', 'bukan', 'karena', 'rekomendasitapi', 'biar', 'komenan', 'ini', 'tuh', 'di', 'lihat', 'dan', 'di', 'tindak', 'lanjut', 'dan', 'lagi', 'aku', 'meryport', 'team', 'sangat', 'jelasjelas', 'mangganggu', 'team', 'kog', 'tidak', 'kena', 'pelanggaranini', 'game', 'tidak', 'adi', 'banget', 'aku', 'main', 'sinyal', 'lag', 'terus', 'buka', 'di', 'kasih', 'pemberitahuan', 'sinyal', 'tidak', 'setabil', 'kog', 'malh', 'di', 'kasih', 'afk', 'gimana', 'ini', 'maksud', 'minimal', 'ya', 'yang', 'adil', 'dong']",,negative
Mohammad Alif,he yang bikin game... aku kena afk gara2 sinyalnya d berhentiin.. padahal paketan gua unlimited edition.. tolong d perbaiki.. game bagus kog,2.1.18.11201,he yang bikin game... aku kena afk gara2 sinyalnya d berhentiin.. padahal paketan gua unlimited edition.. tolong d perbaiki.. game bagus kog,"['he', 'yang', 'bikin', 'game', '...', 'aku', 'kena', 'afk', 'gara2', 'sinyalnya', 'd', 'berhentiin', '..', 'padahal', 'paketan', 'gua', 'unlimited', 'edition', '..', 'tolong', 'd', 'perbaiki', '..', 'game', 'bagus', 'kog']","['he', 'yang', 'bikin', 'game', 'aku', 'kena', 'afk', 'gara', 'sinyalnya', 'd', 'berhentiin', 'padahal', 'paketan', 'gua', 'unlimited', 'edition', 'tolong', 'd', 'perbaiki', 'game', 'bagus', 'kog']","['he', 'kena', 'afk', 'gara', 'sinyal', 'd', 'berhentiin', 'paket', 'unlimited', 'edition', 'tolong', 'd', 'baik', 'bagus', 'kog']","['he', 'yang', 'bikin', 'game', 'aku', 'kena', 'afk', 'gara', 'sinyal', 'd', 'berhentiin', 'padahal', 'paket', 'gua', 'unlimited', 'edition', 'tolong', 'd', 'baik', 'game', 'bagus', 'kog']","['he', 'yang', 'bikin', 'game', 'aku', 'kena', 'afk', 'gara', 'sinyal', 'd', 'berhentiin', 'padahal', 'paket', 'aku', 'unlimited', 'edition', 'tolong', 'd', 'baik', 'game', 'bagus', 'kog']",,negative
Saiful Nur ikhsan,game sinyal jelek Mulu,1.8.33.9054,game sinyal jelek mulu,"['game', 'sinyal', 'jelek', 'mulu']","['game', 'sinyal', 'jelek', 'mulu']","['sinyal', 'jelek']","['game', 'sinyal', 'jelek', 'mulu']","['game', 'sinyal', 'jelek', 'mulu']",,negative
Abdurahim Mpw,"monton kalau ngasi tim yang benar lah dr kemarin awal sesoen sampai sekarang dapet tim gak jls mulu dah padahal gak Mabar loh , dikasih nya tim sama epic padahal aku legend loh klau org komen tuh ditanggapi ton.dasar game gk jls",2.1.18.11201,"monton kalau ngasi tim yang benar lah dr kemarin awal sesoen sampai sekarang dapet tim gak jls mulu dah padahal gak mabar loh , dikasih nya tim sama epic padahal aku legend loh klau org komen tuh ditanggapi ton.dasar game gk jls","['monton', 'kalau', 'ngasi', 'tim', 'yang', 'benar', 'lah', 'dr', 'kemarin', 'awal', 'sesoen', 'sampai', 'sekarang', 'dapet', 'tim', 'gak', 'jls', 'mulu', 'dah', 'padahal', 'gak', 'mabar', 'loh', ',', 'dikasih', 'nya', 'tim', 'sama', 'epic', 'padahal', 'aku', 'legend', 'loh', 'klau', 'org', 'komen', 'tuh', 'ditanggapi', 'ton.dasar', 'game', 'gk', 'jls']","['monton', 'kalau', 'ngasi', 'tim', 'yang', 'benar', 'lah', 'dr', 'kemarin', 'awal', 'sesoen', 'sampai', 'sekarang', 'dapet', 'tim', 'gak', 'jls', 'mulu', 'dah', 'padahal', 'gak', 'mabar', 'loh', 'dikasih', 'nya', 'tim', 'sama', 'epic', 'padahal', 'aku', 'legend', 'loh', 'klau', 'org', 'komen', 'tuh', 'ditanggapi', 'tondasar', 'game', 'gk', 'jls']","['ngasi', 'benar', 'dr', 'kemarin', 'sesoen', 'sampai', 'sekarang', 'jls', 'sudah', 'mabar', 'epic', 'klau', 'org', 'komen', 'tanggap', 'tondasar', 'jls']","['monton', 'kalau', 'ngasi', 'tim', 'yang', 'benar', 'lah', 'dr', 'kemarin', 'awal', 'sesoen', 'sampai', 'sekarang', 'dapet', 'tim', 'gak', 'jls', 'mulu', 'dah', 'padahal', 'gak', 'mabar', 'loh', 'kasih', 'nya', 'tim', 'sama', 'epic', 'padahal', 'aku', 'legend', 'loh', 'klau', 'org', 'komen', 'tuh', 'tanggap', 'tondasar', 'game', 'gk', 'jls']","['moonton', 'kalau', 'ngasi', 'team', 'yang', 'benar', 'lah', 'dr', 'kemarin', 'awal', 'sesoen', 'sampai', 'sekarang', 'dapet', 'team', 'tidak', 'jls', 'mulu', 'sudah', 'padahal', 'tidak', 'mabar', 'loh', 'kasih', 'nya', 'team', 'sama', 'epic', 'padahal', 'aku', 'legend', 'loh', 'klau', 'org', 'komen', 'tuh', 'tanggap', 'tondasar', 'game', 'tidak', 'jls']",,negative
Rama Nevta Hendra,"HP saya iqoo neo 10 chipset snapdragon 8s gen 4. masa iya HP panas dikit map di gamenya langsung redup, terus cerah lagi, terus redup lagi. sudah beberapa kali lapor tetapi tidak ada solusi",2.1.18.11201,"hp saya iqoo neo 10 chipset snapdragon 8s gen 4. masa iya hp panas dikit map di gamenya langsung redup, terus cerah lagi, terus redup lagi. sudah beberapa kali lapor tetapi tidak ada solusi","['hp', 'saya', 'iqoo', 'neo', '10', 'chipset', 'snapdragon', '8s', 'gen', '4.', 'masa', 'iya', 'hp', 'panas', 'dikit', 'map', 'di', 'gamenya', 'langsung', 'redup', ',', 'terus', 'cerah', 'lagi', ',', 'terus', 'redup', 'lagi', '.', 'sudah', 'beberapa', 'kali', 'lapor', 'tetapi', 'tidak', 'ada', 'solusi']","['hp', 'saya', 'iqoo', 'neo', 'chipset', 'snapdragon', 's', 'gen', 'masa', 'iya', 'hp', 'panas', 'dikit', 'map', 'di', 'gamenya', 'langsung', 'redup', 'terus', 'cerah', 'lagi', 'terus', 'redup', 'lagi', 'sudah', 'beberapa', 'kali', 'lapor', 'tetapi', 'tidak', 'ada', 'solusi']","['iqoo', 'neo', 'chipset', 'snapdragon', 'gen', 'masa', 'iya', 'panas', 'sedikit', 'langsung', 'redup', 'cerah', 'redup', 'sudah', 'beberapa', 'report', 'tetapi', 'solusi']","['hp', 'saya', 'iqoo', 'neo', 'chipset', 'snapdragon', 's', 'gen', 'masa', 'iya', 'hp', 'panas', 'dikit', 'map', 'di', 'gamenya', 'langsung', 'redup', 'terus', 'cerah', 'lagi', 'terus', 'redup', 'lagi', 'sudah', 'beberapa', 'kali', 'lapor', 'tetapi', 'tidak', 'ada', 'solusi']","['hp', 'aku', 'iqoo', 'neo', 'chipset', 'snapdragon', 's', 'gen', 'masa', 'iya', 'hp', 'panas', 'sedikit', 'map', 'di', 'game', 'langsung', 'redup', 'terus', 'cerah', 'lagi', 'terus', 'redup', 'lagi', 'sudah', 'beberapa', 'kali', 'report', 'tetapi', 'tidak', 'ada', 'solusi']",,negative
Dewi Sukenti,gimnya seru,2.1.18.11201,gimnya seru,"['gimnya', 'seru']","['gimnya', 'seru']","['gim', 'seru']","['gim', 'seru']","['gim', 'seru']",,positive
Uway Fadhillah,game apa si ini padahal jaringan bagus tapi malah patah gk jelas,2.1.18.11201,game apa si ini padahal jaringan bagus tapi malah patah gk jelas,"['game', 'apa', 'si', 'ini', 'padahal', 'jaringan', 'bagus', 'tapi', 'malah', 'patah', 'gk', 'jelas']","['game', 'apa', 'si', 'ini', 'padahal', 'jaringan', 'bagus', 'tapi', 'malah', 'patah', 'gk', 'jelas']","['bagus', 'patah', 'jelas']","['game', 'apa', 'si', 'ini', 'padahal', 'jaring', 'bagus', 'tapi', 'malah', 'patah', 'gk', 'jelas']","['game', 'apa', 'si', 'ini', 'padahal', 'jaring', 'bagus', 'tapi', 'malah', 'patah', 'tidak', 'jelas']",,negative
Arjun PERTALITE,"ngasi musuh gak pandang rank capek jir push cuman naik turun naik turun kapan imonya kalo gini, udah team gak kompak musuh turunan imo semua epik gak kelar kelar capek jirr",,"ngasi musuh gak pandang rank capek jir push cuman naik turun naik turun kapan imonya kalo gini, udah team gak kompak musuh turunan imo semua epik gak kelar kelar capek jirr","['ngasi', 'musuh', 'gak', 'pandang', 'rank', 'capek', 'jir', 'push', 'cuman', 'naik', 'turun', 'naik', 'turun', 'kapan', 'imonya', 'kalo', 'gini', ',', 'udah', 'team', 'gak', 'kompak', 'musuh', 'turunan', 'imo', 'semua', 'epik', 'gak', 'kelar', 'kelar', 'capek', 'jirr']","['ngasi', 'musuh', 'gak', 'pandang', 'rank', 'capek', 'jir', 'push', 'cuman', 'naik', 'turun', 'naik', 'turun', 'kapan', 'imonya', 'kalo', 'gini', 'udah', 'team', 'gak', 'kompak', 'musuh', 'turunan', 'imo', 'semua', 'epik', 'gak', 'kelar', 'kelar', 'capek', 'jirr']","['ngasi', 'musuh', 'pandang', 'capek', 'jir', 'push', 'naik', 'turun', 'naik', 'turun', 'kapan', 'imonya', 'kompak', 'musuh', 'turun', 'imo', 'semua', 'epik', 'kelar', 'kelar', 'capek', 'jirr']","['ngasi', 'musuh', 'gak', 'pandang', 'rank', 'capek', 'jir', 'push', 'cuman', 'naik', 'turun', 'naik', 'turun', 'kapan', 'imonya', 'kalo', 'gin', 'udah', 'team', 'gak', 'kompak', 'musuh', 'turun', 'imo', 'semua', 'epik', 'gak', 'kelar', 'kelar', 'capek', 'jirr']","['ngasi', 'musuh', 'tidak', 'pandang', 'rank', 'capek', 'jir', 'push', 'hanya', 'naik', 'turun', 'naik', 'turun', 'kapan', 'imonya', 'kalau', 'game', 'udah', 'team', 'tidak', 'kompak', 'musuh', 'turun', 'imo', 'semua', 'epik', 'tidak', 'kelar', 'kelar', 'capek', 'jirr']",,negative
Xena d Kaz,bug mu benerin jing,2.1.18.11201,bug mu benerin jing,"['bug', 'mu', 'benerin', 'jing']","['bug', 'mu', 'benerin', 'jing']","['bug', 'mu', 'rusak', 'jing']","['bug', 'mu', 'benerin', 'jing']","['bug', 'mu', 'rusak', 'jing']",,negative
ronaldis nababan,game terburuk di dunia,1.9.99.10932,game terburuk di dunia,"['game', 'terburuk', 'di', 'dunia']","['game', 'terburuk', 'di', 'dunia']","['buruk', 'dunia']","['game', 'buruk', 'di', 'dunia']","['game', 'buruk', 'di', 'dunia']",,negative
Krisna Farendra,"game apaan ini jaringan nya selalu buruk padahal hijau tapi di game nya buruk,",,"game apaan ini jaringan nya selalu buruk padahal hijau tapi di game nya buruk,","['game', 'apaan', 'ini', 'jaringan', 'nya', 'selalu', 'buruk', 'padahal', 'hijau', 'tapi', 'di', 'game', 'nya', 'buruk', ',']","['game', 'apaan', 'ini', 'jaringan', 'nya', 'selalu', 'buruk', 'padahal', 'hijau', 'tapi', 'di', 'game', 'nya', 'buruk']","['selalu', 'buruk', 'hijau', 'buruk']","['game', 'apa', 'ini', 'jaring', 'nya', 'selalu', 'buruk', 'padahal', 'hijau', 'tapi', 'di', 'game', 'nya', 'buruk']","['game', 'apa', 'ini', 'jaring', 'nya', 'selalu', 'buruk', 'padahal', 'hijau', 'tapi', 'di', 'game', 'nya', 'buruk']",,negative
Ronney Mahesa,sumpah tambah lama tambah gk bener kasi teman main yg seimbang jangan berat sebelah,2.1.18.11201,sumpah tambah lama tambah gk bener kasi teman main yg seimbang jangan berat sebelah,"['sumpah', 'tambah', 'lama', 'tambah', 'gk', 'bener', 'kasi', 'teman', 'main', 'yg', 'seimbang', 'jangan', 'berat', 'sebelah']","['sumpah', 'tambah', 'lama', 'tambah', 'gk', 'bener', 'kasi', 'teman', 'main', 'yg', 'seimbang', 'jangan', 'berat', 'sebelah']","['sumpah', 'tambah', 'lama', 'tambah', 'benar', 'kasi', 'teman', 'imbang', 'jangan', 'berat']","['sumpah', 'tambah', 'lama', 'tambah', 'gk', 'bener', 'kasi', 'teman', 'main', 'yg', 'imbang', 'jangan', 'berat', 'belah']","['sumpah', 'tambah', 'lama', 'tambah', 'tidak', 'benar', 'kasi', 'teman', 'main', 'yang', 'imbang', 'jangan', 'berat', 'belah']",,negative
Yt XD,"game tolol matchmaking gak adil, game kikir, game ampas, semoga di hapus dari PlayStore",2.1.18.11201,"game tolol matchmaking gak adil, game kikir, game ampas, semoga di hapus dari playstore","['game', 'tolol', 'matchmaking', 'gak', 'adil', ',', 'game', 'kikir', ',', 'game', 'ampas', ',', 'semoga', 'di', 'hapus', 'dari', 'playstore']","['game', 'tolol', 'matchmaking', 'gak', 'adil', 'game', 'kikir', 'game', 'ampas', 'semoga', 'di', 'hapus', 'dari', 'playstore']","['tolol', 'adil', 'kikir', 'buruk', 'moga', 'hapus', 'playstore']","['game', 'tolol', 'matchmaking', 'gak', 'adil', 'game', 'kikir', 'game', 'ampas', 'moga', 'di', 'hapus', 'dari', 'playstore']","['game', 'tolol', 'matchmaking', 'tidak', 'adil', 'game', 'kikir', 'game', 'buruk', 'moga', 'di', 'hapus', 'dari', 'playstore']",,negative
Agus Afandi,game tolol banyak draksistem.,1.9.93.10904,game tolol banyak draksistem.,"['game', 'tolol', 'banyak', 'draksistem', '.']","['game', 'tolol', 'banyak', 'draksistem']","['tolol', 'banyak', 'draksistem']","['game', 'tolol', 'banyak', 'draksistem']","['game', 'tolol', 'banyak', 'draksistem']",,negative
Ryan Alvaro,walaupun geme ini bikin saya kesal tapi geme ini geme favorit saya,2.1.18.11201,walaupun geme ini bikin saya kesal tapi geme ini geme favorit saya,"['walaupun', 'geme', 'ini', 'bikin', 'saya', 'kesal', 'tapi', 'geme', 'ini', 'geme', 'favorit', 'saya']","['walaupun', 'geme', 'ini', 'bikin', 'saya', 'kesal', 'tapi', 'geme', 'ini', 'geme', 'favorit', 'saya']","['walaupun', 'kesal', 'favorit']","['walaupun', 'geme', 'ini', 'bikin', 'saya', 'kesal', 'tapi', 'geme', 'ini', 'geme', 'favorit', 'saya']","['walaupun', 'game', 'ini', 'bikin', 'aku', 'kesal', 'tapi', 'game', 'ini', 'game', 'favorit', 'aku']",,negative
Bunyi Telolet,games nya skrng bantak bocil,,games nya skrng bantak bocil,"['games', 'nya', 'skrng', 'bantak', 'bocil']","['games', 'nya', 'skrng', 'bantak', 'bocil']","['games', 'skrng', 'bantak', 'bocil']","['games', 'nya', 'skrng', 'bantak', 'bocil']","['games', 'nya', 'skrng', 'bantak', 'bocil']",,negative
Mas Bendol,min ini starlight member ku kok bug ngestak di LV 27 ya dri 5 hari yg lalu? tolong benerin min itu gaji pas'anku seminggu,2.1.18.11201,min ini starlight member ku kok bug ngestak di lv 27 ya dri 5 hari yg lalu? tolong benerin min itu gaji pas'anku seminggu,"['min', 'ini', 'starlight', 'member', 'ku', 'kok', 'bug', 'ngestak', 'di', 'lv', '27', 'ya', 'dri', '5', 'hari', 'yg', 'lalu', '?', 'tolong', 'benerin', 'min', 'itu', 'gaji', ""pas'anku"", 'seminggu']","['min', 'ini', 'starlight', 'member', 'ku', 'kok', 'bug', 'ngestak', 'di', 'lv', 'ya', 'dri', 'hari', 'yg', 'lalu', 'tolong', 'benerin', 'min', 'itu', 'gaji', 'pasanku', 'seminggu']","['minimal', 'starlight', 'member', 'bug', 'ngestak', 'lv', 'dri', 'lalu', 'tolong', 'rusak', 'minimal', 'gaji', 'minggu']","['min', 'ini', 'starlight', 'member', 'ku', 'kok', 'bug', 'ngestak', 'di', 'lv', 'ya', 'dri', 'hari', 'yg', 'lalu', 'tolong', 'benerin', 'min', 'itu', 'gaji', 'pas', 'minggu']","['minimal', 'ini', 'starlight', 'member', 'ku', 'kok', 'bug', 'ngestak', 'di', 'lv', 'ya', 'dri', 'hari', 'yang', 'lalu', 'tolong', 'rusak', 'minimal', 'itu', 'gaji', 'pas', 'minggu']",,negative
Mahera Kamila,musuhnya tidak seimbang,,musuhnya tidak seimbang,"['musuhnya', 'tidak', 'seimbang']","['musuhnya', 'tidak', 'seimbang']","['musuh', 'imbang']","['musuh', 'tidak', 'imbang']","['musuh', 'tidak', 'imbang']",,negative
Riffat Jtimur,"jaringan ngelag,suka maju maju sendiri, game sangat tidak enk",2.1.18.11201,"jaringan ngelag,suka maju maju sendiri, game sangat tidak enk","['jaringan', 'ngelag', ',', 'suka', 'maju', 'maju', 'sendiri', ',', 'game', 'sangat', 'tidak', 'enk']","['jaringan', 'ngelag', 'suka', 'maju', 'maju', 'sendiri', 'game', 'sangat', 'tidak', 'enk']","['lag', 'suka', 'maju', 'maju', 'sendiri', 'enk']","['jaring', 'ngelag', 'suka', 'maju', 'maju', 'sendiri', 'game', 'sangat', 'tidak', 'enk']","['jaring', 'lag', 'suka', 'maju', 'maju', 'sendiri', 'game', 'sangat', 'tidak', 'enk']",,positive
Reza SR,cocok,1.8.93.9702,cocok,['cocok'],['cocok'],['cocok'],['cocok'],['cocok'],,neutral
Zul Fikri,"Baru Kali ini saya menulis ulasan game, selama main game udah tahunan, berapa kali juga report di after match, kirain gua sendiri yang rasain matchmaking yg inbalance ternyata banyak kasus yang sama system matchmaking ini yang akan buat game anda akan ditinggalkan pemain setia",2.1.18.11201,"baru kali ini saya menulis ulasan game, selama main game udah tahunan, berapa kali juga report di after match, kirain gua sendiri yang rasain matchmaking yg inbalance ternyata banyak kasus yang sama system matchmaking ini yang akan buat game anda akan ditinggalkan pemain setia","['baru', 'kali', 'ini', 'saya', 'menulis', 'ulasan', 'game', ',', 'selama', 'main', 'game', 'udah', 'tahunan', ',', 'berapa', 'kali', 'juga', 'report', 'di', 'after', 'match', ',', 'kirain', 'gua', 'sendiri', 'yang', 'rasain', 'matchmaking', 'yg', 'inbalance', 'ternyata', 'banyak', 'kasus', 'yang', 'sama', 'system', 'matchmaking', 'ini', 'yang', 'akan', 'buat', 'game', 'anda', 'akan', 'ditinggalkan', 'pemain', 'setia']","['baru', 'kali', 'ini', 'saya', 'menulis', 'ulasan', 'game', 'selama', 'main', 'game', 'udah', 'tahunan', 'berapa', 'kali', 'juga', 'report', 'di', 'after', 'match', 'kirain', 'gua', 'sendiri', 'yang', 'rasain', 'matchmaking', 'yg', 'inbalance', 'ternyata', 'banyak', 'kasus', 'yang', 'sama', 'system', 'matchmaking', 'ini', 'yang', 'akan', 'buat', 'game', 'anda', 'akan', 'ditinggalkan', 'pemain', 'setia']","['baru', 'tulis', 'ulas', 'lama', 'berapa', 'report', 'after', 'kirain', 'sendiri', 'rasain', 'inbalance', 'nyata', 'banyak', 'kasus', 'tinggal', 'setia']","['baru', 'kali', 'ini', 'saya', 'tulis', 'ulas', 'game', 'lama', 'main', 'game', 'udah', 'tahun', 'berapa', 'kali', 'juga', 'report', 'di', 'after', 'match', 'kirain', 'gua', 'sendiri', 'yang', 'rasain', 'matchmaking', 'yg', 'inbalance', 'nyata', 'banyak', 'kasus', 'yang', 'sama', 'system', 'matchmaking', 'ini', 'yang', 'akan', 'buat', 'game', 'anda', 'akan', 'tinggal', 'main', 'setia']","['baru', 'kali', 'ini', 'aku', 'tulis', 'ulas', 'game', 'lama', 'main', 'game', 'udah', 'tahun', 'berapa', 'kali', 'juga', 'report', 'di', 'after', 'match', 'kirain', 'aku', 'sendiri', 'yang', 'rasain', 'matchmaking', 'yang', 'inbalance', 'nyata', 'banyak', 'kasus', 'yang', 'sama', 'sistem', 'matchmaking', 'ini', 'yang', 'akan', 'buat', 'game', 'kamu', 'akan', 'tinggal', 'main', 'setia']",,negative
Putra Rifat,jaringan buruk padahal aslinya bagus,2.1.18.11201,jaringan buruk padahal aslinya bagus,"['jaringan', 'buruk', 'padahal', 'aslinya', 'bagus']","['jaringan', 'buruk', 'padahal', 'aslinya', 'bagus']","['buruk', 'asli', 'bagus']","['jaring', 'buruk', 'padahal', 'asli', 'bagus']","['jaring', 'buruk', 'padahal', 'asli', 'bagus']",,positive
Azfar Achi,MOHON DI ATASI TENTANG KESEIMBANGAN DRAFT PICK DAN PEMILIHAN ROLE,2.1.18.11201,mohon di atasi tentang keseimbangan draft pick dan pemilihan role,"['mohon', 'di', 'atasi', 'tentang', 'keseimbangan', 'draft', 'pick', 'dan', 'pemilihan', 'role']","['mohon', 'di', 'atasi', 'tentang', 'keseimbangan', 'draft', 'pick', 'dan', 'pemilihan', 'role']","['mohon', 'atas', 'imbang', 'draft', 'pilih', 'role']","['mohon', 'di', 'atas', 'tentang', 'imbang', 'draft', 'pick', 'dan', 'pilih', 'role']","['mohon', 'di', 'atas', 'tentang', 'imbang', 'draft', 'pick', 'dan', 'pilih', 'role']",,negative
Bcah Waras,"knapa pas maen sering bngt lag sendiri, dan bukan cuma sya aja yg kena tapi 1 tim kena, pdahal sinyal lancar, maen hok, pubg GK pernah Kya gini",2.1.18.11201,"knapa pas maen sering bngt lag sendiri, dan bukan cuma sya aja yg kena tapi 1 tim kena, pdahal sinyal lancar, maen hok, pubg gk pernah kya gini","['knapa', 'pas', 'maen', 'sering', 'bngt', 'lag', 'sendiri', ',', 'dan', 'bukan', 'cuma', 'sya', 'aja', 'yg', 'kena', 'tapi', '1', 'tim', 'kena', ',', 'pdahal', 'sinyal', 'lancar', ',', 'maen', 'hok', ',', 'pubg', 'gk', 'pernah', 'kya', 'gini']","['knapa', 'pas', 'maen', 'sering', 'bngt', 'lag', 'sendiri', 'dan', 'bukan', 'cuma', 'sya', 'aja', 'yg', 'kena', 'tapi', 'tim', 'kena', 'pdahal', 'sinyal', 'lancar', 'maen', 'hok', 'pubg', 'gk', 'pernah', 'kya', 'gini']","['knapa', 'bngt', 'lag', 'sendiri', 'bukan', 'cuma', 'sya', 'kena', 'kena', 'pdahal', 'sinyal', 'lancar', 'pubg', 'pernah', 'kya']","['knapa', 'pas', 'maen', 'sering', 'bngt', 'lag', 'sendiri', 'dan', 'bukan', 'cuma', 'sya', 'aja', 'yg', 'kena', 'tapi', 'tim', 'kena', 'pdahal', 'sinyal', 'lancar', 'maen', 'hok', 'pubg', 'gk', 'pernah', 'kya', 'gin']","['knapa', 'pas', 'main', 'sering', 'bngt', 'lag', 'sendiri', 'dan', 'bukan', 'cuma', 'sya', 'aja', 'yang', 'kena', 'tapi', 'team', 'kena', 'pdahal', 'sinyal', 'lancar', 'main', 'hok', 'pubg', 'tidak', 'pernah', 'kya', 'game']",,negative
Hotlan gultom,bisa bikin senang atau stres jadi lumayan lah kecuali tim dark sistem,2.1.18.11201,bisa bikin senang atau stres jadi lumayan lah kecuali tim dark sistem,"['bisa', 'bikin', 'senang', 'atau', 'stres', 'jadi', 'lumayan', 'lah', 'kecuali', 'tim', 'dark', 'sistem']","['bisa', 'bikin', 'senang', 'atau', 'stres', 'jadi', 'lumayan', 'lah', 'kecuali', 'tim', 'dark', 'sistem']","['senang', 'stres', 'lumayan', 'kecuali', 'gelap']","['bisa', 'bikin', 'senang', 'atau', 'stres', 'jadi', 'lumayan', 'lah', 'kecuali', 'tim', 'dark', 'sistem']","['bisa', 'bikin', 'senang', 'atau', 'stres', 'jadi', 'lumayan', 'lah', 'kecuali', 'team', 'gelap', 'sistem']",,negative
ayuchan ayuchan,bosen main cuman buat kalah mending belajar,,bosen main cuman buat kalah mending belajar,"['bosen', 'main', 'cuman', 'buat', 'kalah', 'mending', 'belajar']","['bosen', 'main', 'cuman', 'buat', 'kalah', 'mending', 'belajar']","['bosen', 'kalah', 'mending', 'ajar']","['bosen', 'main', 'cuman', 'buat', 'kalah', 'mending', 'ajar']","['bosen', 'main', 'hanya', 'buat', 'kalah', 'mending', 'ajar']",,negative
Atsa Rayhan,"kont0l , game @su isinya dark sistem jan donlod ges bikin g1l@",2.1.18.11201,"kont0l , game @su isinya dark sistem jan donlod ges bikin g1l@","['kont0l', ',', 'game', '@', 'su', 'isinya', 'dark', 'sistem', 'jan', 'donlod', 'ges', 'bikin', 'g1l', '@']","['kontl', 'game', 'su', 'isinya', 'dark', 'sistem', 'jan', 'donlod', 'ges', 'bikin', 'gl']","['kontl', 'su', 'isi', 'gelap', 'jan', 'donlod', 'ges', 'gl']","['kontl', 'game', 'su', 'isi', 'dark', 'sistem', 'jan', 'donlod', 'ges', 'bikin', 'gl']","['kontl', 'game', 'su', 'isi', 'gelap', 'sistem', 'jan', 'donlod', 'ges', 'bikin', 'gl']",,negative
MIFTAKHURRAHMAN,"SINYAL SERING HILANG,HABIS TU DIDRAF PICK NGELAG BANGET MENDING FIX INI DULU DEH DARIPADA NGURUSIN UPDATE. GAME RUSAK",2.1.18.11201,"sinyal sering hilang,habis tu didraf pick ngelag banget mending fix ini dulu deh daripada ngurusin update. game rusak","['sinyal', 'sering', 'hilang', ',', 'habis', 'tu', 'didraf', 'pick', 'ngelag', 'banget', 'mending', 'fix', 'ini', 'dulu', 'deh', 'daripada', 'ngurusin', 'update', '.', 'game', 'rusak']","['sinyal', 'sering', 'hilang', 'habis', 'tu', 'didraf', 'pick', 'ngelag', 'banget', 'mending', 'fix', 'ini', 'dulu', 'deh', 'daripada', 'ngurusin', 'update', 'game', 'rusak']","['sinyal', 'hilang', 'habis', 'tu', 'draf', 'lag', 'banget', 'mending', 'fix', 'ngurusin', 'update', 'rusak']","['sinyal', 'sering', 'hilang', 'habis', 'tu', 'draf', 'pick', 'ngelag', 'banget', 'mending', 'fix', 'ini', 'dulu', 'deh', 'daripada', 'ngurusin', 'update', 'game', 'rusak']","['sinyal', 'sering', 'hilang', 'habis', 'tu', 'draf', 'pick', 'lag', 'banget', 'mending', 'fix', 'ini', 'dulu', 'deh', 'daripada', 'ngurusin', 'update', 'game', 'rusak']",,negative
Putri Hellend,"perbaiki bug lah bukan skin terus yang di keluarkan,wifi di rumah ok tapi pas in game malah bug,bikin bosen mainnya jika bug terus",2.1.18.11201,"perbaiki bug lah bukan skin terus yang di keluarkan,wifi di rumah ok tapi pas in game malah bug,bikin bosen mainnya jika bug terus","['perbaiki', 'bug', 'lah', 'bukan', 'skin', 'terus', 'yang', 'di', 'keluarkan', ',', 'wifi', 'di', 'rumah', 'ok', 'tapi', 'pas', 'in', 'game', 'malah', 'bug', ',', 'bikin', 'bosen', 'mainnya', 'jika', 'bug', 'terus']","['perbaiki', 'bug', 'lah', 'bukan', 'skin', 'terus', 'yang', 'di', 'keluarkan', 'wifi', 'di', 'rumah', 'ok', 'tapi', 'pas', 'in', 'game', 'malah', 'bug', 'bikin', 'bosen', 'mainnya', 'jika', 'bug', 'terus']","['baik', 'bug', 'bukan', 'skin', 'keluar', 'wifi', 'rumah', 'oke', 'bug', 'bosen', 'jika', 'bug']","['baik', 'bug', 'lah', 'bukan', 'skin', 'terus', 'yang', 'di', 'keluar', 'wifi', 'di', 'rumah', 'ok', 'tapi', 'pas', 'in', 'game', 'malah', 'bug', 'bikin', 'bosen', 'main', 'jika', 'bug', 'terus']","['baik', 'bug', 'lah', 'bukan', 'skin', 'terus', 'yang', 'di', 'keluar', 'wifi', 'di', 'rumah', 'oke', 'tapi', 'pas', 'in', 'game', 'malah', 'bug', 'bikin', 'bosen', 'main', 'jika', 'bug', 'terus']",,negative
Muhammad Zidan,moonton ini kenapa jaringan padahal baik kok ngelag banget mainnya tolong benerin dong susah jadi mainnya jadi ga mood buat main,2.1.18.11201,moonton ini kenapa jaringan padahal baik kok ngelag banget mainnya tolong benerin dong susah jadi mainnya jadi ga mood buat main,"['moonton', 'ini', 'kenapa', 'jaringan', 'padahal', 'baik', 'kok', 'ngelag', 'banget', 'mainnya', 'tolong', 'benerin', 'dong', 'susah', 'jadi', 'mainnya', 'jadi', 'ga', 'mood', 'buat', 'main']","['moonton', 'ini', 'kenapa', 'jaringan', 'padahal', 'baik', 'kok', 'ngelag', 'banget', 'mainnya', 'tolong', 'benerin', 'dong', 'susah', 'jadi', 'mainnya', 'jadi', 'ga', 'mood', 'buat', 'main']","['kenapa', 'baik', 'lag', 'banget', 'tolong', 'rusak', 'susah', 'mood']","['moonton', 'ini', 'kenapa', 'jaring', 'padahal', 'baik', 'kok', 'ngelag', 'banget', 'main', 'tolong', 'benerin', 'dong', 'susah', 'jadi', 'main', 'jadi', 'ga', 'mood', 'buat', 'main']","['moonton', 'ini', 'kenapa', 'jaring', 'padahal', 'baik', 'kok', 'lag', 'banget', 'main', 'tolong', 'rusak', 'dong', 'susah', 'jadi', 'main', 'jadi', 'tidak', 'mood', 'buat', 'main']",,negative
levi ackerman,"lag parah jaringan bagus padahal,moonton GK becus kalo GK cepet dibenerin gw pindah hok rasain lu",2.1.18.11201,"lag parah jaringan bagus padahal,moonton gk becus kalo gk cepet dibenerin gw pindah hok rasain lu","['lag', 'parah', 'jaringan', 'bagus', 'padahal', ',', 'moonton', 'gk', 'becus', 'kalo', 'gk', 'cepet', 'dibenerin', 'gw', 'pindah', 'hok', 'rasain', 'lu']","['lag', 'parah', 'jaringan', 'bagus', 'padahal', 'moonton', 'gk', 'becus', 'kalo', 'gk', 'cepet', 'dibenerin', 'gw', 'pindah', 'hok', 'rasain', 'lu']","['lag', 'parah', 'bagus', 'becus', 'cepet', 'rusak', 'pindah', 'rasain']","['lag', 'parah', 'jaring', 'bagus', 'padahal', 'moonton', 'gk', 'becus', 'kalo', 'gk', 'cepet', 'dibenerin', 'gw', 'pindah', 'hok', 'rasain', 'lu']","['lag', 'parah', 'jaring', 'bagus', 'padahal', 'moonton', 'tidak', 'becus', 'kalau', 'tidak', 'cepet', 'rusak', 'aku', 'pindah', 'hok', 'rasain', 'kamu']",,negative
Bagus Pedrat,matchmaking nya benerin,2.1.18.11201,matchmaking nya benerin,"['matchmaking', 'nya', 'benerin']","['matchmaking', 'nya', 'benerin']",['rusak'],"['matchmaking', 'nya', 'benerin']","['matchmaking', 'nya', 'rusak']",,negative
Rifq Aru,"Tolong ubah matchmaking player solo agar selalu dipertemukan dengan player solo lainnya, dari pengalamanku format 1+1+1+2,1+1+3, apalagi 1+2+2 biasanya kedua tim sangat tidak seimbang karena beberapa orang yang bermain duo atau trio berbeda beda ada yang saling mengenal baru mengenal bahkan tidak mengenal satu sama lain.biasanya duo/trio di suatu tim sangat mendominasi tetapi duo/trio di tim satunya lagi tidak kompak, mengakibatkan ketidakseimbangan yang merusak pengalaman bermain",1.9.99.10932,"tolong ubah matchmaking player solo agar selalu dipertemukan dengan player solo lainnya, dari pengalamanku format 1+1+1+2,1+1+3, apalagi 1+2+2 biasanya kedua tim sangat tidak seimbang karena beberapa orang yang bermain duo atau trio berbeda beda ada yang saling mengenal baru mengenal bahkan tidak mengenal satu sama lain.biasanya duo/trio di suatu tim sangat mendominasi tetapi duo/trio di tim satunya lagi tidak kompak, mengakibatkan ketidakseimbangan yang merusak pengalaman bermain","['tolong', 'ubah', 'matchmaking', 'player', 'solo', 'agar', 'selalu', 'dipertemukan', 'dengan', 'player', 'solo', 'lainnya', ',', 'dari', 'pengalamanku', 'format', '1+1+1+2,1+1+3', ',', 'apalagi', '1+2+2', 'biasanya', 'kedua', 'tim', 'sangat', 'tidak', 'seimbang', 'karena', 'beberapa', 'orang', 'yang', 'bermain', 'duo', 'atau', 'trio', 'berbeda', 'beda', 'ada', 'yang', 'saling', 'mengenal', 'baru', 'mengenal', 'bahkan', 'tidak', 'mengenal', 'satu', 'sama', 'lain.biasanya', 'duo/trio', 'di', 'suatu', 'tim', 'sangat', 'mendominasi', 'tetapi', 'duo/trio', 'di', 'tim', 'satunya', 'lagi', 'tidak', 'kompak', ',', 'mengakibatkan', 'ketidakseimbangan', 'yang', 'merusak', 'pengalaman', 'bermain']","['tolong', 'ubah', 'matchmaking', 'player', 'solo', 'agar', 'selalu', 'dipertemukan', 'dengan', 'player', 'solo', 'lainnya', 'dari', 'pengalamanku', 'format', 'apalagi', 'biasanya', 'kedua', 'tim', 'sangat', 'tidak', 'seimbang', 'karena', 'beberapa', 'orang', 'yang', 'bermain', 'duo', 'atau', 'trio', 'berbeda', 'beda', 'ada', 'yang', 'saling', 'mengenal', 'baru', 'mengenal', 'bahkan', 'tidak', 'mengenal', 'satu', 'sama', 'lainbiasanya', 'duotrio', 'di', 'suatu', 'tim', 'sangat', 'mendominasi', 'tetapi', 'duotrio', 'di', 'tim', 'satunya', 'lagi', 'tidak', 'kompak', 'mengakibatkan', 'ketidakseimbangan', 'yang', 'merusak', 'pengalaman', 'bermain']","['tolong', 'ubah', 'selalu', 'lain', 'alam', 'format', 'biasa', 'dua', 'imbang', 'beberapa', 'duo', 'trio', 'beda', 'beda', 'saling', 'kenal', 'baru', 'kenal', 'bahkan', 'kenal', 'satu', 'lainbiasanya', 'duotrio', 'suatu', 'dominasi', 'tetapi', 'duotrio', 'satu', 'kompak', 'akibat', 'ketidakseimbangan', 'rusak', 'alam']","['tolong', 'ubah', 'matchmaking', 'player', 'solo', 'agar', 'selalu', 'temu', 'dengan', 'player', 'solo', 'lain', 'dari', 'alam', 'format', 'apalagi', 'biasa', 'dua', 'tim', 'sangat', 'tidak', 'imbang', 'karena', 'beberapa', 'orang', 'yang', 'main', 'duo', 'atau', 'trio', 'beda', 'beda', 'ada', 'yang', 'saling', 'kenal', 'baru', 'kenal', 'bahkan', 'tidak', 'kenal', 'satu', 'sama', 'lainbiasanya', 'duotrio', 'di', 'suatu', 'tim', 'sangat', 'dominasi', 'tetapi', 'duotrio', 'di', 'tim', 'satu', 'lagi', 'tidak', 'kompak', 'akibat', 'ketidakseimbangan', 'yang', 'rusak', 'alam', 'main']","['tolong', 'ubah', 'matchmaking', 'player', 'solo', 'agar', 'selalu', 'temu', 'dengan', 'player', 'solo', 'lain', 'dari', 'alam', 'format', 'apalagi', 'biasa', 'dua', 'team', 'sangat', 'tidak', 'imbang', 'karena', 'beberapa', 'orang', 'yang', 'main', 'duo', 'atau', 'trio', 'beda', 'beda', 'ada', 'yang', 'saling', 'kenal', 'baru', 'kenal', 'bahkan', 'tidak', 'kenal', 'satu', 'sama', 'lainbiasanya', 'duotrio', 'di', 'suatu', 'team', 'sangat', 'dominasi', 'tetapi', 'duotrio', 'di', 'team', 'satu', 'lagi', 'tidak', 'kompak', 'akibat', 'ketidakseimbangan', 'yang', 'rusak', 'alam', 'main']",,neutral
Akmar Prayogi,"ketemu dark sistem padahal udh gendong, capek setiap kali main udah berjuang tapi timnya malah gabisa main bahkan tim musuh jago banget. mohon di perbaiki matchmaking nya moonton.",2.1.18.11201,"ketemu dark sistem padahal udh gendong, capek setiap kali main udah berjuang tapi timnya malah gabisa main bahkan tim musuh jago banget. mohon di perbaiki matchmaking nya moonton.","['ketemu', 'dark', 'sistem', 'padahal', 'udh', 'gendong', ',', 'capek', 'setiap', 'kali', 'main', 'udah', 'berjuang', 'tapi', 'timnya', 'malah', 'gabisa', 'main', 'bahkan', 'tim', 'musuh', 'jago', 'banget', '.', 'mohon', 'di', 'perbaiki', 'matchmaking', 'nya', 'moonton', '.']","['ketemu', 'dark', 'sistem', 'padahal', 'udh', 'gendong', 'capek', 'setiap', 'kali', 'main', 'udah', 'berjuang', 'tapi', 'timnya', 'malah', 'gabisa', 'main', 'bahkan', 'tim', 'musuh', 'jago', 'banget', 'mohon', 'di', 'perbaiki', 'matchmaking', 'nya', 'moonton']","['ketemu', 'gelap', 'sudah', 'gendong', 'capek', 'juang', 'gabisa', 'bahkan', 'musuh', 'jago', 'banget', 'mohon', 'baik']","['ketemu', 'dark', 'sistem', 'padahal', 'udh', 'gendong', 'capek', 'tiap', 'kali', 'main', 'udah', 'juang', 'tapi', 'tim', 'malah', 'gabisa', 'main', 'bahkan', 'tim', 'musuh', 'jago', 'banget', 'mohon', 'di', 'baik', 'matchmaking', 'nya', 'moonton']","['ketemu', 'gelap', 'sistem', 'padahal', 'sudah', 'gendong', 'capek', 'tiap', 'kali', 'main', 'udah', 'juang', 'tapi', 'team', 'malah', 'gabisa', 'main', 'bahkan', 'team', 'musuh', 'jago', 'banget', 'mohon', 'di', 'baik', 'matchmaking', 'nya', 'moonton']",,negative
DanH4 Setiawan akbar,"woy monton server lu klo lagi ada masalah benerin lah, masa sinyal 4G full di gw tiba tiba langsung ping down, aneh banget ni lama lama 😡",2.1.18.11201,"woy monton server lu klo lagi ada masalah benerin lah, masa sinyal 4g full di gw tiba tiba langsung ping down, aneh banget ni lama lama 😡","['woy', 'monton', 'server', 'lu', 'klo', 'lagi', 'ada', 'masalah', 'benerin', 'lah', ',', 'masa', 'sinyal', '4g', 'full', 'di', 'gw', 'tiba', 'tiba', 'langsung', 'ping', 'down', ',', 'aneh', 'banget', 'ni', 'lama', 'lama', '😡']","['woy', 'monton', 'server', 'lu', 'klo', 'lagi', 'ada', 'masalah', 'benerin', 'lah', 'masa', 'sinyal', 'g', 'full', 'di', 'gw', 'tiba', 'tiba', 'langsung', 'ping', 'down', 'aneh', 'banget', 'ni', 'lama', 'lama']","['woy', 'server', 'masalah', 'rusak', 'masa', 'sinyal', 'full', 'langsung', 'ping', 'down', 'aneh', 'banget', 'lama', 'lama']","['woy', 'monton', 'server', 'lu', 'klo', 'lagi', 'ada', 'masalah', 'benerin', 'lah', 'masa', 'sinyal', 'g', 'full', 'di', 'gw', 'tiba', 'tiba', 'langsung', 'ping', 'down', 'aneh', 'banget', 'ni', 'lama', 'lama']","['woy', 'moonton', 'server', 'kamu', 'kalau', 'lagi', 'ada', 'masalah', 'rusak', 'lah', 'masa', 'sinyal', 'tidak', 'full', 'di', 'aku', 'tiba', 'tiba', 'langsung', 'ping', 'down', 'aneh', 'banget', 'ini', 'lama', 'lama']",,negative
Alfi Alfi,los gua lu nya hapus aja,1.9.8.9833,los gua lu nya hapus aja,"['los', 'gua', 'lu', 'nya', 'hapus', 'aja']","['los', 'gua', 'lu', 'nya', 'hapus', 'aja']","['los', 'hapus']","['los', 'gua', 'lu', 'nya', 'hapus', 'aja']","['los', 'aku', 'kamu', 'nya', 'hapus', 'aja']",,negative
kadek,Dari emang game ampas,2.1.18.11201,dari emang game ampas,"['dari', 'emang', 'game', 'ampas']","['dari', 'emang', 'game', 'ampas']",['buruk'],"['dari', 'emang', 'game', 'ampas']","['dari', 'memang', 'game', 'buruk']",,negative
M AZZAM,gem yg kaya kntl,,gem yg kaya kntl,"['gem', 'yg', 'kaya', 'kntl']","['gem', 'yg', 'kaya', 'kntl']",['kntl'],"['gem', 'yg', 'kaya', 'kntl']","['game', 'yang', 'seperti', 'kntl']",,negative
Tasim Marunda4,mlbb ml lu udah rusak gw maen kg tenang leg banget jaringan lancar tapi pas main game ml leg parah gimana ini Monton,2.1.18.11201,mlbb ml lu udah rusak gw maen kg tenang leg banget jaringan lancar tapi pas main game ml leg parah gimana ini monton,"['mlbb', 'ml', 'lu', 'udah', 'rusak', 'gw', 'maen', 'kg', 'tenang', 'leg', 'banget', 'jaringan', 'lancar', 'tapi', 'pas', 'main', 'game', 'ml', 'leg', 'parah', 'gimana', 'ini', 'monton']","['mlbb', 'ml', 'lu', 'udah', 'rusak', 'gw', 'maen', 'kg', 'tenang', 'leg', 'banget', 'jaringan', 'lancar', 'tapi', 'pas', 'main', 'game', 'ml', 'leg', 'parah', 'gimana', 'ini', 'monton']","['rusak', 'kg', 'tenang', 'lag', 'banget', 'lancar', 'lag', 'parah', 'gimana']","['mlbb', 'ml', 'lu', 'udah', 'rusak', 'gw', 'maen', 'kg', 'tenang', 'leg', 'banget', 'jaring', 'lancar', 'tapi', 'pas', 'main', 'game', 'ml', 'leg', 'parah', 'gimana', 'ini', 'monton']","['mlbb', 'ml', 'kamu', 'udah', 'rusak', 'aku', 'main', 'kg', 'tenang', 'lag', 'banget', 'jaring', 'lancar', 'tapi', 'pas', 'main', 'game', 'ml', 'lag', 'parah', 'gimana', 'ini', 'moonton']",,negative
Desi Trds,"apa ini ganguan gini maet"" engga jelas",2.1.18.11201,"apa ini ganguan gini maet"" engga jelas","['apa', 'ini', 'ganguan', 'gini', 'maet', ""''"", 'engga', 'jelas']","['apa', 'ini', 'ganguan', 'gini', 'maet', 'engga', 'jelas']","['ganguan', 'maet', 'engga', 'jelas']","['apa', 'ini', 'ganguan', 'gin', 'maet', 'engga', 'jelas']","['apa', 'ini', 'ganguan', 'game', 'maet', 'engga', 'jelas']",,negative
Feny Ati,Saya sangat suka bermain mobile legends tapi TOLONG LAH MOOTON KURANGI DRAK SISTEM SAMA PLAYER JAGO TIAP HARI TIM TROLL MUSUH JAGO SEMUA HADEH!,2.1.18.11201,saya sangat suka bermain mobile legends tapi tolong lah mooton kurangi drak sistem sama player jago tiap hari tim troll musuh jago semua hadeh!,"['saya', 'sangat', 'suka', 'bermain', 'mobile', 'legends', 'tapi', 'tolong', 'lah', 'mooton', 'kurangi', 'drak', 'sistem', 'sama', 'player', 'jago', 'tiap', 'hari', 'tim', 'troll', 'musuh', 'jago', 'semua', 'hadeh', '!']","['saya', 'sangat', 'suka', 'bermain', 'mobile', 'legends', 'tapi', 'tolong', 'lah', 'mooton', 'kurangi', 'drak', 'sistem', 'sama', 'player', 'jago', 'tiap', 'hari', 'tim', 'troll', 'musuh', 'jago', 'semua', 'hadeh']","['suka', 'legends', 'tolong', 'mooton', 'kurang', 'gelap', 'jago', 'troll', 'musuh', 'jago', 'semua', 'hadeh']","['saya', 'sangat', 'suka', 'main', 'mobile', 'legends', 'tapi', 'tolong', 'lah', 'mooton', 'kurang', 'drak', 'sistem', 'sama', 'player', 'jago', 'tiap', 'hari', 'tim', 'troll', 'musuh', 'jago', 'semua', 'hadeh']","['aku', 'sangat', 'suka', 'main', 'mobile', 'legends', 'tapi', 'tolong', 'lah', 'mooton', 'kurang', 'gelap', 'sistem', 'sama', 'player', 'jago', 'tiap', 'hari', 'team', 'troll', 'musuh', 'jago', 'semua', 'hadeh']",,negative
Frans Diski (Kiki),game ampas banyak bug+kebanyakan draksistem,2.1.18.11201,game ampas banyak bug+kebanyakan draksistem,"['game', 'ampas', 'banyak', 'bug+kebanyakan', 'draksistem']","['game', 'ampas', 'banyak', 'bugkebanyakan', 'draksistem']","['buruk', 'banyak', 'bugkebanyakan', 'draksistem']","['game', 'ampas', 'banyak', 'bugkebanyakan', 'draksistem']","['game', 'buruk', 'banyak', 'bugkebanyakan', 'draksistem']",,negative
Ajijiung 2112,game yang logikanya rendah,,game yang logikanya rendah,"['game', 'yang', 'logikanya', 'rendah']","['game', 'yang', 'logikanya', 'rendah']","['logika', 'rendah']","['game', 'yang', 'logika', 'rendah']","['game', 'yang', 'logika', 'rendah']",,positive
RAMA AKMIL,perbaiki dulu moonton kadang jaringan di gemplay ngeleg padahal jaringanya baguss loh aduh rugi nih kalo ginj,1.9.99.10932,perbaiki dulu moonton kadang jaringan di gemplay ngeleg padahal jaringanya baguss loh aduh rugi nih kalo ginj,"['perbaiki', 'dulu', 'moonton', 'kadang', 'jaringan', 'di', 'gemplay', 'ngeleg', 'padahal', 'jaringanya', 'baguss', 'loh', 'aduh', 'rugi', 'nih', 'kalo', 'ginj']","['perbaiki', 'dulu', 'moonton', 'kadang', 'jaringan', 'di', 'gemplay', 'ngeleg', 'padahal', 'jaringanya', 'baguss', 'loh', 'aduh', 'rugi', 'nih', 'kalo', 'ginj']","['baik', 'kadang', 'gemplay', 'lag', 'jaringanya', 'bagus', 'aduh', 'rugi', 'ginj']","['baik', 'dulu', 'moonton', 'kadang', 'jaring', 'di', 'gemplay', 'ngeleg', 'padahal', 'jaringanya', 'baguss', 'loh', 'aduh', 'rugi', 'nih', 'kalo', 'ginj']","['baik', 'dulu', 'moonton', 'kadang', 'jaring', 'di', 'gemplay', 'lag', 'padahal', 'jaringanya', 'bagus', 'loh', 'aduh', 'rugi', 'nih', 'kalau', 'ginj']",,negative
Mohammad wildan danawan Wildan,he monnton kasihh tim yang bener ngapa dari tadi di kasih tim yang gak bener maen udah serius tapi tim ngetroll gimana nyusahin gwe lagi kasih tim yang seimbang laahh udhh susah susah maen mlh kena trol publik udah hp kentang dan kapan ada ml lite hp gwe udh gak kuat nihh,2.1.18.11201,he monnton kasihh tim yang bener ngapa dari tadi di kasih tim yang gak bener maen udah serius tapi tim ngetroll gimana nyusahin gwe lagi kasih tim yang seimbang laahh udhh susah susah maen mlh kena trol publik udah hp kentang dan kapan ada ml lite hp gwe udh gak kuat nihh,"['he', 'monnton', 'kasihh', 'tim', 'yang', 'bener', 'ngapa', 'dari', 'tadi', 'di', 'kasih', 'tim', 'yang', 'gak', 'bener', 'maen', 'udah', 'serius', 'tapi', 'tim', 'ngetroll', 'gimana', 'nyusahin', 'gwe', 'lagi', 'kasih', 'tim', 'yang', 'seimbang', 'laahh', 'udhh', 'susah', 'susah', 'maen', 'mlh', 'kena', 'trol', 'publik', 'udah', 'hp', 'kentang', 'dan', 'kapan', 'ada', 'ml', 'lite', 'hp', 'gwe', 'udh', 'gak', 'kuat', 'nihh']","['he', 'monnton', 'kasihh', 'tim', 'yang', 'bener', 'ngapa', 'dari', 'tadi', 'di', 'kasih', 'tim', 'yang', 'gak', 'bener', 'maen', 'udah', 'serius', 'tapi', 'tim', 'ngetroll', 'gimana', 'nyusahin', 'gwe', 'lagi', 'kasih', 'tim', 'yang', 'seimbang', 'laahh', 'udhh', 'susah', 'susah', 'maen', 'mlh', 'kena', 'trol', 'publik', 'udah', 'hp', 'kentang', 'dan', 'kapan', 'ada', 'ml', 'lite', 'hp', 'gwe', 'udh', 'gak', 'kuat', 'nihh']","['he', 'monnton', 'kasihh', 'benar', 'ngapa', 'tadi', 'benar', 'serius', 'ngetroll', 'gimana', 'nyusahin', 'gwe', 'imbang', 'laahh', 'udhh', 'susah', 'susah', 'mlh', 'kena', 'trol', 'publik', 'kentang', 'kapan', 'lite', 'gwe', 'sudah', 'kuat', 'nihh']","['he', 'monnton', 'kasihh', 'tim', 'yang', 'bener', 'ngapa', 'dari', 'tadi', 'di', 'kasih', 'tim', 'yang', 'gak', 'bener', 'maen', 'udah', 'serius', 'tapi', 'tim', 'ngetroll', 'gimana', 'nyusahin', 'gwe', 'lagi', 'kasih', 'tim', 'yang', 'imbang', 'laahh', 'udhh', 'susah', 'susah', 'maen', 'mlh', 'kena', 'trol', 'publik', 'udah', 'hp', 'kentang', 'dan', 'kapan', 'ada', 'ml', 'lite', 'hp', 'gwe', 'udh', 'gak', 'kuat', 'nihh']","['he', 'monnton', 'kasihh', 'team', 'yang', 'benar', 'ngapa', 'dari', 'tadi', 'di', 'kasih', 'team', 'yang', 'tidak', 'benar', 'main', 'udah', 'serius', 'tapi', 'team', 'ngetroll', 'gimana', 'nyusahin', 'gwe', 'lagi', 'kasih', 'team', 'yang', 'imbang', 'laahh', 'udhh', 'susah', 'susah', 'main', 'mlh', 'kena', 'trol', 'publik', 'udah', 'hp', 'kentang', 'dan', 'kapan', 'ada', 'ml', 'lite', 'hp', 'gwe', 'sudah', 'tidak', 'kuat', 'nihh']",,negative
miftah pratama,musuhnya susah banget,2.1.18.11201,musuhnya susah banget,"['musuhnya', 'susah', 'banget']","['musuhnya', 'susah', 'banget']","['musuh', 'susah', 'banget']","['musuh', 'susah', 'banget']","['musuh', 'susah', 'banget']",,positive
Rifki Firmansyah,"makin sinii makin ga jelas, jaringan ijoo tapi nglag mulu taii",,"makin sinii makin ga jelas, jaringan ijoo tapi nglag mulu taii","['makin', 'sinii', 'makin', 'ga', 'jelas', ',', 'jaringan', 'ijoo', 'tapi', 'nglag', 'mulu', 'taii']","['makin', 'sinii', 'makin', 'ga', 'jelas', 'jaringan', 'ijoo', 'tapi', 'nglag', 'mulu', 'taii']","['makin', 'makin', 'jelas', 'ijoo', 'nglag', 'taii']","['makin', 'sini', 'makin', 'ga', 'jelas', 'jaring', 'ijoo', 'tapi', 'nglag', 'mulu', 'taii']","['makin', 'sini', 'makin', 'tidak', 'jelas', 'jaring', 'ijoo', 'tapi', 'nglag', 'mulu', 'taii']",,negative
Zein Tech,"makin lama makin cacat servernya masa kecepetan wifi 100mbs masih aja ngelag sampe 300, game Laen lancar lancar ajaa, kebanyakan makan skin dan fitur ga guna",2.1.18.11201,"makin lama makin cacat servernya masa kecepetan wifi 100mbs masih aja ngelag sampe 300, game laen lancar lancar ajaa, kebanyakan makan skin dan fitur ga guna","['makin', 'lama', 'makin', 'cacat', 'servernya', 'masa', 'kecepetan', 'wifi', '100mbs', 'masih', 'aja', 'ngelag', 'sampe', '300', ',', 'game', 'laen', 'lancar', 'lancar', 'ajaa', ',', 'kebanyakan', 'makan', 'skin', 'dan', 'fitur', 'ga', 'guna']","['makin', 'lama', 'makin', 'cacat', 'servernya', 'masa', 'kecepetan', 'wifi', 'mbs', 'masih', 'aja', 'ngelag', 'sampe', 'game', 'laen', 'lancar', 'lancar', 'ajaa', 'kebanyakan', 'makan', 'skin', 'dan', 'fitur', 'ga', 'guna']","['makin', 'lama', 'makin', 'cacat', 'servernya', 'masa', 'kecepetan', 'wifi', 'mbs', 'lag', 'sampai', 'laen', 'lancar', 'lancar', 'ajaa', 'banyak', 'makan', 'skin', 'guna']","['makin', 'lama', 'makin', 'cacat', 'servernya', 'masa', 'kecepetan', 'wifi', 'mbs', 'masih', 'aja', 'ngelag', 'sampe', 'game', 'laen', 'lancar', 'lancar', 'ajaa', 'banyak', 'makan', 'skin', 'dan', 'fitur', 'ga', 'guna']","['makin', 'lama', 'makin', 'cacat', 'servernya', 'masa', 'kecepetan', 'wifi', 'mbs', 'masih', 'aja', 'lag', 'sampai', 'game', 'laen', 'lancar', 'lancar', 'ajaa', 'banyak', 'makan', 'skin', 'dan', 'fitur', 'tidak', 'guna']",,negative
Aayubi Ae,gem apalah pembuat setres banyak drak sistem,2.1.18.11201,gem apalah pembuat setres banyak drak sistem,"['gem', 'apalah', 'pembuat', 'setres', 'banyak', 'drak', 'sistem']","['gem', 'apalah', 'pembuat', 'setres', 'banyak', 'drak', 'sistem']","['tres', 'banyak', 'gelap']","['gem', 'apa', 'buat', 'tres', 'banyak', 'drak', 'sistem']","['game', 'apa', 'buat', 'tres', 'banyak', 'gelap', 'sistem']",,negative
M rezky Pratama,game tolol anj,,game tolol anj,"['game', 'tolol', 'anj']","['game', 'tolol', 'anj']","['tolol', 'anj']","['game', 'tolol', 'anj']","['game', 'tolol', 'anj']",,negative
Riko Bagus,Sinyal ijo tapi dipencet merah.apaan dah ping bagus padahal,,sinyal ijo tapi dipencet merah.apaan dah ping bagus padahal,"['sinyal', 'ijo', 'tapi', 'dipencet', 'merah.apaan', 'dah', 'ping', 'bagus', 'padahal']","['sinyal', 'ijo', 'tapi', 'dipencet', 'merahapaan', 'dah', 'ping', 'bagus', 'padahal']","['sinyal', 'ijo', 'pencet', 'merahapaan', 'sudah', 'ping', 'bagus']","['sinyal', 'ijo', 'tapi', 'pencet', 'merahapaan', 'dah', 'ping', 'bagus', 'padahal']","['sinyal', 'ijo', 'tapi', 'pencet', 'merahapaan', 'sudah', 'ping', 'bagus', 'padahal']",,positive
Gibran,nambah stres main ini game dapat tim nggak jelas semua dikit dikit menang dikit dikit kalah gitu aja terus sampai semua pemain pindah ke Roblox,1.9.99.10932,nambah stres main ini game dapat tim nggak jelas semua dikit dikit menang dikit dikit kalah gitu aja terus sampai semua pemain pindah ke roblox,"['nambah', 'stres', 'main', 'ini', 'game', 'dapat', 'tim', 'nggak', 'jelas', 'semua', 'dikit', 'dikit', 'menang', 'dikit', 'dikit', 'kalah', 'gitu', 'aja', 'terus', 'sampai', 'semua', 'pemain', 'pindah', 'ke', 'roblox']","['nambah', 'stres', 'main', 'ini', 'game', 'dapat', 'tim', 'nggak', 'jelas', 'semua', 'dikit', 'dikit', 'menang', 'dikit', 'dikit', 'kalah', 'gitu', 'aja', 'terus', 'sampai', 'semua', 'pemain', 'pindah', 'ke', 'roblox']","['nambah', 'stres', 'jelas', 'semua', 'sedikit', 'sedikit', 'menang', 'sedikit', 'sedikit', 'kalah', 'gitu', 'sampai', 'semua', 'pindah', 'roblox']","['nambah', 'stres', 'main', 'ini', 'game', 'dapat', 'tim', 'nggak', 'jelas', 'semua', 'dikit', 'dikit', 'menang', 'dikit', 'dikit', 'kalah', 'gitu', 'aja', 'terus', 'sampai', 'semua', 'main', 'pindah', 'ke', 'roblox']","['nambah', 'stres', 'main', 'ini', 'game', 'dapat', 'team', 'tidak', 'jelas', 'semua', 'sedikit', 'sedikit', 'menang', 'sedikit', 'sedikit', 'kalah', 'gitu', 'aja', 'terus', 'sampai', 'semua', 'main', 'pindah', 'ke', 'roblox']",,negative
imam santoso,lain kali klo gw lagi winstreak gausah lu kasih tim busuk terus tim musuh jago napa sih minimal setara gitu napa gw udah lose streak 7 × jing gw udh capek nge hadepin matchmaking yg ga setara tel,2.1.18.11201,lain kali klo gw lagi winstreak gausah lu kasih tim busuk terus tim musuh jago napa sih minimal setara gitu napa gw udah lose streak 7 × jing gw udh capek nge hadepin matchmaking yg ga setara tel,"['lain', 'kali', 'klo', 'gw', 'lagi', 'winstreak', 'gausah', 'lu', 'kasih', 'tim', 'busuk', 'terus', 'tim', 'musuh', 'jago', 'napa', 'sih', 'minimal', 'setara', 'gitu', 'napa', 'gw', 'udah', 'lose', 'streak', '7', '×', 'jing', 'gw', 'udh', 'capek', 'nge', 'hadepin', 'matchmaking', 'yg', 'ga', 'setara', 'tel']","['lain', 'kali', 'klo', 'gw', 'lagi', 'winstreak', 'gausah', 'lu', 'kasih', 'tim', 'busuk', 'terus', 'tim', 'musuh', 'jago', 'napa', 'sih', 'minimal', 'setara', 'gitu', 'napa', 'gw', 'udah', 'lose', 'streak', 'jing', 'gw', 'udh', 'capek', 'nge', 'hadepin', 'matchmaking', 'yg', 'ga', 'setara', 'tel']","['lain', 'winstreak', 'gausah', 'busuk', 'musuh', 'jago', 'napa', 'minimal', 'gitu', 'napa', 'lose', 'streak', 'jing', 'sudah', 'capek', 'hadepin', 'tel']","['lain', 'kali', 'klo', 'gw', 'lagi', 'winstreak', 'gausah', 'lu', 'kasih', 'tim', 'busuk', 'terus', 'tim', 'musuh', 'jago', 'napa', 'sih', 'minimal', 'tara', 'gitu', 'napa', 'gw', 'udah', 'lose', 'streak', 'jing', 'gw', 'udh', 'capek', 'nge', 'hadepin', 'matchmaking', 'yg', 'ga', 'tara', 'tel']","['lain', 'kali', 'kalau', 'aku', 'lagi', 'winstreak', 'gausah', 'kamu', 'kasih', 'team', 'busuk', 'terus', 'team', 'musuh', 'jago', 'napa', 'sih', 'minimal', 'tara', 'gitu', 'napa', 'aku', 'udah', 'lose', 'streak', 'jing', 'aku', 'sudah', 'capek', 'nge', 'hadepin', 'matchmaking', 'yang', 'tidak', 'tara', 'tel']",,negative
Hafiz Akbar,Don't download this game because it's not good for your health.,2.1.18.11201,don't download this game because it's not good for your health.,"['do', ""n't"", 'download', 'this', 'game', 'because', 'it', ""'s"", 'not', 'good', 'for', 'your', 'health', '.']","['do', 'nt', 'download', 'this', 'game', 'because', 'it', 's', 'not', 'good', 'for', 'your', 'health']","['do', 'nt', 'this', 'because', 'it', 'not', 'good', 'for', 'your', 'health']","['do', 'nt', 'download', 'this', 'game', 'because', 'it', 's', 'not', 'good', 'for', 'your', 'health']","['do', 'nt', 'download', 'this', 'game', 'because', 'it', 's', 'not', 'good', 'for', 'your', 'health']",,negative
Imam Saputra,"PERBAIKI BUG JARINGAN KOCAK, ANEH BGT SOSMED YT SEMUANYA LANCAR, PAS MAIN JARNGAN NYA NAIK TURUN ANEH BGT KOCAK MONTON",2.1.18.11201,"perbaiki bug jaringan kocak, aneh bgt sosmed yt semuanya lancar, pas main jarngan nya naik turun aneh bgt kocak monton","['perbaiki', 'bug', 'jaringan', 'kocak', ',', 'aneh', 'bgt', 'sosmed', 'yt', 'semuanya', 'lancar', ',', 'pas', 'main', 'jarngan', 'nya', 'naik', 'turun', 'aneh', 'bgt', 'kocak', 'monton']","['perbaiki', 'bug', 'jaringan', 'kocak', 'aneh', 'bgt', 'sosmed', 'yt', 'semuanya', 'lancar', 'pas', 'main', 'jarngan', 'nya', 'naik', 'turun', 'aneh', 'bgt', 'kocak', 'monton']","['baik', 'bug', 'kocak', 'aneh', 'banget', 'sosmed', 'yt', 'semua', 'lancar', 'jarngan', 'naik', 'turun', 'aneh', 'banget', 'kocak']","['baik', 'bug', 'jaring', 'kocak', 'aneh', 'bgt', 'sosmed', 'yt', 'semua', 'lancar', 'pas', 'main', 'jarngan', 'nya', 'naik', 'turun', 'aneh', 'bgt', 'kocak', 'monton']","['baik', 'bug', 'jaring', 'kocak', 'aneh', 'banget', 'sosmed', 'yt', 'semua', 'lancar', 'pas', 'main', 'jarngan', 'nya', 'naik', 'turun', 'aneh', 'banget', 'kocak', 'moonton']",,negative
Nazril Ilham,seru tambah mengenang kan saya,,seru tambah mengenang kan saya,"['seru', 'tambah', 'mengenang', 'kan', 'saya']","['seru', 'tambah', 'mengenang', 'kan', 'saya']","['seru', 'tambah', 'kenang']","['seru', 'tambah', 'kenang', 'kan', 'saya']","['seru', 'tambah', 'kenang', 'kan', 'aku']",,positive
Rafa Ahmad,tolong hapus bag yang masih ada kok saya main tiba tiba gelek padahal sinyal lancar buat aplikasi lain lancar tapi buwat ml kok ngelek main brawel gak ngelek tapi main reng ngelek banget,2.1.18.11201,tolong hapus bag yang masih ada kok saya main tiba tiba gelek padahal sinyal lancar buat aplikasi lain lancar tapi buwat ml kok ngelek main brawel gak ngelek tapi main reng ngelek banget,"['tolong', 'hapus', 'bag', 'yang', 'masih', 'ada', 'kok', 'saya', 'main', 'tiba', 'tiba', 'gelek', 'padahal', 'sinyal', 'lancar', 'buat', 'aplikasi', 'lain', 'lancar', 'tapi', 'buwat', 'ml', 'kok', 'ngelek', 'main', 'brawel', 'gak', 'ngelek', 'tapi', 'main', 'reng', 'ngelek', 'banget']","['tolong', 'hapus', 'bag', 'yang', 'masih', 'ada', 'kok', 'saya', 'main', 'tiba', 'tiba', 'gelek', 'padahal', 'sinyal', 'lancar', 'buat', 'aplikasi', 'lain', 'lancar', 'tapi', 'buwat', 'ml', 'kok', 'ngelek', 'main', 'brawel', 'gak', 'ngelek', 'tapi', 'main', 'reng', 'ngelek', 'banget']","['tolong', 'hapus', 'bag', 'gelek', 'sinyal', 'lancar', 'aplikasi', 'lain', 'lancar', 'buwat', 'lag', 'brawel', 'lag', 'reng', 'lag', 'banget']","['tolong', 'hapus', 'bag', 'yang', 'masih', 'ada', 'kok', 'saya', 'main', 'tiba', 'tiba', 'gelek', 'padahal', 'sinyal', 'lancar', 'buat', 'aplikasi', 'lain', 'lancar', 'tapi', 'buwat', 'ml', 'kok', 'ngelek', 'main', 'brawel', 'gak', 'ngelek', 'tapi', 'main', 'reng', 'ngelek', 'banget']","['tolong', 'hapus', 'bag', 'yang', 'masih', 'ada', 'kok', 'aku', 'main', 'tiba', 'tiba', 'gelek', 'padahal', 'sinyal', 'lancar', 'buat', 'aplikasi', 'lain', 'lancar', 'tapi', 'buwat', 'ml', 'kok', 'lag', 'main', 'brawel', 'tidak', 'lag', 'tapi', 'main', 'reng', 'lag', 'banget']",,neutral
awaa,"ngelag bangett kl di in game, tim bapuk",1.9.99.10932,"ngelag bangett kl di in game, tim bapuk","['ngelag', 'bangett', 'kl', 'di', 'in', 'game', ',', 'tim', 'bapuk']","['ngelag', 'bangett', 'kl', 'di', 'in', 'game', 'tim', 'bapuk']","['lag', 'bangett', 'kl', 'bapuk']","['ngelag', 'bangett', 'kl', 'di', 'in', 'game', 'tim', 'bapuk']","['lag', 'bangett', 'kl', 'di', 'in', 'game', 'team', 'bapuk']",,negative
Ahmad Bilal alfarisi,"game nya bagus tapi tolong kalo lu nih pembuat game nya, lu kalo dah ngasih musuh susah dan tim sampah ya jangan di bikin lag lah, jaringan gw bagus ijo paket masih banyak tapi di kasih lag, jln di tempat, jadi tolong lah di baca keluhan ku ini. Tolong banget gak usah pake lag lag kan segala, kalau udh ngasih Mach yang susah yaudah jangan ditambah lag lagi nambah cape, harus lawan musuh, gendong tim, ini lagi jaringan di kasih lag apa coba jadi tolong ya di perbaiki 🙏🙏",2.1.18.11201,"game nya bagus tapi tolong kalo lu nih pembuat game nya, lu kalo dah ngasih musuh susah dan tim sampah ya jangan di bikin lag lah, jaringan gw bagus ijo paket masih banyak tapi di kasih lag, jln di tempat, jadi tolong lah di baca keluhan ku ini. tolong banget gak usah pake lag lag kan segala, kalau udh ngasih mach yang susah yaudah jangan ditambah lag lagi nambah cape, harus lawan musuh, gendong tim, ini lagi jaringan di kasih lag apa coba jadi tolong ya di perbaiki 🙏🙏","['game', 'nya', 'bagus', 'tapi', 'tolong', 'kalo', 'lu', 'nih', 'pembuat', 'game', 'nya', ',', 'lu', 'kalo', 'dah', 'ngasih', 'musuh', 'susah', 'dan', 'tim', 'sampah', 'ya', 'jangan', 'di', 'bikin', 'lag', 'lah', ',', 'jaringan', 'gw', 'bagus', 'ijo', 'paket', 'masih', 'banyak', 'tapi', 'di', 'kasih', 'lag', ',', 'jln', 'di', 'tempat', ',', 'jadi', 'tolong', 'lah', 'di', 'baca', 'keluhan', 'ku', 'ini', '.', 'tolong', 'banget', 'gak', 'usah', 'pake', 'lag', 'lag', 'kan', 'segala', ',', 'kalau', 'udh', 'ngasih', 'mach', 'yang', 'susah', 'yaudah', 'jangan', 'ditambah', 'lag', 'lagi', 'nambah', 'cape', ',', 'harus', 'lawan', 'musuh', ',', 'gendong', 'tim', ',', 'ini', 'lagi', 'jaringan', 'di', 'kasih', 'lag', 'apa', 'coba', 'jadi', 'tolong', 'ya', 'di', 'perbaiki', '🙏🙏']","['game', 'nya', 'bagus', 'tapi', 'tolong', 'kalo', 'lu', 'nih', 'pembuat', 'game', 'nya', 'lu', 'kalo', 'dah', 'ngasih', 'musuh', 'susah', 'dan', 'tim', 'sampah', 'ya', 'jangan', 'di', 'bikin', 'lag', 'lah', 'jaringan', 'gw', 'bagus', 'ijo', 'paket', 'masih', 'banyak', 'tapi', 'di', 'kasih', 'lag', 'jln', 'di', 'tempat', 'jadi', 'tolong', 'lah', 'di', 'baca', 'keluhan', 'ku', 'ini', 'tolong', 'banget', 'gak', 'usah', 'pake', 'lag', 'lag', 'kan', 'segala', 'kalau', 'udh', 'ngasih', 'mach', 'yang', 'susah', 'yaudah', 'jangan', 'ditambah', 'lag', 'lagi', 'nambah', 'cape', 'harus', 'lawan', 'musuh', 'gendong', 'tim', 'ini', 'lagi', 'jaringan', 'di', 'kasih', 'lag', 'apa', 'coba', 'jadi', 'tolong', 'ya', 'di', 'perbaiki']","['bagus', 'tolong', 'sudah', 'beri', 'musuh', 'susah', 'sampah', 'jangan', 'lag', 'bagus', 'ijo', 'paket', 'banyak', 'lag', 'jln', 'tempat', 'tolong', 'keluh', 'tolong', 'banget', 'usah', 'lag', 'lag', 'segala', 'sudah', 'beri', 'mach', 'susah', 'yaudah', 'jangan', 'tambah', 'lag', 'nambah', 'cape', 'lawan', 'musuh', 'gendong', 'lag', 'coba', 'tolong', 'baik']","['game', 'nya', 'bagus', 'tapi', 'tolong', 'kalo', 'lu', 'nih', 'buat', 'game', 'nya', 'lu', 'kalo', 'dah', 'ngasih', 'musuh', 'susah', 'dan', 'tim', 'sampah', 'ya', 'jangan', 'di', 'bikin', 'lag', 'lah', 'jaring', 'gw', 'bagus', 'ijo', 'paket', 'masih', 'banyak', 'tapi', 'di', 'kasih', 'lag', 'jln', 'di', 'tempat', 'jadi', 'tolong', 'lah', 'di', 'baca', 'keluh', 'ku', 'ini', 'tolong', 'banget', 'gak', 'usah', 'pake', 'lag', 'lag', 'kan', 'segala', 'kalau', 'udh', 'ngasih', 'mach', 'yang', 'susah', 'yaudah', 'jangan', 'tambah', 'lag', 'lagi', 'nambah', 'cape', 'harus', 'lawan', 'musuh', 'gendong', 'tim', 'ini', 'lagi', 'jaring', 'di', 'kasih', 'lag', 'apa', 'coba', 'jadi', 'tolong', 'ya', 'di', 'baik']","['game', 'nya', 'bagus', 'tapi', 'tolong', 'kalau', 'kamu', 'nih', 'buat', 'game', 'nya', 'kamu', 'kalau', 'sudah', 'beri', 'musuh', 'susah', 'dan', 'team', 'sampah', 'ya', 'jangan', 'di', 'bikin', 'lag', 'lah', 'jaring', 'aku', 'bagus', 'ijo', 'paket', 'masih', 'banyak', 'tapi', 'di', 'kasih', 'lag', 'jln', 'di', 'tempat', 'jadi', 'tolong', 'lah', 'di', 'baca', 'keluh', 'ku', 'ini', 'tolong', 'banget', 'tidak', 'usah', 'pakai', 'lag', 'lag', 'kan', 'segala', 'kalau', 'sudah', 'beri', 'mach', 'yang', 'susah', 'yaudah', 'jangan', 'tambah', 'lag', 'lagi', 'nambah', 'cape', 'harus', 'lawan', 'musuh', 'gendong', 'team', 'ini', 'lagi', 'jaring', 'di', 'kasih', 'lag', 'apa', 'coba', 'jadi', 'tolong', 'ya', 'di', 'baik']",,negative
Waprea 2000,menurutku ni game mungkin iri sama pemain nya karena baru win 1-3 kali udah di kasih musuh jago+teman bego dan di ulangin sampai bintang habis game apa kaya gini smph,,menurutku ni game mungkin iri sama pemain nya karena baru win 1-3 kali udah di kasih musuh jago+teman bego dan di ulangin sampai bintang habis game apa kaya gini smph,"['menurutku', 'ni', 'game', 'mungkin', 'iri', 'sama', 'pemain', 'nya', 'karena', 'baru', 'win', '1-3', 'kali', 'udah', 'di', 'kasih', 'musuh', 'jago+teman', 'bego', 'dan', 'di', 'ulangin', 'sampai', 'bintang', 'habis', 'game', 'apa', 'kaya', 'gini', 'smph']","['menurutku', 'ni', 'game', 'mungkin', 'iri', 'sama', 'pemain', 'nya', 'karena', 'baru', 'win', 'kali', 'udah', 'di', 'kasih', 'musuh', 'jagoteman', 'bego', 'dan', 'di', 'ulangin', 'sampai', 'bintang', 'habis', 'game', 'apa', 'kaya', 'gini', 'smph']","['mungkin', 'iri', 'baru', 'win', 'musuh', 'jago', 'bego', 'ulangin', 'sampai', 'bintang', 'habis', 'smph']","['turut', 'ni', 'game', 'mungkin', 'iri', 'sama', 'main', 'nya', 'karena', 'baru', 'win', 'kali', 'udah', 'di', 'kasih', 'musuh', 'jagoteman', 'bego', 'dan', 'di', 'ulangin', 'sampai', 'bintang', 'habis', 'game', 'apa', 'kaya', 'gin', 'smph']","['turut', 'ini', 'game', 'mungkin', 'iri', 'sama', 'main', 'nya', 'karena', 'baru', 'win', 'kali', 'udah', 'di', 'kasih', 'musuh', 'jago', 'bego', 'dan', 'di', 'ulangin', 'sampai', 'bintang', 'habis', 'game', 'apa', 'seperti', 'game', 'smph']",,negative
Dikiahmad Fauzi,MONTOON MONYET,1.9.99.10932,montoon monyet,"['montoon', 'monyet']","['montoon', 'monyet']",['monyet'],"['montoon', 'monyet']","['moonton', 'monyet']",,negative
Batik Madrim,sudah susah susah dapat kode redem malah gak bisa dapat emot padahal sudah lihat dan kena tapi gak diizini sama monton plis monton aku sudah capet 😭😭😭😭😭😭😭😭😭😭😭😭😭😭😭😭😭😭,2.1.18.11201,sudah susah susah dapat kode redem malah gak bisa dapat emot padahal sudah lihat dan kena tapi gak diizini sama monton plis monton aku sudah capet 😭😭😭😭😭😭😭😭😭😭😭😭😭😭😭😭😭😭,"['sudah', 'susah', 'susah', 'dapat', 'kode', 'redem', 'malah', 'gak', 'bisa', 'dapat', 'emot', 'padahal', 'sudah', 'lihat', 'dan', 'kena', 'tapi', 'gak', 'diizini', 'sama', 'monton', 'plis', 'monton', 'aku', 'sudah', 'capet', '😭😭😭😭😭😭😭😭😭😭😭😭😭😭😭😭😭😭']","['sudah', 'susah', 'susah', 'dapat', 'kode', 'redem', 'malah', 'gak', 'bisa', 'dapat', 'emot', 'padahal', 'sudah', 'lihat', 'dan', 'kena', 'tapi', 'gak', 'diizini', 'sama', 'monton', 'plis', 'monton', 'aku', 'sudah', 'capet']","['sudah', 'susah', 'susah', 'kode', 'redem', 'emot', 'sudah', 'lihat', 'kena', 'izin', 'sudah', 'capet']","['sudah', 'susah', 'susah', 'dapat', 'kode', 'redem', 'malah', 'gak', 'bisa', 'dapat', 'emot', 'padahal', 'sudah', 'lihat', 'dan', 'kena', 'tapi', 'gak', 'izin', 'sama', 'monton', 'plis', 'monton', 'aku', 'sudah', 'capet']","['sudah', 'susah', 'susah', 'dapat', 'kode', 'redem', 'malah', 'tidak', 'bisa', 'dapat', 'emot', 'padahal', 'sudah', 'lihat', 'dan', 'kena', 'tapi', 'tidak', 'izin', 'sama', 'moonton', 'plis', 'moonton', 'aku', 'sudah', 'capet']",,negative
Timi Time,lawak montoon sekarang gak becus dalam tangani akun ml yg di pakai komputer apa ini yg di namakan game,2.1.18.11201,lawak montoon sekarang gak becus dalam tangani akun ml yg di pakai komputer apa ini yg di namakan game,"['lawak', 'montoon', 'sekarang', 'gak', 'becus', 'dalam', 'tangani', 'akun', 'ml', 'yg', 'di', 'pakai', 'komputer', 'apa', 'ini', 'yg', 'di', 'namakan', 'game']","['lawak', 'montoon', 'sekarang', 'gak', 'becus', 'dalam', 'tangani', 'akun', 'ml', 'yg', 'di', 'pakai', 'komputer', 'apa', 'ini', 'yg', 'di', 'namakan', 'game']","['lawak', 'sekarang', 'becus', 'dalam', 'tangan', 'akun', 'komputer']","['lawak', 'montoon', 'sekarang', 'gak', 'becus', 'dalam', 'tangan', 'akun', 'ml', 'yg', 'di', 'pakai', 'komputer', 'apa', 'ini', 'yg', 'di', 'nama', 'game']","['lawak', 'moonton', 'sekarang', 'tidak', 'becus', 'dalam', 'tangan', 'akun', 'ml', 'yang', 'di', 'pakai', 'komputer', 'apa', 'ini', 'yang', 'di', 'nama', 'game']",,negative
Raffi Idriz,banyak drak sistem komtol,2.1.18.11201,banyak drak sistem komtol,"['banyak', 'drak', 'sistem', 'komtol']","['banyak', 'drak', 'sistem', 'komtol']","['banyak', 'gelap', 'komtol']","['banyak', 'drak', 'sistem', 'komtol']","['banyak', 'gelap', 'sistem', 'komtol']",,negative
Manggis Harapan,"hallo tim support. saya ada sedikit keluhan, habis update patch terbaru ini untuk device redmi note 8 pro lag parah ketika last pick hero (ketika semua sudah pick hero/menyiapkan pertandingan), sangking lag parah kami tidak bisa costum emblem, sebelumnya sebelum update peta atau patch terbaru aman2 saja. dan ini sangat merugikan player dalam pertempuran terkadang 30 detik sudah jalan baru masuk ke pertandingan. ini sudah saya coba juga di device yang sama. ternyata sama juga. terimakasih",,"hallo tim support. saya ada sedikit keluhan, habis update patch terbaru ini untuk device redmi note 8 pro lag parah ketika last pick hero (ketika semua sudah pick hero/menyiapkan pertandingan), sangking lag parah kami tidak bisa costum emblem, sebelumnya sebelum update peta atau patch terbaru aman2 saja. dan ini sangat merugikan player dalam pertempuran terkadang 30 detik sudah jalan baru masuk ke pertandingan. ini sudah saya coba juga di device yang sama. ternyata sama juga. terimakasih","['hallo', 'tim', 'support', '.', 'saya', 'ada', 'sedikit', 'keluhan', ',', 'habis', 'update', 'patch', 'terbaru', 'ini', 'untuk', 'device', 'redmi', 'note', '8', 'pro', 'lag', 'parah', 'ketika', 'last', 'pick', 'hero', '(', 'ketika', 'semua', 'sudah', 'pick', 'hero/menyiapkan', 'pertandingan', ')', ',', 'sangking', 'lag', 'parah', 'kami', 'tidak', 'bisa', 'costum', 'emblem', ',', 'sebelumnya', 'sebelum', 'update', 'peta', 'atau', 'patch', 'terbaru', 'aman2', 'saja', '.', 'dan', 'ini', 'sangat', 'merugikan', 'player', 'dalam', 'pertempuran', 'terkadang', '30', 'detik', 'sudah', 'jalan', 'baru', 'masuk', 'ke', 'pertandingan', '.', 'ini', 'sudah', 'saya', 'coba', 'juga', 'di', 'device', 'yang', 'sama', '.', 'ternyata', 'sama', 'juga', '.', 'terimakasih']","['hallo', 'tim', 'support', 'saya', 'ada', 'sedikit', 'keluhan', 'habis', 'update', 'patch', 'terbaru', 'ini', 'untuk', 'device', 'redmi', 'note', 'pro', 'lag', 'parah', 'ketika', 'last', 'pick', 'hero', 'ketika', 'semua', 'sudah', 'pick', 'heromenyiapkan', 'pertandingan', 'sangking', 'lag', 'parah', 'kami', 'tidak', 'bisa', 'costum', 'emblem', 'sebelumnya', 'sebelum', 'update', 'peta', 'atau', 'patch', 'terbaru', 'aman', 'saja', 'dan', 'ini', 'sangat', 'merugikan', 'player', 'dalam', 'pertempuran', 'terkadang', 'detik', 'sudah', 'jalan', 'baru', 'masuk', 'ke', 'pertandingan', 'ini', 'sudah', 'saya', 'coba', 'juga', 'di', 'device', 'yang', 'sama', 'ternyata', 'sama', 'juga', 'terimakasih']","['hallo', 'support', 'sedikit', 'keluh', 'habis', 'update', 'patch', 'baru', 'device', 'redmi', 'note', 'pro', 'lag', 'parah', 'last', 'semua', 'sudah', 'heromenyiapkan', 'tanding', 'sangking', 'lag', 'parah', 'costum', 'emblem', 'belum', 'belum', 'update', 'peta', 'patch', 'baru', 'aman', 'rugi', 'dalam', 'tempur', 'terkadang', 'detik', 'sudah', 'jalan', 'baru', 'masuk', 'tanding', 'sudah', 'coba', 'device', 'nyata', 'terimakasih']","['hallo', 'tim', 'support', 'saya', 'ada', 'sedikit', 'keluh', 'habis', 'update', 'patch', 'baru', 'ini', 'untuk', 'device', 'redmi', 'note', 'pro', 'lag', 'parah', 'ketika', 'last', 'pick', 'hero', 'ketika', 'semua', 'sudah', 'pick', 'heromenyiapkan', 'tanding', 'sangking', 'lag', 'parah', 'kami', 'tidak', 'bisa', 'costum', 'emblem', 'belum', 'belum', 'update', 'peta', 'atau', 'patch', 'baru', 'aman', 'saja', 'dan', 'ini', 'sangat', 'rugi', 'player', 'dalam', 'tempur', 'terkadang', 'detik', 'sudah', 'jalan', 'baru', 'masuk', 'ke', 'tanding', 'ini', 'sudah', 'saya', 'coba', 'juga', 'di', 'device', 'yang', 'sama', 'nyata', 'sama', 'juga', 'terimakasih']","['hallo', 'team', 'support', 'aku', 'ada', 'sedikit', 'keluh', 'habis', 'update', 'patch', 'baru', 'ini', 'untuk', 'device', 'redmi', 'note', 'pro', 'lag', 'parah', 'ketika', 'last', 'pick', 'hero', 'ketika', 'semua', 'sudah', 'pick', 'heromenyiapkan', 'tanding', 'sangking', 'lag', 'parah', 'kami', 'tidak', 'bisa', 'costum', 'emblem', 'belum', 'belum', 'update', 'peta', 'atau', 'patch', 'baru', 'aman', 'saja', 'dan', 'ini', 'sangat', 'rugi', 'player', 'dalam', 'tempur', 'terkadang', 'detik', 'sudah', 'jalan', 'baru', 'masuk', 'ke', 'tanding', 'ini', 'sudah', 'aku', 'coba', 'juga', 'di', 'device', 'yang', 'sama', 'nyata', 'sama', 'juga', 'terimakasih']",,negative
Xiaomi Mazse,"banyak draksistem,mumet das ku",2.1.18.11201,"banyak draksistem,mumet das ku","['banyak', 'draksistem', ',', 'mumet', 'das', 'ku']","['banyak', 'draksistem', 'mumet', 'das', 'ku']","['banyak', 'draksistem', 'mumet', 'das']","['banyak', 'draksistem', 'mumet', 'das', 'ku']","['banyak', 'draksistem', 'mumet', 'das', 'ku']",,negative
Febri Ana,sinyal bagus tapi masih lag,1.9.99.10932,sinyal bagus tapi masih lag,"['sinyal', 'bagus', 'tapi', 'masih', 'lag']","['sinyal', 'bagus', 'tapi', 'masih', 'lag']","['sinyal', 'bagus', 'lag']","['sinyal', 'bagus', 'tapi', 'masih', 'lag']","['sinyal', 'bagus', 'tapi', 'masih', 'lag']",,positive
Allihcsanpurnamansa Ihcsan,sangat bagus,2.1.18.11201,sangat bagus,"['sangat', 'bagus']","['sangat', 'bagus']",['bagus'],"['sangat', 'bagus']","['sangat', 'bagus']",,positive
Idris Saldi,moonton parah kalo maen solo di kasi tim nya darksistem trus kalo gini cara nya makin lama makin males maen ML nya,,moonton parah kalo maen solo di kasi tim nya darksistem trus kalo gini cara nya makin lama makin males maen ml nya,"['moonton', 'parah', 'kalo', 'maen', 'solo', 'di', 'kasi', 'tim', 'nya', 'darksistem', 'trus', 'kalo', 'gini', 'cara', 'nya', 'makin', 'lama', 'makin', 'males', 'maen', 'ml', 'nya']","['moonton', 'parah', 'kalo', 'maen', 'solo', 'di', 'kasi', 'tim', 'nya', 'darksistem', 'trus', 'kalo', 'gini', 'cara', 'nya', 'makin', 'lama', 'makin', 'males', 'maen', 'ml', 'nya']","['parah', 'kasi', 'darksistem', 'makin', 'lama', 'makin', 'males']","['moonton', 'parah', 'kalo', 'maen', 'solo', 'di', 'kasi', 'tim', 'nya', 'darksistem', 'trus', 'kalo', 'gin', 'cara', 'nya', 'makin', 'lama', 'makin', 'males', 'maen', 'ml', 'nya']","['moonton', 'parah', 'kalau', 'main', 'solo', 'di', 'kasi', 'team', 'nya', 'darksistem', 'terus', 'kalau', 'game', 'cara', 'nya', 'makin', 'lama', 'makin', 'males', 'main', 'ml', 'nya']",,negative
Nay_123,"kenapa di season ini makin buruk? jaringan gua udah bagus, buka apk lain pun lancar tapi pas main ni game lag banget, pas gua diem di lobby kadang muter muter, pas draft pick 10 detik terakhir selalu lag, in game juga, ping gua ijo pdhl tapi malah lag bgt, apalagi pas war tbtb ping jdi merah. season² sebelumnya lancar aj, entah ini hp kentang gua yg udh g kuat atau gmn, tapi tolong lah moonton perbaiki sistem lu, jangan dikit dikit yang lu pikirin cuma revamp revamp hero doang",2.1.18.11201,"kenapa di season ini makin buruk? jaringan gua udah bagus, buka apk lain pun lancar tapi pas main ni game lag banget, pas gua diem di lobby kadang muter muter, pas draft pick 10 detik terakhir selalu lag, in game juga, ping gua ijo pdhl tapi malah lag bgt, apalagi pas war tbtb ping jdi merah. season² sebelumnya lancar aj, entah ini hp kentang gua yg udh g kuat atau gmn, tapi tolong lah moonton perbaiki sistem lu, jangan dikit dikit yang lu pikirin cuma revamp revamp hero doang","['kenapa', 'di', 'season', 'ini', 'makin', 'buruk', '?', 'jaringan', 'gua', 'udah', 'bagus', ',', 'buka', 'apk', 'lain', 'pun', 'lancar', 'tapi', 'pas', 'main', 'ni', 'game', 'lag', 'banget', ',', 'pas', 'gua', 'diem', 'di', 'lobby', 'kadang', 'muter', 'muter', ',', 'pas', 'draft', 'pick', '10', 'detik', 'terakhir', 'selalu', 'lag', ',', 'in', 'game', 'juga', ',', 'ping', 'gua', 'ijo', 'pdhl', 'tapi', 'malah', 'lag', 'bgt', ',', 'apalagi', 'pas', 'war', 'tbtb', 'ping', 'jdi', 'merah', '.', 'season²', 'sebelumnya', 'lancar', 'aj', ',', 'entah', 'ini', 'hp', 'kentang', 'gua', 'yg', 'udh', 'g', 'kuat', 'atau', 'gmn', ',', 'tapi', 'tolong', 'lah', 'moonton', 'perbaiki', 'sistem', 'lu', ',', 'jangan', 'dikit', 'dikit', 'yang', 'lu', 'pikirin', 'cuma', 'revamp', 'revamp', 'hero', 'doang']","['kenapa', 'di', 'season', 'ini', 'makin', 'buruk', 'jaringan', 'gua', 'udah', 'bagus', 'buka', 'apk', 'lain', 'pun', 'lancar', 'tapi', 'pas', 'main', 'ni', 'game', 'lag', 'banget', 'pas', 'gua', 'diem', 'di', 'lobby', 'kadang', 'muter', 'muter', 'pas', 'draft', 'pick', 'detik', 'terakhir', 'selalu', 'lag', 'in', 'game', 'juga', 'ping', 'gua', 'ijo', 'pdhl', 'tapi', 'malah', 'lag', 'bgt', 'apalagi', 'pas', 'war', 'tbtb', 'ping', 'jdi', 'merah', 'season', 'sebelumnya', 'lancar', 'aj', 'entah', 'ini', 'hp', 'kentang', 'gua', 'yg', 'udh', 'g', 'kuat', 'atau', 'gmn', 'tapi', 'tolong', 'lah', 'moonton', 'perbaiki', 'sistem', 'lu', 'jangan', 'dikit', 'dikit', 'yang', 'lu', 'pikirin', 'cuma', 'revamp', 'revamp', 'hero', 'doang']","['kenapa', 'season', 'makin', 'buruk', 'bagus', 'buka', 'apk', 'lain', 'lancar', 'lag', 'banget', 'diem', 'lobby', 'kadang', 'muter', 'muter', 'draft', 'detik', 'akhir', 'selalu', 'lag', 'ping', 'ijo', 'pdhl', 'lag', 'banget', 'tbtb', 'ping', 'merah', 'season', 'belum', 'lancar', 'entah', 'kentang', 'sudah', 'kuat', 'gmn', 'tolong', 'baik', 'jangan', 'sedikit', 'sedikit', 'pikirin', 'cuma', 'revamp', 'revamp']","['kenapa', 'di', 'season', 'ini', 'makin', 'buruk', 'jaring', 'gua', 'udah', 'bagus', 'buka', 'apk', 'lain', 'pun', 'lancar', 'tapi', 'pas', 'main', 'ni', 'game', 'lag', 'banget', 'pas', 'gua', 'diem', 'di', 'lobby', 'kadang', 'muter', 'muter', 'pas', 'draft', 'pick', 'detik', 'akhir', 'selalu', 'lag', 'in', 'game', 'juga', 'ping', 'gua', 'ijo', 'pdhl', 'tapi', 'malah', 'lag', 'bgt', 'apalagi', 'pas', 'war', 'tbtb', 'ping', 'jdi', 'merah', 'season', 'belum', 'lancar', 'aj', 'entah', 'ini', 'hp', 'kentang', 'gua', 'yg', 'udh', 'g', 'kuat', 'atau', 'gmn', 'tapi', 'tolong', 'lah', 'moonton', 'baik', 'sistem', 'lu', 'jangan', 'dikit', 'dikit', 'yang', 'lu', 'pikirin', 'cuma', 'revamp', 'revamp', 'hero', 'doang']","['kenapa', 'di', 'season', 'ini', 'makin', 'buruk', 'jaring', 'aku', 'udah', 'bagus', 'buka', 'apk', 'lain', 'pun', 'lancar', 'tapi', 'pas', 'main', 'ini', 'game', 'lag', 'banget', 'pas', 'aku', 'diem', 'di', 'lobby', 'kadang', 'muter', 'muter', 'pas', 'draft', 'pick', 'detik', 'akhir', 'selalu', 'lag', 'in', 'game', 'juga', 'ping', 'aku', 'ijo', 'pdhl', 'tapi', 'malah', 'lag', 'banget', 'apalagi', 'pas', 'war', 'tbtb', 'ping', 'jadi', 'merah', 'season', 'belum', 'lancar', 'aja', 'entah', 'ini', 'hp', 'kentang', 'aku', 'yang', 'sudah', 'tidak', 'kuat', 'atau', 'gmn', 'tapi', 'tolong', 'lah', 'moonton', 'baik', 'sistem', 'kamu', 'jangan', 'sedikit', 'sedikit', 'yang', 'kamu', 'pikirin', 'cuma', 'revamp', 'revamp', 'hero', 'hanya']",,negative
Mizumi_starra Mizu,"ga suka di kasih tim yang ga cocok, terus kestabilan wifi dari kemarin jelek Mulu padahal data ga kenapa Napa tapi malah ngelek terus, mls main.",,"ga suka di kasih tim yang ga cocok, terus kestabilan wifi dari kemarin jelek mulu padahal data ga kenapa napa tapi malah ngelek terus, mls main.","['ga', 'suka', 'di', 'kasih', 'tim', 'yang', 'ga', 'cocok', ',', 'terus', 'kestabilan', 'wifi', 'dari', 'kemarin', 'jelek', 'mulu', 'padahal', 'data', 'ga', 'kenapa', 'napa', 'tapi', 'malah', 'ngelek', 'terus', ',', 'mls', 'main', '.']","['ga', 'suka', 'di', 'kasih', 'tim', 'yang', 'ga', 'cocok', 'terus', 'kestabilan', 'wifi', 'dari', 'kemarin', 'jelek', 'mulu', 'padahal', 'data', 'ga', 'kenapa', 'napa', 'tapi', 'malah', 'ngelek', 'terus', 'mls', 'main']","['suka', 'cocok', 'stabil', 'wifi', 'kemarin', 'jelek', 'kenapa', 'napa', 'lag', 'mls']","['ga', 'suka', 'di', 'kasih', 'tim', 'yang', 'ga', 'cocok', 'terus', 'stabil', 'wifi', 'dari', 'kemarin', 'jelek', 'mulu', 'padahal', 'data', 'ga', 'kenapa', 'napa', 'tapi', 'malah', 'ngelek', 'terus', 'mls', 'main']","['tidak', 'suka', 'di', 'kasih', 'team', 'yang', 'tidak', 'cocok', 'terus', 'stabil', 'wifi', 'dari', 'kemarin', 'jelek', 'mulu', 'padahal', 'data', 'tidak', 'kenapa', 'napa', 'tapi', 'malah', 'lag', 'terus', 'mls', 'main']",,negative
Davidokto4 Okto,game taik lag lag gak jelas memang game a*j*ng,,game taik lag lag gak jelas memang game a*j*ng,"['game', 'taik', 'lag', 'lag', 'gak', 'jelas', 'memang', 'game', 'a', '*', 'j', '*', 'ng']","['game', 'taik', 'lag', 'lag', 'gak', 'jelas', 'memang', 'game', 'a', 'j', 'ng']","['taik', 'lag', 'lag', 'jelas', 'j', 'ng']","['game', 'taik', 'lag', 'lag', 'gak', 'jelas', 'memang', 'game', 'a', 'j', 'ng']","['game', 'taik', 'lag', 'lag', 'tidak', 'jelas', 'memang', 'game', 'a', 'j', 'ng']",,negative
sukir sukir,Banyak dark sistemm. Beri aku winstreak,,banyak dark sistemm. beri aku winstreak,"['banyak', 'dark', 'sistemm', '.', 'beri', 'aku', 'winstreak']","['banyak', 'dark', 'sistemm', 'beri', 'aku', 'winstreak']","['banyak', 'gelap', 'sistemm', 'beri', 'winstreak']","['banyak', 'dark', 'sistemm', 'beri', 'aku', 'winstreak']","['banyak', 'gelap', 'sistemm', 'beri', 'aku', 'winstreak']",,negative
PASSHA RAMADHAN,GAME GAJEE,1.9.68.10631,game gajee,"['game', 'gajee']","['game', 'gajee']",['gajee'],"['game', 'gajee']","['game', 'gajee']",,negative
Azzam Mumtaz,game ajg kntl bab. i kmk mmk geme geje mending tutup aj lah geme nya aku main geme untuk have fun bukan stres geme gk sok² ngasih peringatan perbaiki dulu sistem kau dulu baru boleh ngasih peringatan game dongok,2.1.18.11201,game ajg kntl bab. i kmk mmk geme geje mending tutup aj lah geme nya aku main geme untuk have fun bukan stres geme gk sok² ngasih peringatan perbaiki dulu sistem kau dulu baru boleh ngasih peringatan game dongok,"['game', 'ajg', 'kntl', 'bab', '.', 'i', 'kmk', 'mmk', 'geme', 'geje', 'mending', 'tutup', 'aj', 'lah', 'geme', 'nya', 'aku', 'main', 'geme', 'untuk', 'have', 'fun', 'bukan', 'stres', 'geme', 'gk', 'sok²', 'ngasih', 'peringatan', 'perbaiki', 'dulu', 'sistem', 'kau', 'dulu', 'baru', 'boleh', 'ngasih', 'peringatan', 'game', 'dongok']","['game', 'ajg', 'kntl', 'bab', 'i', 'kmk', 'mmk', 'geme', 'geje', 'mending', 'tutup', 'aj', 'lah', 'geme', 'nya', 'aku', 'main', 'geme', 'untuk', 'have', 'fun', 'bukan', 'stres', 'geme', 'gk', 'sok', 'ngasih', 'peringatan', 'perbaiki', 'dulu', 'sistem', 'kau', 'dulu', 'baru', 'boleh', 'ngasih', 'peringatan', 'game', 'dongok']","['ajg', 'kntl', 'bab', 'kmk', 'mmk', 'geje', 'mending', 'tutup', 'have', 'fun', 'bukan', 'stres', 'sok', 'beri', 'ingat', 'baik', 'kau', 'baru', 'beri', 'ingat', 'dongok']","['game', 'ajg', 'kntl', 'bab', 'i', 'kmk', 'mmk', 'geme', 'geje', 'mending', 'tutup', 'aj', 'lah', 'geme', 'nya', 'aku', 'main', 'geme', 'untuk', 'have', 'fun', 'bukan', 'stres', 'geme', 'gk', 'sok', 'ngasih', 'ingat', 'baik', 'dulu', 'sistem', 'kau', 'dulu', 'baru', 'boleh', 'ngasih', 'ingat', 'game', 'dongok']","['game', 'ajg', 'kntl', 'bab', 'aku', 'kmk', 'mmk', 'game', 'geje', 'mending', 'tutup', 'aja', 'lah', 'game', 'nya', 'aku', 'main', 'game', 'untuk', 'have', 'fun', 'bukan', 'stres', 'game', 'tidak', 'sok', 'beri', 'ingat', 'baik', 'dulu', 'sistem', 'kau', 'dulu', 'baru', 'boleh', 'beri', 'ingat', 'game', 'dongok']",,negative
Azam Rafa,Karana banyak drk sistem,2.1.18.11201,karana banyak drk sistem,"['karana', 'banyak', 'drk', 'sistem']","['karana', 'banyak', 'drk', 'sistem']","['karana', 'banyak', 'drk']","['karana', 'banyak', 'drk', 'sistem']","['karana', 'banyak', 'drk', 'sistem']",,negative
EGI OFFICIAL,Bagus UNTUK LANSIA,2.1.18.11201,bagus untuk lansia,"['bagus', 'untuk', 'lansia']","['bagus', 'untuk', 'lansia']","['bagus', 'lansia']","['bagus', 'untuk', 'lansia']","['bagus', 'untuk', 'lansia']",,positive
FARHAN FAFAJJ,gem nya bagus saya suka kolo lagi Mabar bisa toksik dan saya suka lah,,gem nya bagus saya suka kolo lagi mabar bisa toksik dan saya suka lah,"['gem', 'nya', 'bagus', 'saya', 'suka', 'kolo', 'lagi', 'mabar', 'bisa', 'toksik', 'dan', 'saya', 'suka', 'lah']","['gem', 'nya', 'bagus', 'saya', 'suka', 'kolo', 'lagi', 'mabar', 'bisa', 'toksik', 'dan', 'saya', 'suka', 'lah']","['bagus', 'suka', 'kolo', 'mabar', 'buruk', 'suka']","['gem', 'nya', 'bagus', 'saya', 'suka', 'kolo', 'lagi', 'mabar', 'bisa', 'toksik', 'dan', 'saya', 'suka', 'lah']","['game', 'nya', 'bagus', 'aku', 'suka', 'kolo', 'lagi', 'mabar', 'bisa', 'buruk', 'dan', 'aku', 'suka', 'lah']",,positive
Hikari,"hama, sistem gampang kebobol, player banyak cheater, server GK keurus, masalah jaringan GK pernah bener, GK guna lu jadi dev",1.9.72.10636,"hama, sistem gampang kebobol, player banyak cheater, server gk keurus, masalah jaringan gk pernah bener, gk guna lu jadi dev","['hama', ',', 'sistem', 'gampang', 'kebobol', ',', 'player', 'banyak', 'cheater', ',', 'server', 'gk', 'keurus', ',', 'masalah', 'jaringan', 'gk', 'pernah', 'bener', ',', 'gk', 'guna', 'lu', 'jadi', 'dev']","['hama', 'sistem', 'gampang', 'kebobol', 'player', 'banyak', 'cheater', 'server', 'gk', 'keurus', 'masalah', 'jaringan', 'gk', 'pernah', 'bener', 'gk', 'guna', 'lu', 'jadi', 'dev']","['hama', 'gampang', 'bobol', 'banyak', 'cheater', 'server', 'urus', 'masalah', 'pernah', 'benar', 'guna', 'dev']","['hama', 'sistem', 'gampang', 'bobol', 'player', 'banyak', 'cheater', 'server', 'gk', 'urus', 'masalah', 'jaring', 'gk', 'pernah', 'bener', 'gk', 'guna', 'lu', 'jadi', 'dev']","['hama', 'sistem', 'gampang', 'bobol', 'player', 'banyak', 'cheater', 'server', 'tidak', 'urus', 'masalah', 'jaring', 'tidak', 'pernah', 'benar', 'tidak', 'guna', 'kamu', 'jadi', 'dev']",,negative
katio sambal,"game aneh, server nya ga adil sama sekali. niat pen hilangin cape malah dikasih lose karena server bosok",,"game aneh, server nya ga adil sama sekali. niat pen hilangin cape malah dikasih lose karena server bosok","['game', 'aneh', ',', 'server', 'nya', 'ga', 'adil', 'sama', 'sekali', '.', 'niat', 'pen', 'hilangin', 'cape', 'malah', 'dikasih', 'lose', 'karena', 'server', 'bosok']","['game', 'aneh', 'server', 'nya', 'ga', 'adil', 'sama', 'sekali', 'niat', 'pen', 'hilangin', 'cape', 'malah', 'dikasih', 'lose', 'karena', 'server', 'bosok']","['aneh', 'server', 'adil', 'niat', 'pen', 'hilangin', 'cape', 'lose', 'server', 'buruk']","['game', 'aneh', 'server', 'nya', 'ga', 'adil', 'sama', 'sekali', 'niat', 'pen', 'hilangin', 'cape', 'malah', 'kasih', 'lose', 'karena', 'server', 'bosok']","['game', 'aneh', 'server', 'nya', 'tidak', 'adil', 'sama', 'sekali', 'niat', 'pen', 'hilangin', 'cape', 'malah', 'kasih', 'lose', 'karena', 'server', 'buruk']",,negative
Muhamad Nur aziz,ini game tolol maen kok kalah Mulu ton moonton. kalau gua masih kalah Mulu ini gua rating 1 terus,,ini game tolol maen kok kalah mulu ton moonton. kalau gua masih kalah mulu ini gua rating 1 terus,"['ini', 'game', 'tolol', 'maen', 'kok', 'kalah', 'mulu', 'ton', 'moonton', '.', 'kalau', 'gua', 'masih', 'kalah', 'mulu', 'ini', 'gua', 'rating', '1', 'terus']","['ini', 'game', 'tolol', 'maen', 'kok', 'kalah', 'mulu', 'ton', 'moonton', 'kalau', 'gua', 'masih', 'kalah', 'mulu', 'ini', 'gua', 'rating', 'terus']","['tolol', 'kalah', 'ton', 'kalah', 'rating']","['ini', 'game', 'tolol', 'maen', 'kok', 'kalah', 'mulu', 'ton', 'moonton', 'kalau', 'gua', 'masih', 'kalah', 'mulu', 'ini', 'gua', 'rating', 'terus']","['ini', 'game', 'tolol', 'main', 'kok', 'kalah', 'mulu', 'ton', 'moonton', 'kalau', 'aku', 'masih', 'kalah', 'mulu', 'ini', 'aku', 'rating', 'terus']",,negative
bgniko,"game meresahkan masyarakat, stress kepala, Uda gua ga jago, dapat tim labih parah musuhnya, di luar logika",,"game meresahkan masyarakat, stress kepala, uda gua ga jago, dapat tim labih parah musuhnya, di luar logika","['game', 'meresahkan', 'masyarakat', ',', 'stress', 'kepala', ',', 'uda', 'gua', 'ga', 'jago', ',', 'dapat', 'tim', 'labih', 'parah', 'musuhnya', ',', 'di', 'luar', 'logika']","['game', 'meresahkan', 'masyarakat', 'stress', 'kepala', 'uda', 'gua', 'ga', 'jago', 'dapat', 'tim', 'labih', 'parah', 'musuhnya', 'di', 'luar', 'logika']","['resah', 'masyarakat', 'stres', 'kepala', 'uda', 'jago', 'labih', 'parah', 'musuh', 'luar', 'logika']","['game', 'resah', 'masyarakat', 'stress', 'kepala', 'uda', 'gua', 'ga', 'jago', 'dapat', 'tim', 'labih', 'parah', 'musuh', 'di', 'luar', 'logika']","['game', 'resah', 'masyarakat', 'stres', 'kepala', 'uda', 'aku', 'tidak', 'jago', 'dapat', 'team', 'labih', 'parah', 'musuh', 'di', 'luar', 'logika']",,negative
Aldi Aldi,dah lah sekarang main hari mangkin leg,2.1.18.11201,dah lah sekarang main hari mangkin leg,"['dah', 'lah', 'sekarang', 'main', 'hari', 'mangkin', 'leg']","['dah', 'lah', 'sekarang', 'main', 'hari', 'mangkin', 'leg']","['sudah', 'sekarang', 'mangkin', 'lag']","['dah', 'lah', 'sekarang', 'main', 'hari', 'mangkin', 'leg']","['sudah', 'lah', 'sekarang', 'main', 'hari', 'mangkin', 'lag']",,negative
Putra Pratama,game gak guna gak jelass pilih kasih jng donwload nanti nyesel,,game gak guna gak jelass pilih kasih jng donwload nanti nyesel,"['game', 'gak', 'guna', 'gak', 'jelass', 'pilih', 'kasih', 'jng', 'donwload', 'nanti', 'nyesel']","['game', 'gak', 'guna', 'gak', 'jelass', 'pilih', 'kasih', 'jng', 'donwload', 'nanti', 'nyesel']","['guna', 'jelass', 'pilih', 'jng', 'donwload', 'nanti', 'nyesel']","['game', 'gak', 'guna', 'gak', 'jelass', 'pilih', 'kasih', 'jng', 'donwload', 'nanti', 'nyesel']","['game', 'tidak', 'guna', 'tidak', 'jelass', 'pilih', 'kasih', 'jng', 'donwload', 'nanti', 'nyesel']",,negative
Septiana Putra Pamungkas,GAME RUSAK CACAT BANYAK DARK SISTEM,2.1.18.11201,game rusak cacat banyak dark sistem,"['game', 'rusak', 'cacat', 'banyak', 'dark', 'sistem']","['game', 'rusak', 'cacat', 'banyak', 'dark', 'sistem']","['rusak', 'cacat', 'banyak', 'gelap']","['game', 'rusak', 'cacat', 'banyak', 'dark', 'sistem']","['game', 'rusak', 'cacat', 'banyak', 'gelap', 'sistem']",,negative
Dida Nugraha,bagus,,bagus,['bagus'],['bagus'],['bagus'],['bagus'],['bagus'],,positive
Jaja Mujahidin,"ini game gw perhatiin makin rusak, gw maen mau pake wifi atau jaringan sama aja ping lompat mulu, gaje bngt sumpah bikin ga mood maen aja.",1.8.31.9052,"ini game gw perhatiin makin rusak, gw maen mau pake wifi atau jaringan sama aja ping lompat mulu, gaje bngt sumpah bikin ga mood maen aja.","['ini', 'game', 'gw', 'perhatiin', 'makin', 'rusak', ',', 'gw', 'maen', 'mau', 'pake', 'wifi', 'atau', 'jaringan', 'sama', 'aja', 'ping', 'lompat', 'mulu', ',', 'gaje', 'bngt', 'sumpah', 'bikin', 'ga', 'mood', 'maen', 'aja', '.']","['ini', 'game', 'gw', 'perhatiin', 'makin', 'rusak', 'gw', 'maen', 'mau', 'pake', 'wifi', 'atau', 'jaringan', 'sama', 'aja', 'ping', 'lompat', 'mulu', 'gaje', 'bngt', 'sumpah', 'bikin', 'ga', 'mood', 'maen', 'aja']","['perhatiin', 'makin', 'rusak', 'wifi', 'ping', 'lompat', 'gaje', 'bngt', 'sumpah', 'mood']","['ini', 'game', 'gw', 'perhatiin', 'makin', 'rusak', 'gw', 'maen', 'mau', 'pake', 'wifi', 'atau', 'jaring', 'sama', 'aja', 'ping', 'lompat', 'mulu', 'gaje', 'bngt', 'sumpah', 'bikin', 'ga', 'mood', 'maen', 'aja']","['ini', 'game', 'aku', 'perhatiin', 'makin', 'rusak', 'aku', 'main', 'mau', 'pakai', 'wifi', 'atau', 'jaring', 'sama', 'aja', 'ping', 'lompat', 'mulu', 'gaje', 'bngt', 'sumpah', 'bikin', 'tidak', 'mood', 'main', 'aja']",,negative
Hamer Ramadhan,monton tolong lah kasih tim yg jelas masak dapet tim draksistem semua smpai lostrek,1.9.42.10341,monton tolong lah kasih tim yg jelas masak dapet tim draksistem semua smpai lostrek,"['monton', 'tolong', 'lah', 'kasih', 'tim', 'yg', 'jelas', 'masak', 'dapet', 'tim', 'draksistem', 'semua', 'smpai', 'lostrek']","['monton', 'tolong', 'lah', 'kasih', 'tim', 'yg', 'jelas', 'masak', 'dapet', 'tim', 'draksistem', 'semua', 'smpai', 'lostrek']","['tolong', 'jelas', 'draksistem', 'semua', 'smpai', 'lostrek']","['monton', 'tolong', 'lah', 'kasih', 'tim', 'yg', 'jelas', 'masak', 'dapet', 'tim', 'draksistem', 'semua', 'smpai', 'lostrek']","['moonton', 'tolong', 'lah', 'kasih', 'team', 'yang', 'jelas', 'masak', 'dapet', 'team', 'draksistem', 'semua', 'smpai', 'lostrek']",,negative
Hery Aries,karna sistem moonton berubah maka penilaian saya berubah...,,karna sistem moonton berubah maka penilaian saya berubah...,"['karna', 'sistem', 'moonton', 'berubah', 'maka', 'penilaian', 'saya', 'berubah', '...']","['karna', 'sistem', 'moonton', 'berubah', 'maka', 'penilaian', 'saya', 'berubah']","['ubah', 'maka', 'nilai', 'ubah']","['karna', 'sistem', 'moonton', 'ubah', 'maka', 'nilai', 'saya', 'ubah']","['karena', 'sistem', 'moonton', 'ubah', 'maka', 'nilai', 'aku', 'ubah']",,positive
Pengguna Google,"MAKIN MERAJALELA yang pakek cheat berkali kali kena, udah lapor buat ini itu sama aja masih banyak yg ngecheat, kadang mau di laporin nick name yg barusan ngecheat jg hilang hasil pertngdingan jg hilang aneh nya bintang tetap hilang, lapor percuma ga di gubris, tetap lepas ...!!!!",1.9.99.10932,"makin merajalela yang pakek cheat berkali kali kena, udah lapor buat ini itu sama aja masih banyak yg ngecheat, kadang mau di laporin nick name yg barusan ngecheat jg hilang hasil pertngdingan jg hilang aneh nya bintang tetap hilang, lapor percuma ga di gubris, tetap lepas ...!!!!","['makin', 'merajalela', 'yang', 'pakek', 'cheat', 'berkali', 'kali', 'kena', ',', 'udah', 'lapor', 'buat', 'ini', 'itu', 'sama', 'aja', 'masih', 'banyak', 'yg', 'ngecheat', ',', 'kadang', 'mau', 'di', 'laporin', 'nick', 'name', 'yg', 'barusan', 'ngecheat', 'jg', 'hilang', 'hasil', 'pertngdingan', 'jg', 'hilang', 'aneh', 'nya', 'bintang', 'tetap', 'hilang', ',', 'lapor', 'percuma', 'ga', 'di', 'gubris', ',', 'tetap', 'lepas', '...', '!', '!', '!', '!']","['makin', 'merajalela', 'yang', 'pakek', 'cheat', 'berkali', 'kali', 'kena', 'udah', 'lapor', 'buat', 'ini', 'itu', 'sama', 'aja', 'masih', 'banyak', 'yg', 'ngecheat', 'kadang', 'mau', 'di', 'laporin', 'nick', 'name', 'yg', 'barusan', 'ngecheat', 'jg', 'hilang', 'hasil', 'pertngdingan', 'jg', 'hilang', 'aneh', 'nya', 'bintang', 'tetap', 'hilang', 'lapor', 'percuma', 'ga', 'di', 'gubris', 'tetap', 'lepas']","['makin', 'rajalela', 'pakek', 'cheat', 'kena', 'report', 'banyak', 'ngecheat', 'kadang', 'report', 'nick', 'name', 'barusan', 'ngecheat', 'jg', 'hilang', 'hasil', 'pertngdingan', 'jg', 'hilang', 'aneh', 'bintang', 'tetap', 'hilang', 'report', 'percuma', 'gubris', 'tetap', 'lepas']","['makin', 'rajalela', 'yang', 'pakek', 'cheat', 'kali', 'kali', 'kena', 'udah', 'lapor', 'buat', 'ini', 'itu', 'sama', 'aja', 'masih', 'banyak', 'yg', 'ngecheat', 'kadang', 'mau', 'di', 'laporin', 'nick', 'name', 'yg', 'barusan', 'ngecheat', 'jg', 'hilang', 'hasil', 'pertngdingan', 'jg', 'hilang', 'aneh', 'nya', 'bintang', 'tetap', 'hilang', 'lapor', 'percuma', 'ga', 'di', 'gubris', 'tetap', 'lepas']","['makin', 'rajalela', 'yang', 'pakek', 'cheat', 'kali', 'kali', 'kena', 'udah', 'report', 'buat', 'ini', 'itu', 'sama', 'aja', 'masih', 'banyak', 'yang', 'ngecheat', 'kadang', 'mau', 'di', 'report', 'nick', 'name', 'yang', 'barusan', 'ngecheat', 'jg', 'hilang', 'hasil', 'pertngdingan', 'jg', 'hilang', 'aneh', 'nya', 'bintang', 'tetap', 'hilang', 'report', 'percuma', 'tidak', 'di', 'gubris', 'tetap', 'lepas']",,negative
rere,bang resale angela cc pls nnti ku rate bintang 5,1.8.21.8943,bang resale angela cc pls nnti ku rate bintang 5,"['bang', 'resale', 'angela', 'cc', 'pls', 'nnti', 'ku', 'rate', 'bintang', '5']","['bang', 'resale', 'angela', 'cc', 'pls', 'nnti', 'ku', 'rate', 'bintang']","['bang', 'resale', 'angela', 'cc', 'pls', 'nnti', 'rate', 'bintang']","['bang', 'resale', 'angela', 'cc', 'pls', 'nnti', 'ku', 'rate', 'bintang']","['bang', 'resale', 'angela', 'cc', 'pls', 'nnti', 'ku', 'rate', 'bintang']",,neutral
Khafidz Syihabuddin,Sinyal jelek,2.1.18.11201,sinyal jelek,"['sinyal', 'jelek']","['sinyal', 'jelek']","['sinyal', 'jelek']","['sinyal', 'jelek']","['sinyal', 'jelek']",,negative
Danu Satrio,kenapa ml sekarang beda dengan yang dulu kalau dulu Riel adu kejagoan main tapi sekarang malah lebih sering adu dark sistem dari muntun kalau mau game ini rame lagi jngn buat dark sistem soalnya bermain jadi kurang Menyenangkan soalnya sulit mendapatkan tim yang bagus terlalu banyak tim yang ngetrol pesan saya jika mau game ini rame hilangkan dark sistem,2.1.18.11201,kenapa ml sekarang beda dengan yang dulu kalau dulu riel adu kejagoan main tapi sekarang malah lebih sering adu dark sistem dari muntun kalau mau game ini rame lagi jngn buat dark sistem soalnya bermain jadi kurang menyenangkan soalnya sulit mendapatkan tim yang bagus terlalu banyak tim yang ngetrol pesan saya jika mau game ini rame hilangkan dark sistem,"['kenapa', 'ml', 'sekarang', 'beda', 'dengan', 'yang', 'dulu', 'kalau', 'dulu', 'riel', 'adu', 'kejagoan', 'main', 'tapi', 'sekarang', 'malah', 'lebih', 'sering', 'adu', 'dark', 'sistem', 'dari', 'muntun', 'kalau', 'mau', 'game', 'ini', 'rame', 'lagi', 'jngn', 'buat', 'dark', 'sistem', 'soalnya', 'bermain', 'jadi', 'kurang', 'menyenangkan', 'soalnya', 'sulit', 'mendapatkan', 'tim', 'yang', 'bagus', 'terlalu', 'banyak', 'tim', 'yang', 'ngetrol', 'pesan', 'saya', 'jika', 'mau', 'game', 'ini', 'rame', 'hilangkan', 'dark', 'sistem']","['kenapa', 'ml', 'sekarang', 'beda', 'dengan', 'yang', 'dulu', 'kalau', 'dulu', 'riel', 'adu', 'kejagoan', 'main', 'tapi', 'sekarang', 'malah', 'lebih', 'sering', 'adu', 'dark', 'sistem', 'dari', 'muntun', 'kalau', 'mau', 'game', 'ini', 'rame', 'lagi', 'jngn', 'buat', 'dark', 'sistem', 'soalnya', 'bermain', 'jadi', 'kurang', 'menyenangkan', 'soalnya', 'sulit', 'mendapatkan', 'tim', 'yang', 'bagus', 'terlalu', 'banyak', 'tim', 'yang', 'ngetrol', 'pesan', 'saya', 'jika', 'mau', 'game', 'ini', 'rame', 'hilangkan', 'dark', 'sistem']","['kenapa', 'sekarang', 'beda', 'riel', 'adu', 'jago', 'sekarang', 'lebih', 'adu', 'gelap', 'muntun', 'rame', 'jngn', 'gelap', 'kurang', 'senang', 'sulit', 'bagus', 'terlalu', 'banyak', 'ngetrol', 'pesan', 'jika', 'rame', 'hilang', 'gelap']","['kenapa', 'ml', 'sekarang', 'beda', 'dengan', 'yang', 'dulu', 'kalau', 'dulu', 'riel', 'adu', 'jago', 'main', 'tapi', 'sekarang', 'malah', 'lebih', 'sering', 'adu', 'dark', 'sistem', 'dari', 'muntun', 'kalau', 'mau', 'game', 'ini', 'rame', 'lagi', 'jngn', 'buat', 'dark', 'sistem', 'soal', 'main', 'jadi', 'kurang', 'senang', 'soal', 'sulit', 'dapat', 'tim', 'yang', 'bagus', 'terlalu', 'banyak', 'tim', 'yang', 'ngetrol', 'pesan', 'saya', 'jika', 'mau', 'game', 'ini', 'rame', 'hilang', 'dark', 'sistem']","['kenapa', 'ml', 'sekarang', 'beda', 'dengan', 'yang', 'dulu', 'kalau', 'dulu', 'riel', 'adu', 'jago', 'main', 'tapi', 'sekarang', 'malah', 'lebih', 'sering', 'adu', 'gelap', 'sistem', 'dari', 'muntun', 'kalau', 'mau', 'game', 'ini', 'rame', 'lagi', 'jngn', 'buat', 'gelap', 'sistem', 'soal', 'main', 'jadi', 'kurang', 'senang', 'soal', 'sulit', 'dapat', 'team', 'yang', 'bagus', 'terlalu', 'banyak', 'team', 'yang', 'ngetrol', 'pesan', 'aku', 'jika', 'mau', 'game', 'ini', 'rame', 'hilang', 'gelap', 'sistem']",,negative
zakihilman umami,sangat bagus dan baik tidak ada bug begitu ada bug langsung dibenerin mantap,,sangat bagus dan baik tidak ada bug begitu ada bug langsung dibenerin mantap,"['sangat', 'bagus', 'dan', 'baik', 'tidak', 'ada', 'bug', 'begitu', 'ada', 'bug', 'langsung', 'dibenerin', 'mantap']","['sangat', 'bagus', 'dan', 'baik', 'tidak', 'ada', 'bug', 'begitu', 'ada', 'bug', 'langsung', 'dibenerin', 'mantap']","['bagus', 'baik', 'bug', 'begitu', 'bug', 'langsung', 'rusak', 'mantap']","['sangat', 'bagus', 'dan', 'baik', 'tidak', 'ada', 'bug', 'begitu', 'ada', 'bug', 'langsung', 'dibenerin', 'mantap']","['sangat', 'bagus', 'dan', 'baik', 'tidak', 'ada', 'bug', 'begitu', 'ada', 'bug', 'langsung', 'rusak', 'mantap']",,positive
Dwi Sutil,Game dongo kadang susah untuk swap akun,2.1.18.11201,game dongo kadang susah untuk swap akun,"['game', 'dongo', 'kadang', 'susah', 'untuk', 'swap', 'akun']","['game', 'dongo', 'kadang', 'susah', 'untuk', 'swap', 'akun']","['dongo', 'kadang', 'susah', 'swap', 'akun']","['game', 'dongo', 'kadang', 'susah', 'untuk', 'swap', 'akun']","['game', 'dongo', 'kadang', 'susah', 'untuk', 'swap', 'akun']",,negative
Arya Satya,PLISS MOONTON SELALU UPDATE ML KU MOONTON SEMOGA MOONTON REZEKI NYA LANCAR AMINNNNN,2.1.18.11201,pliss moonton selalu update ml ku moonton semoga moonton rezeki nya lancar aminnnnn,"['pliss', 'moonton', 'selalu', 'update', 'ml', 'ku', 'moonton', 'semoga', 'moonton', 'rezeki', 'nya', 'lancar', 'aminnnnn']","['pliss', 'moonton', 'selalu', 'update', 'ml', 'ku', 'moonton', 'semoga', 'moonton', 'rezeki', 'nya', 'lancar', 'amin']","['pliss', 'selalu', 'update', 'moga', 'rezeki', 'lancar', 'amin']","['pliss', 'moonton', 'selalu', 'update', 'ml', 'ku', 'moonton', 'moga', 'moonton', 'rezeki', 'nya', 'lancar', 'amin']","['pliss', 'moonton', 'selalu', 'update', 'ml', 'ku', 'moonton', 'moga', 'moonton', 'rezeki', 'nya', 'lancar', 'amin']",,negative
2M Kaconk chanel,masa kalah terus dari baru update dapet team yg kalah terus line gimana masak dapet exp terus bosen pengen dapet Leni lain gimana ini woi gimana ini,,masa kalah terus dari baru update dapet team yg kalah terus line gimana masak dapet exp terus bosen pengen dapet leni lain gimana ini woi gimana ini,"['masa', 'kalah', 'terus', 'dari', 'baru', 'update', 'dapet', 'team', 'yg', 'kalah', 'terus', 'line', 'gimana', 'masak', 'dapet', 'exp', 'terus', 'bosen', 'pengen', 'dapet', 'leni', 'lain', 'gimana', 'ini', 'woi', 'gimana', 'ini']","['masa', 'kalah', 'terus', 'dari', 'baru', 'update', 'dapet', 'team', 'yg', 'kalah', 'terus', 'line', 'gimana', 'masak', 'dapet', 'exp', 'terus', 'bosen', 'pengen', 'dapet', 'leni', 'lain', 'gimana', 'ini', 'woi', 'gimana', 'ini']","['masa', 'kalah', 'baru', 'update', 'kalah', 'line', 'gimana', 'exp', 'bosen', 'ken', 'leni', 'lain', 'gimana', 'buruk', 'gimana']","['masa', 'kalah', 'terus', 'dari', 'baru', 'update', 'dapet', 'team', 'yg', 'kalah', 'terus', 'line', 'gimana', 'masak', 'dapet', 'exp', 'terus', 'bosen', 'ken', 'dapet', 'leni', 'lain', 'gimana', 'ini', 'woi', 'gimana', 'ini']","['masa', 'kalah', 'terus', 'dari', 'baru', 'update', 'dapet', 'team', 'yang', 'kalah', 'terus', 'line', 'gimana', 'masak', 'dapet', 'exp', 'terus', 'bosen', 'ken', 'dapet', 'leni', 'lain', 'gimana', 'ini', 'buruk', 'gimana', 'ini']",,negative
malica nabila,"setelah di update malah makin jelek, loading lama sekali padahal jaringan full, saat draft pick juga ngelag sekali, jadi malas mau ngepush. tolong di perbaiki lagi moonton.",2.1.18.11201,"setelah di update malah makin jelek, loading lama sekali padahal jaringan full, saat draft pick juga ngelag sekali, jadi malas mau ngepush. tolong di perbaiki lagi moonton.","['setelah', 'di', 'update', 'malah', 'makin', 'jelek', ',', 'loading', 'lama', 'sekali', 'padahal', 'jaringan', 'full', ',', 'saat', 'draft', 'pick', 'juga', 'ngelag', 'sekali', ',', 'jadi', 'malas', 'mau', 'ngepush', '.', 'tolong', 'di', 'perbaiki', 'lagi', 'moonton', '.']","['setelah', 'di', 'update', 'malah', 'makin', 'jelek', 'loading', 'lama', 'sekali', 'padahal', 'jaringan', 'full', 'saat', 'draft', 'pick', 'juga', 'ngelag', 'sekali', 'jadi', 'malas', 'mau', 'ngepush', 'tolong', 'di', 'perbaiki', 'lagi', 'moonton']","['update', 'makin', 'jelek', 'loading', 'lama', 'full', 'draft', 'lag', 'malas', 'ngepush', 'tolong', 'baik']","['telah', 'di', 'update', 'malah', 'makin', 'jelek', 'loading', 'lama', 'sekali', 'padahal', 'jaring', 'full', 'saat', 'draft', 'pick', 'juga', 'ngelag', 'sekali', 'jadi', 'malas', 'mau', 'ngepush', 'tolong', 'di', 'baik', 'lagi', 'moonton']","['telah', 'di', 'update', 'malah', 'makin', 'jelek', 'loading', 'lama', 'sekali', 'padahal', 'jaring', 'full', 'saat', 'draft', 'pick', 'juga', 'lag', 'sekali', 'jadi', 'malas', 'mau', 'ngepush', 'tolong', 'di', 'baik', 'lagi', 'moonton']",,negative
Aliflutfi Hakim,game burikkkkk,,game burikkkkk,"['game', 'burikkkkk']","['game', 'burik']",['buruk'],"['game', 'burik']","['game', 'buruk']",,negative
Demian Novebri,ngasih lawan sama tim tuh seimbang tolol,1.7.44.8111,ngasih lawan sama tim tuh seimbang tolol,"['ngasih', 'lawan', 'sama', 'tim', 'tuh', 'seimbang', 'tolol']","['ngasih', 'lawan', 'sama', 'tim', 'tuh', 'seimbang', 'tolol']","['beri', 'lawan', 'imbang', 'tolol']","['ngasih', 'lawan', 'sama', 'tim', 'tuh', 'imbang', 'tolol']","['beri', 'lawan', 'sama', 'team', 'tuh', 'imbang', 'tolol']",,negative
Setan Setan,"jaringan selalu jelek,,,, leg terus padahal gk pernah gini waktu main game online yg lain,,, mobile legend sekarang udh jelek,,,, jaringan jelek setiap 5 menit,,,, mending main game lain",,"jaringan selalu jelek,,,, leg terus padahal gk pernah gini waktu main game online yg lain,,, mobile legend sekarang udh jelek,,,, jaringan jelek setiap 5 menit,,,, mending main game lain","['jaringan', 'selalu', 'jelek', ',', ',', ',', ',', 'leg', 'terus', 'padahal', 'gk', 'pernah', 'gini', 'waktu', 'main', 'game', 'online', 'yg', 'lain', ',', ',', ',', 'mobile', 'legend', 'sekarang', 'udh', 'jelek', ',', ',', ',', ',', 'jaringan', 'jelek', 'setiap', '5', 'menit', ',', ',', ',', ',', 'mending', 'main', 'game', 'lain']","['jaringan', 'selalu', 'jelek', 'leg', 'terus', 'padahal', 'gk', 'pernah', 'gini', 'waktu', 'main', 'game', 'online', 'yg', 'lain', 'mobile', 'legend', 'sekarang', 'udh', 'jelek', 'jaringan', 'jelek', 'setiap', 'menit', 'mending', 'main', 'game', 'lain']","['selalu', 'jelek', 'lag', 'pernah', 'online', 'lain', 'sekarang', 'sudah', 'jelek', 'jelek', 'menit', 'mending', 'lain']","['jaring', 'selalu', 'jelek', 'leg', 'terus', 'padahal', 'gk', 'pernah', 'gin', 'waktu', 'main', 'game', 'online', 'yg', 'lain', 'mobile', 'legend', 'sekarang', 'udh', 'jelek', 'jaring', 'jelek', 'tiap', 'menit', 'mending', 'main', 'game', 'lain']","['jaring', 'selalu', 'jelek', 'lag', 'terus', 'padahal', 'tidak', 'pernah', 'game', 'waktu', 'main', 'game', 'online', 'yang', 'lain', 'mobile', 'legend', 'sekarang', 'sudah', 'jelek', 'jaring', 'jelek', 'tiap', 'menit', 'mending', 'main', 'game', 'lain']",,negative
adenszz,apa apaan sekarang ml ga seru hampir stres gara gara game ini gimana ga stres menang sekali kalah berkali-kali bahkan gw itung udah 11x lose gw,2.1.18.11201,apa apaan sekarang ml ga seru hampir stres gara gara game ini gimana ga stres menang sekali kalah berkali-kali bahkan gw itung udah 11x lose gw,"['apa', 'apaan', 'sekarang', 'ml', 'ga', 'seru', 'hampir', 'stres', 'gara', 'gara', 'game', 'ini', 'gimana', 'ga', 'stres', 'menang', 'sekali', 'kalah', 'berkali-kali', 'bahkan', 'gw', 'itung', 'udah', '11x', 'lose', 'gw']","['apa', 'apaan', 'sekarang', 'ml', 'ga', 'seru', 'hampir', 'stres', 'gara', 'gara', 'game', 'ini', 'gimana', 'ga', 'stres', 'menang', 'sekali', 'kalah', 'berkalikali', 'bahkan', 'gw', 'itung', 'udah', 'x', 'lose', 'gw']","['sekarang', 'seru', 'hampir', 'stres', 'gara', 'gara', 'gimana', 'stres', 'menang', 'kalah', 'berkalikali', 'bahkan', 'itung', 'lose']","['apa', 'apa', 'sekarang', 'ml', 'ga', 'seru', 'hampir', 'stres', 'gara', 'gara', 'game', 'ini', 'gimana', 'ga', 'stres', 'menang', 'sekali', 'kalah', 'berkalikali', 'bahkan', 'gw', 'itung', 'udah', 'x', 'lose', 'gw']","['apa', 'apa', 'sekarang', 'ml', 'tidak', 'seru', 'hampir', 'stres', 'gara', 'gara', 'game', 'ini', 'gimana', 'tidak', 'stres', 'menang', 'sekali', 'kalah', 'berkalikali', 'bahkan', 'aku', 'itung', 'udah', 'kali', 'lose', 'aku']",,negative
Samsul Arifin,permainan kayak anjeng isinya hewan hewan Patek,2.1.18.11201,permainan kayak anjeng isinya hewan hewan patek,"['permainan', 'kayak', 'anjeng', 'isinya', 'hewan', 'hewan', 'patek']","['permainan', 'kayak', 'anjeng', 'isinya', 'hewan', 'hewan', 'patek']","['anjeng', 'isi', 'hewan', 'hewan', 'patek']","['main', 'kayak', 'anjeng', 'isi', 'hewan', 'hewan', 'patek']","['main', 'seperti', 'anjeng', 'isi', 'hewan', 'hewan', 'patek']",,positive
Wahyudi,makin buruk..jaringan bagus dalam permainan sinyalerah.,2.1.18.11201,makin buruk..jaringan bagus dalam permainan sinyalerah.,"['makin', 'buruk', '..', 'jaringan', 'bagus', 'dalam', 'permainan', 'sinyalerah', '.']","['makin', 'buruk', 'jaringan', 'bagus', 'dalam', 'permainan', 'sinyalerah']","['makin', 'buruk', 'bagus', 'dalam', 'sinyalerah']","['makin', 'buruk', 'jaring', 'bagus', 'dalam', 'main', 'sinyalerah']","['makin', 'buruk', 'jaring', 'bagus', 'dalam', 'main', 'sinyalerah']",,positive
Andi afiza Kania024,mantap,,mantap,['mantap'],['mantap'],['mantap'],['mantap'],['mantap'],,positive
Taufik AC,sinyalnya tolong di perbaiki lah,,sinyalnya tolong di perbaiki lah,"['sinyalnya', 'tolong', 'di', 'perbaiki', 'lah']","['sinyalnya', 'tolong', 'di', 'perbaiki', 'lah']","['sinyal', 'tolong', 'baik']","['sinyal', 'tolong', 'di', 'baik', 'lah']","['sinyal', 'tolong', 'di', 'baik', 'lah']",,neutral
Sandikurnia2025 Sandi,update Mulu bug lag kgk di benerin lol,2.1.18.11201,update mulu bug lag kgk di benerin lol,"['update', 'mulu', 'bug', 'lag', 'kgk', 'di', 'benerin', 'lol']","['update', 'mulu', 'bug', 'lag', 'kgk', 'di', 'benerin', 'lol']","['update', 'bug', 'lag', 'kgk', 'rusak', 'lol']","['update', 'mulu', 'bug', 'lag', 'kgk', 'di', 'benerin', 'lol']","['update', 'mulu', 'bug', 'lag', 'kgk', 'di', 'rusak', 'lol']",,negative
Muhamad Ridho11,"setelah update kemarin game nya makin gajelas!!!!, karena main ngelag terus padahal wifi sama data sama sama bagus, tapi ngelag ngekah terus, padahal ping 20 an tapi ngelag banget, setiap ketemu musuh lag, giliran ga ketemu lancar, jangan game doang bagus, taoi di perbiki!!",2.1.18.11201,"setelah update kemarin game nya makin gajelas!!!!, karena main ngelag terus padahal wifi sama data sama sama bagus, tapi ngelag ngekah terus, padahal ping 20 an tapi ngelag banget, setiap ketemu musuh lag, giliran ga ketemu lancar, jangan game doang bagus, taoi di perbiki!!","['setelah', 'update', 'kemarin', 'game', 'nya', 'makin', 'gajelas', '!', '!', '!', '!', ',', 'karena', 'main', 'ngelag', 'terus', 'padahal', 'wifi', 'sama', 'data', 'sama', 'sama', 'bagus', ',', 'tapi', 'ngelag', 'ngekah', 'terus', ',', 'padahal', 'ping', '20', 'an', 'tapi', 'ngelag', 'banget', ',', 'setiap', 'ketemu', 'musuh', 'lag', ',', 'giliran', 'ga', 'ketemu', 'lancar', ',', 'jangan', 'game', 'doang', 'bagus', ',', 'taoi', 'di', 'perbiki', '!', '!']","['setelah', 'update', 'kemarin', 'game', 'nya', 'makin', 'gajelas', 'karena', 'main', 'ngelag', 'terus', 'padahal', 'wifi', 'sama', 'data', 'sama', 'sama', 'bagus', 'tapi', 'ngelag', 'ngekah', 'terus', 'padahal', 'ping', 'an', 'tapi', 'ngelag', 'banget', 'setiap', 'ketemu', 'musuh', 'lag', 'giliran', 'ga', 'ketemu', 'lancar', 'jangan', 'game', 'doang', 'bagus', 'taoi', 'di', 'perbiki']","['update', 'kemarin', 'makin', 'gajelas', 'lag', 'wifi', 'bagus', 'lag', 'ngekah', 'ping', 'an', 'lag', 'banget', 'ketemu', 'musuh', 'lag', 'ketemu', 'lancar', 'jangan', 'bagus', 'taoi', 'bik']","['telah', 'update', 'kemarin', 'game', 'nya', 'makin', 'gajelas', 'karena', 'main', 'ngelag', 'terus', 'padahal', 'wifi', 'sama', 'data', 'sama', 'sama', 'bagus', 'tapi', 'ngelag', 'ngekah', 'terus', 'padahal', 'ping', 'an', 'tapi', 'ngelag', 'banget', 'tiap', 'ketemu', 'musuh', 'lag', 'gilir', 'ga', 'ketemu', 'lancar', 'jangan', 'game', 'doang', 'bagus', 'taoi', 'di', 'bik']","['telah', 'update', 'kemarin', 'game', 'nya', 'makin', 'gajelas', 'karena', 'main', 'lag', 'terus', 'padahal', 'wifi', 'sama', 'data', 'sama', 'sama', 'bagus', 'tapi', 'lag', 'ngekah', 'terus', 'padahal', 'ping', 'an', 'tapi', 'lag', 'banget', 'tiap', 'ketemu', 'musuh', 'lag', 'gilir', 'tidak', 'ketemu', 'lancar', 'jangan', 'game', 'hanya', 'bagus', 'taoi', 'di', 'bik']",,negative
Lutfi rasya,"makin kesini makin gajelas, jaringan ijo tapi ngeleg/ngefreze trus ada bug di akhir draft pick",2.1.18.11201,"makin kesini makin gajelas, jaringan ijo tapi ngeleg/ngefreze trus ada bug di akhir draft pick","['makin', 'kesini', 'makin', 'gajelas', ',', 'jaringan', 'ijo', 'tapi', 'ngeleg/ngefreze', 'trus', 'ada', 'bug', 'di', 'akhir', 'draft', 'pick']","['makin', 'kesini', 'makin', 'gajelas', 'jaringan', 'ijo', 'tapi', 'ngelegngefreze', 'trus', 'ada', 'bug', 'di', 'akhir', 'draft', 'pick']","['makin', 'makin', 'gajelas', 'ijo', 'ngelegngefreze', 'bug', 'akhir', 'draft']","['makin', 'kesini', 'makin', 'gajelas', 'jaring', 'ijo', 'tapi', 'ngelegngefreze', 'trus', 'ada', 'bug', 'di', 'akhir', 'draft', 'pick']","['makin', 'kesini', 'makin', 'gajelas', 'jaring', 'ijo', 'tapi', 'ngelegngefreze', 'terus', 'ada', 'bug', 'di', 'akhir', 'draft', 'pick']",,negative
yass ferr,oh,1.9.48.10373,oh,['oh'],['oh'],['oh'],['oh'],['oh'],,negative
Ira Suvita,"game gjls jaringan ngelag padahal bagus, isinya draksistem semua",2.1.18.11201,"game gjls jaringan ngelag padahal bagus, isinya draksistem semua","['game', 'gjls', 'jaringan', 'ngelag', 'padahal', 'bagus', ',', 'isinya', 'draksistem', 'semua']","['game', 'gjls', 'jaringan', 'ngelag', 'padahal', 'bagus', 'isinya', 'draksistem', 'semua']","['gjls', 'lag', 'bagus', 'isi', 'draksistem', 'semua']","['game', 'gjls', 'jaring', 'ngelag', 'padahal', 'bagus', 'isi', 'draksistem', 'semua']","['game', 'gjls', 'jaring', 'lag', 'padahal', 'bagus', 'isi', 'draksistem', 'semua']",,negative
Lepaa,mkin ksni mkin rusak tu server ajg,1.9.68.10631,mkin ksni mkin rusak tu server ajg,"['mkin', 'ksni', 'mkin', 'rusak', 'tu', 'server', 'ajg']","['mkin', 'ksni', 'mkin', 'rusak', 'tu', 'server', 'ajg']","['mkin', 'ksni', 'mkin', 'rusak', 'tu', 'server', 'ajg']","['mkin', 'ksni', 'mkin', 'rusak', 'tu', 'server', 'ajg']","['mkin', 'ksni', 'mkin', 'rusak', 'tu', 'server', 'ajg']",,negative
Arjun Ganteng,game plagiat tolol,,game plagiat tolol,"['game', 'plagiat', 'tolol']","['game', 'plagiat', 'tolol']","['plagiat', 'tolol']","['game', 'plagiat', 'tolol']","['game', 'plagiat', 'tolol']",,negative
Denan Kunaifi,bagus bangetttttt,2.1.18.11201,bagus bangetttttt,"['bagus', 'bangetttttt']","['bagus', 'banget']","['bagus', 'banget']","['bagus', 'banget']","['bagus', 'banget']",,positive
Feliks Restu Boy Sandy Zalukhu,Ngeleg mulu ngehe,1.9.93.10904,ngeleg mulu ngehe,"['ngeleg', 'mulu', 'ngehe']","['ngeleg', 'mulu', 'ngehe']","['lag', 'ngehe']","['ngeleg', 'mulu', 'ngehe']","['lag', 'mulu', 'ngehe']",,negative
Ridwan Maulana,Bug setalah update terbaru jadi ngelag ngelekan,2.1.18.11201,bug setalah update terbaru jadi ngelag ngelekan,"['bug', 'setalah', 'update', 'terbaru', 'jadi', 'ngelag', 'ngelekan']","['bug', 'setalah', 'update', 'terbaru', 'jadi', 'ngelag', 'ngelekan']","['bug', 'seta', 'update', 'baru', 'lag', 'ngelekan']","['bug', 'seta', 'update', 'baru', 'jadi', 'ngelag', 'ngelekan']","['bug', 'seta', 'update', 'baru', 'jadi', 'lag', 'ngelekan']",,negative
Dims 23,tambah berat buat hp kentang,2.1.18.11201,tambah berat buat hp kentang,"['tambah', 'berat', 'buat', 'hp', 'kentang']","['tambah', 'berat', 'buat', 'hp', 'kentang']","['tambah', 'berat', 'kentang']","['tambah', 'berat', 'buat', 'hp', 'kentang']","['tambah', 'berat', 'buat', 'hp', 'kentang']",,negative
Tirta Yuana,kalau bisa tambahkan transfer bp dan diamond 😃,1.9.99.10932,kalau bisa tambahkan transfer bp dan diamond 😃,"['kalau', 'bisa', 'tambahkan', 'transfer', 'bp', 'dan', 'diamond', '😃']","['kalau', 'bisa', 'tambahkan', 'transfer', 'bp', 'dan', 'diamond']","['tambah', 'transfer', 'bp', 'diamond']","['kalau', 'bisa', 'tambah', 'transfer', 'bp', 'dan', 'diamond']","['kalau', 'bisa', 'tambah', 'transfer', 'bp', 'dan', 'diamond']",,neutral
Arpan Arpan,jangan main kan game ini game ini bisa merusak otak kalian jadi jangan download game ini,2.1.18.11201,jangan main kan game ini game ini bisa merusak otak kalian jadi jangan download game ini,"['jangan', 'main', 'kan', 'game', 'ini', 'game', 'ini', 'bisa', 'merusak', 'otak', 'kalian', 'jadi', 'jangan', 'download', 'game', 'ini']","['jangan', 'main', 'kan', 'game', 'ini', 'game', 'ini', 'bisa', 'merusak', 'otak', 'kalian', 'jadi', 'jangan', 'download', 'game', 'ini']","['jangan', 'rusak', 'otak', 'jangan']","['jangan', 'main', 'kan', 'game', 'ini', 'game', 'ini', 'bisa', 'rusak', 'otak', 'kalian', 'jadi', 'jangan', 'download', 'game', 'ini']","['jangan', 'main', 'kan', 'game', 'ini', 'game', 'ini', 'bisa', 'rusak', 'otak', 'kalian', 'jadi', 'jangan', 'download', 'game', 'ini']",,negative
Komara Lesmana,game ini tidak di anjurkan untuk HP yang suka ngeleg jadi jangan di instal pada HP yang penyimpanan nya yang sedikit,1.9.99.10932,game ini tidak di anjurkan untuk hp yang suka ngeleg jadi jangan di instal pada hp yang penyimpanan nya yang sedikit,"['game', 'ini', 'tidak', 'di', 'anjurkan', 'untuk', 'hp', 'yang', 'suka', 'ngeleg', 'jadi', 'jangan', 'di', 'instal', 'pada', 'hp', 'yang', 'penyimpanan', 'nya', 'yang', 'sedikit']","['game', 'ini', 'tidak', 'di', 'anjurkan', 'untuk', 'hp', 'yang', 'suka', 'ngeleg', 'jadi', 'jangan', 'di', 'instal', 'pada', 'hp', 'yang', 'penyimpanan', 'nya', 'yang', 'sedikit']","['anjur', 'suka', 'lag', 'jangan', 'instal', 'sedikit']","['game', 'ini', 'tidak', 'di', 'anjur', 'untuk', 'hp', 'yang', 'suka', 'ngeleg', 'jadi', 'jangan', 'di', 'instal', 'pada', 'hp', 'yang', 'simpan', 'nya', 'yang', 'sedikit']","['game', 'ini', 'tidak', 'di', 'anjur', 'untuk', 'hp', 'yang', 'suka', 'lag', 'jadi', 'jangan', 'di', 'instal', 'pada', 'hp', 'yang', 'simpan', 'nya', 'yang', 'sedikit']",,neutral
Tri Yatno,sistem ya ga ngotak,2.1.18.11201,sistem ya ga ngotak,"['sistem', 'ya', 'ga', 'ngotak']","['sistem', 'ya', 'ga', 'ngotak']",['ngotak'],"['sistem', 'ya', 'ga', 'ngotak']","['sistem', 'ya', 'tidak', 'ngotak']",,negative
Riyan musthaffa,Gw ex glory dapet tim yg bahkan gapernah musik sama sekali,2.1.18.11201,gw ex glory dapet tim yg bahkan gapernah musik sama sekali,"['gw', 'ex', 'glory', 'dapet', 'tim', 'yg', 'bahkan', 'gapernah', 'musik', 'sama', 'sekali']","['gw', 'ex', 'glory', 'dapet', 'tim', 'yg', 'bahkan', 'gapernah', 'musik', 'sama', 'sekali']","['ex', 'glory', 'bahkan', 'gapernah', 'musik']","['gw', 'ex', 'glory', 'dapet', 'tim', 'yg', 'bahkan', 'gapernah', 'musik', 'sama', 'sekali']","['aku', 'ex', 'glory', 'dapet', 'team', 'yang', 'bahkan', 'gapernah', 'musik', 'sama', 'sekali']",,negative
Kamla Oppo,Game stress,2.1.18.11201,game stress,"['game', 'stress']","['game', 'stress']",['stres'],"['game', 'stress']","['game', 'stres']",,negative
Ridwan,"game gila gw udah muak ditrol publik dongo , udah Jung TB malah tim àneh , mending Jung assassin gw",1.9.8.9833,"game gila gw udah muak ditrol publik dongo , udah jung tb malah tim àneh , mending jung assassin gw","['game', 'gila', 'gw', 'udah', 'muak', 'ditrol', 'publik', 'dongo', ',', 'udah', 'jung', 'tb', 'malah', 'tim', 'àneh', ',', 'mending', 'jung', 'assassin', 'gw']","['game', 'gila', 'gw', 'udah', 'muak', 'ditrol', 'publik', 'dongo', 'udah', 'jung', 'tb', 'malah', 'tim', 'neh', 'mending', 'jung', 'assassin', 'gw']","['gila', 'muak', 'ditrol', 'publik', 'dongo', 'jung', 'tb', 'neh', 'mending', 'jung', 'assassin']","['game', 'gila', 'gw', 'udah', 'muak', 'ditrol', 'publik', 'dongo', 'udah', 'jung', 'tb', 'malah', 'tim', 'neh', 'mending', 'jung', 'assassin', 'gw']","['game', 'gila', 'aku', 'udah', 'muak', 'ditrol', 'publik', 'dongo', 'udah', 'jung', 'tb', 'malah', 'team', 'neh', 'mending', 'jung', 'assassin', 'aku']",,negative
Eowyn Yaska,montoon ngasih tim gapernah beres game usang,1.9.93.10904,montoon ngasih tim gapernah beres game usang,"['montoon', 'ngasih', 'tim', 'gapernah', 'beres', 'game', 'usang']","['montoon', 'ngasih', 'tim', 'gapernah', 'beres', 'game', 'usang']","['beri', 'gapernah', 'beres', 'usang']","['montoon', 'ngasih', 'tim', 'gapernah', 'beres', 'game', 'usang']","['moonton', 'beri', 'team', 'gapernah', 'beres', 'game', 'usang']",,negative
kaindra mahardika,"Apasih dikit dikit defeat dikit dikit defeat, padahal udah menang di awal tapi tiba tiba lag ping merah jadi kalah emang ini developer asu MOONTON gapernah bener bikin game",2.1.18.11201,"apasih dikit dikit defeat dikit dikit defeat, padahal udah menang di awal tapi tiba tiba lag ping merah jadi kalah emang ini developer asu moonton gapernah bener bikin game","['apasih', 'dikit', 'dikit', 'defeat', 'dikit', 'dikit', 'defeat', ',', 'padahal', 'udah', 'menang', 'di', 'awal', 'tapi', 'tiba', 'tiba', 'lag', 'ping', 'merah', 'jadi', 'kalah', 'emang', 'ini', 'developer', 'asu', 'moonton', 'gapernah', 'bener', 'bikin', 'game']","['apasih', 'dikit', 'dikit', 'defeat', 'dikit', 'dikit', 'defeat', 'padahal', 'udah', 'menang', 'di', 'awal', 'tapi', 'tiba', 'tiba', 'lag', 'ping', 'merah', 'jadi', 'kalah', 'emang', 'ini', 'developer', 'asu', 'moonton', 'gapernah', 'bener', 'bikin', 'game']","['apasih', 'sedikit', 'sedikit', 'defeat', 'sedikit', 'sedikit', 'defeat', 'menang', 'lag', 'ping', 'merah', 'kalah', 'developer', 'asu', 'gapernah', 'benar']","['apasih', 'dikit', 'dikit', 'defeat', 'dikit', 'dikit', 'defeat', 'padahal', 'udah', 'menang', 'di', 'awal', 'tapi', 'tiba', 'tiba', 'lag', 'ping', 'merah', 'jadi', 'kalah', 'emang', 'ini', 'developer', 'asu', 'moonton', 'gapernah', 'bener', 'bikin', 'game']","['apasih', 'sedikit', 'sedikit', 'defeat', 'sedikit', 'sedikit', 'defeat', 'padahal', 'udah', 'menang', 'di', 'awal', 'tapi', 'tiba', 'tiba', 'lag', 'ping', 'merah', 'jadi', 'kalah', 'memang', 'ini', 'developer', 'asu', 'moonton', 'gapernah', 'benar', 'bikin', 'game']",,negative
Hanypah Nurdiansyah,"montoon saya harus main di mana,,kata nya kalo sinyal buruk harus di luar ruangan tapi ko saya sudah di luar tetap saja masih lag.. apa saya harus ke bulan main game nya.",,"montoon saya harus main di mana,,kata nya kalo sinyal buruk harus di luar ruangan tapi ko saya sudah di luar tetap saja masih lag.. apa saya harus ke bulan main game nya.","['montoon', 'saya', 'harus', 'main', 'di', 'mana', ',', ',kata', 'nya', 'kalo', 'sinyal', 'buruk', 'harus', 'di', 'luar', 'ruangan', 'tapi', 'ko', 'saya', 'sudah', 'di', 'luar', 'tetap', 'saja', 'masih', 'lag', '..', 'apa', 'saya', 'harus', 'ke', 'bulan', 'main', 'game', 'nya', '.']","['montoon', 'saya', 'harus', 'main', 'di', 'mana', 'kata', 'nya', 'kalo', 'sinyal', 'buruk', 'harus', 'di', 'luar', 'ruangan', 'tapi', 'ko', 'saya', 'sudah', 'di', 'luar', 'tetap', 'saja', 'masih', 'lag', 'apa', 'saya', 'harus', 'ke', 'bulan', 'main', 'game', 'nya']","['mana', 'sinyal', 'buruk', 'luar', 'ruang', 'ko', 'sudah', 'luar', 'tetap', 'lag', 'bulan']","['montoon', 'saya', 'harus', 'main', 'di', 'mana', 'kata', 'nya', 'kalo', 'sinyal', 'buruk', 'harus', 'di', 'luar', 'ruang', 'tapi', 'ko', 'saya', 'sudah', 'di', 'luar', 'tetap', 'saja', 'masih', 'lag', 'apa', 'saya', 'harus', 'ke', 'bulan', 'main', 'game', 'nya']","['moonton', 'aku', 'harus', 'main', 'di', 'mana', 'kata', 'nya', 'kalau', 'sinyal', 'buruk', 'harus', 'di', 'luar', 'ruang', 'tapi', 'ko', 'aku', 'sudah', 'di', 'luar', 'tetap', 'saja', 'masih', 'lag', 'apa', 'aku', 'harus', 'ke', 'bulan', 'main', 'game', 'nya']",,negative
Muhammad Pasha,Dapet dark sistem mulu dh di hapus game nya juga,,dapet dark sistem mulu dh di hapus game nya juga,"['dapet', 'dark', 'sistem', 'mulu', 'dh', 'di', 'hapus', 'game', 'nya', 'juga']","['dapet', 'dark', 'sistem', 'mulu', 'dh', 'di', 'hapus', 'game', 'nya', 'juga']","['gelap', 'dh', 'hapus']","['dapet', 'dark', 'sistem', 'mulu', 'dh', 'di', 'hapus', 'game', 'nya', 'juga']","['dapet', 'gelap', 'sistem', 'mulu', 'dh', 'di', 'hapus', 'game', 'nya', 'juga']",,negative
Jon Net,game bikin emosi.main solo dapet trio duo.mawi lagi,2.1.18.11201,game bikin emosi.main solo dapet trio duo.mawi lagi,"['game', 'bikin', 'emosi.main', 'solo', 'dapet', 'trio', 'duo.mawi', 'lagi']","['game', 'bikin', 'emosimain', 'solo', 'dapet', 'trio', 'duomawi', 'lagi']","['emosimain', 'trio', 'duomawi']","['game', 'bikin', 'emosimain', 'solo', 'dapet', 'trio', 'duomawi', 'lagi']","['game', 'bikin', 'emosimain', 'solo', 'dapet', 'trio', 'duomawi', 'lagi']",,negative
Dandi Wijaya,systemnya jelek,2.1.18.11201,systemnya jelek,"['systemnya', 'jelek']","['systemnya', 'jelek']","['systemnya', 'jelek']","['systemnya', 'jelek']","['systemnya', 'jelek']",,negative
Iman Kin,"sumpah ini parah bener monton Ngelag sinyal nya bagus ,kuota gede wifi kenceng..heran dah monton babi, bikin kesel",19.2.21.104,"sumpah ini parah bener monton ngelag sinyal nya bagus ,kuota gede wifi kenceng..heran dah monton babi, bikin kesel","['sumpah', 'ini', 'parah', 'bener', 'monton', 'ngelag', 'sinyal', 'nya', 'bagus', ',', 'kuota', 'gede', 'wifi', 'kenceng', '..', 'heran', 'dah', 'monton', 'babi', ',', 'bikin', 'kesel']","['sumpah', 'ini', 'parah', 'bener', 'monton', 'ngelag', 'sinyal', 'nya', 'bagus', 'kuota', 'gede', 'wifi', 'kenceng', 'heran', 'dah', 'monton', 'babi', 'bikin', 'kesel']","['sumpah', 'parah', 'benar', 'lag', 'sinyal', 'bagus', 'kuota', 'gede', 'wifi', 'kenceng', 'heran', 'sudah', 'babi', 'kesel']","['sumpah', 'ini', 'parah', 'bener', 'monton', 'ngelag', 'sinyal', 'nya', 'bagus', 'kuota', 'gede', 'wifi', 'kenceng', 'heran', 'dah', 'monton', 'babi', 'bikin', 'kesel']","['sumpah', 'ini', 'parah', 'benar', 'moonton', 'lag', 'sinyal', 'nya', 'bagus', 'kuota', 'gede', 'wifi', 'kenceng', 'heran', 'sudah', 'moonton', 'babi', 'bikin', 'kesel']",,negative
Andri Wijaya,"Game paling tolol sepanjang masa, tapi paling banyak di download",2.1.18.11201,"game paling tolol sepanjang masa, tapi paling banyak di download","['game', 'paling', 'tolol', 'sepanjang', 'masa', ',', 'tapi', 'paling', 'banyak', 'di', 'download']","['game', 'paling', 'tolol', 'sepanjang', 'masa', 'tapi', 'paling', 'banyak', 'di', 'download']","['paling', 'tolol', 'panjang', 'masa', 'paling', 'banyak']","['game', 'paling', 'tolol', 'panjang', 'masa', 'tapi', 'paling', 'banyak', 'di', 'download']","['game', 'paling', 'tolol', 'panjang', 'masa', 'tapi', 'paling', 'banyak', 'di', 'download']",,negative
Iky Saya,bikin laporan pelanggan cuma dibuat tenang aja bukan di tindak,1.9.99.10932,bikin laporan pelanggan cuma dibuat tenang aja bukan di tindak,"['bikin', 'laporan', 'pelanggan', 'cuma', 'dibuat', 'tenang', 'aja', 'bukan', 'di', 'tindak']","['bikin', 'laporan', 'pelanggan', 'cuma', 'dibuat', 'tenang', 'aja', 'bukan', 'di', 'tindak']","['report', 'langgan', 'cuma', 'tenang', 'bukan', 'tindak']","['bikin', 'lapor', 'langgan', 'cuma', 'buat', 'tenang', 'aja', 'bukan', 'di', 'tindak']","['bikin', 'report', 'langgan', 'cuma', 'buat', 'tenang', 'aja', 'bukan', 'di', 'tindak']",,negative
Muhammad Faiz,Punya saya kok ga bisa dibuka? padahal itu akun sudah terkait dengan moonton,2.1.18.11201,punya saya kok ga bisa dibuka? padahal itu akun sudah terkait dengan moonton,"['punya', 'saya', 'kok', 'ga', 'bisa', 'dibuka', '?', 'padahal', 'itu', 'akun', 'sudah', 'terkait', 'dengan', 'moonton']","['punya', 'saya', 'kok', 'ga', 'bisa', 'dibuka', 'padahal', 'itu', 'akun', 'sudah', 'terkait', 'dengan', 'moonton']","['punya', 'buka', 'akun', 'sudah', 'kait']","['punya', 'saya', 'kok', 'ga', 'bisa', 'buka', 'padahal', 'itu', 'akun', 'sudah', 'kait', 'dengan', 'moonton']","['punya', 'aku', 'kok', 'tidak', 'bisa', 'buka', 'padahal', 'itu', 'akun', 'sudah', 'kait', 'dengan', 'moonton']",,negative
Alpian Tobing,"parah di sesaon skrng kalah menang trus. dikasih tim lemah semua musuh jago+kompak gak sebanding dengan tim. mau rank atau klassic pun parah matchmakingnya sangat tidak berbobot dan tidak adil. Buat kalian jangan pernah donwload ini game, matchmakingnya sangat parah gk manusiawi tim gw duo ketemu mushh trio kadang duo ada dua di tim musuh sedangkan tim gua cuma satu yg main duo. Kelihatan dari sini bobroknya sistem monton memang sengaja akun gw dibuat lose terus biar susah naik rank.",1.8.66.9421,"parah di sesaon skrng kalah menang trus. dikasih tim lemah semua musuh jago+kompak gak sebanding dengan tim. mau rank atau klassic pun parah matchmakingnya sangat tidak berbobot dan tidak adil. buat kalian jangan pernah donwload ini game, matchmakingnya sangat parah gk manusiawi tim gw duo ketemu mushh trio kadang duo ada dua di tim musuh sedangkan tim gua cuma satu yg main duo. kelihatan dari sini bobroknya sistem monton memang sengaja akun gw dibuat lose terus biar susah naik rank.","['parah', 'di', 'sesaon', 'skrng', 'kalah', 'menang', 'trus', '.', 'dikasih', 'tim', 'lemah', 'semua', 'musuh', 'jago+kompak', 'gak', 'sebanding', 'dengan', 'tim', '.', 'mau', 'rank', 'atau', 'klassic', 'pun', 'parah', 'matchmakingnya', 'sangat', 'tidak', 'berbobot', 'dan', 'tidak', 'adil', '.', 'buat', 'kalian', 'jangan', 'pernah', 'donwload', 'ini', 'game', ',', 'matchmakingnya', 'sangat', 'parah', 'gk', 'manusiawi', 'tim', 'gw', 'duo', 'ketemu', 'mushh', 'trio', 'kadang', 'duo', 'ada', 'dua', 'di', 'tim', 'musuh', 'sedangkan', 'tim', 'gua', 'cuma', 'satu', 'yg', 'main', 'duo', '.', 'kelihatan', 'dari', 'sini', 'bobroknya', 'sistem', 'monton', 'memang', 'sengaja', 'akun', 'gw', 'dibuat', 'lose', 'terus', 'biar', 'susah', 'naik', 'rank', '.']","['parah', 'di', 'sesaon', 'skrng', 'kalah', 'menang', 'trus', 'dikasih', 'tim', 'lemah', 'semua', 'musuh', 'jagokompak', 'gak', 'sebanding', 'dengan', 'tim', 'mau', 'rank', 'atau', 'klassic', 'pun', 'parah', 'matchmakingnya', 'sangat', 'tidak', 'berbobot', 'dan', 'tidak', 'adil', 'buat', 'kalian', 'jangan', 'pernah', 'donwload', 'ini', 'game', 'matchmakingnya', 'sangat', 'parah', 'gk', 'manusiawi', 'tim', 'gw', 'duo', 'ketemu', 'mushh', 'trio', 'kadang', 'duo', 'ada', 'dua', 'di', 'tim', 'musuh', 'sedangkan', 'tim', 'gua', 'cuma', 'satu', 'yg', 'main', 'duo', 'kelihatan', 'dari', 'sini', 'bobroknya', 'sistem', 'monton', 'memang', 'sengaja', 'akun', 'gw', 'dibuat', 'lose', 'terus', 'biar', 'susah', 'naik', 'rank']","['parah', 'sesaon', 'skrng', 'kalah', 'menang', 'lemah', 'semua', 'musuh', 'jagokompak', 'banding', 'klassic', 'parah', 'bobot', 'adil', 'jangan', 'pernah', 'donwload', 'parah', 'manusiawi', 'duo', 'ketemu', 'mushh', 'trio', 'kadang', 'duo', 'dua', 'musuh', 'sedang', 'cuma', 'satu', 'duo', 'lihat', 'buruk', 'sengaja', 'akun', 'lose', 'biar', 'susah', 'naik']","['parah', 'di', 'sesaon', 'skrng', 'kalah', 'menang', 'trus', 'kasih', 'tim', 'lemah', 'semua', 'musuh', 'jagokompak', 'gak', 'banding', 'dengan', 'tim', 'mau', 'rank', 'atau', 'klassic', 'pun', 'parah', 'matchmakingnya', 'sangat', 'tidak', 'bobot', 'dan', 'tidak', 'adil', 'buat', 'kalian', 'jangan', 'pernah', 'donwload', 'ini', 'game', 'matchmakingnya', 'sangat', 'parah', 'gk', 'manusiawi', 'tim', 'gw', 'duo', 'ketemu', 'mushh', 'trio', 'kadang', 'duo', 'ada', 'dua', 'di', 'tim', 'musuh', 'sedang', 'tim', 'gua', 'cuma', 'satu', 'yg', 'main', 'duo', 'lihat', 'dari', 'sini', 'bobrok', 'sistem', 'monton', 'memang', 'sengaja', 'akun', 'gw', 'buat', 'lose', 'terus', 'biar', 'susah', 'naik', 'rank']","['parah', 'di', 'sesaon', 'skrng', 'kalah', 'menang', 'terus', 'kasih', 'team', 'lemah', 'semua', 'musuh', 'jagokompak', 'tidak', 'banding', 'dengan', 'team', 'mau', 'rank', 'atau', 'klassic', 'pun', 'parah', 'matchmaking', 'sangat', 'tidak', 'bobot', 'dan', 'tidak', 'adil', 'buat', 'kalian', 'jangan', 'pernah', 'donwload', 'ini', 'game', 'matchmaking', 'sangat', 'parah', 'tidak', 'manusiawi', 'team', 'aku', 'duo', 'ketemu', 'mushh', 'trio', 'kadang', 'duo', 'ada', 'dua', 'di', 'team', 'musuh', 'sedang', 'team', 'aku', 'cuma', 'satu', 'yang', 'main', 'duo', 'lihat', 'dari', 'sini', 'buruk', 'sistem', 'moonton', 'memang', 'sengaja', 'akun', 'aku', 'buat', 'lose', 'terus', 'biar', 'susah', 'naik', 'rank']",,negative
AZHAR 0987,gemm nya banyak drak sistemm asu,1.9.93.10904,gemm nya banyak drak sistemm asu,"['gemm', 'nya', 'banyak', 'drak', 'sistemm', 'asu']","['gemm', 'nya', 'banyak', 'drak', 'sistemm', 'asu']","['gemm', 'banyak', 'gelap', 'sistemm', 'asu']","['gemm', 'nya', 'banyak', 'drak', 'sistemm', 'asu']","['gemm', 'nya', 'banyak', 'gelap', 'sistemm', 'asu']",,negative
Alam Terbuka,"Kebiasaan montoon saat kita dalam permainan bila menang 3 kali, di permainan ke-4nya jaringan di buat merah terus kasih laporan peringatan, afk potong kredit skor... Dasar montoon tidak punya atitude !!! Hanya menyenangkan di awal ujung-ujungnya kasih hukuman, karena memang itu tujuan game ini. Di buat AFK, agar lebih dimainkan untuk mengejar ketertinggalan. Assuuu game ini !!! main rank tiba-tiba potong kredit skor !!!! GAME BABIIIII !!!!!",2.1.18.11201,"kebiasaan montoon saat kita dalam permainan bila menang 3 kali, di permainan ke-4nya jaringan di buat merah terus kasih laporan peringatan, afk potong kredit skor... dasar montoon tidak punya atitude !!! hanya menyenangkan di awal ujung-ujungnya kasih hukuman, karena memang itu tujuan game ini. di buat afk, agar lebih dimainkan untuk mengejar ketertinggalan. assuuu game ini !!! main rank tiba-tiba potong kredit skor !!!! game babiiiii !!!!!","['kebiasaan', 'montoon', 'saat', 'kita', 'dalam', 'permainan', 'bila', 'menang', '3', 'kali', ',', 'di', 'permainan', 'ke-4nya', 'jaringan', 'di', 'buat', 'merah', 'terus', 'kasih', 'laporan', 'peringatan', ',', 'afk', 'potong', 'kredit', 'skor', '...', 'dasar', 'montoon', 'tidak', 'punya', 'atitude', '!', '!', '!', 'hanya', 'menyenangkan', 'di', 'awal', 'ujung-ujungnya', 'kasih', 'hukuman', ',', 'karena', 'memang', 'itu', 'tujuan', 'game', 'ini', '.', 'di', 'buat', 'afk', ',', 'agar', 'lebih', 'dimainkan', 'untuk', 'mengejar', 'ketertinggalan', '.', 'assuuu', 'game', 'ini', '!', '!', '!', 'main', 'rank', 'tiba-tiba', 'potong', 'kredit', 'skor', '!', '!', '!', '!', 'game', 'babiiiii', '!', '!', '!', '!', '!']","['kebiasaan', 'montoon', 'saat', 'kita', 'dalam', 'permainan', 'bila', 'menang', 'kali', 'di', 'permainan', 'kenya', 'jaringan', 'di', 'buat', 'merah', 'terus', 'kasih', 'laporan', 'peringatan', 'afk', 'potong', 'kredit', 'skor', 'dasar', 'montoon', 'tidak', 'punya', 'atitude', 'hanya', 'menyenangkan', 'di', 'awal', 'ujungujungnya', 'kasih', 'hukuman', 'karena', 'memang', 'itu', 'tujuan', 'game', 'ini', 'di', 'buat', 'afk', 'agar', 'lebih', 'dimainkan', 'untuk', 'mengejar', 'ketertinggalan', 'assu', 'game', 'ini', 'main', 'rank', 'tibatiba', 'potong', 'kredit', 'skor', 'game', 'babi']","['biasa', 'dalam', 'bila', 'menang', 'kenya', 'merah', 'report', 'ingat', 'afk', 'potong', 'kredit', 'skor', 'dasar', 'punya', 'atitude', 'senang', 'ujungujungnya', 'hukum', 'tuju', 'afk', 'lebih', 'kejar', 'tinggal', 'assu', 'tibatiba', 'potong', 'kredit', 'skor', 'babi']","['biasa', 'montoon', 'saat', 'kita', 'dalam', 'main', 'bila', 'menang', 'kali', 'di', 'main', 'kenya', 'jaring', 'di', 'buat', 'merah', 'terus', 'kasih', 'lapor', 'ingat', 'afk', 'potong', 'kredit', 'skor', 'dasar', 'montoon', 'tidak', 'punya', 'atitude', 'hanya', 'senang', 'di', 'awal', 'ujungujungnya', 'kasih', 'hukum', 'karena', 'memang', 'itu', 'tuju', 'game', 'ini', 'di', 'buat', 'afk', 'agar', 'lebih', 'main', 'untuk', 'kejar', 'tinggal', 'assu', 'game', 'ini', 'main', 'rank', 'tibatiba', 'potong', 'kredit', 'skor', 'game', 'babi']","['biasa', 'moonton', 'saat', 'kita', 'dalam', 'main', 'bila', 'menang', 'kali', 'di', 'main', 'kenya', 'jaring', 'di', 'buat', 'merah', 'terus', 'kasih', 'report', 'ingat', 'afk', 'potong', 'kredit', 'skor', 'dasar', 'moonton', 'tidak', 'punya', 'atitude', 'hanya', 'senang', 'di', 'awal', 'ujungujungnya', 'kasih', 'hukum', 'karena', 'memang', 'itu', 'tuju', 'game', 'ini', 'di', 'buat', 'afk', 'agar', 'lebih', 'main', 'untuk', 'kejar', 'tinggal', 'assu', 'game', 'ini', 'main', 'rank', 'tibatiba', 'potong', 'kredit', 'skor', 'game', 'babi']",,negative
Ridho Spt,bagus dha itu aj,,bagus dha itu aj,"['bagus', 'dha', 'itu', 'aj']","['bagus', 'dha', 'itu', 'aj']","['bagus', 'dha']","['bagus', 'dha', 'itu', 'aj']","['bagus', 'dha', 'itu', 'aja']",,positive
M ruku Riansyah,game yang sangat seru dan saya pun stres karena stuck di epik,2.1.18.11201,game yang sangat seru dan saya pun stres karena stuck di epik,"['game', 'yang', 'sangat', 'seru', 'dan', 'saya', 'pun', 'stres', 'karena', 'stuck', 'di', 'epik']","['game', 'yang', 'sangat', 'seru', 'dan', 'saya', 'pun', 'stres', 'karena', 'stuck', 'di', 'epik']","['seru', 'stres', 'stuck', 'epik']","['game', 'yang', 'sangat', 'seru', 'dan', 'saya', 'pun', 'stres', 'karena', 'stuck', 'di', 'epik']","['game', 'yang', 'sangat', 'seru', 'dan', 'aku', 'pun', 'stres', 'karena', 'stuck', 'di', 'epik']",,positive
Egan Karis Lapoandu,game ini sangat tidak adil,2.1.18.11201,game ini sangat tidak adil,"['game', 'ini', 'sangat', 'tidak', 'adil']","['game', 'ini', 'sangat', 'tidak', 'adil']",['adil'],"['game', 'ini', 'sangat', 'tidak', 'adil']","['game', 'ini', 'sangat', 'tidak', 'adil']",,positive
Hafizh Muharam,di reapot gara gara cheat padahal kagak pake cheat,2.1.18.11201,di reapot gara gara cheat padahal kagak pake cheat,"['di', 'reapot', 'gara', 'gara', 'cheat', 'padahal', 'kagak', 'pake', 'cheat']","['di', 'reapot', 'gara', 'gara', 'cheat', 'padahal', 'kagak', 'pake', 'cheat']","['reapot', 'gara', 'gara', 'cheat', 'kagak', 'cheat']","['di', 'reapot', 'gara', 'gara', 'cheat', 'padahal', 'kagak', 'pake', 'cheat']","['di', 'reapot', 'gara', 'gara', 'cheat', 'padahal', 'kagak', 'pakai', 'cheat']",,negative
angga sang,"makin lama yang pakai chet semakin banyak,terutama cheat leg",2.1.18.11201,"makin lama yang pakai chet semakin banyak,terutama cheat leg","['makin', 'lama', 'yang', 'pakai', 'chet', 'semakin', 'banyak', ',', 'terutama', 'cheat', 'leg']","['makin', 'lama', 'yang', 'pakai', 'chet', 'semakin', 'banyak', 'terutama', 'cheat', 'leg']","['makin', 'lama', 'chet', 'makin', 'banyak', 'utama', 'cheat', 'lag']","['makin', 'lama', 'yang', 'pakai', 'chet', 'makin', 'banyak', 'utama', 'cheat', 'leg']","['makin', 'lama', 'yang', 'pakai', 'chet', 'makin', 'banyak', 'utama', 'cheat', 'lag']",,negative
Ayu Wandira,gem yg bagus❤️❤️,2.1.18.11201,gem yg bagus❤️❤️,"['gem', 'yg', 'bagus❤️❤️']","['gem', 'yg', 'bagus']",['bagus'],"['gem', 'yg', 'bagus']","['game', 'yang', 'bagus']",,positive
Pendra,ml game burik mending download epep ml dark sistem,2.1.18.11201,ml game burik mending download epep ml dark sistem,"['ml', 'game', 'burik', 'mending', 'download', 'epep', 'ml', 'dark', 'sistem']","['ml', 'game', 'burik', 'mending', 'download', 'epep', 'ml', 'dark', 'sistem']","['buruk', 'mending', 'epep', 'gelap']","['ml', 'game', 'burik', 'mending', 'download', 'epep', 'ml', 'dark', 'sistem']","['ml', 'game', 'buruk', 'mending', 'download', 'epep', 'ml', 'gelap', 'sistem']",,negative
Fatma wibowo,"Game setelah update nge lag terus,parah lag nya padahal sinyal bagus pakai wifi 5G,tolong diperbaiki secepatnya",2.1.18.11201,"game setelah update nge lag terus,parah lag nya padahal sinyal bagus pakai wifi 5g,tolong diperbaiki secepatnya","['game', 'setelah', 'update', 'nge', 'lag', 'terus', ',', 'parah', 'lag', 'nya', 'padahal', 'sinyal', 'bagus', 'pakai', 'wifi', '5g', ',', 'tolong', 'diperbaiki', 'secepatnya']","['game', 'setelah', 'update', 'nge', 'lag', 'terus', 'parah', 'lag', 'nya', 'padahal', 'sinyal', 'bagus', 'pakai', 'wifi', 'g', 'tolong', 'diperbaiki', 'secepatnya']","['update', 'lag', 'parah', 'lag', 'sinyal', 'bagus', 'wifi', 'tolong', 'baik', 'cepat']","['game', 'telah', 'update', 'nge', 'lag', 'terus', 'parah', 'lag', 'nya', 'padahal', 'sinyal', 'bagus', 'pakai', 'wifi', 'g', 'tolong', 'baik', 'cepat']","['game', 'telah', 'update', 'nge', 'lag', 'terus', 'parah', 'lag', 'nya', 'padahal', 'sinyal', 'bagus', 'pakai', 'wifi', 'tidak', 'tolong', 'baik', 'cepat']",,negative
Titi Beleng,game sangat seru dan asik,2.1.18.11201,game sangat seru dan asik,"['game', 'sangat', 'seru', 'dan', 'asik']","['game', 'sangat', 'seru', 'dan', 'asik']","['seru', 'asik']","['game', 'sangat', 'seru', 'dan', 'asik']","['game', 'sangat', 'seru', 'dan', 'asik']",,positive
alfan rizkia,MATCHMAKING RUSAK,1.9.65.10602,matchmaking rusak,"['matchmaking', 'rusak']","['matchmaking', 'rusak']",['rusak'],"['matchmaking', 'rusak']","['matchmaking', 'rusak']",,negative
Fadly Al,"perbaiki game lu monton tambah lag,sering frame drop aja semenjak update, padahal wifi+data baguss",2.1.18.11201,"perbaiki game lu monton tambah lag,sering frame drop aja semenjak update, padahal wifi+data baguss","['perbaiki', 'game', 'lu', 'monton', 'tambah', 'lag', ',', 'sering', 'frame', 'drop', 'aja', 'semenjak', 'update', ',', 'padahal', 'wifi+data', 'baguss']","['perbaiki', 'game', 'lu', 'monton', 'tambah', 'lag', 'sering', 'frame', 'drop', 'aja', 'semenjak', 'update', 'padahal', 'wifidata', 'baguss']","['baik', 'tambah', 'lag', 'frame', 'drop', 'semenjak', 'update', 'wifidata', 'bagus']","['baik', 'game', 'lu', 'monton', 'tambah', 'lag', 'sering', 'frame', 'drop', 'aja', 'semenjak', 'update', 'padahal', 'wifidata', 'baguss']","['baik', 'game', 'kamu', 'moonton', 'tambah', 'lag', 'sering', 'frame', 'drop', 'aja', 'semenjak', 'update', 'padahal', 'wifidata', 'bagus']",,negative
abdillah irsad,"teammatch ny kasih yg seimbang lh , kala mulu gw dpt tim g bisa main",2.1.18.11201,"teammatch ny kasih yg seimbang lh , kala mulu gw dpt tim g bisa main","['teammatch', 'ny', 'kasih', 'yg', 'seimbang', 'lh', ',', 'kala', 'mulu', 'gw', 'dpt', 'tim', 'g', 'bisa', 'main']","['teammatch', 'ny', 'kasih', 'yg', 'seimbang', 'lh', 'kala', 'mulu', 'gw', 'dpt', 'tim', 'g', 'bisa', 'main']","['teammatch', 'imbang', 'lh', 'kala']","['teammatch', 'ny', 'kasih', 'yg', 'imbang', 'lh', 'kala', 'mulu', 'gw', 'dpt', 'tim', 'g', 'bisa', 'main']","['teammatch', 'nya', 'kasih', 'yang', 'imbang', 'lh', 'kala', 'mulu', 'aku', 'dapat', 'team', 'tidak', 'bisa', 'main']",,negative
Shanai Nanai,game ny menantang dan seru tapi bikin emosi karna seru aku rate bintang 5 yng mau Mabar Nick name ny : coba tabak siapa sorry namany keliru Arigato,2.1.18.11201,game ny menantang dan seru tapi bikin emosi karna seru aku rate bintang 5 yng mau mabar nick name ny : coba tabak siapa sorry namany keliru arigato,"['game', 'ny', 'menantang', 'dan', 'seru', 'tapi', 'bikin', 'emosi', 'karna', 'seru', 'aku', 'rate', 'bintang', '5', 'yng', 'mau', 'mabar', 'nick', 'name', 'ny', ':', 'coba', 'tabak', 'siapa', 'sorry', 'namany', 'keliru', 'arigato']","['game', 'ny', 'menantang', 'dan', 'seru', 'tapi', 'bikin', 'emosi', 'karna', 'seru', 'aku', 'rate', 'bintang', 'yng', 'mau', 'mabar', 'nick', 'name', 'ny', 'coba', 'tabak', 'siapa', 'sorry', 'namany', 'keliru', 'arigato']","['tantang', 'seru', 'emosi', 'seru', 'rate', 'bintang', 'yng', 'mabar', 'nick', 'name', 'coba', 'tabak', 'siapa', 'sorry', 'namany', 'keliru', 'arigato']","['game', 'ny', 'tantang', 'dan', 'seru', 'tapi', 'bikin', 'emosi', 'karna', 'seru', 'aku', 'rate', 'bintang', 'yng', 'mau', 'mabar', 'nick', 'name', 'ny', 'coba', 'tabak', 'siapa', 'sorry', 'namany', 'keliru', 'arigato']","['game', 'nya', 'tantang', 'dan', 'seru', 'tapi', 'bikin', 'emosi', 'karena', 'seru', 'aku', 'rate', 'bintang', 'yng', 'mau', 'mabar', 'nick', 'name', 'nya', 'coba', 'tabak', 'siapa', 'sorry', 'namany', 'keliru', 'arigato']",,positive
Pan Jikss,main kalok menang² terus kalo kalah² terus banyak yang ngetrol,,main kalok menang² terus kalo kalah² terus banyak yang ngetrol,"['main', 'kalok', 'menang²', 'terus', 'kalo', 'kalah²', 'terus', 'banyak', 'yang', 'ngetrol']","['main', 'kalok', 'menang', 'terus', 'kalo', 'kalah', 'terus', 'banyak', 'yang', 'ngetrol']","['menang', 'kalah', 'banyak', 'ngetrol']","['main', 'kalok', 'menang', 'terus', 'kalo', 'kalah', 'terus', 'banyak', 'yang', 'ngetrol']","['main', 'kalau', 'menang', 'terus', 'kalau', 'kalah', 'terus', 'banyak', 'yang', 'ngetrol']",,negative
Huay Menn,"jangn download game ini bikin emosi doang, sinyal bagus tapi lag... saat main juga lag parah gk bisa getak sinyal bagus gk kuning gk merah tapi lag...",2.1.18.11201,"jangn download game ini bikin emosi doang, sinyal bagus tapi lag... saat main juga lag parah gk bisa getak sinyal bagus gk kuning gk merah tapi lag...","['jangn', 'download', 'game', 'ini', 'bikin', 'emosi', 'doang', ',', 'sinyal', 'bagus', 'tapi', 'lag', '...', 'saat', 'main', 'juga', 'lag', 'parah', 'gk', 'bisa', 'getak', 'sinyal', 'bagus', 'gk', 'kuning', 'gk', 'merah', 'tapi', 'lag', '...']","['jangn', 'download', 'game', 'ini', 'bikin', 'emosi', 'doang', 'sinyal', 'bagus', 'tapi', 'lag', 'saat', 'main', 'juga', 'lag', 'parah', 'gk', 'bisa', 'getak', 'sinyal', 'bagus', 'gk', 'kuning', 'gk', 'merah', 'tapi', 'lag']","['jangn', 'emosi', 'sinyal', 'bagus', 'lag', 'lag', 'parah', 'getak', 'sinyal', 'bagus', 'kuning', 'merah', 'lag']","['jangn', 'download', 'game', 'ini', 'bikin', 'emosi', 'doang', 'sinyal', 'bagus', 'tapi', 'lag', 'saat', 'main', 'juga', 'lag', 'parah', 'gk', 'bisa', 'getak', 'sinyal', 'bagus', 'gk', 'kuning', 'gk', 'merah', 'tapi', 'lag']","['jangn', 'download', 'game', 'ini', 'bikin', 'emosi', 'hanya', 'sinyal', 'bagus', 'tapi', 'lag', 'saat', 'main', 'juga', 'lag', 'parah', 'tidak', 'bisa', 'getak', 'sinyal', 'bagus', 'tidak', 'kuning', 'tidak', 'merah', 'tapi', 'lag']",,negative
Sukhar Thinie,sya sangat tdak pus ini gemes tambah parah jarigan nga stabil di loby bagu main merah ini apdep nya terlalalu nga jelas baget,1.9.70.10634,sya sangat tdak pus ini gemes tambah parah jarigan nga stabil di loby bagu main merah ini apdep nya terlalalu nga jelas baget,"['sya', 'sangat', 'tdak', 'pus', 'ini', 'gemes', 'tambah', 'parah', 'jarigan', 'nga', 'stabil', 'di', 'loby', 'bagu', 'main', 'merah', 'ini', 'apdep', 'nya', 'terlalalu', 'nga', 'jelas', 'baget']","['sya', 'sangat', 'tdak', 'pus', 'ini', 'gemes', 'tambah', 'parah', 'jarigan', 'nga', 'stabil', 'di', 'loby', 'bagu', 'main', 'merah', 'ini', 'apdep', 'nya', 'terlalalu', 'nga', 'jelas', 'baget']","['sya', 'tdak', 'pus', 'gemes', 'tambah', 'parah', 'jarigan', 'nga', 'stabil', 'loby', 'bagus', 'merah', 'apdep', 'terlalalu', 'nga', 'jelas', 'baget']","['sya', 'sangat', 'tdak', 'pus', 'ini', 'gemes', 'tambah', 'parah', 'jarigan', 'nga', 'stabil', 'di', 'loby', 'bagu', 'main', 'merah', 'ini', 'apdep', 'nya', 'terlalalu', 'nga', 'jelas', 'baget']","['sya', 'sangat', 'tdak', 'pus', 'ini', 'gemes', 'tambah', 'parah', 'jarigan', 'nga', 'stabil', 'di', 'loby', 'bagus', 'main', 'merah', 'ini', 'apdep', 'nya', 'terlalalu', 'nga', 'jelas', 'baget']",,negative
Rudi Kale,mantap,1.9.99.10932,mantap,['mantap'],['mantap'],['mantap'],['mantap'],['mantap'],,positive
Dirga Pontoh,dark sistem moonton gj,2.1.18.11201,dark sistem moonton gj,"['dark', 'sistem', 'moonton', 'gj']","['dark', 'sistem', 'moonton', 'gj']","['gelap', 'gj']","['dark', 'sistem', 'moonton', 'gj']","['gelap', 'sistem', 'moonton', 'gj']",,negative
Arafat Z,bintangku naik turun trus,2.1.18.11201,bintangku naik turun trus,"['bintangku', 'naik', 'turun', 'trus']","['bintangku', 'naik', 'turun', 'trus']","['bintang', 'naik', 'turun']","['bintang', 'naik', 'turun', 'trus']","['bintang', 'naik', 'turun', 'terus']",,negative
Ronggo Warsito,ok bos,1.9.99.10932,ok bos,"['ok', 'bos']","['ok', 'bos']","['oke', 'bos']","['ok', 'bos']","['oke', 'bos']",,negative
